label,MRI,,,UPENNModuleClustering
192001,117,186,106,6
192002,117,187,106,13
192003,118,183,106,6
192004,118,183,107,6
192005,118,183,108,6
192006,118,184,106,1
192007,118,184,107,1
192008,118,184,108,6
192009,118,184,109,13
192010,118,184,110,13
192011,118,184,111,13
192012,118,185,106,1
192013,118,185,107,1
192014,118,185,108,6
192015,118,185,109,13
192016,118,185,110,13
192017,118,185,111,13
192018,118,186,106,1
192019,118,186,107,1
192020,118,186,108,6
192021,118,186,109,13
192022,118,186,110,13
192023,118,186,111,13
192024,118,187,106,1
192025,118,187,107,6
192026,118,187,108,13
192027,118,187,109,13
192028,118,187,110,13
192029,118,187,111,13
192030,118,188,106,6
192031,118,188,107,13
192032,118,188,109,13
192033,118,188,111,13
192034,118,189,106,6
192035,118,190,106,13
192036,118,191,106,13
192037,119,179,125,9
192038,119,182,106,1
192039,119,182,107,6
192040,119,183,106,1
192041,119,183,107,1
192042,119,183,108,1
192043,119,183,109,1
192044,119,183,110,6
192045,119,183,111,6
192046,119,184,106,4
192047,119,184,107,1
192048,119,184,108,1
192049,119,184,109,1
192050,119,184,110,6
192051,119,184,111,6
192052,119,184,112,13
192053,119,185,106,4
192054,119,185,107,4
192055,119,185,108,1
192056,119,185,109,6
192057,119,185,110,6
192058,119,185,111,13
192059,119,185,112,13
192060,119,185,113,13
192061,119,186,106,1
192062,119,186,107,1
192063,119,186,108,1
192064,119,186,109,6
192065,119,186,110,13
192066,119,186,111,13
192067,119,186,112,13
192068,119,186,113,13
192069,119,187,106,1
192070,119,187,107,1
192071,119,187,108,6
192072,119,187,109,6
192073,119,187,110,13
192074,119,187,111,13
192075,119,187,112,13
192076,119,188,106,1
192077,119,188,107,6
192078,119,188,108,6
192079,119,188,109,13
192080,119,188,110,13
192081,119,188,111,13
192082,119,188,112,13
192083,119,189,106,6
192084,119,189,107,6
192085,119,189,108,13
192086,119,189,109,13
192087,119,189,110,13
192088,119,189,111,13
192089,119,190,106,6
192090,119,190,107,13
192091,119,190,108,13
192092,119,190,109,13
192093,119,190,110,13
192094,119,191,106,13
192095,119,191,107,13
192096,119,192,106,13
192097,119,193,106,13
192098,120,175,124,6
192099,120,175,125,6
192100,120,176,124,6
192101,120,176,125,6
192102,120,177,122,6
192103,120,177,123,6
192104,120,177,124,6
192105,120,177,125,6
192106,120,177,126,9
192107,120,178,119,6
192108,120,178,122,6
192109,120,178,123,6
192110,120,178,124,6
192111,120,178,125,6
192112,120,178,126,9
192113,120,179,122,6
192114,120,179,123,6
192115,120,179,124,13
192116,120,179,125,13
192117,120,179,126,9
192118,120,180,112,6
192119,120,180,113,6
192120,120,180,115,13
192121,120,180,116,13
192122,120,180,122,6
192123,120,180,123,13
192124,120,180,124,13
192125,120,180,125,9
192126,120,181,109,6
192127,120,181,110,6
192128,120,181,111,6
192129,120,181,112,6
192130,120,181,113,6
192131,120,181,115,13
192132,120,181,116,13
192133,120,181,117,13
192134,120,182,106,1
192135,120,182,107,1
192136,120,182,108,1
192137,120,182,109,1
192138,120,182,110,1
192139,120,182,111,6
192140,120,182,112,6
192141,120,182,113,13
192142,120,182,115,13
192143,120,182,116,13
192144,120,182,117,13
192145,120,183,106,4
192146,120,183,107,4
192147,120,183,108,4
192148,120,183,109,1
192149,120,183,110,1
192150,120,183,111,1
192151,120,183,112,6
192152,120,183,113,13
192153,120,183,115,13
192154,120,183,116,13
192155,120,184,106,4
192156,120,184,107,4
192157,120,184,108,4
192158,120,184,109,1
192159,120,184,110,1
192160,120,184,111,6
192161,120,184,112,6
192162,120,184,113,13
192163,120,185,106,4
192164,120,185,107,4
192165,120,185,108,1
192166,120,185,109,1
192167,120,185,110,1
192168,120,185,111,6
192169,120,185,112,13
192170,120,185,113,13
192171,120,186,106,4
192172,120,186,107,4
192173,120,186,108,1
192174,120,186,109,1
192175,120,186,110,6
192176,120,186,111,6
192177,120,186,112,13
192178,120,186,113,13
192179,120,187,106,1
192180,120,187,107,1
192181,120,187,108,1
192182,120,187,109,6
192183,120,187,110,13
192184,120,187,111,13
192185,120,187,112,13
192186,120,187,113,13
192187,120,188,106,1
192188,120,188,107,1
192189,120,188,108,6
192190,120,188,109,6
192191,120,188,110,13
192192,120,188,111,13
192193,120,188,112,13
192194,120,188,113,13
192195,120,189,106,1
192196,120,189,107,6
192197,120,189,108,6
192198,120,189,109,13
192199,120,189,110,13
192200,120,189,111,13
192201,120,190,106,6
192202,120,190,107,6
192203,120,190,108,13
192204,120,190,109,13
192205,120,190,110,13
192206,120,190,111,13
192207,120,191,106,6
192208,120,191,107,13
192209,120,191,108,13
192210,120,192,106,6
192211,121,173,125,1
192212,121,174,124,1
192213,121,174,125,1
192214,121,174,126,6
192215,121,175,124,1
192216,121,175,125,1
192217,121,175,126,6
192218,121,176,121,4
192219,121,176,122,4
192220,121,176,123,4
192221,121,176,124,1
192222,121,176,125,6
192223,121,176,126,6
192224,121,176,127,9
192225,121,177,118,1
192226,121,177,119,4
192227,121,177,120,4
192228,121,177,121,4
192229,121,177,122,1
192230,121,177,123,1
192231,121,177,124,6
192232,121,177,125,6
192233,121,177,126,6
192234,121,177,127,9
192235,121,178,112,4
192236,121,178,113,4
192237,121,178,114,4
192238,121,178,115,1
192239,121,178,116,1
192240,121,178,117,1
192241,121,178,118,1
192242,121,178,119,1
192243,121,178,120,1
192244,121,178,121,1
192245,121,178,122,1
192246,121,178,123,6
192247,121,178,124,6
192248,121,178,125,6
192249,121,178,126,6
192250,121,178,127,9
192251,121,179,111,1
192252,121,179,112,4
192253,121,179,113,4
192254,121,179,114,4
192255,121,179,115,1
192256,121,179,116,1
192257,121,179,117,1
192258,121,179,118,1
192259,121,179,119,1
192260,121,179,120,1
192261,121,179,121,6
192262,121,179,122,6
192263,121,179,123,6
192264,121,179,124,6
192265,121,179,125,13
192266,121,179,126,13
192267,121,179,127,9
192268,121,180,110,1
192269,121,180,111,1
192270,121,180,112,1
192271,121,180,113,1
192272,121,180,114,1
192273,121,180,115,1
192274,121,180,116,1
192275,121,180,117,1
192276,121,180,118,6
192277,121,180,119,6
192278,121,180,121,6
192279,121,180,122,6
192280,121,180,123,6
192281,121,180,124,13
192282,121,180,125,13
192283,121,180,126,6
192284,121,180,127,9
192285,121,181,108,1
192286,121,181,109,1
192287,121,181,110,4
192288,121,181,111,4
192289,121,181,112,1
192290,121,181,113,1
192291,121,181,114,1
192292,121,181,115,1
192293,121,181,116,6
192294,121,181,117,6
192295,121,181,118,6
192296,121,181,122,6
192297,121,181,123,13
192298,121,181,124,13
192299,121,181,125,13
192300,121,181,126,9
192301,121,182,106,1
192302,121,182,107,1
192303,121,182,108,1
192304,121,182,109,4
192305,121,182,110,4
192306,121,182,111,1
192307,121,182,112,1
192308,121,182,113,6
192309,121,182,114,6
192310,121,182,115,6
192311,121,182,116,6
192312,121,182,117,6
192313,121,182,118,6
192314,121,182,122,6
192315,121,182,123,6
192316,121,183,106,4
192317,121,183,107,4
192318,121,183,108,4
192319,121,183,109,4
192320,121,183,110,4
192321,121,183,111,1
192322,121,183,112,6
192323,121,183,113,6
192324,121,183,114,6
192325,121,183,115,6
192326,121,183,116,6
192327,121,183,117,6
192328,121,183,118,6
192329,121,183,123,1
192330,121,184,106,4
192331,121,184,107,4
192332,121,184,108,4
192333,121,184,109,4
192334,121,184,110,1
192335,121,184,111,1
192336,121,184,112,6
192337,121,184,113,13
192338,121,184,114,13
192339,121,184,115,13
192340,121,184,116,13
192341,121,184,117,6
192342,121,184,123,9
192343,121,185,106,4
192344,121,185,107,4
192345,121,185,108,1
192346,121,185,109,1
192347,121,185,110,1
192348,121,185,111,6
192349,121,185,112,6
192350,121,185,113,13
192351,121,185,114,13
192352,121,185,115,13
192353,121,185,116,13
192354,121,186,106,4
192355,121,186,107,1
192356,121,186,108,1
192357,121,186,109,1
192358,121,186,110,1
192359,121,186,111,6
192360,121,186,112,13
192361,121,186,113,13
192362,121,187,106,1
192363,121,187,107,1
192364,121,187,108,1
192365,121,187,109,6
192366,121,187,110,6
192367,121,187,111,13
192368,121,187,112,13
192369,121,187,113,13
192370,121,188,106,1
192371,121,188,107,1
192372,121,188,108,6
192373,121,188,109,6
192374,121,188,110,13
192375,121,188,111,13
192376,121,188,112,13
192377,121,188,113,13
192378,121,189,106,1
192379,121,189,107,6
192380,121,189,108,6
192381,121,189,109,13
192382,121,189,110,13
192383,121,189,111,13
192384,121,189,112,13
192385,121,190,106,6
192386,121,190,107,6
192387,121,190,108,6
192388,121,190,109,13
192389,121,190,110,13
192390,121,190,111,13
192391,121,191,106,6
192392,121,191,107,6
192393,121,191,108,13
192394,121,191,109,13
192395,121,191,110,13
192396,121,192,106,6
192397,121,192,107,6
192398,122,173,124,4
192399,122,173,125,1
192400,122,174,124,4
192401,122,174,125,4
192402,122,174,126,1
192403,122,175,121,4
192404,122,175,122,4
192405,122,175,123,4
192406,122,175,124,4
192407,122,175,125,4
192408,122,175,126,1
192409,122,175,127,6
192410,122,176,115,4
192411,122,176,116,4
192412,122,176,117,4
192413,122,176,118,4
192414,122,176,119,4
192415,122,176,120,4
192416,122,176,121,4
192417,122,176,122,4
192418,122,176,123,4
192419,122,176,124,4
192420,122,176,125,1
192421,122,176,126,1
192422,122,176,127,6
192423,122,176,128,9
192424,122,177,113,4
192425,122,177,114,4
192426,122,177,115,4
192427,122,177,116,4
192428,122,177,117,4
192429,122,177,118,4
192430,122,177,119,4
192431,122,177,120,4
192432,122,177,121,4
192433,122,177,122,4
192434,122,177,123,4
192435,122,177,124,1
192436,122,177,125,6
192437,122,177,126,6
192438,122,177,127,6
192439,122,177,128,9
192440,122,178,111,4
192441,122,178,112,4
192442,122,178,113,4
192443,122,178,114,4
192444,122,178,115,4
192445,122,178,116,4
192446,122,178,117,4
192447,122,178,118,4
192448,122,178,119,4
192449,122,178,120,4
192450,122,178,121,4
192451,122,178,122,4
192452,122,178,123,1
192453,122,178,124,6
192454,122,178,125,6
192455,122,178,126,6
192456,122,178,127,6
192457,122,178,128,9
192458,122,179,110,1
192459,122,179,111,4
192460,122,179,112,4
192461,122,179,113,4
192462,122,179,114,4
192463,122,179,115,4
192464,122,179,116,4
192465,122,179,117,4
192466,122,179,118,4
192467,122,179,119,4
192468,122,179,120,4
192469,122,179,121,1
192470,122,179,122,1
192471,122,179,123,6
192472,122,179,124,6
192473,122,179,125,6
192474,122,179,126,6
192475,122,179,127,1
192476,122,179,128,9
192477,122,180,109,1
192478,122,180,110,4
192479,122,180,111,4
192480,122,180,112,4
192481,122,180,113,4
192482,122,180,114,4
192483,122,180,115,4
192484,122,180,116,4
192485,122,180,117,4
192486,122,180,118,4
192487,122,180,119,4
192488,122,180,120,1
192489,122,180,121,1
192490,122,180,122,6
192491,122,180,123,6
192492,122,180,124,6
192493,122,180,125,6
192494,122,180,126,6
192495,122,180,127,9
192496,122,181,108,1
192497,122,181,109,4
192498,122,181,110,4
192499,122,181,111,4
192500,122,181,112,4
192501,122,181,113,4
192502,122,181,114,1
192503,122,181,115,1
192504,122,181,116,1
192505,122,181,117,1
192506,122,181,118,1
192507,122,181,119,1
192508,122,181,120,1
192509,122,181,121,6
192510,122,181,122,6
192511,122,181,123,6
192512,122,181,124,6
192513,122,181,125,6
192514,122,181,126,6
192515,122,182,108,4
192516,122,182,109,4
192517,122,182,110,4
192518,122,182,111,4
192519,122,182,112,1
192520,122,182,113,1
192521,122,182,114,1
192522,122,182,115,1
192523,122,182,116,1
192524,122,182,117,1
192525,122,182,118,1
192526,122,182,119,6
192527,122,182,120,6
192528,122,182,121,6
192529,122,182,122,6
192530,122,182,123,6
192531,122,182,124,6
192532,122,183,108,4
192533,122,183,109,4
192534,122,183,110,4
192535,122,183,111,1
192536,122,183,112,1
192537,122,183,113,6
192538,122,183,114,6
192539,122,183,115,6
192540,122,183,116,6
192541,122,183,117,6
192542,122,183,118,6
192543,122,183,119,6
192544,122,183,120,6
192545,122,183,121,6
192546,122,183,122,6
192547,122,183,123,1
192548,122,184,108,4
192549,122,184,109,4
192550,122,184,110,4
192551,122,184,111,1
192552,122,184,112,6
192553,122,184,113,13
192554,122,184,114,13
192555,122,184,115,6
192556,122,184,116,6
192557,122,184,117,6
192558,122,184,118,6
192559,122,184,119,6
192560,122,184,120,6
192561,122,184,121,6
192562,122,184,122,12
192563,122,184,123,12
192564,122,185,109,1
192565,122,185,110,1
192566,122,185,111,1
192567,122,185,112,6
192568,122,185,113,13
192569,122,185,114,13
192570,122,185,115,13
192571,122,185,116,13
192572,122,185,117,6
192573,122,185,118,6
192574,122,185,120,6
192575,122,185,123,12
192576,122,186,107,1
192577,122,186,108,1
192578,122,186,109,1
192579,122,186,110,1
192580,122,186,111,6
192581,122,186,112,13
192582,122,186,113,13
192583,122,186,115,13
192584,122,187,106,1
192585,122,187,107,1
192586,122,187,108,1
192587,122,187,109,6
192588,122,187,110,6
192589,122,187,111,13
192590,122,187,112,13
192591,122,187,113,13
192592,122,188,106,1
192593,122,188,107,1
192594,122,188,108,6
192595,122,188,109,6
192596,122,188,110,13
192597,122,188,111,13
192598,122,188,112,13
192599,122,189,106,6
192600,122,189,107,6
192601,122,189,108,6
192602,122,189,109,13
192603,122,189,110,13
192604,122,189,111,13
192605,122,190,106,6
192606,122,190,107,6
192607,122,190,108,6
192608,122,190,109,13
192609,122,190,110,13
192610,122,190,111,13
192611,122,191,106,6
192612,122,191,107,6
192613,122,191,108,13
192614,122,191,109,13
192615,122,191,110,13
192616,122,192,106,6
192617,122,192,107,6
192618,122,192,108,6
192619,123,172,124,1
192620,123,173,124,4
192621,123,173,125,4
192622,123,174,121,10
192623,123,174,122,4
192624,123,174,123,4
192625,123,174,124,4
192626,123,174,125,4
192627,123,174,126,1
192628,123,174,127,6
192629,123,174,128,13
192630,123,175,120,10
192631,123,175,121,10
192632,123,175,122,10
192633,123,175,123,4
192634,123,175,124,4
192635,123,175,125,4
192636,123,175,126,1
192637,123,175,127,6
192638,123,175,128,6
192639,123,176,115,4
192640,123,176,116,4
192641,123,176,117,4
192642,123,176,118,4
192643,123,176,119,4
192644,123,176,120,10
192645,123,176,121,10
192646,123,176,122,10
192647,123,176,123,4
192648,123,176,124,4
192649,123,176,125,4
192650,123,176,126,1
192651,123,176,127,1
192652,123,176,128,6
192653,123,176,129,9
192654,123,177,111,4
192655,123,177,112,4
192656,123,177,113,4
192657,123,177,114,4
192658,123,177,115,4
192659,123,177,116,4
192660,123,177,117,4
192661,123,177,118,4
192662,123,177,119,4
192663,123,177,120,10
192664,123,177,121,10
192665,123,177,122,10
192666,123,177,123,4
192667,123,177,124,4
192668,123,177,125,12
192669,123,177,126,1
192670,123,177,127,1
192671,123,177,128,12
192672,123,177,129,9
192673,123,178,110,4
192674,123,178,111,4
192675,123,178,112,4
192676,123,178,113,4
192677,123,178,114,4
192678,123,178,115,4
192679,123,178,116,4
192680,123,178,117,4
192681,123,178,118,4
192682,123,178,119,4
192683,123,178,120,10
192684,123,178,121,4
192685,123,178,122,4
192686,123,178,123,4
192687,123,178,124,12
192688,123,178,125,12
192689,123,178,126,12
192690,123,178,127,12
192691,123,178,128,9
192692,123,178,129,9
192693,123,179,109,1
192694,123,179,110,4
192695,123,179,111,4
192696,123,179,112,4
192697,123,179,113,4
192698,123,179,114,4
192699,123,179,115,4
192700,123,179,116,4
192701,123,179,117,4
192702,123,179,118,4
192703,123,179,119,4
192704,123,179,120,10
192705,123,179,121,10
192706,123,179,122,4
192707,123,179,123,4
192708,123,179,124,12
192709,123,179,125,12
192710,123,179,126,12
192711,123,179,127,12
192712,123,179,128,9
192713,123,180,109,1
192714,123,180,110,4
192715,123,180,111,4
192716,123,180,112,4
192717,123,180,113,4
192718,123,180,114,4
192719,123,180,115,4
192720,123,180,116,4
192721,123,180,117,4
192722,123,180,118,4
192723,123,180,119,4
192724,123,180,120,10
192725,123,180,121,10
192726,123,180,122,4
192727,123,180,123,1
192728,123,180,124,12
192729,123,180,125,12
192730,123,180,126,4
192731,123,180,127,4
192732,123,181,109,4
192733,123,181,110,4
192734,123,181,111,4
192735,123,181,112,4
192736,123,181,113,4
192737,123,181,114,4
192738,123,181,115,4
192739,123,181,116,4
192740,123,181,117,4
192741,123,181,118,4
192742,123,181,119,10
192743,123,181,120,10
192744,123,181,121,1
192745,123,181,122,6
192746,123,181,123,6
192747,123,181,124,12
192748,123,181,125,12
192749,123,181,126,12
192750,123,182,108,4
192751,123,182,109,4
192752,123,182,110,4
192753,123,182,111,4
192754,123,182,112,4
192755,123,182,113,1
192756,123,182,114,1
192757,123,182,115,4
192758,123,182,116,4
192759,123,182,117,4
192760,123,182,118,4
192761,123,182,119,4
192762,123,182,120,1
192763,123,182,121,6
192764,123,182,122,6
192765,123,182,123,6
192766,123,182,124,1
192767,123,183,109,10
192768,123,183,110,4
192769,123,183,111,1
192770,123,183,112,1
192771,123,183,113,6
192772,123,183,114,1
192773,123,183,115,1
192774,123,183,116,1
192775,123,183,117,1
192776,123,183,118,1
192777,123,183,119,1
192778,123,183,120,1
192779,123,183,121,6
192780,123,183,122,6
192781,123,183,123,6
192782,123,184,109,4
192783,123,184,110,4
192784,123,184,111,1
192785,123,184,112,6
192786,123,184,113,13
192787,123,184,114,6
192788,123,184,115,6
192789,123,184,116,6
192790,123,184,117,6
192791,123,184,118,6
192792,123,184,119,6
192793,123,184,120,6
192794,123,184,121,6
192795,123,184,122,6
192796,123,184,123,12
192797,123,185,109,4
192798,123,185,110,1
192799,123,185,111,1
192800,123,185,112,6
192801,123,185,113,13
192802,123,185,114,13
192803,123,185,115,13
192804,123,185,116,6
192805,123,185,117,6
192806,123,185,118,6
192807,123,185,119,6
192808,123,185,120,6
192809,123,185,121,1
192810,123,185,122,1
192811,123,185,123,4
192812,123,186,108,1
192813,123,186,109,1
192814,123,186,110,1
192815,123,186,111,6
192816,123,186,112,13
192817,123,186,113,13
192818,123,186,115,13
192819,123,186,116,13
192820,123,186,117,6
192821,123,186,118,6
192822,123,186,119,6
192823,123,186,120,6
192824,123,186,121,1
192825,123,187,106,1
192826,123,187,107,1
192827,123,187,108,1
192828,123,187,109,1
192829,123,187,110,6
192830,123,187,111,6
192831,123,188,106,1
192832,123,188,107,1
192833,123,188,108,6
192834,123,188,109,6
192835,123,188,110,6
192836,123,188,111,13
192837,123,189,106,6
192838,123,189,107,6
192839,123,189,108,6
192840,123,189,109,13
192841,123,189,110,13
192842,123,189,111,13
192843,123,190,106,6
192844,123,190,107,6
192845,123,190,108,13
192846,123,190,109,13
192847,123,190,110,13
192848,123,190,111,13
192849,123,191,106,13
192850,123,191,107,13
192851,123,191,108,13
192852,123,191,109,13
192853,123,191,110,13
192854,123,192,106,13
192855,123,192,107,13
192856,123,192,108,13
192857,124,172,124,4
192858,124,173,120,10
192859,124,173,121,10
192860,124,173,124,4
192861,124,173,125,4
192862,124,174,117,10
192863,124,174,118,10
192864,124,174,119,10
192865,124,174,120,10
192866,124,174,121,10
192867,124,174,122,10
192868,124,174,123,4
192869,124,174,124,4
192870,124,174,125,4
192871,124,174,126,4
192872,124,174,127,1
192873,124,174,128,6
192874,124,174,129,9
192875,124,175,115,4
192876,124,175,116,4
192877,124,175,117,10
192878,124,175,118,10
192879,124,175,119,10
192880,124,175,120,10
192881,124,175,121,10
192882,124,175,122,10
192883,124,175,123,10
192884,124,175,124,4
192885,124,175,125,4
192886,124,175,126,4
192887,124,175,127,1
192888,124,175,128,1
192889,124,175,129,9
192890,124,176,111,4
192891,124,176,112,4
192892,124,176,113,4
192893,124,176,114,4
192894,124,176,115,4
192895,124,176,116,4
192896,124,176,117,10
192897,124,176,118,10
192898,124,176,119,10
192899,124,176,120,10
192900,124,176,121,10
192901,124,176,122,10
192902,124,176,123,10
192903,124,176,124,10
192904,124,176,125,4
192905,124,176,126,4
192906,124,176,127,4
192907,124,176,128,12
192908,124,176,129,9
192909,124,177,110,4
192910,124,177,111,4
192911,124,177,112,4
192912,124,177,113,4
192913,124,177,114,10
192914,124,177,115,10
192915,124,177,116,10
192916,124,177,117,10
192917,124,177,118,10
192918,124,177,119,10
192919,124,177,120,10
192920,124,177,121,10
192921,124,177,122,10
192922,124,177,123,10
192923,124,177,124,12
192924,124,177,125,12
192925,124,177,126,4
192926,124,177,127,12
192927,124,177,128,12
192928,124,177,129,9
192929,124,178,109,4
192930,124,178,110,4
192931,124,178,111,4
192932,124,178,112,4
192933,124,178,113,4
192934,124,178,114,10
192935,124,178,115,10
192936,124,178,116,10
192937,124,178,117,10
192938,124,178,118,10
192939,124,178,119,10
192940,124,178,120,10
192941,124,178,121,10
192942,124,178,122,10
192943,124,178,123,12
192944,124,178,124,12
192945,124,178,125,12
192946,124,178,126,12
192947,124,178,127,12
192948,124,178,128,12
192949,124,178,129,9
192950,124,179,109,4
192951,124,179,110,4
192952,124,179,111,4
192953,124,179,112,4
192954,124,179,113,4
192955,124,179,114,10
192956,124,179,115,10
192957,124,179,116,10
192958,124,179,117,10
192959,124,179,118,10
192960,124,179,119,10
192961,124,179,120,10
192962,124,179,121,10
192963,124,179,122,10
192964,124,179,123,12
192965,124,179,124,12
192966,124,179,125,12
192967,124,179,126,12
192968,124,179,127,12
192969,124,179,128,9
192970,124,180,109,4
192971,124,180,110,10
192972,124,180,111,10
192973,124,180,112,4
192974,124,180,113,4
192975,124,180,114,10
192976,124,180,115,10
192977,124,180,116,10
192978,124,180,117,10
192979,124,180,118,10
192980,124,180,119,10
192981,124,180,120,10
192982,124,180,121,10
192983,124,180,122,10
192984,124,180,123,12
192985,124,180,124,12
192986,124,180,125,12
192987,124,180,126,12
192988,124,180,127,4
192989,124,181,109,10
192990,124,181,110,10
192991,124,181,111,10
192992,124,181,112,10
192993,124,181,113,4
192994,124,181,114,10
192995,124,181,115,10
192996,124,181,116,10
192997,124,181,117,10
192998,124,181,118,10
192999,124,181,119,10
193000,124,181,120,10
193001,124,181,121,10
193002,124,181,122,12
193003,124,181,123,4
193004,124,181,124,12
193005,124,181,125,12
193006,124,181,126,4
193007,124,181,127,4
193008,124,182,108,10
193009,124,182,109,10
193010,124,182,110,10
193011,124,182,111,10
193012,124,182,112,4
193013,124,182,113,10
193014,124,182,114,10
193015,124,182,115,10
193016,124,182,116,10
193017,124,182,117,10
193018,124,182,118,10
193019,124,182,119,10
193020,124,182,120,10
193021,124,182,121,12
193022,124,182,122,12
193023,124,182,123,12
193024,124,182,124,12
193025,124,183,107,10
193026,124,183,108,10
193027,124,183,109,10
193028,124,183,110,10
193029,124,183,111,10
193030,124,183,112,1
193031,124,183,113,1
193032,124,183,114,1
193033,124,183,115,10
193034,124,183,116,10
193035,124,183,117,10
193036,124,183,118,10
193037,124,183,119,10
193038,124,183,120,4
193039,124,183,121,1
193040,124,183,122,6
193041,124,183,123,12
193042,124,183,124,12
193043,124,184,107,10
193044,124,184,108,10
193045,124,184,109,10
193046,124,184,110,4
193047,124,184,111,1
193048,124,184,112,6
193049,124,184,113,6
193050,124,184,114,6
193051,124,184,115,6
193052,124,184,116,6
193053,124,184,117,1
193054,124,184,118,1
193055,124,184,119,1
193056,124,184,120,1
193057,124,184,121,1
193058,124,184,122,1
193059,124,184,123,4
193060,124,185,109,1
193061,124,185,110,1
193062,124,185,111,1
193063,124,185,112,6
193064,124,185,113,13
193065,124,185,114,13
193066,124,185,115,6
193067,124,185,116,6
193068,124,185,117,6
193069,124,185,118,6
193070,124,185,119,6
193071,124,185,120,1
193072,124,185,121,1
193073,124,185,122,1
193074,124,185,123,4
193075,124,186,108,1
193076,124,186,109,1
193077,124,186,110,1
193078,124,186,111,6
193079,124,186,112,13
193080,124,186,113,13
193081,124,186,114,13
193082,124,186,115,13
193083,124,186,116,13
193084,124,186,117,6
193085,124,186,118,6
193086,124,186,119,6
193087,124,186,120,12
193088,124,186,121,4
193089,124,187,105,1
193090,124,187,106,1
193091,124,187,107,1
193092,124,187,108,1
193093,124,187,109,6
193094,124,187,110,6
193095,124,187,111,13
193096,124,187,112,13
193097,124,187,115,13
193098,124,187,116,6
193099,124,187,117,6
193100,124,187,118,6
193101,124,187,120,12
193102,124,188,105,1
193103,124,188,106,1
193104,124,188,107,1
193105,124,188,108,6
193106,124,188,109,6
193107,124,188,110,13
193108,124,188,111,13
193109,124,188,118,12
193110,124,189,105,6
193111,124,189,106,6
193112,124,189,107,6
193113,124,189,108,6
193114,124,189,109,13
193115,124,189,110,13
193116,124,190,105,13
193117,124,190,106,13
193118,124,190,107,13
193119,124,190,108,13
193120,124,190,109,13
193121,124,190,110,13
193122,124,191,105,13
193123,124,191,106,13
193124,124,191,107,13
193125,124,191,108,13
193126,124,191,109,13
193127,124,191,110,13
193128,124,192,106,13
193129,124,192,107,13
193130,124,192,108,13
193131,125,172,124,4
193132,125,172,125,12
193133,125,173,117,10
193134,125,173,118,10
193135,125,173,119,10
193136,125,173,120,10
193137,125,173,121,10
193138,125,173,122,10
193139,125,173,123,4
193140,125,173,124,4
193141,125,173,125,12
193142,125,173,126,4
193143,125,173,127,1
193144,125,173,128,6
193145,125,174,116,10
193146,125,174,117,10
193147,125,174,118,10
193148,125,174,119,10
193149,125,174,120,10
193150,125,174,121,10
193151,125,174,122,10
193152,125,174,123,10
193153,125,174,124,4
193154,125,174,125,4
193155,125,174,126,4
193156,125,174,127,1
193157,125,174,128,1
193158,125,174,129,9
193159,125,175,111,4
193160,125,175,112,4
193161,125,175,114,10
193162,125,175,115,4
193163,125,175,116,4
193164,125,175,117,10
193165,125,175,118,10
193166,125,175,119,10
193167,125,175,120,10
193168,125,175,121,10
193169,125,175,122,10
193170,125,175,123,10
193171,125,175,124,10
193172,125,175,125,4
193173,125,175,126,4
193174,125,175,127,4
193175,125,175,128,12
193176,125,175,129,9
193177,125,175,130,9
193178,125,176,110,4
193179,125,176,111,4
193180,125,176,112,4
193181,125,176,113,4
193182,125,176,114,10
193183,125,176,115,10
193184,125,176,116,10
193185,125,176,117,10
193186,125,176,118,10
193187,125,176,119,10
193188,125,176,120,10
193189,125,176,121,10
193190,125,176,122,4
193191,125,176,123,10
193192,125,176,124,10
193193,125,176,125,4
193194,125,176,126,4
193195,125,176,127,4
193196,125,176,128,12
193197,125,176,129,9
193198,125,176,130,9
193199,125,177,110,4
193200,125,177,111,4
193201,125,177,112,4
193202,125,177,113,10
193203,125,177,114,10
193204,125,177,115,10
193205,125,177,116,10
193206,125,177,117,10
193207,125,177,118,10
193208,125,177,119,10
193209,125,177,120,10
193210,125,177,121,10
193211,125,177,122,4
193212,125,177,123,4
193213,125,177,124,12
193214,125,177,125,12
193215,125,177,126,4
193216,125,177,127,12
193217,125,177,128,12
193218,125,177,129,9
193219,125,177,130,9
193220,125,178,110,4
193221,125,178,111,4
193222,125,178,112,4
193223,125,178,113,10
193224,125,178,114,10
193225,125,178,115,10
193226,125,178,116,10
193227,125,178,117,10
193228,125,178,118,10
193229,125,178,119,10
193230,125,178,120,4
193231,125,178,121,10
193232,125,178,122,10
193233,125,178,123,10
193234,125,178,124,12
193235,125,178,125,12
193236,125,178,126,12
193237,125,178,127,12
193238,125,178,128,12
193239,125,178,129,9
193240,125,179,110,10
193241,125,179,111,10
193242,125,179,112,10
193243,125,179,113,10
193244,125,179,114,10
193245,125,179,115,10
193246,125,179,116,10
193247,125,179,117,10
193248,125,179,118,10
193249,125,179,119,4
193250,125,179,120,10
193251,125,179,121,10
193252,125,179,122,10
193253,125,179,123,12
193254,125,179,124,12
193255,125,179,125,12
193256,125,179,126,12
193257,125,179,127,12
193258,125,179,128,9
193259,125,180,109,10
193260,125,180,110,10
193261,125,180,111,10
193262,125,180,112,10
193263,125,180,113,10
193264,125,180,114,10
193265,125,180,115,10
193266,125,180,116,4
193267,125,180,117,10
193268,125,180,118,10
193269,125,180,119,10
193270,125,180,120,10
193271,125,180,121,10
193272,125,180,122,10
193273,125,180,123,12
193274,125,180,124,12
193275,125,180,125,12
193276,125,180,126,12
193277,125,180,127,4
193278,125,181,108,10
193279,125,181,109,10
193280,125,181,110,10
193281,125,181,111,10
193282,125,181,112,10
193283,125,181,113,10
193284,125,181,114,10
193285,125,181,115,10
193286,125,181,116,4
193287,125,181,117,4
193288,125,181,118,10
193289,125,181,119,10
193290,125,181,120,10
193291,125,181,121,10
193292,125,181,122,12
193293,125,181,123,12
193294,125,181,124,12
193295,125,181,125,12
193296,125,181,126,12
193297,125,181,127,4
193298,125,182,107,10
193299,125,182,108,10
193300,125,182,109,10
193301,125,182,110,10
193302,125,182,111,10
193303,125,182,112,10
193304,125,182,113,10
193305,125,182,114,10
193306,125,182,115,10
193307,125,182,116,4
193308,125,182,117,10
193309,125,182,118,10
193310,125,182,119,10
193311,125,182,120,10
193312,125,182,121,12
193313,125,182,122,12
193314,125,182,123,12
193315,125,182,124,12
193316,125,183,107,10
193317,125,183,108,10
193318,125,183,109,10
193319,125,183,110,10
193320,125,183,111,10
193321,125,183,112,10
193322,125,183,113,10
193323,125,183,114,10
193324,125,183,115,10
193325,125,183,116,10
193326,125,183,117,10
193327,125,183,118,10
193328,125,183,119,10
193329,125,183,120,10
193330,125,183,121,12
193331,125,183,122,12
193332,125,183,123,12
193333,125,183,124,12
193334,125,184,107,10
193335,125,184,108,10
193336,125,184,109,10
193337,125,184,110,10
193338,125,184,111,1
193339,125,184,112,1
193340,125,184,113,6
193341,125,184,114,6
193342,125,184,115,1
193343,125,184,116,10
193344,125,184,117,10
193345,125,184,118,10
193346,125,184,119,10
193347,125,184,120,4
193348,125,184,121,12
193349,125,184,122,12
193350,125,184,123,12
193351,125,185,107,10
193352,125,185,108,10
193353,125,185,109,1
193354,125,185,110,1
193355,125,185,111,6
193356,125,185,112,6
193357,125,185,113,6
193358,125,185,114,6
193359,125,185,115,6
193360,125,185,116,6
193361,125,185,117,6
193362,125,185,118,12
193363,125,185,119,12
193364,125,185,120,4
193365,125,185,121,4
193366,125,185,122,12
193367,125,185,123,12
193368,125,186,105,4
193369,125,186,106,4
193370,125,186,107,1
193371,125,186,108,1
193372,125,186,109,1
193373,125,186,110,6
193374,125,186,111,6
193375,125,186,112,13
193376,125,186,113,13
193377,125,186,114,13
193378,125,186,115,13
193379,125,186,116,13
193380,125,186,117,6
193381,125,186,118,6
193382,125,186,119,12
193383,125,186,120,12
193384,125,186,121,4
193385,125,187,105,1
193386,125,187,106,1
193387,125,187,107,1
193388,125,187,108,1
193389,125,187,109,6
193390,125,187,110,6
193391,125,187,111,13
193392,125,187,115,13
193393,125,187,116,6
193394,125,187,117,6
193395,125,187,118,12
193396,125,187,119,12
193397,125,188,105,6
193398,125,188,106,1
193399,125,188,107,1
193400,125,188,108,6
193401,125,188,109,6
193402,125,188,110,13
193403,125,188,117,12
193404,125,188,118,12
193405,125,189,105,6
193406,125,189,106,6
193407,125,189,107,6
193408,125,189,108,6
193409,125,189,109,13
193410,125,189,110,13
193411,125,190,105,13
193412,125,190,106,13
193413,125,190,107,13
193414,125,190,108,13
193415,125,190,109,13
193416,125,190,110,13
193417,125,191,105,13
193418,125,191,106,13
193419,125,191,107,13
193420,125,191,108,13
193421,125,191,109,13
193422,125,191,110,13
193423,125,192,106,13
193424,125,192,107,13
193425,126,172,121,10
193426,126,172,122,10
193427,126,172,124,4
193428,126,172,125,12
193429,126,173,115,10
193430,126,173,116,10
193431,126,173,117,10
193432,126,173,118,10
193433,126,173,119,10
193434,126,173,120,10
193435,126,173,121,10
193436,126,173,122,10
193437,126,173,123,10
193438,126,173,124,4
193439,126,173,125,12
193440,126,173,126,4
193441,126,173,127,1
193442,126,173,128,1
193443,126,173,129,1
193444,126,174,111,4
193445,126,174,114,10
193446,126,174,115,10
193447,126,174,116,10
193448,126,174,117,10
193449,126,174,118,10
193450,126,174,119,10
193451,126,174,120,10
193452,126,174,121,10
193453,126,174,122,10
193454,126,174,123,10
193455,126,174,124,4
193456,126,174,125,4
193457,126,174,126,4
193458,126,174,127,4
193459,126,174,128,1
193460,126,174,129,4
193461,126,174,130,9
193462,126,175,110,1
193463,126,175,111,4
193464,126,175,112,4
193465,126,175,113,4
193466,126,175,114,10
193467,126,175,115,10
193468,126,175,116,10
193469,126,175,117,10
193470,126,175,118,10
193471,126,175,119,10
193472,126,175,120,10
193473,126,175,121,10
193474,126,175,122,10
193475,126,175,123,10
193476,126,175,124,10
193477,126,175,125,4
193478,126,175,126,4
193479,126,175,127,4
193480,126,175,128,12
193481,126,175,129,12
193482,126,175,130,9
193483,126,176,109,1
193484,126,176,110,1
193485,126,176,111,4
193486,126,176,112,4
193487,126,176,113,4
193488,126,176,114,10
193489,126,176,115,10
193490,126,176,116,10
193491,126,176,117,10
193492,126,176,118,10
193493,126,176,119,10
193494,126,176,120,10
193495,126,176,121,4
193496,126,176,122,4
193497,126,176,123,10
193498,126,176,124,10
193499,126,176,125,10
193500,126,176,126,4
193501,126,176,127,12
193502,126,176,128,12
193503,126,176,129,12
193504,126,176,130,9
193505,126,177,109,4
193506,126,177,110,12
193507,126,177,111,4
193508,126,177,112,4
193509,126,177,113,10
193510,126,177,114,10
193511,126,177,115,10
193512,126,177,116,10
193513,126,177,117,10
193514,126,177,118,10
193515,126,177,119,10
193516,126,177,120,10
193517,126,177,121,10
193518,126,177,122,4
193519,126,177,123,4
193520,126,177,124,10
193521,126,177,125,12
193522,126,177,126,4
193523,126,177,127,12
193524,126,177,128,12
193525,126,177,129,9
193526,126,177,130,9
193527,126,178,109,4
193528,126,178,110,10
193529,126,178,111,10
193530,126,178,112,10
193531,126,178,113,10
193532,126,178,114,10
193533,126,178,115,10
193534,126,178,116,10
193535,126,178,117,10
193536,126,178,118,10
193537,126,178,119,10
193538,126,178,120,10
193539,126,178,121,10
193540,126,178,122,10
193541,126,178,123,10
193542,126,178,124,12
193543,126,178,125,12
193544,126,178,126,12
193545,126,178,127,12
193546,126,178,128,12
193547,126,178,129,9
193548,126,179,109,10
193549,126,179,110,10
193550,126,179,111,10
193551,126,179,112,10
193552,126,179,113,10
193553,126,179,114,10
193554,126,179,115,10
193555,126,179,116,10
193556,126,179,117,10
193557,126,179,118,4
193558,126,179,119,10
193559,126,179,120,10
193560,126,179,121,10
193561,126,179,122,10
193562,126,179,123,12
193563,126,179,124,12
193564,126,179,125,12
193565,126,179,126,12
193566,126,179,127,12
193567,126,179,128,12
193568,126,180,108,10
193569,126,180,109,10
193570,126,180,110,10
193571,126,180,111,10
193572,126,180,112,10
193573,126,180,113,10
193574,126,180,114,4
193575,126,180,115,4
193576,126,180,116,4
193577,126,180,117,4
193578,126,180,118,10
193579,126,180,119,10
193580,126,180,120,10
193581,126,180,121,4
193582,126,180,122,10
193583,126,180,123,12
193584,126,180,124,12
193585,126,180,125,12
193586,126,180,126,12
193587,126,180,127,12
193588,126,181,108,10
193589,126,181,109,10
193590,126,181,110,10
193591,126,181,111,10
193592,126,181,112,10
193593,126,181,113,4
193594,126,181,114,4
193595,126,181,115,4
193596,126,181,116,4
193597,126,181,117,10
193598,126,181,118,10
193599,126,181,119,10
193600,126,181,120,10
193601,126,181,121,10
193602,126,181,122,12
193603,126,181,123,12
193604,126,181,124,12
193605,126,181,125,12
193606,126,181,126,12
193607,126,182,107,10
193608,126,182,108,10
193609,126,182,109,4
193610,126,182,110,4
193611,126,182,111,10
193612,126,182,112,10
193613,126,182,113,4
193614,126,182,114,4
193615,126,182,115,4
193616,126,182,116,4
193617,126,182,117,10
193618,126,182,118,10
193619,126,182,119,10
193620,126,182,120,10
193621,126,182,121,12
193622,126,182,122,12
193623,126,182,123,12
193624,126,182,124,12
193625,126,182,125,12
193626,126,183,103,1
193627,126,183,107,10
193628,126,183,108,10
193629,126,183,109,4
193630,126,183,110,10
193631,126,183,111,10
193632,126,183,112,10
193633,126,183,113,10
193634,126,183,114,4
193635,126,183,115,4
193636,126,183,116,10
193637,126,183,117,10
193638,126,183,118,10
193639,126,183,119,10
193640,126,183,120,10
193641,126,183,121,12
193642,126,183,122,12
193643,126,183,123,12
193644,126,183,124,12
193645,126,184,101,1
193646,126,184,103,1
193647,126,184,104,4
193648,126,184,105,4
193649,126,184,107,10
193650,126,184,108,10
193651,126,184,109,10
193652,126,184,110,1
193653,126,184,111,1
193654,126,184,112,6
193655,126,184,113,6
193656,126,184,114,1
193657,126,184,115,1
193658,126,184,116,10
193659,126,184,117,10
193660,126,184,118,10
193661,126,184,119,10
193662,126,184,120,10
193663,126,184,121,12
193664,126,184,122,12
193665,126,184,123,12
193666,126,185,101,1
193667,126,185,102,1
193668,126,185,103,1
193669,126,185,104,4
193670,126,185,105,4
193671,126,185,106,4
193672,126,185,107,10
193673,126,185,108,10
193674,126,185,109,1
193675,126,185,110,6
193676,126,185,111,6
193677,126,185,112,6
193678,126,185,113,6
193679,126,185,114,6
193680,126,185,115,6
193681,126,185,116,6
193682,126,185,117,6
193683,126,185,118,12
193684,126,185,119,12
193685,126,185,120,12
193686,126,185,121,10
193687,126,185,122,12
193688,126,185,123,12
193689,126,186,101,1
193690,126,186,102,1
193691,126,186,103,1
193692,126,186,104,1
193693,126,186,105,4
193694,126,186,106,4
193695,126,186,107,4
193696,126,186,108,1
193697,126,186,109,6
193698,126,186,110,6
193699,126,186,111,13
193700,126,186,112,13
193701,126,186,113,13
193702,126,186,114,13
193703,126,186,115,6
193704,126,186,116,6
193705,126,186,117,6
193706,126,186,118,12
193707,126,186,119,12
193708,126,186,120,12
193709,126,186,121,4
193710,126,187,102,1
193711,126,187,104,1
193712,126,187,105,1
193713,126,187,106,1
193714,126,187,107,1
193715,126,187,108,1
193716,126,187,109,6
193717,126,187,110,13
193718,126,187,111,13
193719,126,187,112,13
193720,126,187,115,13
193721,126,187,116,6
193722,126,187,117,12
193723,126,187,118,12
193724,126,187,119,12
193725,126,188,104,6
193726,126,188,105,6
193727,126,188,106,1
193728,126,188,107,1
193729,126,188,108,6
193730,126,188,109,13
193731,126,188,110,13
193732,126,188,115,6
193733,126,188,116,6
193734,126,188,117,12
193735,126,188,118,12
193736,126,189,105,6
193737,126,189,106,6
193738,126,189,107,6
193739,126,189,108,13
193740,126,189,109,13
193741,126,189,110,13
193742,126,190,105,13
193743,126,190,106,13
193744,126,190,107,13
193745,126,190,108,13
193746,126,190,109,13
193747,126,190,110,13
193748,126,191,105,13
193749,126,191,106,13
193750,126,191,107,13
193751,126,191,108,13
193752,126,191,109,13
193753,127,171,122,10
193754,127,172,121,10
193755,127,172,122,10
193756,127,172,123,10
193757,127,172,124,4
193758,127,172,125,12
193759,127,173,114,10
193760,127,173,115,10
193761,127,173,116,10
193762,127,173,117,10
193763,127,173,118,10
193764,127,173,119,10
193765,127,173,120,10
193766,127,173,121,10
193767,127,173,122,10
193768,127,173,123,10
193769,127,173,124,4
193770,127,173,125,4
193771,127,173,126,4
193772,127,173,127,1
193773,127,173,128,1
193774,127,173,129,1
193775,127,173,130,9
193776,127,174,110,4
193777,127,174,111,4
193778,127,174,113,4
193779,127,174,114,10
193780,127,174,115,10
193781,127,174,116,10
193782,127,174,117,10
193783,127,174,118,10
193784,127,174,119,10
193785,127,174,120,10
193786,127,174,121,10
193787,127,174,122,10
193788,127,174,123,10
193789,127,174,124,10
193790,127,174,125,4
193791,127,174,126,4
193792,127,174,127,4
193793,127,174,128,1
193794,127,174,129,4
193795,127,174,130,9
193796,127,175,109,4
193797,127,175,110,4
193798,127,175,111,4
193799,127,175,112,4
193800,127,175,113,4
193801,127,175,114,10
193802,127,175,115,10
193803,127,175,116,10
193804,127,175,117,4
193805,127,175,118,10
193806,127,175,119,4
193807,127,175,120,4
193808,127,175,121,4
193809,127,175,122,10
193810,127,175,123,10
193811,127,175,124,10
193812,127,175,125,4
193813,127,175,126,4
193814,127,175,127,12
193815,127,175,128,12
193816,127,175,129,12
193817,127,175,130,9
193818,127,176,109,4
193819,127,176,110,4
193820,127,176,111,4
193821,127,176,112,4
193822,127,176,113,10
193823,127,176,114,10
193824,127,176,115,10
193825,127,176,116,10
193826,127,176,117,10
193827,127,176,118,10
193828,127,176,119,10
193829,127,176,120,10
193830,127,176,121,4
193831,127,176,122,4
193832,127,176,123,10
193833,127,176,124,10
193834,127,176,125,10
193835,127,176,126,4
193836,127,176,127,12
193837,127,176,128,12
193838,127,176,129,12
193839,127,176,130,9
193840,127,177,109,4
193841,127,177,110,10
193842,127,177,111,10
193843,127,177,112,10
193844,127,177,113,10
193845,127,177,114,10
193846,127,177,115,10
193847,127,177,116,10
193848,127,177,117,10
193849,127,177,118,10
193850,127,177,119,10
193851,127,177,120,10
193852,127,177,121,10
193853,127,177,122,4
193854,127,177,123,4
193855,127,177,124,10
193856,127,177,125,12
193857,127,177,126,4
193858,127,177,127,12
193859,127,177,128,12
193860,127,177,129,9
193861,127,177,130,9
193862,127,178,109,10
193863,127,178,110,10
193864,127,178,111,10
193865,127,178,112,10
193866,127,178,113,10
193867,127,178,114,10
193868,127,178,115,10
193869,127,178,116,10
193870,127,178,117,10
193871,127,178,118,10
193872,127,178,119,10
193873,127,178,120,10
193874,127,178,121,10
193875,127,178,122,10
193876,127,178,123,10
193877,127,178,124,12
193878,127,178,125,12
193879,127,178,126,12
193880,127,178,127,4
193881,127,178,128,12
193882,127,178,129,9
193883,127,179,108,10
193884,127,179,109,10
193885,127,179,110,10
193886,127,179,111,10
193887,127,179,112,10
193888,127,179,113,10
193889,127,179,114,10
193890,127,179,115,10
193891,127,179,116,10
193892,127,179,117,10
193893,127,179,118,10
193894,127,179,119,10
193895,127,179,120,10
193896,127,179,121,10
193897,127,179,122,10
193898,127,179,123,12
193899,127,179,124,12
193900,127,179,125,12
193901,127,179,126,12
193902,127,179,127,4
193903,127,179,128,4
193904,127,180,108,10
193905,127,180,109,10
193906,127,180,110,10
193907,127,180,111,10
193908,127,180,112,10
193909,127,180,113,10
193910,127,180,114,4
193911,127,180,115,4
193912,127,180,116,10
193913,127,180,117,10
193914,127,180,118,10
193915,127,180,119,10
193916,127,180,120,10
193917,127,180,121,4
193918,127,180,122,4
193919,127,180,123,12
193920,127,180,124,12
193921,127,180,125,12
193922,127,180,126,12
193923,127,181,104,1
193924,127,181,105,4
193925,127,181,106,4
193926,127,181,107,10
193927,127,181,108,10
193928,127,181,109,10
193929,127,181,110,10
193930,127,181,111,10
193931,127,181,112,4
193932,127,181,113,4
193933,127,181,114,4
193934,127,181,115,4
193935,127,181,116,10
193936,127,181,117,10
193937,127,181,118,10
193938,127,181,119,10
193939,127,181,120,4
193940,127,181,121,4
193941,127,181,122,12
193942,127,181,123,12
193943,127,181,124,12
193944,127,181,125,12
193945,127,181,126,12
193946,127,182,101,1
193947,127,182,103,1
193948,127,182,104,1
193949,127,182,105,4
193950,127,182,106,4
193951,127,182,107,10
193952,127,182,108,10
193953,127,182,109,4
193954,127,182,110,4
193955,127,182,111,4
193956,127,182,112,4
193957,127,182,113,4
193958,127,182,114,4
193959,127,182,115,4
193960,127,182,116,10
193961,127,182,117,10
193962,127,182,118,10
193963,127,182,119,10
193964,127,182,120,10
193965,127,182,121,12
193966,127,182,122,12
193967,127,182,123,12
193968,127,182,124,12
193969,127,182,125,12
193970,127,183,100,1
193971,127,183,101,1
193972,127,183,102,1
193973,127,183,103,1
193974,127,183,104,1
193975,127,183,105,4
193976,127,183,106,10
193977,127,183,107,10
193978,127,183,108,10
193979,127,183,109,4
193980,127,183,110,4
193981,127,183,111,10
193982,127,183,112,10
193983,127,183,113,10
193984,127,183,114,4
193985,127,183,115,4
193986,127,183,116,4
193987,127,183,117,10
193988,127,183,118,10
193989,127,183,119,10
193990,127,183,120,10
193991,127,183,121,12
193992,127,183,122,12
193993,127,183,123,12
193994,127,183,124,12
193995,127,184,100,1
193996,127,184,101,1
193997,127,184,102,1
193998,127,184,103,1
193999,127,184,104,4
194000,127,184,105,4
194001,127,184,106,10
194002,127,184,107,10
194003,127,184,108,10
194004,127,184,109,10
194005,127,184,110,1
194006,127,184,111,1
194007,127,184,112,1
194008,127,184,113,12
194009,127,184,114,10
194010,127,184,115,4
194011,127,184,116,4
194012,127,184,117,10
194013,127,184,118,10
194014,127,184,119,10
194015,127,184,120,10
194016,127,184,121,12
194017,127,184,122,12
194018,127,184,123,12
194019,127,185,100,1
194020,127,185,101,1
194021,127,185,102,1
194022,127,185,103,1
194023,127,185,104,4
194024,127,185,105,4
194025,127,185,106,4
194026,127,185,107,10
194027,127,185,108,10
194028,127,185,109,6
194029,127,185,110,6
194030,127,185,111,6
194031,127,185,112,6
194032,127,185,113,6
194033,127,185,114,6
194034,127,185,115,6
194035,127,185,116,1
194036,127,185,117,10
194037,127,185,118,12
194038,127,185,119,12
194039,127,185,120,12
194040,127,185,121,4
194041,127,185,122,12
194042,127,186,101,1
194043,127,186,102,1
194044,127,186,103,1
194045,127,186,104,1
194046,127,186,105,4
194047,127,186,106,4
194048,127,186,107,4
194049,127,186,108,1
194050,127,186,109,6
194051,127,186,110,13
194052,127,186,111,13
194053,127,186,112,13
194054,127,186,113,13
194055,127,186,114,6
194056,127,186,115,6
194057,127,186,116,6
194058,127,186,117,12
194059,127,186,118,12
194060,127,186,119,12
194061,127,186,120,12
194062,127,187,102,1
194063,127,187,103,1
194064,127,187,104,1
194065,127,187,105,1
194066,127,187,106,1
194067,127,187,107,1
194068,127,187,108,6
194069,127,187,109,6
194070,127,187,110,13
194071,127,187,111,13
194072,127,187,112,13
194073,127,187,113,13
194074,127,187,114,13
194075,127,187,115,6
194076,127,187,116,6
194077,127,187,117,12
194078,127,187,118,12
194079,127,187,119,12
194080,127,188,102,1
194081,127,188,103,1
194082,127,188,104,6
194083,127,188,105,6
194084,127,188,106,1
194085,127,188,107,1
194086,127,188,108,6
194087,127,188,109,13
194088,127,188,115,6
194089,127,188,116,12
194090,127,188,117,12
194091,127,188,118,12
194092,127,189,104,6
194093,127,189,105,6
194094,127,189,106,6
194095,127,189,107,6
194096,127,189,108,13
194097,127,189,109,13
194098,127,189,116,12
194099,127,189,117,12
194100,127,190,105,13
194101,127,190,106,13
194102,127,190,107,13
194103,127,190,108,13
194104,127,190,109,13
194105,127,191,105,13
194106,127,191,106,13
194107,127,191,107,13
194108,127,191,108,13
194109,128,171,122,10
194110,128,172,121,10
194111,128,172,122,10
194112,128,172,123,10
194113,128,172,125,4
194114,128,173,114,10
194115,128,173,115,10
194116,128,173,116,10
194117,128,173,117,10
194118,128,173,118,10
194119,128,173,119,10
194120,128,173,120,10
194121,128,173,121,10
194122,128,173,122,10
194123,128,173,123,10
194124,128,173,124,10
194125,128,173,125,4
194126,128,173,126,4
194127,128,173,127,1
194128,128,173,128,1
194129,128,173,129,1
194130,128,173,130,9
194131,128,174,110,4
194132,128,174,111,4
194133,128,174,112,10
194134,128,174,113,10
194135,128,174,114,10
194136,128,174,115,10
194137,128,174,116,4
194138,128,174,117,4
194139,128,174,118,10
194140,128,174,119,10
194141,128,174,120,4
194142,128,174,121,10
194143,128,174,122,10
194144,128,174,123,10
194145,128,174,124,10
194146,128,174,125,4
194147,128,174,126,4
194148,128,174,127,4
194149,128,174,128,12
194150,128,174,129,12
194151,128,174,130,9
194152,128,175,109,4
194153,128,175,110,4
194154,128,175,111,4
194155,128,175,112,10
194156,128,175,113,10
194157,128,175,114,10
194158,128,175,115,10
194159,128,175,116,1
194160,128,175,117,4
194161,128,175,118,4
194162,128,175,119,4
194163,128,175,120,4
194164,128,175,121,4
194165,128,175,122,4
194166,128,175,123,10
194167,128,175,124,10
194168,128,175,125,4
194169,128,175,126,4
194170,128,175,127,12
194171,128,175,128,12
194172,128,175,129,12
194173,128,175,130,9
194174,128,176,109,4
194175,128,176,110,10
194176,128,176,111,10
194177,128,176,112,10
194178,128,176,113,10
194179,128,176,114,10
194180,128,176,115,10
194181,128,176,116,10
194182,128,176,117,10
194183,128,176,118,10
194184,128,176,119,10
194185,128,176,120,10
194186,128,176,121,4
194187,128,176,122,4
194188,128,176,123,4
194189,128,176,124,10
194190,128,176,125,10
194191,128,176,126,4
194192,128,176,127,12
194193,128,176,128,12
194194,128,176,129,12
194195,128,176,130,9
194196,128,177,109,10
194197,128,177,110,10
194198,128,177,111,10
194199,128,177,112,10
194200,128,177,113,10
194201,128,177,114,10
194202,128,177,115,10
194203,128,177,116,10
194204,128,177,117,10
194205,128,177,118,10
194206,128,177,119,10
194207,128,177,120,10
194208,128,177,121,10
194209,128,177,122,10
194210,128,177,123,4
194211,128,177,124,10
194212,128,177,125,10
194213,128,177,126,4
194214,128,177,127,12
194215,128,177,128,12
194216,128,177,129,9
194217,128,178,108,10
194218,128,178,109,10
194219,128,178,110,10
194220,128,178,111,10
194221,128,178,112,10
194222,128,178,113,10
194223,128,178,114,10
194224,128,178,115,10
194225,128,178,116,10
194226,128,178,117,10
194227,128,178,118,10
194228,128,178,119,10
194229,128,178,120,10
194230,128,178,121,10
194231,128,178,122,10
194232,128,178,123,10
194233,128,178,124,12
194234,128,178,125,12
194235,128,178,126,4
194236,128,178,127,4
194237,128,178,128,12
194238,128,179,105,4
194239,128,179,108,10
194240,128,179,109,10
194241,128,179,110,10
194242,128,179,111,10
194243,128,179,112,10
194244,128,179,113,10
194245,128,179,114,10
194246,128,179,115,10
194247,128,179,116,10
194248,128,179,117,10
194249,128,179,118,10
194250,128,179,119,10
194251,128,179,120,10
194252,128,179,121,10
194253,128,179,122,10
194254,128,179,123,12
194255,128,179,124,12
194256,128,179,125,12
194257,128,179,126,12
194258,128,179,127,4
194259,128,180,104,1
194260,128,180,105,4
194261,128,180,106,4
194262,128,180,107,10
194263,128,180,108,10
194264,128,180,109,10
194265,128,180,110,10
194266,128,180,111,10
194267,128,180,112,10
194268,128,180,113,10
194269,128,180,114,4
194270,128,180,115,10
194271,128,180,116,4
194272,128,180,117,10
194273,128,180,118,10
194274,128,180,119,10
194275,128,180,120,10
194276,128,180,121,4
194277,128,180,122,4
194278,128,180,123,12
194279,128,180,124,12
194280,128,180,125,12
194281,128,180,126,12
194282,128,181,102,1
194283,128,181,103,1
194284,128,181,104,1
194285,128,181,105,4
194286,128,181,106,4
194287,128,181,107,10
194288,128,181,108,10
194289,128,181,109,10
194290,128,181,110,10
194291,128,181,111,4
194292,128,181,112,4
194293,128,181,113,4
194294,128,181,114,4
194295,128,181,115,4
194296,128,181,116,4
194297,128,181,117,10
194298,128,181,118,10
194299,128,181,119,10
194300,128,181,120,10
194301,128,181,121,4
194302,128,181,122,12
194303,128,181,123,12
194304,128,181,124,12
194305,128,181,125,12
194306,128,181,126,12
194307,128,182,101,1
194308,128,182,102,1
194309,128,182,103,1
194310,128,182,104,1
194311,128,182,105,4
194312,128,182,106,4
194313,128,182,107,10
194314,128,182,108,10
194315,128,182,109,4
194316,128,182,110,4
194317,128,182,111,4
194318,128,182,112,4
194319,128,182,113,4
194320,128,182,114,4
194321,128,182,115,4
194322,128,182,116,4
194323,128,182,117,10
194324,128,182,118,10
194325,128,182,119,10
194326,128,182,120,10
194327,128,182,121,12
194328,128,182,122,12
194329,128,182,123,12
194330,128,182,124,12
194331,128,182,125,6
194332,128,183,101,1
194333,128,183,102,1
194334,128,183,103,1
194335,128,183,104,1
194336,128,183,105,4
194337,128,183,106,10
194338,128,183,107,10
194339,128,183,108,10
194340,128,183,109,4
194341,128,183,110,4
194342,128,183,111,10
194343,128,183,112,10
194344,128,183,113,4
194345,128,183,114,4
194346,128,183,115,4
194347,128,183,116,4
194348,128,183,117,4
194349,128,183,118,10
194350,128,183,119,10
194351,128,183,120,4
194352,128,183,121,12
194353,128,183,122,12
194354,128,183,123,12
194355,128,183,124,12
194356,128,184,100,1
194357,128,184,101,1
194358,128,184,102,1
194359,128,184,103,1
194360,128,184,104,4
194361,128,184,105,4
194362,128,184,106,10
194363,128,184,107,10
194364,128,184,108,10
194365,128,184,109,4
194366,128,184,110,1
194367,128,184,111,10
194368,128,184,112,12
194369,128,184,113,12
194370,128,184,114,4
194371,128,184,115,4
194372,128,184,116,4
194373,128,184,117,10
194374,128,184,118,10
194375,128,184,119,10
194376,128,184,120,4
194377,128,184,121,12
194378,128,184,122,12
194379,128,184,123,12
194380,128,185,100,1
194381,128,185,101,1
194382,128,185,102,1
194383,128,185,103,1
194384,128,185,104,1
194385,128,185,105,4
194386,128,185,106,10
194387,128,185,107,10
194388,128,185,108,10
194389,128,185,109,1
194390,128,185,110,6
194391,128,185,111,6
194392,128,185,112,6
194393,128,185,113,12
194394,128,185,114,12
194395,128,185,115,10
194396,128,185,116,4
194397,128,185,117,4
194398,128,185,118,12
194399,128,185,119,12
194400,128,185,120,12
194401,128,185,121,12
194402,128,186,101,1
194403,128,186,102,1
194404,128,186,103,1
194405,128,186,104,1
194406,128,186,105,1
194407,128,186,106,1
194408,128,186,107,1
194409,128,186,108,1
194410,128,186,109,6
194411,128,186,110,13
194412,128,186,111,13
194413,128,186,112,6
194414,128,186,113,6
194415,128,186,114,6
194416,128,186,115,1
194417,128,186,116,12
194418,128,186,117,12
194419,128,186,118,12
194420,128,186,119,12
194421,128,186,120,12
194422,128,187,101,1
194423,128,187,102,1
194424,128,187,103,1
194425,128,187,104,1
194426,128,187,105,1
194427,128,187,106,1
194428,128,187,107,1
194429,128,187,108,6
194430,128,187,109,13
194431,128,187,110,13
194432,128,187,111,13
194433,128,187,112,13
194434,128,187,114,6
194435,128,187,115,6
194436,128,187,116,12
194437,128,187,117,12
194438,128,187,118,12
194439,128,187,119,12
194440,128,188,102,1
194441,128,188,103,1
194442,128,188,104,6
194443,128,188,105,6
194444,128,188,106,6
194445,128,188,107,1
194446,128,188,108,6
194447,128,188,109,13
194448,128,188,115,1
194449,128,188,116,12
194450,128,188,117,12
194451,128,188,118,12
194452,128,189,102,1
194453,128,189,103,6
194454,128,189,104,6
194455,128,189,105,6
194456,128,189,106,6
194457,128,189,107,6
194458,128,189,108,13
194459,128,189,115,12
194460,128,189,116,12
194461,128,189,117,12
194462,128,190,104,13
194463,128,190,105,13
194464,128,190,106,13
194465,128,190,107,13
194466,128,190,108,13
194467,128,191,105,13
194468,128,191,106,13
194469,128,191,107,13
194470,129,172,120,10
194471,129,172,121,10
194472,129,172,122,10
194473,129,172,123,10
194474,129,172,125,4
194475,129,173,112,10
194476,129,173,113,10
194477,129,173,114,10
194478,129,173,115,10
194479,129,173,116,10
194480,129,173,117,10
194481,129,173,118,10
194482,129,173,119,10
194483,129,173,120,10
194484,129,173,121,10
194485,129,173,122,10
194486,129,173,123,10
194487,129,173,124,10
194488,129,173,125,4
194489,129,173,126,4
194490,129,173,127,1
194491,129,173,128,1
194492,129,173,129,1
194493,129,173,130,9
194494,129,174,109,4
194495,129,174,110,10
194496,129,174,111,10
194497,129,174,112,10
194498,129,174,113,10
194499,129,174,114,10
194500,129,174,115,1
194501,129,174,116,1
194502,129,174,117,4
194503,129,174,118,10
194504,129,174,119,10
194505,129,174,120,10
194506,129,174,121,10
194507,129,174,122,10
194508,129,174,123,10
194509,129,174,124,10
194510,129,174,125,4
194511,129,174,126,4
194512,129,174,127,4
194513,129,174,128,12
194514,129,174,129,12
194515,129,174,130,9
194516,129,175,109,4
194517,129,175,110,10
194518,129,175,111,10
194519,129,175,112,10
194520,129,175,113,10
194521,129,175,114,1
194522,129,175,115,1
194523,129,175,116,1
194524,129,175,117,4
194525,129,175,118,4
194526,129,175,119,4
194527,129,175,120,4
194528,129,175,121,4
194529,129,175,122,10
194530,129,175,123,10
194531,129,175,124,10
194532,129,175,125,4
194533,129,175,126,4
194534,129,175,127,12
194535,129,175,128,12
194536,129,175,129,12
194537,129,175,130,9
194538,129,176,109,10
194539,129,176,110,10
194540,129,176,111,10
194541,129,176,112,10
194542,129,176,113,10
194543,129,176,114,10
194544,129,176,115,10
194545,129,176,116,10
194546,129,176,117,10
194547,129,176,118,10
194548,129,176,119,10
194549,129,176,120,10
194550,129,176,121,4
194551,129,176,122,10
194552,129,176,123,10
194553,129,176,124,10
194554,129,176,125,10
194555,129,176,126,4
194556,129,176,127,4
194557,129,176,128,12
194558,129,176,129,12
194559,129,176,130,9
194560,129,177,108,10
194561,129,177,109,10
194562,129,177,110,10
194563,129,177,111,10
194564,129,177,112,10
194565,129,177,113,10
194566,129,177,114,10
194567,129,177,115,10
194568,129,177,116,10
194569,129,177,117,10
194570,129,177,118,10
194571,129,177,119,10
194572,129,177,120,10
194573,129,177,121,10
194574,129,177,122,10
194575,129,177,123,10
194576,129,177,124,10
194577,129,177,125,12
194578,129,177,126,4
194579,129,177,127,4
194580,129,177,128,12
194581,129,177,129,9
194582,129,178,104,1
194583,129,178,105,4
194584,129,178,106,4
194585,129,178,107,4
194586,129,178,108,10
194587,129,178,109,10
194588,129,178,110,10
194589,129,178,111,10
194590,129,178,112,10
194591,129,178,113,10
194592,129,178,114,10
194593,129,178,115,10
194594,129,178,116,10
194595,129,178,117,10
194596,129,178,118,10
194597,129,178,119,10
194598,129,178,120,4
194599,129,178,121,10
194600,129,178,122,10
194601,129,178,123,10
194602,129,178,124,12
194603,129,178,125,12
194604,129,178,126,4
194605,129,178,127,4
194606,129,178,128,12
194607,129,179,103,1
194608,129,179,104,1
194609,129,179,105,1
194610,129,179,106,4
194611,129,179,107,10
194612,129,179,108,10
194613,129,179,109,10
194614,129,179,110,10
194615,129,179,111,10
194616,129,179,112,10
194617,129,179,113,10
194618,129,179,114,10
194619,129,179,115,10
194620,129,179,116,10
194621,129,179,117,10
194622,129,179,118,10
194623,129,179,119,10
194624,129,179,120,4
194625,129,179,121,10
194626,129,179,122,10
194627,129,179,123,10
194628,129,179,124,12
194629,129,179,125,12
194630,129,179,126,12
194631,129,179,127,4
194632,129,180,102,1
194633,129,180,103,1
194634,129,180,104,1
194635,129,180,105,1
194636,129,180,106,4
194637,129,180,107,10
194638,129,180,108,10
194639,129,180,109,10
194640,129,180,110,10
194641,129,180,111,4
194642,129,180,112,10
194643,129,180,113,4
194644,129,180,114,4
194645,129,180,115,10
194646,129,180,116,10
194647,129,180,117,10
194648,129,180,118,10
194649,129,180,119,10
194650,129,180,120,4
194651,129,180,121,10
194652,129,180,122,10
194653,129,180,123,12
194654,129,180,124,12
194655,129,180,125,12
194656,129,180,126,12
194657,129,181,101,1
194658,129,181,102,1
194659,129,181,103,1
194660,129,181,104,1
194661,129,181,105,1
194662,129,181,106,4
194663,129,181,107,10
194664,129,181,108,10
194665,129,181,109,4
194666,129,181,110,4
194667,129,181,111,4
194668,129,181,112,4
194669,129,181,113,4
194670,129,181,114,4
194671,129,181,115,10
194672,129,181,116,10
194673,129,181,117,10
194674,129,181,118,10
194675,129,181,119,10
194676,129,181,120,10
194677,129,181,121,10
194678,129,181,122,12
194679,129,181,123,12
194680,129,181,124,12
194681,129,181,125,12
194682,129,181,126,12
194683,129,182,101,1
194684,129,182,102,1
194685,129,182,103,1
194686,129,182,104,1
194687,129,182,105,4
194688,129,182,106,4
194689,129,182,107,10
194690,129,182,108,10
194691,129,182,109,4
194692,129,182,110,4
194693,129,182,111,4
194694,129,182,112,4
194695,129,182,113,4
194696,129,182,114,4
194697,129,182,115,4
194698,129,182,116,4
194699,129,182,117,4
194700,129,182,118,10
194701,129,182,119,10
194702,129,182,120,10
194703,129,182,121,12
194704,129,182,122,12
194705,129,182,123,12
194706,129,182,124,12
194707,129,182,125,12
194708,129,183,101,1
194709,129,183,102,1
194710,129,183,103,1
194711,129,183,104,1
194712,129,183,105,4
194713,129,183,106,4
194714,129,183,107,10
194715,129,183,108,10
194716,129,183,109,4
194717,129,183,110,10
194718,129,183,111,10
194719,129,183,112,10
194720,129,183,113,4
194721,129,183,114,4
194722,129,183,115,4
194723,129,183,116,4
194724,129,183,117,4
194725,129,183,118,4
194726,129,183,119,10
194727,129,183,120,10
194728,129,183,121,12
194729,129,183,122,12
194730,129,183,123,12
194731,129,183,124,12
194732,129,184,100,1
194733,129,184,101,1
194734,129,184,102,1
194735,129,184,103,1
194736,129,184,104,1
194737,129,184,105,4
194738,129,184,106,10
194739,129,184,107,10
194740,129,184,108,10
194741,129,184,109,10
194742,129,184,110,10
194743,129,184,111,10
194744,129,184,112,12
194745,129,184,113,12
194746,129,184,114,4
194747,129,184,115,4
194748,129,184,116,4
194749,129,184,117,4
194750,129,184,118,4
194751,129,184,119,10
194752,129,184,120,4
194753,129,184,121,12
194754,129,184,122,12
194755,129,185,100,1
194756,129,185,101,1
194757,129,185,102,1
194758,129,185,103,1
194759,129,185,104,1
194760,129,185,105,4
194761,129,185,106,10
194762,129,185,107,10
194763,129,185,108,10
194764,129,185,109,1
194765,129,185,110,6
194766,129,185,111,6
194767,129,185,112,1
194768,129,185,113,12
194769,129,185,114,12
194770,129,185,115,10
194771,129,185,116,4
194772,129,185,117,4
194773,129,185,118,4
194774,129,185,119,12
194775,129,185,120,4
194776,129,186,100,1
194777,129,186,101,1
194778,129,186,102,1
194779,129,186,103,1
194780,129,186,104,1
194781,129,186,105,1
194782,129,186,106,1
194783,129,186,107,1
194784,129,186,108,1
194785,129,186,109,6
194786,129,186,110,6
194787,129,186,111,6
194788,129,186,112,6
194789,129,186,113,12
194790,129,186,114,12
194791,129,186,115,10
194792,129,186,116,12
194793,129,186,117,12
194794,129,186,118,12
194795,129,186,119,12
194796,129,186,120,12
194797,129,187,100,1
194798,129,187,101,1
194799,129,187,102,1
194800,129,187,103,1
194801,129,187,104,1
194802,129,187,105,1
194803,129,187,106,1
194804,129,187,107,1
194805,129,187,108,6
194806,129,187,109,6
194807,129,187,110,13
194808,129,187,111,13
194809,129,187,112,6
194810,129,187,113,6
194811,129,187,114,12
194812,129,187,115,12
194813,129,187,116,12
194814,129,187,117,12
194815,129,187,118,12
194816,129,187,119,12
194817,129,188,101,1
194818,129,188,102,1
194819,129,188,103,1
194820,129,188,104,6
194821,129,188,105,6
194822,129,188,106,6
194823,129,188,107,6
194824,129,188,108,6
194825,129,188,109,13
194826,129,188,110,13
194827,129,188,111,13
194828,129,188,114,12
194829,129,188,115,12
194830,129,188,116,12
194831,129,188,117,12
194832,129,188,118,12
194833,129,189,102,1
194834,129,189,103,6
194835,129,189,104,13
194836,129,189,105,13
194837,129,189,106,6
194838,129,189,107,6
194839,129,189,108,13
194840,129,189,109,13
194841,129,189,115,12
194842,129,189,116,12
194843,129,189,117,12
194844,129,190,102,1
194845,129,190,103,6
194846,129,190,104,13
194847,129,190,105,13
194848,129,190,106,13
194849,129,190,107,13
194850,129,190,108,13
194851,129,190,115,12
194852,129,190,116,12
194853,129,191,105,13
194854,129,191,106,13
194855,130,172,120,10
194856,130,172,124,4
194857,130,172,125,4
194858,130,172,130,9
194859,130,173,110,10
194860,130,173,111,10
194861,130,173,112,10
194862,130,173,113,10
194863,130,173,114,10
194864,130,173,115,10
194865,130,173,116,10
194866,130,173,117,10
194867,130,173,118,10
194868,130,173,119,10
194869,130,173,120,10
194870,130,173,121,10
194871,130,173,122,10
194872,130,173,123,10
194873,130,173,124,4
194874,130,173,125,4
194875,130,173,126,4
194876,130,173,127,1
194877,130,173,128,1
194878,130,173,129,1
194879,130,173,130,9
194880,130,174,109,10
194881,130,174,110,10
194882,130,174,111,10
194883,130,174,112,10
194884,130,174,113,10
194885,130,174,114,10
194886,130,174,115,1
194887,130,174,116,4
194888,130,174,117,10
194889,130,174,118,10
194890,130,174,119,10
194891,130,174,120,10
194892,130,174,121,10
194893,130,174,122,10
194894,130,174,123,10
194895,130,174,124,10
194896,130,174,125,4
194897,130,174,126,4
194898,130,174,127,4
194899,130,174,128,12
194900,130,174,129,12
194901,130,174,130,9
194902,130,175,109,10
194903,130,175,110,10
194904,130,175,111,10
194905,130,175,112,10
194906,130,175,113,10
194907,130,175,114,1
194908,130,175,115,1
194909,130,175,116,4
194910,130,175,117,4
194911,130,175,118,4
194912,130,175,119,4
194913,130,175,120,4
194914,130,175,121,10
194915,130,175,122,10
194916,130,175,123,10
194917,130,175,124,10
194918,130,175,125,4
194919,130,175,126,4
194920,130,175,127,12
194921,130,175,128,12
194922,130,175,129,12
194923,130,175,130,9
194924,130,176,108,10
194925,130,176,109,10
194926,130,176,110,10
194927,130,176,111,10
194928,130,176,112,10
194929,130,176,113,10
194930,130,176,114,10
194931,130,176,115,10
194932,130,176,116,10
194933,130,176,117,10
194934,130,176,118,10
194935,130,176,119,4
194936,130,176,120,4
194937,130,176,121,4
194938,130,176,122,10
194939,130,176,123,10
194940,130,176,124,10
194941,130,176,125,4
194942,130,176,126,4
194943,130,176,127,4
194944,130,176,128,12
194945,130,176,129,12
194946,130,177,104,4
194947,130,177,105,4
194948,130,177,106,4
194949,130,177,107,4
194950,130,177,108,10
194951,130,177,109,10
194952,130,177,110,10
194953,130,177,111,10
194954,130,177,112,1
194955,130,177,113,10
194956,130,177,114,10
194957,130,177,115,10
194958,130,177,116,10
194959,130,177,117,10
194960,130,177,118,10
194961,130,177,119,10
194962,130,177,120,4
194963,130,177,121,10
194964,130,177,122,10
194965,130,177,123,10
194966,130,177,124,10
194967,130,177,125,12
194968,130,177,126,4
194969,130,177,127,4
194970,130,177,128,12
194971,130,178,103,1
194972,130,178,104,1
194973,130,178,105,1
194974,130,178,106,4
194975,130,178,107,4
194976,130,178,108,10
194977,130,178,109,10
194978,130,178,110,10
194979,130,178,111,10
194980,130,178,112,10
194981,130,178,113,10
194982,130,178,114,10
194983,130,178,115,10
194984,130,178,116,10
194985,130,178,117,10
194986,130,178,118,10
194987,130,178,119,10
194988,130,178,120,4
194989,130,178,121,10
194990,130,178,122,10
194991,130,178,123,10
194992,130,178,124,12
194993,130,178,125,12
194994,130,178,126,12
194995,130,178,127,4
194996,130,178,128,12
194997,130,179,101,1
194998,130,179,102,1
194999,130,179,103,1
195000,130,179,104,1
195001,130,179,105,1
195002,130,179,106,4
195003,130,179,107,10
195004,130,179,108,10
195005,130,179,109,10
195006,130,179,110,10
195007,130,179,111,10
195008,130,179,112,10
195009,130,179,113,10
195010,130,179,114,10
195011,130,179,115,10
195012,130,179,116,10
195013,130,179,117,10
195014,130,179,118,10
195015,130,179,119,10
195016,130,179,120,4
195017,130,179,121,10
195018,130,179,122,10
195019,130,179,123,10
195020,130,179,124,12
195021,130,179,125,12
195022,130,179,126,12
195023,130,180,101,1
195024,130,180,102,1
195025,130,180,103,1
195026,130,180,104,1
195027,130,180,105,1
195028,130,180,106,4
195029,130,180,107,10
195030,130,180,108,10
195031,130,180,109,4
195032,130,180,110,4
195033,130,180,111,4
195034,130,180,112,4
195035,130,180,113,4
195036,130,180,114,4
195037,130,180,115,10
195038,130,180,116,10
195039,130,180,117,10
195040,130,180,118,10
195041,130,180,119,10
195042,130,180,120,4
195043,130,180,121,10
195044,130,180,122,10
195045,130,180,123,10
195046,130,180,124,12
195047,130,180,125,12
195048,130,180,126,12
195049,130,181,101,1
195050,130,181,102,1
195051,130,181,103,1
195052,130,181,104,1
195053,130,181,105,1
195054,130,181,106,4
195055,130,181,107,10
195056,130,181,108,10
195057,130,181,109,4
195058,130,181,110,4
195059,130,181,111,4
195060,130,181,112,4
195061,130,181,113,4
195062,130,181,114,4
195063,130,181,115,10
195064,130,181,116,10
195065,130,181,117,10
195066,130,181,118,10
195067,130,181,119,10
195068,130,181,120,10
195069,130,181,121,10
195070,130,181,122,10
195071,130,181,123,12
195072,130,181,124,12
195073,130,181,125,12
195074,130,182,101,1
195075,130,182,102,1
195076,130,182,103,1
195077,130,182,104,1
195078,130,182,105,1
195079,130,182,106,4
195080,130,182,107,10
195081,130,182,108,10
195082,130,182,109,4
195083,130,182,110,10
195084,130,182,111,4
195085,130,182,112,4
195086,130,182,113,4
195087,130,182,114,4
195088,130,182,115,4
195089,130,182,116,10
195090,130,182,117,10
195091,130,182,118,10
195092,130,182,119,10
195093,130,182,120,10
195094,130,182,121,10
195095,130,182,122,12
195096,130,182,123,12
195097,130,182,124,12
195098,130,182,125,12
195099,130,183,101,1
195100,130,183,102,1
195101,130,183,103,1
195102,130,183,104,1
195103,130,183,105,1
195104,130,183,106,4
195105,130,183,107,10
195106,130,183,108,10
195107,130,183,109,10
195108,130,183,110,10
195109,130,183,111,10
195110,130,183,112,10
195111,130,183,113,4
195112,130,183,114,4
195113,130,183,115,4
195114,130,183,116,10
195115,130,183,117,4
195116,130,183,118,4
195117,130,183,119,10
195118,130,183,120,10
195119,130,183,121,12
195120,130,183,122,12
195121,130,183,123,12
195122,130,183,124,12
195123,130,184,101,1
195124,130,184,102,1
195125,130,184,103,1
195126,130,184,104,1
195127,130,184,105,4
195128,130,184,106,10
195129,130,184,107,10
195130,130,184,108,10
195131,130,184,109,10
195132,130,184,110,10
195133,130,184,111,10
195134,130,184,112,10
195135,130,184,113,12
195136,130,184,114,4
195137,130,184,115,4
195138,130,184,116,4
195139,130,184,117,4
195140,130,184,118,4
195141,130,184,119,4
195142,130,184,120,4
195143,130,184,121,4
195144,130,184,122,12
195145,130,185,100,4
195146,130,185,101,1
195147,130,185,102,1
195148,130,185,103,1
195149,130,185,104,1
195150,130,185,105,1
195151,130,185,106,10
195152,130,185,107,10
195153,130,185,108,10
195154,130,185,109,10
195155,130,185,110,1
195156,130,185,111,1
195157,130,185,112,12
195158,130,185,113,12
195159,130,185,114,12
195160,130,185,115,10
195161,130,185,116,10
195162,130,185,117,4
195163,130,185,118,4
195164,130,185,119,4
195165,130,185,120,4
195166,130,186,100,4
195167,130,186,101,4
195168,130,186,102,1
195169,130,186,103,1
195170,130,186,104,1
195171,130,186,105,1
195172,130,186,106,1
195173,130,186,107,1
195174,130,186,108,1
195175,130,186,109,6
195176,130,186,110,6
195177,130,186,111,6
195178,130,186,112,6
195179,130,186,113,12
195180,130,186,114,12
195181,130,186,115,10
195182,130,186,116,12
195183,130,186,117,12
195184,130,186,118,12
195185,130,186,119,12
195186,130,186,120,12
195187,130,187,100,4
195188,130,187,101,4
195189,130,187,102,1
195190,130,187,103,1
195191,130,187,104,6
195192,130,187,105,1
195193,130,187,106,1
195194,130,187,107,1
195195,130,187,108,6
195196,130,187,109,6
195197,130,187,110,13
195198,130,187,111,6
195199,130,187,112,6
195200,130,187,113,12
195201,130,187,114,12
195202,130,187,115,12
195203,130,187,116,12
195204,130,187,117,12
195205,130,187,118,12
195206,130,187,119,12
195207,130,188,101,4
195208,130,188,102,1
195209,130,188,103,6
195210,130,188,104,6
195211,130,188,105,6
195212,130,188,106,6
195213,130,188,107,6
195214,130,188,108,6
195215,130,188,109,13
195216,130,188,110,13
195217,130,188,111,13
195218,130,188,112,6
195219,130,188,113,12
195220,130,188,114,12
195221,130,188,115,12
195222,130,188,116,12
195223,130,188,117,12
195224,130,188,118,12
195225,130,189,101,4
195226,130,189,102,1
195227,130,189,103,6
195228,130,189,104,13
195229,130,189,105,13
195230,130,189,106,13
195231,130,189,107,13
195232,130,189,108,13
195233,130,189,109,13
195234,130,189,110,13
195235,130,189,114,12
195236,130,189,115,12
195237,130,189,116,12
195238,130,189,117,12
195239,130,190,102,1
195240,130,190,103,6
195241,130,190,105,13
195242,130,190,106,13
195243,130,190,107,13
195244,130,190,108,13
195245,130,190,115,12
195246,130,190,116,12
195247,131,172,124,4
195248,131,172,125,4
195249,131,172,126,1
195250,131,172,130,9
195251,131,173,109,10
195252,131,173,110,10
195253,131,173,111,10
195254,131,173,112,10
195255,131,173,113,10
195256,131,173,114,10
195257,131,173,115,10
195258,131,173,116,10
195259,131,173,117,10
195260,131,173,118,10
195261,131,173,119,10
195262,131,173,120,10
195263,131,173,121,10
195264,131,173,122,4
195265,131,173,123,4
195266,131,173,124,4
195267,131,173,125,4
195268,131,173,126,4
195269,131,173,127,1
195270,131,173,128,6
195271,131,173,129,1
195272,131,173,130,9
195273,131,174,108,10
195274,131,174,109,10
195275,131,174,110,10
195276,131,174,111,10
195277,131,174,112,10
195278,131,174,113,10
195279,131,174,114,10
195280,131,174,115,10
195281,131,174,116,10
195282,131,174,117,10
195283,131,174,118,10
195284,131,174,119,10
195285,131,174,120,10
195286,131,174,121,10
195287,131,174,122,10
195288,131,174,123,4
195289,131,174,124,4
195290,131,174,125,4
195291,131,174,126,4
195292,131,174,127,4
195293,131,174,128,12
195294,131,174,129,12
195295,131,174,130,9
195296,131,175,108,10
195297,131,175,109,10
195298,131,175,110,10
195299,131,175,111,10
195300,131,175,112,10
195301,131,175,113,10
195302,131,175,114,10
195303,131,175,115,10
195304,131,175,116,10
195305,131,175,117,10
195306,131,175,118,10
195307,131,175,119,10
195308,131,175,120,10
195309,131,175,121,10
195310,131,175,122,10
195311,131,175,123,4
195312,131,175,124,4
195313,131,175,125,4
195314,131,175,126,4
195315,131,175,127,12
195316,131,175,128,12
195317,131,175,129,12
195318,131,175,130,9
195319,131,176,104,1
195320,131,176,105,4
195321,131,176,106,4
195322,131,176,108,10
195323,131,176,109,10
195324,131,176,110,10
195325,131,176,111,1
195326,131,176,112,10
195327,131,176,113,10
195328,131,176,114,10
195329,131,176,115,10
195330,131,176,116,10
195331,131,176,117,10
195332,131,176,118,10
195333,131,176,119,10
195334,131,176,120,10
195335,131,176,121,10
195336,131,176,122,10
195337,131,176,123,10
195338,131,176,124,4
195339,131,176,125,4
195340,131,176,126,4
195341,131,176,127,12
195342,131,176,128,12
195343,131,176,129,9
195344,131,177,102,4
195345,131,177,103,1
195346,131,177,104,1
195347,131,177,105,1
195348,131,177,106,4
195349,131,177,107,10
195350,131,177,108,10
195351,131,177,109,10
195352,131,177,110,10
195353,131,177,111,10
195354,131,177,112,1
195355,131,177,113,10
195356,131,177,114,10
195357,131,177,115,10
195358,131,177,116,10
195359,131,177,117,10
195360,131,177,118,10
195361,131,177,119,10
195362,131,177,120,10
195363,131,177,121,10
195364,131,177,122,10
195365,131,177,123,10
195366,131,177,124,12
195367,131,177,125,12
195368,131,177,126,4
195369,131,177,127,4
195370,131,177,128,12
195371,131,178,102,1
195372,131,178,103,1
195373,131,178,104,1
195374,131,178,105,1
195375,131,178,106,4
195376,131,178,107,10
195377,131,178,108,10
195378,131,178,109,10
195379,131,178,110,10
195380,131,178,111,4
195381,131,178,112,1
195382,131,178,113,10
195383,131,178,114,10
195384,131,178,115,10
195385,131,178,116,10
195386,131,178,117,10
195387,131,178,118,10
195388,131,178,119,10
195389,131,178,120,10
195390,131,178,121,10
195391,131,178,122,10
195392,131,178,123,10
195393,131,178,124,12
195394,131,178,125,12
195395,131,178,126,12
195396,131,178,127,4
195397,131,179,100,1
195398,131,179,101,1
195399,131,179,102,1
195400,131,179,103,1
195401,131,179,104,1
195402,131,179,105,1
195403,131,179,106,4
195404,131,179,107,10
195405,131,179,108,10
195406,131,179,109,10
195407,131,179,110,4
195408,131,179,111,4
195409,131,179,112,4
195410,131,179,113,10
195411,131,179,114,10
195412,131,179,115,10
195413,131,179,116,10
195414,131,179,117,10
195415,131,179,118,10
195416,131,179,119,10
195417,131,179,120,10
195418,131,179,121,10
195419,131,179,122,10
195420,131,179,123,10
195421,131,179,124,12
195422,131,179,125,12
195423,131,179,126,12
195424,131,180,100,1
195425,131,180,101,1
195426,131,180,102,1
195427,131,180,103,1
195428,131,180,104,1
195429,131,180,105,1
195430,131,180,106,4
195431,131,180,107,10
195432,131,180,108,10
195433,131,180,109,10
195434,131,180,110,4
195435,131,180,111,4
195436,131,180,112,4
195437,131,180,113,4
195438,131,180,114,10
195439,131,180,115,10
195440,131,180,116,10
195441,131,180,117,10
195442,131,180,118,10
195443,131,180,119,10
195444,131,180,120,10
195445,131,180,121,10
195446,131,180,122,10
195447,131,180,123,10
195448,131,180,124,12
195449,131,180,125,12
195450,131,180,126,12
195451,131,181,100,1
195452,131,181,101,1
195453,131,181,102,1
195454,131,181,103,1
195455,131,181,104,1
195456,131,181,105,1
195457,131,181,106,4
195458,131,181,107,10
195459,131,181,108,10
195460,131,181,109,4
195461,131,181,110,4
195462,131,181,111,4
195463,131,181,112,4
195464,131,181,113,4
195465,131,181,114,4
195466,131,181,115,10
195467,131,181,116,10
195468,131,181,117,10
195469,131,181,118,10
195470,131,181,119,4
195471,131,181,120,4
195472,131,181,121,10
195473,131,181,122,10
195474,131,181,123,12
195475,131,181,124,12
195476,131,181,125,12
195477,131,182,100,1
195478,131,182,101,6
195479,131,182,102,1
195480,131,182,103,1
195481,131,182,104,1
195482,131,182,105,1
195483,131,182,106,4
195484,131,182,107,10
195485,131,182,108,10
195486,131,182,109,4
195487,131,182,110,10
195488,131,182,111,10
195489,131,182,112,4
195490,131,182,113,4
195491,131,182,114,4
195492,131,182,115,4
195493,131,182,116,10
195494,131,182,117,10
195495,131,182,118,10
195496,131,182,119,4
195497,131,182,120,4
195498,131,182,121,12
195499,131,182,122,12
195500,131,182,123,12
195501,131,182,124,12
195502,131,182,125,12
195503,131,183,100,1
195504,131,183,101,6
195505,131,183,102,1
195506,131,183,103,1
195507,131,183,104,1
195508,131,183,105,1
195509,131,183,106,4
195510,131,183,107,10
195511,131,183,108,10
195512,131,183,109,10
195513,131,183,110,10
195514,131,183,111,10
195515,131,183,112,10
195516,131,183,113,4
195517,131,183,114,4
195518,131,183,115,4
195519,131,183,116,4
195520,131,183,117,10
195521,131,183,118,10
195522,131,183,119,10
195523,131,183,120,4
195524,131,183,121,4
195525,131,183,122,12
195526,131,183,123,12
195527,131,183,124,12
195528,131,184,101,6
195529,131,184,102,1
195530,131,184,103,1
195531,131,184,104,1
195532,131,184,105,1
195533,131,184,106,4
195534,131,184,107,10
195535,131,184,108,10
195536,131,184,109,10
195537,131,184,110,10
195538,131,184,111,10
195539,131,184,112,10
195540,131,184,113,4
195541,131,184,114,4
195542,131,184,115,4
195543,131,184,116,4
195544,131,184,117,4
195545,131,184,118,10
195546,131,184,119,4
195547,131,184,120,4
195548,131,184,121,4
195549,131,184,122,12
195550,131,185,100,1
195551,131,185,101,1
195552,131,185,102,1
195553,131,185,103,1
195554,131,185,104,1
195555,131,185,105,1
195556,131,185,106,10
195557,131,185,107,10
195558,131,185,108,10
195559,131,185,109,10
195560,131,185,110,10
195561,131,185,111,10
195562,131,185,112,12
195563,131,185,113,12
195564,131,185,114,12
195565,131,185,115,10
195566,131,185,116,10
195567,131,185,117,4
195568,131,185,118,4
195569,131,185,119,12
195570,131,185,120,4
195571,131,186,100,1
195572,131,186,101,1
195573,131,186,102,1
195574,131,186,103,1
195575,131,186,104,1
195576,131,186,105,1
195577,131,186,106,1
195578,131,186,107,1
195579,131,186,108,1
195580,131,186,109,1
195581,131,186,110,6
195582,131,186,111,6
195583,131,186,112,12
195584,131,186,113,12
195585,131,186,114,4
195586,131,186,115,10
195587,131,186,116,12
195588,131,186,117,12
195589,131,186,118,12
195590,131,186,119,12
195591,131,186,120,12
195592,131,187,100,1
195593,131,187,101,1
195594,131,187,102,1
195595,131,187,103,6
195596,131,187,104,6
195597,131,187,105,6
195598,131,187,106,1
195599,131,187,107,1
195600,131,187,108,1
195601,131,187,109,6
195602,131,187,110,6
195603,131,187,111,6
195604,131,187,112,6
195605,131,187,113,12
195606,131,187,114,12
195607,131,187,115,12
195608,131,187,116,12
195609,131,187,117,12
195610,131,187,118,12
195611,131,188,101,1
195612,131,188,102,1
195613,131,188,103,6
195614,131,188,104,13
195615,131,188,105,6
195616,131,188,106,6
195617,131,188,107,6
195618,131,188,108,6
195619,131,188,109,13
195620,131,188,110,13
195621,131,188,111,13
195622,131,188,112,6
195623,131,188,113,12
195624,131,188,114,12
195625,131,188,115,12
195626,131,188,116,12
195627,131,188,117,12
195628,131,188,118,12
195629,131,189,101,1
195630,131,189,102,1
195631,131,189,103,13
195632,131,189,105,13
195633,131,189,106,13
195634,131,189,107,13
195635,131,189,108,13
195636,131,189,109,13
195637,131,189,110,13
195638,131,189,111,13
195639,131,189,112,6
195640,131,189,113,6
195641,131,189,114,12
195642,131,189,115,12
195643,131,189,116,12
195644,131,189,117,12
195645,131,190,101,1
195646,131,190,102,1
195647,131,190,106,13
195648,131,190,107,13
195649,131,190,114,12
195650,131,190,115,12
195651,131,190,116,12
195652,132,172,113,10
195653,132,172,122,4
195654,132,172,123,4
195655,132,172,124,4
195656,132,172,125,4
195657,132,172,126,1
195658,132,172,130,9
195659,132,173,109,10
195660,132,173,110,10
195661,132,173,111,10
195662,132,173,112,10
195663,132,173,113,10
195664,132,173,114,10
195665,132,173,115,10
195666,132,173,116,10
195667,132,173,121,4
195668,132,173,122,4
195669,132,173,123,4
195670,132,173,124,4
195671,132,173,125,4
195672,132,173,126,4
195673,132,173,127,6
195674,132,173,128,6
195675,132,173,129,1
195676,132,173,130,9
195677,132,174,108,10
195678,132,174,109,10
195679,132,174,110,10
195680,132,174,111,10
195681,132,174,112,10
195682,132,174,113,10
195683,132,174,114,10
195684,132,174,115,10
195685,132,174,116,10
195686,132,174,117,10
195687,132,174,118,10
195688,132,174,119,10
195689,132,174,120,10
195690,132,174,121,4
195691,132,174,122,4
195692,132,174,123,4
195693,132,174,124,4
195694,132,174,125,4
195695,132,174,126,4
195696,132,174,127,4
195697,132,174,128,12
195698,132,174,129,12
195699,132,174,130,9
195700,132,175,108,10
195701,132,175,109,10
195702,132,175,110,10
195703,132,175,111,10
195704,132,175,112,10
195705,132,175,113,10
195706,132,175,114,10
195707,132,175,115,10
195708,132,175,116,10
195709,132,175,117,10
195710,132,175,118,10
195711,132,175,119,10
195712,132,175,120,10
195713,132,175,121,10
195714,132,175,122,4
195715,132,175,123,4
195716,132,175,124,4
195717,132,175,125,4
195718,132,175,126,4
195719,132,175,127,12
195720,132,175,128,12
195721,132,175,129,9
195722,132,176,104,1
195723,132,176,105,1
195724,132,176,106,4
195725,132,176,107,10
195726,132,176,108,10
195727,132,176,109,10
195728,132,176,110,4
195729,132,176,111,4
195730,132,176,112,1
195731,132,176,113,10
195732,132,176,114,10
195733,132,176,115,10
195734,132,176,116,10
195735,132,176,117,10
195736,132,176,118,10
195737,132,176,119,10
195738,132,176,120,10
195739,132,176,121,10
195740,132,176,122,4
195741,132,176,123,4
195742,132,176,124,12
195743,132,176,125,12
195744,132,176,126,4
195745,132,176,127,12
195746,132,176,128,12
195747,132,177,102,1
195748,132,177,103,1
195749,132,177,104,1
195750,132,177,105,1
195751,132,177,106,4
195752,132,177,107,10
195753,132,177,108,10
195754,132,177,109,10
195755,132,177,110,10
195756,132,177,111,10
195757,132,177,112,1
195758,132,177,113,1
195759,132,177,114,10
195760,132,177,115,10
195761,132,177,116,10
195762,132,177,117,10
195763,132,177,118,10
195764,132,177,119,10
195765,132,177,120,10
195766,132,177,121,10
195767,132,177,122,10
195768,132,177,123,4
195769,132,177,124,12
195770,132,177,125,12
195771,132,177,126,12
195772,132,177,127,4
195773,132,178,102,1
195774,132,178,103,1
195775,132,178,104,1
195776,132,178,105,1
195777,132,178,106,4
195778,132,178,107,10
195779,132,178,108,10
195780,132,178,109,10
195781,132,178,110,10
195782,132,178,111,4
195783,132,178,112,1
195784,132,178,113,1
195785,132,178,114,10
195786,132,178,115,10
195787,132,178,116,10
195788,132,178,117,10
195789,132,178,118,10
195790,132,178,119,10
195791,132,178,120,10
195792,132,178,121,10
195793,132,178,122,10
195794,132,178,123,4
195795,132,178,124,12
195796,132,178,125,12
195797,132,178,126,12
195798,132,178,127,4
195799,132,179,100,1
195800,132,179,101,1
195801,132,179,102,1
195802,132,179,103,1
195803,132,179,104,1
195804,132,179,105,1
195805,132,179,106,4
195806,132,179,107,10
195807,132,179,108,10
195808,132,179,109,10
195809,132,179,110,4
195810,132,179,111,4
195811,132,179,112,4
195812,132,179,113,1
195813,132,179,114,10
195814,132,179,115,10
195815,132,179,116,10
195816,132,179,117,10
195817,132,179,118,10
195818,132,179,119,10
195819,132,179,120,10
195820,132,179,121,10
195821,132,179,122,10
195822,132,179,123,10
195823,132,179,124,12
195824,132,179,125,12
195825,132,179,126,12
195826,132,180,100,1
195827,132,180,101,1
195828,132,180,102,1
195829,132,180,103,1
195830,132,180,104,1
195831,132,180,105,1
195832,132,180,106,4
195833,132,180,107,10
195834,132,180,108,10
195835,132,180,109,10
195836,132,180,110,4
195837,132,180,111,10
195838,132,180,112,4
195839,132,180,113,4
195840,132,180,114,10
195841,132,180,115,10
195842,132,180,116,10
195843,132,180,117,10
195844,132,180,118,10
195845,132,180,119,10
195846,132,180,120,10
195847,132,180,121,10
195848,132,180,122,10
195849,132,180,123,10
195850,132,180,124,4
195851,132,180,125,12
195852,132,181,100,1
195853,132,181,101,6
195854,132,181,102,6
195855,132,181,103,1
195856,132,181,104,1
195857,132,181,105,1
195858,132,181,106,4
195859,132,181,107,10
195860,132,181,108,10
195861,132,181,109,10
195862,132,181,110,4
195863,132,181,111,10
195864,132,181,112,4
195865,132,181,113,4
195866,132,181,114,10
195867,132,181,115,10
195868,132,181,116,4
195869,132,181,117,4
195870,132,181,118,10
195871,132,181,119,10
195872,132,181,120,10
195873,132,181,121,10
195874,132,181,122,12
195875,132,181,123,4
195876,132,181,124,4
195877,132,181,125,12
195878,132,182,100,6
195879,132,182,101,6
195880,132,182,102,7
195881,132,182,103,1
195882,132,182,104,1
195883,132,182,106,4
195884,132,182,107,10
195885,132,182,108,10
195886,132,182,109,10
195887,132,182,110,10
195888,132,182,111,10
195889,132,182,112,4
195890,132,182,113,4
195891,132,182,114,4
195892,132,182,115,4
195893,132,182,116,4
195894,132,182,117,4
195895,132,182,118,10
195896,132,182,119,4
195897,132,182,120,4
195898,132,182,121,12
195899,132,182,122,12
195900,132,182,123,12
195901,132,182,124,12
195902,132,183,100,6
195903,132,183,101,6
195904,132,183,102,7
195905,132,183,103,1
195906,132,183,104,1
195907,132,183,106,4
195908,132,183,107,10
195909,132,183,108,10
195910,132,183,109,10
195911,132,183,110,10
195912,132,183,111,10
195913,132,183,112,4
195914,132,183,113,4
195915,132,183,114,4
195916,132,183,115,4
195917,132,183,116,4
195918,132,183,117,4
195919,132,183,118,10
195920,132,183,119,4
195921,132,183,120,4
195922,132,183,121,12
195923,132,183,122,12
195924,132,183,124,12
195925,132,184,101,13
195926,132,184,102,7
195927,132,184,103,6
195928,132,184,104,1
195929,132,184,106,4
195930,132,184,107,10
195931,132,184,108,10
195932,132,184,109,10
195933,132,184,110,10
195934,132,184,111,10
195935,132,184,112,10
195936,132,184,113,4
195937,132,184,114,4
195938,132,184,115,10
195939,132,184,116,4
195940,132,184,117,4
195941,132,184,118,10
195942,132,184,119,10
195943,132,184,120,4
195944,132,184,121,4
195945,132,185,100,6
195946,132,185,101,13
195947,132,185,102,6
195948,132,185,103,6
195949,132,185,105,1
195950,132,185,106,1
195951,132,185,107,4
195952,132,185,108,10
195953,132,185,109,10
195954,132,185,110,10
195955,132,185,111,10
195956,132,185,112,12
195957,132,185,113,12
195958,132,185,114,10
195959,132,185,115,10
195960,132,185,116,4
195961,132,185,117,4
195962,132,185,118,4
195963,132,185,119,12
195964,132,185,120,12
195965,132,186,101,13
195966,132,186,102,13
195967,132,186,103,6
195968,132,186,105,1
195969,132,186,106,1
195970,132,186,107,1
195971,132,186,108,1
195972,132,186,109,1
195973,132,186,110,1
195974,132,186,111,10
195975,132,186,112,12
195976,132,186,113,12
195977,132,186,114,12
195978,132,186,115,4
195979,132,186,116,12
195980,132,186,117,12
195981,132,186,118,12
195982,132,186,119,12
195983,132,187,101,6
195984,132,187,102,13
195985,132,187,103,6
195986,132,187,105,6
195987,132,187,106,6
195988,132,187,107,1
195989,132,187,108,1
195990,132,187,109,1
195991,132,187,110,6
195992,132,187,111,6
195993,132,187,112,12
195994,132,187,113,12
195995,132,187,114,12
195996,132,187,115,12
195997,132,187,116,12
195998,132,187,117,12
195999,132,187,118,12
196000,132,188,101,6
196001,132,188,102,13
196002,132,188,103,13
196003,132,188,106,6
196004,132,188,107,6
196005,132,188,108,6
196006,132,188,109,6
196007,132,188,110,6
196008,132,188,111,6
196009,132,188,112,6
196010,132,188,113,12
196011,132,188,114,12
196012,132,188,115,12
196013,132,188,116,12
196014,132,188,117,12
196015,132,189,101,6
196016,132,189,102,6
196017,132,189,106,13
196018,132,189,107,13
196019,132,189,108,13
196020,132,189,109,13
196021,132,189,110,13
196022,132,189,111,6
196023,132,189,112,6
196024,132,189,113,12
196025,132,189,114,12
196026,132,189,115,12
196027,132,189,116,12
196028,132,190,101,1
196029,132,190,111,6
196030,132,190,112,6
196031,132,190,113,12
196032,132,190,114,12
196033,132,190,115,12
196034,132,191,111,14
196035,133,172,112,10
196036,133,172,113,10
196037,133,172,121,4
196038,133,172,122,4
196039,133,172,123,4
196040,133,172,124,4
196041,133,172,125,4
196042,133,172,126,1
196043,133,172,130,9
196044,133,173,111,10
196045,133,173,112,10
196046,133,173,113,10
196047,133,173,114,10
196048,133,173,115,10
196049,133,173,117,4
196050,133,173,118,4
196051,133,173,119,4
196052,133,173,120,4
196053,133,173,121,4
196054,133,173,122,4
196055,133,173,123,4
196056,133,173,124,4
196057,133,173,125,4
196058,133,173,126,1
196059,133,173,127,6
196060,133,173,128,6
196061,133,173,129,9
196062,133,173,130,9
196063,133,174,108,10
196064,133,174,109,10
196065,133,174,110,10
196066,133,174,111,10
196067,133,174,112,10
196068,133,174,113,10
196069,133,174,114,10
196070,133,174,115,10
196071,133,174,116,4
196072,133,174,117,4
196073,133,174,118,4
196074,133,174,119,4
196075,133,174,120,4
196076,133,174,121,4
196077,133,174,122,4
196078,133,174,123,4
196079,133,174,124,4
196080,133,174,125,4
196081,133,174,126,4
196082,133,174,127,4
196083,133,174,128,12
196084,133,174,129,9
196085,133,174,130,9
196086,133,175,105,4
196087,133,175,106,4
196088,133,175,108,10
196089,133,175,109,10
196090,133,175,110,10
196091,133,175,111,10
196092,133,175,112,10
196093,133,175,113,10
196094,133,175,114,10
196095,133,175,115,10
196096,133,175,116,10
196097,133,175,117,4
196098,133,175,118,10
196099,133,175,119,10
196100,133,175,120,4
196101,133,175,121,4
196102,133,175,122,4
196103,133,175,123,4
196104,133,175,124,4
196105,133,175,125,12
196106,133,175,126,12
196107,133,175,127,12
196108,133,175,128,12
196109,133,175,129,9
196110,133,176,105,4
196111,133,176,106,4
196112,133,176,107,4
196113,133,176,108,10
196114,133,176,109,10
196115,133,176,110,4
196116,133,176,111,10
196117,133,176,112,10
196118,133,176,113,10
196119,133,176,114,10
196120,133,176,115,10
196121,133,176,116,10
196122,133,176,117,10
196123,133,176,118,10
196124,133,176,119,10
196125,133,176,120,10
196126,133,176,121,4
196127,133,176,122,4
196128,133,176,123,4
196129,133,176,124,12
196130,133,176,125,12
196131,133,176,126,12
196132,133,176,127,4
196133,133,176,128,12
196134,133,177,104,1
196135,133,177,105,1
196136,133,177,106,4
196137,133,177,107,10
196138,133,177,108,10
196139,133,177,109,10
196140,133,177,110,10
196141,133,177,111,10
196142,133,177,112,4
196143,133,177,113,10
196144,133,177,114,10
196145,133,177,115,10
196146,133,177,116,10
196147,133,177,117,10
196148,133,177,118,10
196149,133,177,119,10
196150,133,177,120,10
196151,133,177,121,10
196152,133,177,122,4
196153,133,177,123,4
196154,133,177,124,12
196155,133,177,125,12
196156,133,177,126,12
196157,133,177,127,4
196158,133,178,104,1
196159,133,178,105,1
196160,133,178,106,4
196161,133,178,107,10
196162,133,178,108,10
196163,133,178,109,10
196164,133,178,110,10
196165,133,178,111,10
196166,133,178,112,4
196167,133,178,113,1
196168,133,178,114,10
196169,133,178,115,10
196170,133,178,116,10
196171,133,178,117,10
196172,133,178,118,10
196173,133,178,119,10
196174,133,178,120,10
196175,133,178,121,10
196176,133,178,122,10
196177,133,178,123,4
196178,133,178,124,12
196179,133,178,125,12
196180,133,178,126,12
196181,133,179,104,1
196182,133,179,105,1
196183,133,179,106,1
196184,133,179,107,10
196185,133,179,108,10
196186,133,179,109,10
196187,133,179,110,4
196188,133,179,111,4
196189,133,179,112,4
196190,133,179,113,4
196191,133,179,114,10
196192,133,179,115,10
196193,133,179,116,10
196194,133,179,117,10
196195,133,179,118,4
196196,133,179,119,10
196197,133,179,120,10
196198,133,179,121,4
196199,133,179,122,10
196200,133,179,123,4
196201,133,179,124,12
196202,133,179,125,12
196203,133,179,126,12
196204,133,180,105,1
196205,133,180,106,1
196206,133,180,107,10
196207,133,180,108,10
196208,133,180,109,10
196209,133,180,110,4
196210,133,180,111,4
196211,133,180,112,4
196212,133,180,113,4
196213,133,180,114,10
196214,133,180,115,10
196215,133,180,116,10
196216,133,180,117,10
196217,133,180,118,4
196218,133,180,119,10
196219,133,180,120,10
196220,133,180,121,4
196221,133,180,122,10
196222,133,180,123,4
196223,133,180,124,12
196224,133,180,125,12
196225,133,181,106,1
196226,133,181,107,10
196227,133,181,108,10
196228,133,181,109,10
196229,133,181,110,10
196230,133,181,111,4
196231,133,181,112,4
196232,133,181,113,4
196233,133,181,114,10
196234,133,181,115,10
196235,133,181,116,10
196236,133,181,117,4
196237,133,181,118,4
196238,133,181,119,4
196239,133,181,120,4
196240,133,181,121,4
196241,133,181,122,12
196242,133,181,123,4
196243,133,181,124,4
196244,133,181,125,10
196245,133,182,106,1
196246,133,182,107,10
196247,133,182,108,10
196248,133,182,109,10
196249,133,182,110,10
196250,133,182,111,10
196251,133,182,112,4
196252,133,182,113,4
196253,133,182,114,4
196254,133,182,115,10
196255,133,182,116,4
196256,133,182,117,4
196257,133,182,118,4
196258,133,182,119,4
196259,133,182,120,4
196260,133,182,121,4
196261,133,182,122,12
196262,133,182,123,12
196263,133,182,124,4
196264,133,183,106,4
196265,133,183,107,4
196266,133,183,108,10
196267,133,183,109,10
196268,133,183,110,10
196269,133,183,111,10
196270,133,183,112,10
196271,133,183,113,4
196272,133,183,114,10
196273,133,183,115,4
196274,133,183,116,4
196275,133,183,117,4
196276,133,183,118,4
196277,133,183,119,4
196278,133,183,120,4
196279,133,183,121,4
196280,133,183,122,12
196281,133,183,123,12
196282,133,184,106,1
196283,133,184,107,4
196284,133,184,108,10
196285,133,184,109,10
196286,133,184,110,10
196287,133,184,111,10
196288,133,184,112,10
196289,133,184,113,10
196290,133,184,114,10
196291,133,184,115,10
196292,133,184,116,10
196293,133,184,117,10
196294,133,184,118,10
196295,133,184,119,4
196296,133,184,120,4
196297,133,184,121,4
196298,133,185,106,1
196299,133,185,107,4
196300,133,185,108,10
196301,133,185,109,10
196302,133,185,110,10
196303,133,185,111,10
196304,133,185,112,10
196305,133,185,113,12
196306,133,185,114,10
196307,133,185,115,10
196308,133,185,116,10
196309,133,185,117,10
196310,133,185,118,12
196311,133,185,119,12
196312,133,185,120,12
196313,133,186,106,1
196314,133,186,107,1
196315,133,186,108,1
196316,133,186,109,4
196317,133,186,110,10
196318,133,186,111,12
196319,133,186,112,12
196320,133,186,113,12
196321,133,186,114,10
196322,133,186,115,4
196323,133,186,116,12
196324,133,186,117,12
196325,133,186,118,12
196326,133,186,119,12
196327,133,187,106,6
196328,133,187,107,1
196329,133,187,108,1
196330,133,187,109,1
196331,133,187,110,12
196332,133,187,111,12
196333,133,187,112,12
196334,133,187,113,12
196335,133,187,114,12
196336,133,187,115,12
196337,133,187,116,12
196338,133,187,117,12
196339,133,187,118,12
196340,133,188,106,13
196341,133,188,107,6
196342,133,188,108,6
196343,133,188,109,6
196344,133,188,110,6
196345,133,188,111,6
196346,133,188,112,12
196347,133,188,113,12
196348,133,188,114,12
196349,133,188,115,12
196350,133,188,116,12
196351,133,188,117,12
196352,133,189,106,13
196353,133,189,107,13
196354,133,189,108,13
196355,133,189,109,6
196356,133,189,110,6
196357,133,189,111,6
196358,133,189,112,6
196359,133,189,113,12
196360,133,189,114,12
196361,133,189,115,12
196362,133,189,116,12
196363,133,190,111,6
196364,133,190,112,6
196365,133,190,113,12
196366,133,190,114,12
196367,133,190,115,12
196368,133,191,111,14
196369,134,172,112,10
196370,134,172,113,10
196371,134,172,118,4
196372,134,172,119,4
196373,134,172,120,4
196374,134,172,121,4
196375,134,172,122,4
196376,134,172,123,4
196377,134,172,124,4
196378,134,172,125,1
196379,134,172,130,9
196380,134,173,112,10
196381,134,173,113,10
196382,134,173,114,10
196383,134,173,115,10
196384,134,173,116,1
196385,134,173,117,1
196386,134,173,118,1
196387,134,173,119,1
196388,134,173,120,4
196389,134,173,121,4
196390,134,173,122,4
196391,134,173,123,4
196392,134,173,124,4
196393,134,173,125,1
196394,134,173,126,1
196395,134,173,127,6
196396,134,173,130,9
196397,134,174,109,10
196398,134,174,110,10
196399,134,174,111,10
196400,134,174,112,10
196401,134,174,113,10
196402,134,174,114,10
196403,134,174,115,10
196404,134,174,116,4
196405,134,174,117,4
196406,134,174,118,4
196407,134,174,119,4
196408,134,174,120,4
196409,134,174,121,4
196410,134,174,122,4
196411,134,174,123,4
196412,134,174,124,4
196413,134,174,125,4
196414,134,174,126,4
196415,134,174,127,4
196416,134,174,128,12
196417,134,175,105,1
196418,134,175,106,4
196419,134,175,108,10
196420,134,175,109,10
196421,134,175,110,10
196422,134,175,111,10
196423,134,175,112,10
196424,134,175,113,10
196425,134,175,114,10
196426,134,175,115,10
196427,134,175,116,4
196428,134,175,117,4
196429,134,175,118,4
196430,134,175,119,4
196431,134,175,120,4
196432,134,175,121,4
196433,134,175,122,4
196434,134,175,123,4
196435,134,175,124,4
196436,134,175,125,12
196437,134,175,126,12
196438,134,175,127,4
196439,134,175,128,12
196440,134,176,105,1
196441,134,176,106,4
196442,134,176,107,4
196443,134,176,108,10
196444,134,176,109,10
196445,134,176,110,10
196446,134,176,111,10
196447,134,176,112,10
196448,134,176,113,10
196449,134,176,114,10
196450,134,176,115,10
196451,134,176,116,4
196452,134,176,117,4
196453,134,176,118,4
196454,134,176,119,10
196455,134,176,120,4
196456,134,176,121,4
196457,134,176,122,4
196458,134,176,123,4
196459,134,176,124,12
196460,134,176,125,12
196461,134,176,126,12
196462,134,176,127,1
196463,134,177,105,1
196464,134,177,106,1
196465,134,177,107,4
196466,134,177,108,10
196467,134,177,109,10
196468,134,177,110,10
196469,134,177,111,10
196470,134,177,112,10
196471,134,177,113,10
196472,134,177,114,10
196473,134,177,115,10
196474,134,177,116,10
196475,134,177,117,10
196476,134,177,118,10
196477,134,177,119,10
196478,134,177,120,10
196479,134,177,121,4
196480,134,177,122,4
196481,134,177,123,4
196482,134,177,124,12
196483,134,177,125,12
196484,134,177,126,12
196485,134,177,127,4
196486,134,178,105,1
196487,134,178,106,1
196488,134,178,107,4
196489,134,178,108,10
196490,134,178,109,10
196491,134,178,110,10
196492,134,178,111,10
196493,134,178,112,10
196494,134,178,113,10
196495,134,178,114,10
196496,134,178,115,10
196497,134,178,116,10
196498,134,178,117,10
196499,134,178,118,10
196500,134,178,119,10
196501,134,178,120,10
196502,134,178,121,10
196503,134,178,122,10
196504,134,178,123,4
196505,134,178,124,12
196506,134,178,125,12
196507,134,178,126,12
196508,134,179,105,1
196509,134,179,106,1
196510,134,179,107,4
196511,134,179,108,10
196512,134,179,109,10
196513,134,179,110,10
196514,134,179,111,10
196515,134,179,112,10
196516,134,179,113,10
196517,134,179,114,10
196518,134,179,115,10
196519,134,179,116,10
196520,134,179,117,10
196521,134,179,118,10
196522,134,179,119,10
196523,134,179,120,10
196524,134,179,121,10
196525,134,179,122,10
196526,134,179,123,10
196527,134,179,124,12
196528,134,179,125,12
196529,134,180,105,1
196530,134,180,106,1
196531,134,180,107,10
196532,134,180,108,10
196533,134,180,109,10
196534,134,180,110,10
196535,134,180,111,10
196536,134,180,112,10
196537,134,180,113,10
196538,134,180,114,10
196539,134,180,115,10
196540,134,180,116,10
196541,134,180,117,10
196542,134,180,118,10
196543,134,180,119,4
196544,134,180,120,10
196545,134,180,121,10
196546,134,180,122,12
196547,134,180,123,10
196548,134,180,124,10
196549,134,180,125,10
196550,134,181,106,1
196551,134,181,107,10
196552,134,181,108,10
196553,134,181,109,10
196554,134,181,110,10
196555,134,181,111,10
196556,134,181,112,4
196557,134,181,113,4
196558,134,181,114,10
196559,134,181,115,10
196560,134,181,116,10
196561,134,181,117,10
196562,134,181,118,4
196563,134,181,119,4
196564,134,181,120,4
196565,134,181,121,12
196566,134,181,122,12
196567,134,181,123,12
196568,134,181,124,10
196569,134,181,125,9
196570,134,182,106,1
196571,134,182,107,4
196572,134,182,108,10
196573,134,182,109,10
196574,134,182,110,10
196575,134,182,111,10
196576,134,182,112,4
196577,134,182,113,4
196578,134,182,114,10
196579,134,182,115,10
196580,134,182,116,10
196581,134,182,117,4
196582,134,182,118,4
196583,134,182,119,4
196584,134,182,120,10
196585,134,182,121,12
196586,134,182,122,12
196587,134,182,123,4
196588,134,182,124,9
196589,134,183,106,1
196590,134,183,107,4
196591,134,183,108,10
196592,134,183,109,10
196593,134,183,110,10
196594,134,183,111,10
196595,134,183,112,10
196596,134,183,113,10
196597,134,183,114,10
196598,134,183,115,10
196599,134,183,116,10
196600,134,183,117,4
196601,134,183,118,4
196602,134,183,119,4
196603,134,183,120,4
196604,134,183,121,4
196605,134,183,122,12
196606,134,184,106,1
196607,134,184,107,4
196608,134,184,108,10
196609,134,184,109,10
196610,134,184,110,10
196611,134,184,111,10
196612,134,184,112,10
196613,134,184,113,10
196614,134,184,114,10
196615,134,184,115,10
196616,134,184,116,10
196617,134,184,117,10
196618,134,184,118,10
196619,134,184,119,10
196620,134,184,120,4
196621,134,184,121,4
196622,134,185,106,1
196623,134,185,107,4
196624,134,185,108,4
196625,134,185,109,10
196626,134,185,110,10
196627,134,185,111,10
196628,134,185,112,10
196629,134,185,113,10
196630,134,185,114,10
196631,134,185,115,10
196632,134,185,116,10
196633,134,185,117,10
196634,134,185,118,12
196635,134,185,119,12
196636,134,185,120,12
196637,134,186,106,6
196638,134,186,107,1
196639,134,186,108,4
196640,134,186,109,10
196641,134,186,110,12
196642,134,186,111,12
196643,134,186,112,4
196644,134,186,113,4
196645,134,186,114,10
196646,134,186,115,10
196647,134,186,116,12
196648,134,186,117,12
196649,134,186,118,12
196650,134,186,119,12
196651,134,187,106,6
196652,134,187,107,1
196653,134,187,108,1
196654,134,187,109,10
196655,134,187,110,12
196656,134,187,111,12
196657,134,187,112,12
196658,134,187,113,12
196659,134,187,114,4
196660,134,187,115,12
196661,134,187,116,12
196662,134,187,117,12
196663,134,187,118,12
196664,134,188,106,13
196665,134,188,107,13
196666,134,188,108,6
196667,134,188,109,6
196668,134,188,110,12
196669,134,188,111,12
196670,134,188,112,12
196671,134,188,113,12
196672,134,188,114,12
196673,134,188,115,12
196674,134,188,116,12
196675,134,188,117,12
196676,134,189,107,13
196677,134,189,108,13
196678,134,189,109,6
196679,134,189,110,6
196680,134,189,111,12
196681,134,189,112,12
196682,134,189,113,12
196683,134,189,114,12
196684,134,189,115,12
196685,134,189,116,12
196686,134,190,111,6
196687,134,190,112,6
196688,134,190,113,6
196689,134,190,114,12
196690,134,191,111,14
196691,135,172,113,10
196692,135,172,116,1
196693,135,172,118,1
196694,135,172,119,1
196695,135,172,120,1
196696,135,172,121,4
196697,135,172,122,4
196698,135,172,123,1
196699,135,172,124,1
196700,135,173,114,4
196701,135,173,115,1
196702,135,173,116,1
196703,135,173,117,1
196704,135,173,118,1
196705,135,173,119,1
196706,135,173,120,1
196707,135,173,121,1
196708,135,173,122,4
196709,135,173,123,1
196710,135,173,124,1
196711,135,173,125,6
196712,135,173,126,6
196713,135,173,127,6
196714,135,174,114,4
196715,135,174,115,4
196716,135,174,116,1
196717,135,174,117,1
196718,135,174,118,1
196719,135,174,119,1
196720,135,174,120,1
196721,135,174,121,1
196722,135,174,122,4
196723,135,174,123,1
196724,135,174,124,1
196725,135,174,125,6
196726,135,174,126,1
196727,135,174,127,1
196728,135,174,128,4
196729,135,175,105,1
196730,135,175,106,4
196731,135,175,108,10
196732,135,175,109,10
196733,135,175,110,10
196734,135,175,114,4
196735,135,175,115,4
196736,135,175,116,4
196737,135,175,117,4
196738,135,175,118,1
196739,135,175,119,4
196740,135,175,120,4
196741,135,175,121,4
196742,135,175,122,4
196743,135,175,123,1
196744,135,175,124,6
196745,135,175,125,6
196746,135,175,126,1
196747,135,175,127,4
196748,135,175,128,9
196749,135,176,105,1
196750,135,176,106,1
196751,135,176,107,4
196752,135,176,108,10
196753,135,176,109,10
196754,135,176,110,10
196755,135,176,111,10
196756,135,176,114,4
196757,135,176,115,4
196758,135,176,116,4
196759,135,176,117,4
196760,135,176,118,4
196761,135,176,119,4
196762,135,176,120,4
196763,135,176,121,4
196764,135,176,122,4
196765,135,176,123,1
196766,135,176,124,12
196767,135,176,125,6
196768,135,176,126,6
196769,135,176,127,1
196770,135,177,105,1
196771,135,177,106,1
196772,135,177,107,4
196773,135,177,108,10
196774,135,177,109,10
196775,135,177,110,10
196776,135,177,111,10
196777,135,177,112,10
196778,135,177,113,10
196779,135,177,114,10
196780,135,177,115,4
196781,135,177,116,4
196782,135,177,117,4
196783,135,177,118,4
196784,135,177,119,4
196785,135,177,120,4
196786,135,177,121,4
196787,135,177,122,4
196788,135,177,123,4
196789,135,177,124,12
196790,135,177,125,12
196791,135,177,126,12
196792,135,177,127,1
196793,135,178,105,1
196794,135,178,106,1
196795,135,178,107,4
196796,135,178,108,10
196797,135,178,109,10
196798,135,178,110,10
196799,135,178,111,10
196800,135,178,112,10
196801,135,178,113,10
196802,135,178,114,10
196803,135,178,115,10
196804,135,178,116,4
196805,135,178,117,10
196806,135,178,118,10
196807,135,178,119,10
196808,135,178,120,10
196809,135,178,121,4
196810,135,178,122,4
196811,135,178,123,10
196812,135,178,124,12
196813,135,178,125,12
196814,135,178,126,12
196815,135,179,105,1
196816,135,179,106,1
196817,135,179,107,4
196818,135,179,108,10
196819,135,179,109,10
196820,135,179,110,10
196821,135,179,111,10
196822,135,179,112,10
196823,135,179,113,10
196824,135,179,114,10
196825,135,179,115,10
196826,135,179,116,10
196827,135,179,117,10
196828,135,179,118,10
196829,135,179,119,10
196830,135,179,120,10
196831,135,179,121,10
196832,135,179,122,10
196833,135,179,123,10
196834,135,179,124,10
196835,135,179,125,12
196836,135,180,105,6
196837,135,180,106,1
196838,135,180,107,4
196839,135,180,108,10
196840,135,180,109,10
196841,135,180,110,10
196842,135,180,111,10
196843,135,180,112,10
196844,135,180,113,10
196845,135,180,114,10
196846,135,180,115,10
196847,135,180,116,10
196848,135,180,117,10
196849,135,180,118,4
196850,135,180,119,4
196851,135,180,120,10
196852,135,180,121,10
196853,135,180,122,12
196854,135,180,123,12
196855,135,180,124,10
196856,135,180,125,12
196857,135,181,105,6
196858,135,181,106,1
196859,135,181,107,4
196860,135,181,108,10
196861,135,181,109,10
196862,135,181,110,10
196863,135,181,111,10
196864,135,181,112,10
196865,135,181,113,10
196866,135,181,114,10
196867,135,181,115,10
196868,135,181,116,10
196869,135,181,117,4
196870,135,181,118,4
196871,135,181,119,4
196872,135,181,120,10
196873,135,181,121,12
196874,135,181,122,12
196875,135,181,123,12
196876,135,181,124,10
196877,135,182,105,1
196878,135,182,106,1
196879,135,182,107,4
196880,135,182,108,10
196881,135,182,109,10
196882,135,182,110,10
196883,135,182,111,10
196884,135,182,112,10
196885,135,182,113,10
196886,135,182,114,10
196887,135,182,115,10
196888,135,182,116,4
196889,135,182,117,4
196890,135,182,118,4
196891,135,182,119,4
196892,135,182,120,10
196893,135,182,121,12
196894,135,182,122,12
196895,135,182,123,4
196896,135,183,105,1
196897,135,183,106,1
196898,135,183,107,4
196899,135,183,108,10
196900,135,183,109,10
196901,135,183,110,10
196902,135,183,111,10
196903,135,183,112,10
196904,135,183,113,10
196905,135,183,114,10
196906,135,183,115,10
196907,135,183,116,4
196908,135,183,117,4
196909,135,183,118,10
196910,135,183,119,10
196911,135,183,120,10
196912,135,183,121,12
196913,135,184,105,1
196914,135,184,106,1
196915,135,184,107,4
196916,135,184,108,10
196917,135,184,109,10
196918,135,184,110,10
196919,135,184,111,10
196920,135,184,112,10
196921,135,184,113,10
196922,135,184,114,10
196923,135,184,115,10
196924,135,184,116,10
196925,135,184,117,10
196926,135,184,118,10
196927,135,184,119,12
196928,135,184,120,4
196929,135,184,121,10
196930,135,185,105,6
196931,135,185,106,1
196932,135,185,107,4
196933,135,185,108,4
196934,135,185,109,10
196935,135,185,110,10
196936,135,185,111,10
196937,135,185,112,4
196938,135,185,113,4
196939,135,185,114,10
196940,135,185,115,10
196941,135,185,116,10
196942,135,185,117,12
196943,135,185,118,12
196944,135,185,119,12
196945,135,185,120,12
196946,135,186,105,6
196947,135,186,106,6
196948,135,186,107,1
196949,135,186,108,1
196950,135,186,109,10
196951,135,186,110,10
196952,135,186,111,4
196953,135,186,112,4
196954,135,186,113,4
196955,135,186,114,4
196956,135,186,115,10
196957,135,186,116,12
196958,135,186,117,12
196959,135,186,118,12
196960,135,187,104,13
196961,135,187,106,6
196962,135,187,107,6
196963,135,187,108,1
196964,135,187,109,10
196965,135,187,110,12
196966,135,187,111,12
196967,135,187,112,4
196968,135,187,113,4
196969,135,187,114,10
196970,135,187,115,12
196971,135,187,116,12
196972,135,187,117,12
196973,135,188,104,13
196974,135,188,106,13
196975,135,188,107,13
196976,135,188,108,6
196977,135,188,109,6
196978,135,188,110,12
196979,135,188,111,12
196980,135,188,112,12
196981,135,188,113,12
196982,135,188,114,12
196983,135,188,115,12
196984,135,188,116,12
196985,135,189,107,13
196986,135,189,108,13
196987,135,189,109,6
196988,135,189,110,12
196989,135,189,111,12
196990,135,189,112,12
196991,135,189,113,12
196992,135,189,114,12
196993,135,189,115,12
196994,135,189,116,12
196995,135,190,110,6
196996,135,190,111,6
196997,135,190,112,12
196998,135,190,113,12
196999,135,191,111,12
197000,135,191,112,12
197001,136,172,115,1
197002,136,172,116,1
197003,136,172,120,1
197004,136,172,121,1
197005,136,172,122,4
197006,136,172,123,1
197007,136,173,114,1
197008,136,173,115,1
197009,136,173,116,1
197010,136,173,117,1
197011,136,173,118,1
197012,136,173,119,1
197013,136,173,120,1
197014,136,173,121,1
197015,136,173,122,1
197016,136,173,123,1
197017,136,173,124,6
197018,136,173,125,6
197019,136,173,126,6
197020,136,174,114,1
197021,136,174,115,1
197022,136,174,116,1
197023,136,174,117,1
197024,136,174,118,1
197025,136,174,119,1
197026,136,174,120,1
197027,136,174,121,1
197028,136,174,122,1
197029,136,174,123,1
197030,136,174,124,6
197031,136,174,125,6
197032,136,174,126,6
197033,136,174,127,7
197034,136,175,106,4
197035,136,175,109,10
197036,136,175,110,10
197037,136,175,114,4
197038,136,175,115,4
197039,136,175,116,1
197040,136,175,117,1
197041,136,175,118,1
197042,136,175,119,1
197043,136,175,120,1
197044,136,175,121,1
197045,136,175,122,4
197046,136,175,123,1
197047,136,175,124,6
197048,136,175,125,6
197049,136,175,126,6
197050,136,175,127,1
197051,136,176,105,1
197052,136,176,106,4
197053,136,176,107,4
197054,136,176,108,10
197055,136,176,109,10
197056,136,176,110,10
197057,136,176,111,10
197058,136,176,114,4
197059,136,176,115,4
197060,136,176,116,4
197061,136,176,117,4
197062,136,176,118,4
197063,136,176,119,4
197064,136,176,120,4
197065,136,176,121,4
197066,136,176,122,4
197067,136,176,123,1
197068,136,176,124,6
197069,136,176,125,13
197070,136,176,126,6
197071,136,176,127,6
197072,136,177,105,1
197073,136,177,106,1
197074,136,177,107,4
197075,136,177,108,10
197076,136,177,109,10
197077,136,177,110,10
197078,136,177,111,10
197079,136,177,114,4
197080,136,177,115,4
197081,136,177,116,4
197082,136,177,117,4
197083,136,177,118,4
197084,136,177,119,4
197085,136,177,120,4
197086,136,177,121,4
197087,136,177,122,4
197088,136,177,123,12
197089,136,177,124,12
197090,136,177,125,6
197091,136,177,126,6
197092,136,178,105,1
197093,136,178,106,1
197094,136,178,107,1
197095,136,178,108,10
197096,136,178,109,10
197097,136,178,110,10
197098,136,178,111,10
197099,136,178,112,10
197100,136,178,113,10
197101,136,178,114,10
197102,136,178,115,4
197103,136,178,116,4
197104,136,178,117,4
197105,136,178,118,4
197106,136,178,119,4
197107,136,178,120,4
197108,136,178,121,4
197109,136,178,122,4
197110,136,178,123,12
197111,136,178,124,12
197112,136,178,125,12
197113,136,178,126,9
197114,136,179,105,1
197115,136,179,106,1
197116,136,179,107,1
197117,136,179,108,4
197118,136,179,109,10
197119,136,179,110,10
197120,136,179,111,10
197121,136,179,112,10
197122,136,179,113,10
197123,136,179,114,10
197124,136,179,115,4
197125,136,179,116,4
197126,136,179,117,4
197127,136,179,118,4
197128,136,179,119,10
197129,136,179,120,10
197130,136,179,121,10
197131,136,179,122,12
197132,136,179,123,10
197133,136,179,124,10
197134,136,179,125,10
197135,136,180,105,1
197136,136,180,106,1
197137,136,180,107,1
197138,136,180,108,4
197139,136,180,109,10
197140,136,180,110,10
197141,136,180,111,10
197142,136,180,112,10
197143,136,180,113,10
197144,136,180,114,10
197145,136,180,115,10
197146,136,180,116,10
197147,136,180,117,10
197148,136,180,118,4
197149,136,180,119,4
197150,136,180,120,10
197151,136,180,121,12
197152,136,180,122,12
197153,136,180,123,12
197154,136,180,124,10
197155,136,181,105,1
197156,136,181,106,1
197157,136,181,107,4
197158,136,181,108,4
197159,136,181,109,10
197160,136,181,110,10
197161,136,181,111,10
197162,136,181,112,10
197163,136,181,113,10
197164,136,181,114,10
197165,136,181,115,10
197166,136,181,116,10
197167,136,181,117,4
197168,136,181,118,4
197169,136,181,119,10
197170,136,181,120,10
197171,136,181,121,12
197172,136,181,122,12
197173,136,181,123,12
197174,136,181,124,9
197175,136,182,105,1
197176,136,182,106,1
197177,136,182,107,4
197178,136,182,108,4
197179,136,182,109,10
197180,136,182,110,10
197181,136,182,111,4
197182,136,182,112,10
197183,136,182,113,10
197184,136,182,114,10
197185,136,182,115,10
197186,136,182,116,10
197187,136,182,117,4
197188,136,182,118,4
197189,136,182,119,10
197190,136,182,120,10
197191,136,182,121,12
197192,136,182,122,12
197193,136,183,105,1
197194,136,183,106,1
197195,136,183,107,4
197196,136,183,108,4
197197,136,183,109,10
197198,136,183,110,10
197199,136,183,111,4
197200,136,183,112,4
197201,136,183,113,10
197202,136,183,114,10
197203,136,183,115,10
197204,136,183,116,10
197205,136,183,117,4
197206,136,183,118,10
197207,136,183,119,10
197208,136,183,120,10
197209,136,183,121,12
197210,136,184,105,1
197211,136,184,106,1
197212,136,184,107,4
197213,136,184,108,4
197214,136,184,109,10
197215,136,184,110,10
197216,136,184,111,10
197217,136,184,112,4
197218,136,184,113,10
197219,136,184,114,10
197220,136,184,115,10
197221,136,184,116,10
197222,136,184,117,10
197223,136,184,118,12
197224,136,184,119,12
197225,136,184,120,12
197226,136,184,121,12
197227,136,185,105,1
197228,136,185,106,1
197229,136,185,107,1
197230,136,185,108,4
197231,136,185,109,10
197232,136,185,110,10
197233,136,185,111,10
197234,136,185,112,4
197235,136,185,113,4
197236,136,185,114,10
197237,136,185,115,10
197238,136,185,116,10
197239,136,185,117,12
197240,136,185,118,12
197241,136,185,119,12
197242,136,185,120,12
197243,136,186,105,6
197244,136,186,106,1
197245,136,186,107,1
197246,136,186,108,1
197247,136,186,109,10
197248,136,186,110,10
197249,136,186,111,4
197250,136,186,112,4
197251,136,186,113,4
197252,136,186,114,4
197253,136,186,115,4
197254,136,186,116,12
197255,136,186,117,12
197256,136,186,118,12
197257,136,186,119,12
197258,136,187,104,6
197259,136,187,105,6
197260,136,187,106,6
197261,136,187,107,6
197262,136,187,108,1
197263,136,187,109,10
197264,136,187,110,12
197265,136,187,111,4
197266,136,187,112,4
197267,136,187,113,4
197268,136,187,114,4
197269,136,187,115,12
197270,136,187,116,12
197271,136,187,117,12
197272,136,188,104,13
197273,136,188,105,13
197274,136,188,106,13
197275,136,188,107,13
197276,136,188,108,6
197277,136,188,109,6
197278,136,188,110,12
197279,136,188,111,12
197280,136,188,112,12
197281,136,188,113,12
197282,136,188,114,4
197283,136,188,115,12
197284,136,188,116,12
197285,136,189,104,13
197286,136,189,106,13
197287,136,189,107,13
197288,136,189,109,6
197289,136,189,110,1
197290,136,189,111,12
197291,136,189,112,12
197292,136,189,113,12
197293,136,189,114,12
197294,136,189,115,12
197295,136,190,110,6
197296,136,190,111,12
197297,136,190,112,12
197298,136,191,111,12
197299,136,191,112,12
197300,136,192,111,12
197301,137,172,115,1
197302,137,172,116,1
197303,137,172,119,1
197304,137,172,120,4
197305,137,172,121,4
197306,137,173,113,1
197307,137,173,114,1
197308,137,173,115,1
197309,137,173,116,1
197310,137,173,117,1
197311,137,173,118,1
197312,137,173,119,1
197313,137,173,120,1
197314,137,173,121,1
197315,137,173,122,4
197316,137,173,123,1
197317,137,173,124,6
197318,137,173,125,6
197319,137,174,113,1
197320,137,174,114,1
197321,137,174,115,1
197322,137,174,116,1
197323,137,174,117,1
197324,137,174,118,1
197325,137,174,119,1
197326,137,174,120,1
197327,137,174,121,1
197328,137,174,122,1
197329,137,174,123,6
197330,137,174,124,6
197331,137,174,125,13
197332,137,174,126,6
197333,137,174,127,6
197334,137,175,113,4
197335,137,175,114,1
197336,137,175,115,1
197337,137,175,116,1
197338,137,175,117,1
197339,137,175,118,1
197340,137,175,119,1
197341,137,175,120,1
197342,137,175,121,1
197343,137,175,122,1
197344,137,175,123,6
197345,137,175,124,6
197346,137,175,125,13
197347,137,175,126,6
197348,137,175,127,6
197349,137,176,105,1
197350,137,176,106,4
197351,137,176,109,10
197352,137,176,110,10
197353,137,176,114,4
197354,137,176,115,4
197355,137,176,116,4
197356,137,176,117,1
197357,137,176,118,1
197358,137,176,119,1
197359,137,176,120,1
197360,137,176,121,1
197361,137,176,122,1
197362,137,176,123,6
197363,137,176,124,6
197364,137,176,125,13
197365,137,176,126,6
197366,137,177,105,1
197367,137,177,106,1
197368,137,177,109,10
197369,137,177,110,10
197370,137,177,114,4
197371,137,177,115,4
197372,137,177,116,4
197373,137,177,117,4
197374,137,177,118,4
197375,137,177,119,4
197376,137,177,120,4
197377,137,177,121,1
197378,137,177,122,10
197379,137,177,123,6
197380,137,177,124,6
197381,137,177,125,6
197382,137,177,126,6
197383,137,178,105,1
197384,137,178,106,1
197385,137,178,107,1
197386,137,178,109,10
197387,137,178,110,10
197388,137,178,111,10
197389,137,178,112,10
197390,137,178,114,4
197391,137,178,115,4
197392,137,178,116,4
197393,137,178,117,4
197394,137,178,118,4
197395,137,178,119,4
197396,137,178,120,4
197397,137,178,121,4
197398,137,178,122,12
197399,137,178,123,12
197400,137,178,124,6
197401,137,178,125,6
197402,137,179,105,1
197403,137,179,106,1
197404,137,179,107,1
197405,137,179,108,4
197406,137,179,109,10
197407,137,179,110,10
197408,137,179,111,10
197409,137,179,112,10
197410,137,179,113,10
197411,137,179,114,10
197412,137,179,115,4
197413,137,179,116,4
197414,137,179,117,4
197415,137,179,118,4
197416,137,179,119,4
197417,137,179,120,10
197418,137,179,121,12
197419,137,179,122,12
197420,137,179,123,12
197421,137,179,124,1
197422,137,179,125,9
197423,137,180,105,1
197424,137,180,106,1
197425,137,180,107,1
197426,137,180,108,4
197427,137,180,109,10
197428,137,180,110,10
197429,137,180,111,10
197430,137,180,112,10
197431,137,180,113,10
197432,137,180,114,10
197433,137,180,115,4
197434,137,180,116,4
197435,137,180,117,4
197436,137,180,118,4
197437,137,180,119,4
197438,137,180,120,10
197439,137,180,121,12
197440,137,180,122,12
197441,137,180,123,12
197442,137,180,124,9
197443,137,181,105,1
197444,137,181,106,1
197445,137,181,107,1
197446,137,181,108,4
197447,137,181,109,10
197448,137,181,110,10
197449,137,181,111,10
197450,137,181,112,10
197451,137,181,113,10
197452,137,181,114,10
197453,137,181,115,10
197454,137,181,116,10
197455,137,181,117,4
197456,137,181,118,4
197457,137,181,119,10
197458,137,181,120,10
197459,137,181,121,12
197460,137,181,122,12
197461,137,181,123,12
197462,137,182,105,1
197463,137,182,106,1
197464,137,182,107,4
197465,137,182,108,4
197466,137,182,109,10
197467,137,182,110,10
197468,137,182,111,10
197469,137,182,112,4
197470,137,182,113,10
197471,137,182,114,10
197472,137,182,115,10
197473,137,182,116,4
197474,137,182,117,4
197475,137,182,118,4
197476,137,182,119,10
197477,137,182,120,10
197478,137,182,121,12
197479,137,182,122,12
197480,137,183,105,1
197481,137,183,106,1
197482,137,183,107,4
197483,137,183,108,4
197484,137,183,109,10
197485,137,183,110,10
197486,137,183,111,4
197487,137,183,112,4
197488,137,183,113,10
197489,137,183,114,10
197490,137,183,115,10
197491,137,183,116,4
197492,137,183,117,4
197493,137,183,118,4
197494,137,183,119,12
197495,137,183,120,12
197496,137,183,121,12
197497,137,184,105,4
197498,137,184,106,4
197499,137,184,107,1
197500,137,184,108,4
197501,137,184,109,4
197502,137,184,110,10
197503,137,184,111,10
197504,137,184,112,4
197505,137,184,113,4
197506,137,184,114,4
197507,137,184,115,4
197508,137,184,116,10
197509,137,184,117,12
197510,137,184,118,12
197511,137,184,119,12
197512,137,184,120,12
197513,137,185,105,4
197514,137,185,106,1
197515,137,185,107,1
197516,137,185,108,1
197517,137,185,109,4
197518,137,185,110,10
197519,137,185,111,10
197520,137,185,112,4
197521,137,185,113,4
197522,137,185,114,4
197523,137,185,115,4
197524,137,185,116,12
197525,137,185,117,12
197526,137,185,118,12
197527,137,185,119,12
197528,137,185,120,12
197529,137,186,105,1
197530,137,186,106,1
197531,137,186,107,1
197532,137,186,108,1
197533,137,186,109,10
197534,137,186,110,10
197535,137,186,111,10
197536,137,186,112,4
197537,137,186,113,4
197538,137,186,114,4
197539,137,186,115,12
197540,137,186,116,12
197541,137,186,117,12
197542,137,186,118,12
197543,137,187,104,1
197544,137,187,105,1
197545,137,187,106,6
197546,137,187,107,6
197547,137,187,108,6
197548,137,187,109,1
197549,137,187,110,12
197550,137,187,111,4
197551,137,187,112,4
197552,137,187,113,4
197553,137,187,114,4
197554,137,187,115,12
197555,137,187,116,12
197556,137,188,104,6
197557,137,188,105,6
197558,137,188,106,13
197559,137,188,107,13
197560,137,188,108,6
197561,137,188,109,6
197562,137,188,110,12
197563,137,188,111,12
197564,137,188,112,12
197565,137,188,113,12
197566,137,188,114,4
197567,137,188,115,12
197568,137,188,116,12
197569,137,189,104,13
197570,137,189,106,13
197571,137,189,109,6
197572,137,189,110,6
197573,137,189,111,12
197574,137,189,112,12
197575,137,189,113,12
197576,137,189,114,12
197577,137,190,104,13
197578,137,190,109,6
197579,137,190,110,6
197580,137,190,111,6
197581,137,190,112,12
197582,137,191,111,12
197583,137,191,112,12
197584,137,192,111,9
197585,137,192,112,9
197586,138,172,115,1
197587,138,172,116,1
197588,138,173,113,1
197589,138,173,114,1
197590,138,173,115,1
197591,138,173,116,1
197592,138,173,117,1
197593,138,173,118,1
197594,138,173,119,1
197595,138,173,120,4
197596,138,173,121,4
197597,138,173,122,4
197598,138,174,113,1
197599,138,174,114,1
197600,138,174,115,1
197601,138,174,116,1
197602,138,174,117,1
197603,138,174,118,1
197604,138,174,119,1
197605,138,174,120,1
197606,138,174,121,1
197607,138,174,122,1
197608,138,174,123,6
197609,138,174,124,6
197610,138,174,125,13
197611,138,175,113,4
197612,138,175,114,1
197613,138,175,115,1
197614,138,175,116,1
197615,138,175,117,1
197616,138,175,118,1
197617,138,175,119,1
197618,138,175,120,1
197619,138,175,121,1
197620,138,175,122,1
197621,138,175,123,6
197622,138,175,124,13
197623,138,175,125,13
197624,138,175,126,13
197625,138,176,106,4
197626,138,176,113,4
197627,138,176,114,4
197628,138,176,115,4
197629,138,176,116,1
197630,138,176,117,1
197631,138,176,118,1
197632,138,176,119,1
197633,138,176,120,1
197634,138,176,121,1
197635,138,176,122,1
197636,138,176,123,6
197637,138,176,124,13
197638,138,176,125,13
197639,138,176,126,13
197640,138,177,105,1
197641,138,177,106,1
197642,138,177,110,10
197643,138,177,114,4
197644,138,177,115,4
197645,138,177,116,4
197646,138,177,117,1
197647,138,177,118,1
197648,138,177,119,1
197649,138,177,120,1
197650,138,177,121,1
197651,138,177,122,1
197652,138,177,123,6
197653,138,177,124,6
197654,138,177,125,13
197655,138,178,105,1
197656,138,178,106,1
197657,138,178,107,1
197658,138,178,110,10
197659,138,178,111,10
197660,138,178,112,10
197661,138,178,114,4
197662,138,178,115,4
197663,138,178,116,4
197664,138,178,117,4
197665,138,178,118,4
197666,138,178,119,4
197667,138,178,120,1
197668,138,178,121,1
197669,138,178,122,1
197670,138,178,123,6
197671,138,178,124,6
197672,138,178,125,6
197673,138,179,105,1
197674,138,179,106,1
197675,138,179,107,1
197676,138,179,108,1
197677,138,179,110,10
197678,138,179,111,10
197679,138,179,112,10
197680,138,179,113,10
197681,138,179,114,4
197682,138,179,115,4
197683,138,179,116,4
197684,138,179,117,4
197685,138,179,118,4
197686,138,179,119,4
197687,138,179,120,4
197688,138,179,121,12
197689,138,179,122,12
197690,138,179,123,12
197691,138,179,124,1
197692,138,180,105,1
197693,138,180,106,1
197694,138,180,107,1
197695,138,180,108,1
197696,138,180,109,10
197697,138,180,110,10
197698,138,180,111,10
197699,138,180,112,10
197700,138,180,113,10
197701,138,180,114,10
197702,138,180,115,4
197703,138,180,116,4
197704,138,180,117,4
197705,138,180,118,4
197706,138,180,119,4
197707,138,180,120,10
197708,138,180,121,12
197709,138,180,122,12
197710,138,180,123,12
197711,138,180,124,9
197712,138,181,105,1
197713,138,181,106,1
197714,138,181,107,1
197715,138,181,108,1
197716,138,181,109,10
197717,138,181,110,10
197718,138,181,111,10
197719,138,181,112,10
197720,138,181,113,10
197721,138,181,114,10
197722,138,181,115,4
197723,138,181,116,4
197724,138,181,117,4
197725,138,181,118,4
197726,138,181,119,4
197727,138,181,120,10
197728,138,181,121,12
197729,138,181,122,12
197730,138,182,105,1
197731,138,182,106,1
197732,138,182,107,1
197733,138,182,108,1
197734,138,182,109,10
197735,138,182,110,10
197736,138,182,111,10
197737,138,182,112,4
197738,138,182,113,10
197739,138,182,114,10
197740,138,182,115,10
197741,138,182,116,10
197742,138,182,117,4
197743,138,182,118,4
197744,138,182,119,10
197745,138,182,120,10
197746,138,182,121,12
197747,138,182,122,12
197748,138,183,105,1
197749,138,183,106,1
197750,138,183,107,1
197751,138,183,108,4
197752,138,183,109,4
197753,138,183,110,10
197754,138,183,111,10
197755,138,183,112,4
197756,138,183,113,10
197757,138,183,114,10
197758,138,183,115,10
197759,138,183,116,4
197760,138,183,117,4
197761,138,183,118,4
197762,138,183,119,12
197763,138,183,120,12
197764,138,184,105,1
197765,138,184,106,1
197766,138,184,107,1
197767,138,184,108,1
197768,138,184,109,4
197769,138,184,110,10
197770,138,184,111,10
197771,138,184,112,4
197772,138,184,113,4
197773,138,184,114,4
197774,138,184,115,10
197775,138,184,116,10
197776,138,184,117,4
197777,138,184,118,12
197778,138,184,119,12
197779,138,184,120,12
197780,138,185,105,1
197781,138,185,106,1
197782,138,185,107,1
197783,138,185,108,1
197784,138,185,109,4
197785,138,185,110,10
197786,138,185,111,10
197787,138,185,112,10
197788,138,185,113,4
197789,138,185,114,4
197790,138,185,115,4
197791,138,185,116,12
197792,138,185,117,12
197793,138,185,118,12
197794,138,185,120,9
197795,138,186,105,1
197796,138,186,106,1
197797,138,186,107,6
197798,138,186,108,1
197799,138,186,109,1
197800,138,186,110,10
197801,138,186,111,10
197802,138,186,112,10
197803,138,186,113,4
197804,138,186,114,4
197805,138,186,115,12
197806,138,186,116,12
197807,138,186,117,12
197808,138,186,118,12
197809,138,187,105,1
197810,138,187,106,6
197811,138,187,107,6
197812,138,187,108,6
197813,138,187,109,1
197814,138,187,110,10
197815,138,187,111,10
197816,138,187,112,12
197817,138,187,113,4
197818,138,187,114,10
197819,138,187,115,12
197820,138,187,116,12
197821,138,187,117,12
197822,138,188,104,1
197823,138,188,105,6
197824,138,188,106,13
197825,138,188,107,13
197826,138,188,108,13
197827,138,188,109,6
197828,138,188,110,1
197829,138,188,111,1
197830,138,188,112,12
197831,138,188,113,12
197832,138,188,114,12
197833,138,188,115,12
197834,138,189,104,6
197835,138,189,109,6
197836,138,189,110,6
197837,138,189,111,6
197838,138,189,112,12
197839,138,189,113,12
197840,138,189,114,12
197841,138,190,104,13
197842,138,190,109,13
197843,138,190,110,6
197844,138,190,111,6
197845,138,190,112,12
197846,138,191,110,6
197847,138,191,111,6
197848,138,191,112,12
197849,138,192,112,9
197850,139,173,113,1
197851,139,173,114,1
197852,139,173,115,1
197853,139,173,116,1
197854,139,173,117,1
197855,139,173,119,1
197856,139,173,120,1
197857,139,174,113,1
197858,139,174,114,1
197859,139,174,115,1
197860,139,174,116,1
197861,139,174,117,1
197862,139,174,118,1
197863,139,174,119,6
197864,139,174,120,6
197865,139,174,121,1
197866,139,174,124,13
197867,139,174,125,13
197868,139,175,113,4
197869,139,175,114,1
197870,139,175,115,1
197871,139,175,116,1
197872,139,175,117,1
197873,139,175,118,6
197874,139,175,119,6
197875,139,175,120,6
197876,139,175,121,6
197877,139,175,122,6
197878,139,175,123,6
197879,139,175,124,13
197880,139,175,125,13
197881,139,176,113,4
197882,139,176,114,4
197883,139,176,115,1
197884,139,176,116,1
197885,139,176,117,1
197886,139,176,118,6
197887,139,176,119,6
197888,139,176,120,6
197889,139,176,121,6
197890,139,176,122,6
197891,139,176,123,13
197892,139,176,124,13
197893,139,176,125,13
197894,139,177,106,1
197895,139,177,113,4
197896,139,177,114,4
197897,139,177,115,4
197898,139,177,116,1
197899,139,177,117,1
197900,139,177,118,1
197901,139,177,119,7
197902,139,177,120,6
197903,139,177,121,6
197904,139,177,122,6
197905,139,177,123,6
197906,139,177,124,13
197907,139,177,125,13
197908,139,178,105,1
197909,139,178,106,1
197910,139,178,107,1
197911,139,178,108,1
197912,139,178,110,10
197913,139,178,111,4
197914,139,178,114,4
197915,139,178,115,4
197916,139,178,116,4
197917,139,178,117,1
197918,139,178,118,1
197919,139,178,119,1
197920,139,178,120,6
197921,139,178,121,6
197922,139,178,122,6
197923,139,178,123,6
197924,139,178,124,6
197925,139,179,105,1
197926,139,179,106,1
197927,139,179,107,1
197928,139,179,108,1
197929,139,179,110,10
197930,139,179,111,10
197931,139,179,112,10
197932,139,179,114,4
197933,139,179,115,4
197934,139,179,116,4
197935,139,179,117,1
197936,139,179,118,1
197937,139,179,119,1
197938,139,179,120,6
197939,139,179,121,6
197940,139,179,122,6
197941,139,179,123,7
197942,139,179,124,9
197943,139,180,105,1
197944,139,180,106,1
197945,139,180,107,1
197946,139,180,108,1
197947,139,180,109,4
197948,139,180,110,10
197949,139,180,111,10
197950,139,180,112,10
197951,139,180,113,10
197952,139,180,114,4
197953,139,180,115,4
197954,139,180,116,4
197955,139,180,117,4
197956,139,180,118,1
197957,139,180,119,1
197958,139,180,120,1
197959,139,180,121,6
197960,139,180,122,6
197961,139,181,105,1
197962,139,181,106,1
197963,139,181,107,1
197964,139,181,108,1
197965,139,181,109,4
197966,139,181,110,10
197967,139,181,111,10
197968,139,181,112,10
197969,139,181,113,10
197970,139,181,114,10
197971,139,181,115,4
197972,139,181,116,4
197973,139,181,117,4
197974,139,181,118,1
197975,139,181,119,1
197976,139,181,120,10
197977,139,181,121,12
197978,139,181,122,12
197979,139,182,105,1
197980,139,182,106,1
197981,139,182,107,1
197982,139,182,108,1
197983,139,182,109,4
197984,139,182,110,10
197985,139,182,111,10
197986,139,182,112,10
197987,139,182,113,10
197988,139,182,114,10
197989,139,182,115,4
197990,139,182,116,4
197991,139,182,117,4
197992,139,182,118,4
197993,139,182,119,1
197994,139,182,120,10
197995,139,182,121,12
197996,139,183,105,1
197997,139,183,106,1
197998,139,183,107,1
197999,139,183,108,1
198000,139,183,109,4
198001,139,183,110,10
198002,139,183,111,10
198003,139,183,112,10
198004,139,183,113,10
198005,139,183,114,10
198006,139,183,115,10
198007,139,183,116,4
198008,139,183,117,4
198009,139,183,118,4
198010,139,183,119,12
198011,139,183,120,12
198012,139,184,105,1
198013,139,184,106,1
198014,139,184,107,1
198015,139,184,108,1
198016,139,184,109,4
198017,139,184,110,4
198018,139,184,111,10
198019,139,184,112,10
198020,139,184,113,10
198021,139,184,114,10
198022,139,184,115,10
198023,139,184,116,4
198024,139,184,117,4
198025,139,184,118,12
198026,139,184,120,9
198027,139,185,105,1
198028,139,185,106,1
198029,139,185,107,1
198030,139,185,108,1
198031,139,185,109,1
198032,139,185,110,4
198033,139,185,111,10
198034,139,185,112,10
198035,139,185,113,10
198036,139,185,114,10
198037,139,185,115,10
198038,139,185,116,4
198039,139,185,117,12
198040,139,185,118,12
198041,139,186,105,1
198042,139,186,106,1
198043,139,186,107,6
198044,139,186,108,1
198045,139,186,109,1
198046,139,186,110,1
198047,139,186,111,10
198048,139,186,112,10
198049,139,186,113,10
198050,139,186,114,4
198051,139,186,115,12
198052,139,186,116,12
198053,139,186,117,12
198054,139,186,118,9
198055,139,187,105,1
198056,139,187,106,6
198057,139,187,107,6
198058,139,187,108,6
198059,139,187,109,6
198060,139,187,110,1
198061,139,187,111,1
198062,139,187,112,12
198063,139,187,113,12
198064,139,187,114,10
198065,139,187,115,12
198066,139,187,116,12
198067,139,187,117,9
198068,139,188,104,1
198069,139,188,106,13
198070,139,188,107,13
198071,139,188,108,13
198072,139,188,109,6
198073,139,188,110,6
198074,139,188,111,6
198075,139,188,112,12
198076,139,188,113,12
198077,139,188,114,12
198078,139,188,116,9
198079,139,189,104,6
198080,139,189,109,13
198081,139,189,110,6
198082,139,189,111,6
198083,139,189,112,12
198084,139,190,109,13
198085,139,190,110,13
198086,139,190,111,6
198087,139,190,112,6
198088,139,191,111,6
198089,139,191,112,9
198090,140,173,114,1
198091,140,173,115,1
198092,140,173,116,1
198093,140,174,113,1
198094,140,174,114,1
198095,140,174,115,1
198096,140,174,116,1
198097,140,174,117,1
198098,140,174,118,6
198099,140,174,119,6
198100,140,174,120,6
198101,140,175,113,1
198102,140,175,114,1
198103,140,175,115,1
198104,140,175,116,1
198105,140,175,117,1
198106,140,175,118,6
198107,140,175,119,6
198108,140,175,120,6
198109,140,175,121,6
198110,140,175,124,13
198111,140,175,125,13
198112,140,176,113,4
198113,140,176,114,4
198114,140,176,115,1
198115,140,176,116,1
198116,140,176,117,1
198117,140,176,118,6
198118,140,176,119,13
198119,140,176,120,13
198120,140,176,121,13
198121,140,176,122,13
198122,140,176,124,13
198123,140,176,125,13
198124,140,177,113,4
198125,140,177,114,4
198126,140,177,115,4
198127,140,177,116,1
198128,140,177,117,1
198129,140,177,118,6
198130,140,177,119,13
198131,140,177,120,13
198132,140,177,121,13
198133,140,177,122,13
198134,140,177,123,13
198135,140,177,124,13
198136,140,177,125,9
198137,140,178,106,1
198138,140,178,108,1
198139,140,178,113,4
198140,140,178,114,4
198141,140,178,115,4
198142,140,178,116,4
198143,140,178,117,1
198144,140,178,118,6
198145,140,178,119,6
198146,140,178,120,13
198147,140,178,121,13
198148,140,178,122,13
198149,140,178,123,13
198150,140,178,124,6
198151,140,179,106,1
198152,140,179,107,1
198153,140,179,108,1
198154,140,179,109,4
198155,140,179,114,4
198156,140,179,115,4
198157,140,179,116,4
198158,140,179,117,1
198159,140,179,118,6
198160,140,179,119,6
198161,140,179,120,13
198162,140,179,121,13
198163,140,179,122,13
198164,140,179,123,6
198165,140,179,124,9
198166,140,180,105,1
198167,140,180,106,1
198168,140,180,107,6
198169,140,180,108,1
198170,140,180,109,4
198171,140,180,111,4
198172,140,180,112,10
198173,140,180,113,12
198174,140,180,114,4
198175,140,180,115,4
198176,140,180,116,4
198177,140,180,117,1
198178,140,180,118,6
198179,140,180,119,6
198180,140,180,120,6
198181,140,180,121,7
198182,140,180,122,9
198183,140,181,105,1
198184,140,181,106,1
198185,140,181,107,1
198186,140,181,108,1
198187,140,181,109,4
198188,140,181,110,4
198189,140,181,111,4
198190,140,181,112,10
198191,140,181,113,12
198192,140,181,114,10
198193,140,181,115,4
198194,140,181,116,4
198195,140,181,117,1
198196,140,181,118,1
198197,140,181,119,6
198198,140,181,120,5
198199,140,181,121,5
198200,140,182,106,1
198201,140,182,107,1
198202,140,182,108,1
198203,140,182,109,4
198204,140,182,110,4
198205,140,182,111,4
198206,140,182,112,10
198207,140,182,113,10
198208,140,182,114,10
198209,140,182,115,4
198210,140,182,116,4
198211,140,182,117,1
198212,140,182,118,1
198213,140,182,119,6
198214,140,182,120,5
198215,140,183,106,1
198216,140,183,107,1
198217,140,183,108,1
198218,140,183,109,4
198219,140,183,110,4
198220,140,183,111,4
198221,140,183,112,10
198222,140,183,113,10
198223,140,183,114,10
198224,140,183,115,10
198225,140,183,116,4
198226,140,183,117,4
198227,140,183,118,1
198228,140,183,119,6
198229,140,183,120,14
198230,140,184,106,1
198231,140,184,107,1
198232,140,184,108,1
198233,140,184,109,1
198234,140,184,110,4
198235,140,184,111,4
198236,140,184,112,10
198237,140,184,113,10
198238,140,184,114,10
198239,140,184,115,4
198240,140,184,116,4
198241,140,184,117,4
198242,140,184,118,12
198243,140,185,106,1
198244,140,185,107,1
198245,140,185,108,1
198246,140,185,109,1
198247,140,185,110,1
198248,140,185,111,4
198249,140,185,112,10
198250,140,185,113,10
198251,140,185,114,10
198252,140,185,115,4
198253,140,185,116,12
198254,140,185,117,12
198255,140,185,118,12
198256,140,186,106,1
198257,140,186,107,1
198258,140,186,108,1
198259,140,186,109,1
198260,140,186,110,1
198261,140,186,111,1
198262,140,186,112,12
198263,140,186,113,12
198264,140,186,114,4
198265,140,186,115,12
198266,140,186,116,12
198267,140,186,117,12
198268,140,187,107,6
198269,140,187,108,6
198270,140,187,109,6
198271,140,187,110,6
198272,140,187,111,6
198273,140,187,112,12
198274,140,187,113,12
198275,140,187,114,12
198276,140,187,115,12
198277,140,187,116,12
198278,140,188,109,13
198279,140,188,110,13
198280,140,188,111,6
198281,140,188,112,6
198282,140,188,113,12
198283,140,188,114,12
198284,140,188,115,12
198285,140,189,109,13
198286,140,189,111,13
198287,140,189,112,6
198288,140,190,111,13
198289,140,190,112,6
198290,140,191,112,9
198291,141,173,114,7
198292,141,173,115,6
198293,141,174,113,1
198294,141,174,114,1
198295,141,174,115,7
198296,141,174,116,6
198297,141,174,117,6
198298,141,175,113,1
198299,141,175,114,1
198300,141,175,115,1
198301,141,175,116,1
198302,141,175,117,6
198303,141,175,118,6
198304,141,175,119,6
198305,141,175,120,6
198306,141,176,113,4
198307,141,176,114,1
198308,141,176,115,1
198309,141,176,116,1
198310,141,176,117,6
198311,141,176,118,6
198312,141,176,119,13
198313,141,176,120,13
198314,141,177,113,4
198315,141,177,114,4
198316,141,177,115,1
198317,141,177,116,1
198318,141,177,117,6
198319,141,177,118,6
198320,141,177,119,13
198321,141,177,120,13
198322,141,178,113,4
198323,141,178,114,4
198324,141,178,115,4
198325,141,178,116,1
198326,141,178,117,1
198327,141,178,118,6
198328,141,178,120,13
198329,141,178,121,13
198330,141,178,123,13
198331,141,179,106,1
198332,141,179,107,1
198333,141,179,108,1
198334,141,179,109,4
198335,141,179,111,4
198336,141,179,112,4
198337,141,179,113,4
198338,141,179,114,4
198339,141,179,115,4
198340,141,179,116,4
198341,141,179,117,1
198342,141,179,118,6
198343,141,179,119,13
198344,141,179,120,13
198345,141,179,121,13
198346,141,179,122,13
198347,141,180,106,1
198348,141,180,107,1
198349,141,180,108,1
198350,141,180,109,4
198351,141,180,111,4
198352,141,180,112,4
198353,141,180,113,4
198354,141,180,114,4
198355,141,180,115,4
198356,141,180,116,4
198357,141,180,117,1
198358,141,180,118,6
198359,141,180,119,13
198360,141,180,120,13
198361,141,180,121,7
198362,141,180,122,9
198363,141,181,106,1
198364,141,181,107,1
198365,141,181,108,1
198366,141,181,109,1
198367,141,181,110,4
198368,141,181,111,4
198369,141,181,112,4
198370,141,181,113,4
198371,141,181,114,4
198372,141,181,115,4
198373,141,181,116,4
198374,141,181,117,1
198375,141,181,118,6
198376,141,181,119,13
198377,141,181,120,7
198378,141,181,121,9
198379,141,182,106,1
198380,141,182,107,1
198381,141,182,108,1
198382,141,182,109,1
198383,141,182,110,4
198384,141,182,111,4
198385,141,182,112,4
198386,141,182,113,10
198387,141,182,114,4
198388,141,182,115,4
198389,141,182,116,4
198390,141,182,117,1
198391,141,182,118,6
198392,141,182,119,6
198393,141,182,120,6
198394,141,183,106,1
198395,141,183,108,1
198396,141,183,109,1
198397,141,183,110,4
198398,141,183,111,4
198399,141,183,112,4
198400,141,183,113,10
198401,141,183,114,10
198402,141,183,115,10
198403,141,183,116,4
198404,141,183,117,1
198405,141,183,118,12
198406,141,184,108,1
198407,141,184,109,1
198408,141,184,110,1
198409,141,184,111,1
198410,141,184,112,10
198411,141,184,113,10
198412,141,184,114,10
198413,141,184,115,10
198414,141,184,116,10
198415,141,184,117,12
198416,141,184,118,12
198417,141,185,108,1
198418,141,185,109,1
198419,141,185,110,1
198420,141,185,111,1
198421,141,185,112,10
198422,141,185,113,12
198423,141,185,114,10
198424,141,185,115,10
198425,141,185,116,12
198426,141,185,117,12
198427,141,185,118,9
198428,141,186,108,1
198429,141,186,109,6
198430,141,186,110,6
198431,141,186,111,6
198432,141,186,112,1
198433,141,186,113,12
198434,141,186,114,4
198435,141,186,115,12
198436,141,186,116,12
198437,141,186,117,9
198438,141,187,110,13
198439,141,187,111,6
198440,141,187,112,6
198441,141,187,113,12
198442,141,187,114,12
198443,141,187,115,12
198444,141,187,116,9
198445,141,188,111,13
198446,141,188,112,6
198447,141,188,113,12
198448,141,189,111,13
198449,141,189,112,6
198450,141,190,112,6
198451,141,191,112,9
198452,142,153,87,11
198453,142,154,87,11
198454,142,154,90,8
198455,142,155,87,11
198456,142,155,88,11
198457,142,155,90,8
198458,142,156,86,11
198459,142,156,87,11
198460,142,156,88,8
198461,142,156,90,8
198462,142,157,85,11
198463,142,157,86,11
198464,142,157,87,8
198465,142,157,88,8
198466,142,157,90,8
198467,142,158,85,11
198468,142,158,86,11
198469,142,158,87,8
198470,142,158,88,8
198471,142,159,85,11
198472,142,159,86,8
198473,142,159,87,8
198474,142,159,88,8
198475,142,160,85,11
198476,142,160,86,8
198477,142,160,87,8
198478,142,160,88,8
198479,142,161,85,11
198480,142,174,113,1
198481,142,174,114,7
198482,142,174,115,7
198483,142,174,116,6
198484,142,175,113,1
198485,142,175,114,1
198486,142,175,115,1
198487,142,175,116,7
198488,142,176,113,4
198489,142,176,114,1
198490,142,176,115,1
198491,142,176,116,1
198492,142,176,117,6
198493,142,176,118,6
198494,142,176,119,13
198495,142,177,113,4
198496,142,177,114,4
198497,142,177,115,1
198498,142,177,116,1
198499,142,177,117,6
198500,142,177,118,13
198501,142,178,112,4
198502,142,178,113,4
198503,142,178,114,4
198504,142,178,115,1
198505,142,178,116,1
198506,142,178,117,6
198507,142,178,118,13
198508,142,179,106,4
198509,142,179,109,4
198510,142,179,111,4
198511,142,179,112,4
198512,142,179,113,4
198513,142,179,114,4
198514,142,179,115,4
198515,142,179,116,1
198516,142,179,117,1
198517,142,179,118,6
198518,142,180,106,1
198519,142,180,109,4
198520,142,180,111,4
198521,142,180,112,4
198522,142,180,113,4
198523,142,180,114,4
198524,142,180,115,4
198525,142,180,116,4
198526,142,180,117,1
198527,142,180,118,6
198528,142,180,119,13
198529,142,180,120,13
198530,142,180,121,13
198531,142,181,106,1
198532,142,181,109,1
198533,142,181,111,4
198534,142,181,112,4
198535,142,181,113,4
198536,142,181,114,4
198537,142,181,115,4
198538,142,181,116,4
198539,142,181,117,1
198540,142,181,118,6
198541,142,181,119,13
198542,142,181,120,13
198543,142,182,109,1
198544,142,182,110,1
198545,142,182,111,4
198546,142,182,112,4
198547,142,182,113,4
198548,142,182,114,4
198549,142,182,115,4
198550,142,182,116,4
198551,142,182,117,1
198552,142,182,118,6
198553,142,183,109,1
198554,142,183,110,1
198555,142,183,111,1
198556,142,183,112,4
198557,142,183,113,4
198558,142,183,114,10
198559,142,183,115,4
198560,142,183,116,1
198561,142,183,117,1
198562,142,183,118,12
198563,142,184,109,1
198564,142,184,110,6
198565,142,184,111,1
198566,142,184,112,1
198567,142,184,113,4
198568,142,184,114,10
198569,142,184,115,10
198570,142,184,116,10
198571,142,184,117,4
198572,142,184,118,12
198573,142,185,110,6
198574,142,185,111,6
198575,142,185,112,6
198576,142,185,113,12
198577,142,185,114,1
198578,142,185,115,10
198579,142,185,116,12
198580,142,185,117,12
198581,142,186,112,6
198582,142,186,113,12
198583,142,186,114,1
198584,142,186,115,12
198585,142,186,116,12
198586,142,187,112,6
198587,142,187,113,6
198588,142,188,113,6
198589,142,189,113,12
198590,142,190,112,6
198591,143,152,89,8
198592,143,152,90,8
198593,143,153,86,11
198594,143,153,87,11
198595,143,153,88,11
198596,143,153,89,8
198597,143,153,90,8
198598,143,153,91,8
198599,143,154,85,11
198600,143,154,86,11
198601,143,154,87,11
198602,143,154,88,11
198603,143,154,89,8
198604,143,154,90,8
198605,143,154,91,8
198606,143,155,84,11
198607,143,155,85,11
198608,143,155,86,11
198609,143,155,87,11
198610,143,155,88,8
198611,143,155,89,8
198612,143,155,90,8
198613,143,155,91,11
198614,143,155,92,11
198615,143,155,93,11
198616,143,155,94,11
198617,143,155,95,11
198618,143,156,83,11
198619,143,156,84,11
198620,143,156,85,11
198621,143,156,86,11
198622,143,156,87,8
198623,143,156,88,8
198624,143,156,89,8
198625,143,156,90,8
198626,143,156,91,11
198627,143,156,92,11
198628,143,156,93,11
198629,143,156,94,11
198630,143,156,95,11
198631,143,157,83,11
198632,143,157,84,11
198633,143,157,85,11
198634,143,157,86,11
198635,143,157,87,8
198636,143,157,88,8
198637,143,157,89,8
198638,143,157,90,11
198639,143,157,91,11
198640,143,157,92,11
198641,143,157,93,11
198642,143,157,94,11
198643,143,158,83,11
198644,143,158,84,11
198645,143,158,85,11
198646,143,158,86,8
198647,143,158,87,8
198648,143,158,88,8
198649,143,158,89,11
198650,143,158,90,11
198651,143,158,91,11
198652,143,158,92,11
198653,143,159,83,11
198654,143,159,84,11
198655,143,159,85,8
198656,143,159,86,8
198657,143,159,87,8
198658,143,159,88,11
198659,143,159,89,11
198660,143,159,90,11
198661,143,160,83,11
198662,143,160,84,11
198663,143,160,85,8
198664,143,160,86,8
198665,143,160,87,8
198666,143,160,88,11
198667,143,160,89,11
198668,143,160,90,11
198669,143,161,83,11
198670,143,161,84,11
198671,143,161,85,8
198672,143,161,86,11
198673,143,161,87,11
198674,143,161,88,11
198675,143,162,85,11
198676,143,162,87,11
198677,143,174,115,6
198678,143,175,113,1
198679,143,175,114,1
198680,143,175,115,1
198681,143,176,113,4
198682,143,176,114,1
198683,143,176,115,1
198684,143,176,116,1
198685,143,177,113,4
198686,143,177,114,4
198687,143,177,115,1
198688,143,177,116,1
198689,143,177,117,6
198690,143,178,113,4
198691,143,178,114,4
198692,143,178,115,4
198693,143,178,116,1
198694,143,178,117,6
198695,143,178,118,13
198696,143,179,111,4
198697,143,179,112,4
198698,143,179,113,4
198699,143,179,114,4
198700,143,179,115,4
198701,143,179,116,4
198702,143,179,117,1
198703,143,179,118,13
198704,143,180,111,4
198705,143,180,112,4
198706,143,180,113,4
198707,143,180,114,4
198708,143,180,115,4
198709,143,180,116,4
198710,143,180,117,1
198711,143,180,118,6
198712,143,180,119,13
198713,143,181,111,4
198714,143,181,112,4
198715,143,181,113,4
198716,143,181,114,4
198717,143,181,115,4
198718,143,181,116,4
198719,143,181,117,1
198720,143,181,118,6
198721,143,181,119,13
198722,143,181,120,9
198723,143,182,111,1
198724,143,182,112,1
198725,143,182,113,1
198726,143,182,114,1
198727,143,182,115,1
198728,143,182,116,1
198729,143,182,117,1
198730,143,182,118,6
198731,143,183,111,1
198732,143,183,112,1
198733,143,183,113,1
198734,143,183,114,1
198735,143,183,115,1
198736,143,183,116,1
198737,143,183,117,1
198738,143,183,118,6
198739,143,184,111,6
198740,143,184,112,6
198741,143,184,113,6
198742,143,184,114,6
198743,143,184,115,1
198744,143,184,116,1
198745,143,184,117,12
198746,143,184,118,9
198747,143,185,111,6
198748,143,185,112,6
198749,143,185,113,6
198750,143,185,114,6
198751,143,185,115,6
198752,143,185,116,12
198753,143,185,117,12
198754,143,186,113,13
198755,143,186,115,6
198756,143,186,116,12
198757,143,187,113,13
198758,143,188,113,13
198759,144,152,89,8
198760,144,152,90,8
198761,144,152,91,8
198762,144,152,92,8
198763,144,153,85,11
198764,144,153,86,8
198765,144,153,87,8
198766,144,153,88,8
198767,144,153,89,8
198768,144,153,90,8
198769,144,153,91,8
198770,144,153,92,11
198771,144,153,93,11
198772,144,153,94,11
198773,144,154,85,11
198774,144,154,86,8
198775,144,154,87,8
198776,144,154,88,8
198777,144,154,89,8
198778,144,154,90,8
198779,144,154,91,11
198780,144,154,92,11
198781,144,154,93,11
198782,144,154,94,11
198783,144,154,95,11
198784,144,154,96,11
198785,144,155,84,11
198786,144,155,85,11
198787,144,155,86,8
198788,144,155,87,8
198789,144,155,88,8
198790,144,155,89,8
198791,144,155,90,8
198792,144,155,91,11
198793,144,155,92,11
198794,144,155,93,11
198795,144,155,94,11
198796,144,155,95,11
198797,144,155,96,11
198798,144,156,83,11
198799,144,156,84,11
198800,144,156,85,8
198801,144,156,86,8
198802,144,156,87,8
198803,144,156,88,8
198804,144,156,89,8
198805,144,156,90,11
198806,144,156,91,11
198807,144,156,92,11
198808,144,156,93,11
198809,144,156,94,11
198810,144,156,95,11
198811,144,156,96,11
198812,144,157,83,11
198813,144,157,84,11
198814,144,157,85,8
198815,144,157,86,8
198816,144,157,87,8
198817,144,157,88,11
198818,144,157,89,11
198819,144,157,90,11
198820,144,157,91,11
198821,144,157,92,11
198822,144,157,93,11
198823,144,157,94,11
198824,144,157,95,8
198825,144,158,83,11
198826,144,158,84,8
198827,144,158,85,8
198828,144,158,86,8
198829,144,158,87,8
198830,144,158,88,11
198831,144,158,89,11
198832,144,158,90,11
198833,144,158,91,11
198834,144,158,92,11
198835,144,158,93,8
198836,144,159,83,11
198837,144,159,84,8
198838,144,159,85,8
198839,144,159,86,8
198840,144,159,87,11
198841,144,159,88,11
198842,144,159,89,11
198843,144,159,90,11
198844,144,159,92,11
198845,144,160,83,8
198846,144,160,84,8
198847,144,160,85,8
198848,144,160,86,8
198849,144,160,87,11
198850,144,160,88,11
198851,144,160,89,11
198852,144,160,90,11
198853,144,161,83,8
198854,144,161,84,8
198855,144,161,85,8
198856,144,161,86,11
198857,144,161,87,11
198858,144,161,88,11
198859,144,161,89,11
198860,144,161,90,11
198861,144,162,83,8
198862,144,162,85,11
198863,144,162,86,11
198864,144,162,87,11
198865,144,175,114,6
198866,144,175,115,6
198867,144,176,113,1
198868,144,176,114,1
198869,144,176,115,1
198870,144,177,113,4
198871,144,177,114,1
198872,144,177,115,1
198873,144,177,116,1
198874,144,178,113,4
198875,144,178,114,4
198876,144,178,115,1
198877,144,178,116,1
198878,144,178,117,6
198879,144,179,112,4
198880,144,179,113,4
198881,144,179,114,4
198882,144,179,115,1
198883,144,179,116,1
198884,144,179,117,6
198885,144,179,118,13
198886,144,180,111,4
198887,144,180,112,4
198888,144,180,113,4
198889,144,180,114,4
198890,144,180,115,1
198891,144,180,116,1
198892,144,180,117,6
198893,144,180,118,13
198894,144,180,119,13
198895,144,181,111,4
198896,144,181,112,4
198897,144,181,113,4
198898,144,181,114,1
198899,144,181,115,1
198900,144,181,116,1
198901,144,181,117,6
198902,144,181,118,6
198903,144,182,111,1
198904,144,182,112,1
198905,144,182,113,1
198906,144,182,114,1
198907,144,182,115,1
198908,144,182,116,1
198909,144,182,117,6
198910,144,182,118,6
198911,144,183,111,1
198912,144,183,112,6
198913,144,183,113,6
198914,144,183,114,6
198915,144,183,115,6
198916,144,183,116,6
198917,144,183,117,6
198918,144,183,118,9
198919,144,184,111,6
198920,144,184,112,6
198921,144,184,113,6
198922,144,184,114,6
198923,144,184,115,6
198924,144,184,116,6
198925,144,184,117,6
198926,144,184,118,9
198927,144,185,113,13
198928,144,185,115,6
198929,144,185,116,6
198930,144,186,113,13
198931,144,187,113,13
198932,144,188,113,13
198933,145,152,89,8
198934,145,152,90,8
198935,145,152,91,11
198936,145,152,92,11
198937,145,152,93,11
198938,145,152,94,11
198939,145,153,85,8
198940,145,153,86,8
198941,145,153,87,8
198942,145,153,88,8
198943,145,153,89,8
198944,145,153,90,8
198945,145,153,91,11
198946,145,153,92,11
198947,145,153,93,11
198948,145,153,94,11
198949,145,153,95,11
198950,145,153,96,11
198951,145,154,85,8
198952,145,154,86,8
198953,145,154,87,8
198954,145,154,88,8
198955,145,154,89,8
198956,145,154,90,11
198957,145,154,91,11
198958,145,154,92,11
198959,145,154,93,11
198960,145,154,94,11
198961,145,154,95,11
198962,145,154,96,11
198963,145,155,84,8
198964,145,155,85,8
198965,145,155,86,8
198966,145,155,87,8
198967,145,155,88,8
198968,145,155,89,11
198969,145,155,90,11
198970,145,155,91,11
198971,145,155,92,11
198972,145,155,93,11
198973,145,155,94,11
198974,145,155,95,11
198975,145,155,96,11
198976,145,156,83,11
198977,145,156,84,8
198978,145,156,85,8
198979,145,156,86,8
198980,145,156,87,8
198981,145,156,88,11
198982,145,156,89,11
198983,145,156,90,11
198984,145,156,91,11
198985,145,156,92,11
198986,145,156,93,11
198987,145,156,94,11
198988,145,156,95,11
198989,145,156,96,8
198990,145,157,83,8
198991,145,157,84,8
198992,145,157,85,8
198993,145,157,86,8
198994,145,157,87,8
198995,145,157,88,11
198996,145,157,89,11
198997,145,157,90,11
198998,145,157,91,11
198999,145,157,92,11
199000,145,157,93,8
199001,145,157,94,8
199002,145,157,95,8
199003,145,158,82,11
199004,145,158,83,8
199005,145,158,84,8
199006,145,158,85,8
199007,145,158,86,8
199008,145,158,87,11
199009,145,158,88,11
199010,145,158,89,11
199011,145,158,90,11
199012,145,158,91,11
199013,145,158,92,8
199014,145,158,93,8
199015,145,158,94,8
199016,145,159,82,11
199017,145,159,83,8
199018,145,159,84,8
199019,145,159,85,8
199020,145,159,86,8
199021,145,159,87,11
199022,145,159,88,11
199023,145,159,89,11
199024,145,159,90,11
199025,145,159,91,8
199026,145,159,92,8
199027,145,159,93,8
199028,145,160,82,8
199029,145,160,83,8
199030,145,160,84,8
199031,145,160,85,8
199032,145,160,86,11
199033,145,160,87,11
199034,145,160,88,11
199035,145,160,89,11
199036,145,160,90,11
199037,145,161,82,8
199038,145,161,83,8
199039,145,161,84,8
199040,145,161,85,11
199041,145,161,86,11
199042,145,161,87,11
199043,145,161,88,11
199044,145,161,89,11
199045,145,161,90,8
199046,145,162,83,8
199047,145,162,84,8
199048,145,162,85,11
199049,145,162,86,11
199050,145,162,87,11
199051,145,162,88,11
199052,145,162,89,11
199053,145,163,83,8
199054,145,163,87,11
199055,145,176,113,6
199056,145,176,114,6
199057,145,176,115,6
199058,145,177,113,4
199059,145,177,114,1
199060,145,177,115,6
199061,145,178,113,4
199062,145,178,114,1
199063,145,178,115,1
199064,145,179,113,4
199065,145,179,114,4
199066,145,179,115,1
199067,145,179,116,6
199068,145,179,117,13
199069,145,179,118,13
199070,145,180,111,4
199071,145,180,112,4
199072,145,180,113,4
199073,145,180,114,1
199074,145,180,115,1
199075,145,180,116,6
199076,145,180,117,6
199077,145,180,118,13
199078,145,181,111,4
199079,145,181,112,4
199080,145,181,113,1
199081,145,181,114,1
199082,145,181,115,1
199083,145,181,116,6
199084,145,181,117,6
199085,145,181,118,13
199086,145,182,111,1
199087,145,182,112,1
199088,145,182,113,6
199089,145,182,114,6
199090,145,182,115,6
199091,145,182,116,6
199092,145,182,117,6
199093,145,182,118,6
199094,145,183,112,6
199095,145,183,113,13
199096,145,183,114,13
199097,145,183,115,13
199098,145,183,116,13
199099,145,183,117,6
199100,145,183,118,9
199101,145,184,112,13
199102,145,184,113,13
199103,145,184,115,13
199104,145,184,116,13
199105,145,185,113,13
199106,145,186,113,13
199107,145,187,113,13
199108,146,151,90,11
199109,146,151,91,11
199110,146,152,89,11
199111,146,152,90,11
199112,146,152,91,11
199113,146,152,93,11
199114,146,152,94,11
199115,146,152,95,11
199116,146,152,96,11
199117,146,153,86,8
199118,146,153,88,11
199119,146,153,89,11
199120,146,153,90,11
199121,146,153,91,11
199122,146,153,92,11
199123,146,153,93,11
199124,146,153,94,11
199125,146,153,95,11
199126,146,153,96,11
199127,146,154,85,8
199128,146,154,86,8
199129,146,154,87,8
199130,146,154,88,11
199131,146,154,89,11
199132,146,154,90,11
199133,146,154,91,11
199134,146,154,92,11
199135,146,154,93,11
199136,146,154,94,11
199137,146,154,95,11
199138,146,154,96,11
199139,146,155,84,8
199140,146,155,85,8
199141,146,155,86,8
199142,146,155,87,8
199143,146,155,88,11
199144,146,155,89,11
199145,146,155,90,11
199146,146,155,91,11
199147,146,155,92,11
199148,146,155,93,11
199149,146,155,94,11
199150,146,155,95,8
199151,146,155,96,8
199152,146,156,83,8
199153,146,156,84,8
199154,146,156,85,8
199155,146,156,86,8
199156,146,156,87,8
199157,146,156,88,11
199158,146,156,89,11
199159,146,156,90,11
199160,146,156,91,11
199161,146,156,92,11
199162,146,156,93,8
199163,146,156,94,8
199164,146,156,95,8
199165,146,156,96,8
199166,146,157,82,8
199167,146,157,83,8
199168,146,157,84,8
199169,146,157,85,8
199170,146,157,86,8
199171,146,157,87,11
199172,146,157,88,11
199173,146,157,89,11
199174,146,157,90,11
199175,146,157,91,8
199176,146,157,92,8
199177,146,157,93,8
199178,146,157,94,8
199179,146,157,95,8
199180,146,157,96,8
199181,146,158,82,8
199182,146,158,83,8
199183,146,158,84,8
199184,146,158,85,8
199185,146,158,86,11
199186,146,158,87,11
199187,146,158,88,11
199188,146,158,89,11
199189,146,158,90,11
199190,146,158,91,8
199191,146,158,92,8
199192,146,158,93,8
199193,146,158,94,8
199194,146,158,95,8
199195,146,159,82,8
199196,146,159,83,8
199197,146,159,84,8
199198,146,159,85,8
199199,146,159,86,11
199200,146,159,87,11
199201,146,159,88,11
199202,146,159,89,11
199203,146,159,90,8
199204,146,159,91,8
199205,146,159,92,8
199206,146,159,93,8
199207,146,159,94,8
199208,146,159,95,8
199209,146,160,82,8
199210,146,160,83,8
199211,146,160,84,8
199212,146,160,85,8
199213,146,160,86,11
199214,146,160,87,11
199215,146,160,88,11
199216,146,160,89,11
199217,146,160,90,8
199218,146,160,92,8
199219,146,161,82,8
199220,146,161,83,8
199221,146,161,84,8
199222,146,161,85,11
199223,146,161,86,11
199224,146,161,87,11
199225,146,161,88,11
199226,146,161,89,8
199227,146,161,90,8
199228,146,162,82,8
199229,146,162,83,8
199230,146,162,84,8
199231,146,162,85,11
199232,146,162,86,11
199233,146,162,87,11
199234,146,162,88,11
199235,146,162,89,8
199236,146,162,90,8
199237,146,163,83,8
199238,146,163,84,11
199239,146,163,85,11
199240,146,163,86,11
199241,146,163,87,11
199242,146,163,88,11
199243,146,163,89,8
199244,146,163,90,8
199245,146,164,82,11
199246,146,164,85,11
199247,146,164,86,11
199248,146,177,113,6
199249,146,177,114,6
199250,146,178,113,1
199251,146,178,114,6
199252,146,178,115,6
199253,146,179,113,4
199254,146,179,114,1
199255,146,179,115,6
199256,146,180,113,1
199257,146,180,114,1
199258,146,180,115,6
199259,146,180,116,13
199260,146,181,112,4
199261,146,181,113,1
199262,146,181,114,6
199263,146,181,115,6
199264,146,181,116,13
199265,146,181,117,13
199266,146,182,112,1
199267,146,182,113,6
199268,146,182,115,13
199269,146,182,116,13
199270,146,182,117,13
199271,146,182,118,9
199272,146,183,113,13
199273,146,183,115,13
199274,146,183,117,9
199275,146,184,113,13
199276,146,185,113,13
199277,146,186,113,13
199278,147,150,95,11
199279,147,151,91,11
199280,147,151,94,11
199281,147,151,95,11
199282,147,151,96,11
199283,147,152,90,11
199284,147,152,91,11
199285,147,152,92,11
199286,147,152,93,11
199287,147,152,94,11
199288,147,152,95,11
199289,147,152,96,11
199290,147,153,89,11
199291,147,153,90,11
199292,147,153,91,11
199293,147,153,92,11
199294,147,153,93,11
199295,147,153,94,11
199296,147,153,95,11
199297,147,153,96,11
199298,147,154,85,11
199299,147,154,86,11
199300,147,154,87,11
199301,147,154,88,11
199302,147,154,89,11
199303,147,154,90,11
199304,147,154,91,11
199305,147,154,92,11
199306,147,154,93,11
199307,147,154,94,11
199308,147,154,95,11
199309,147,154,96,8
199310,147,154,97,8
199311,147,155,84,8
199312,147,155,85,11
199313,147,155,86,11
199314,147,155,87,11
199315,147,155,88,11
199316,147,155,89,11
199317,147,155,90,11
199318,147,155,91,11
199319,147,155,92,11
199320,147,155,93,3
199321,147,155,94,3
199322,147,155,95,8
199323,147,155,96,8
199324,147,155,97,3
199325,147,156,84,8
199326,147,156,85,8
199327,147,156,86,11
199328,147,156,87,11
199329,147,156,88,11
199330,147,156,89,11
199331,147,156,90,11
199332,147,156,91,8
199333,147,156,92,3
199334,147,156,93,3
199335,147,156,94,8
199336,147,156,95,8
199337,147,156,96,8
199338,147,156,97,8
199339,147,157,82,8
199340,147,157,83,8
199341,147,157,84,8
199342,147,157,85,8
199343,147,157,86,11
199344,147,157,87,11
199345,147,157,88,11
199346,147,157,89,11
199347,147,157,90,8
199348,147,157,91,8
199349,147,157,92,3
199350,147,157,93,3
199351,147,157,94,8
199352,147,157,95,8
199353,147,157,96,8
199354,147,157,97,8
199355,147,158,81,8
199356,147,158,82,8
199357,147,158,83,8
199358,147,158,84,8
199359,147,158,85,11
199360,147,158,86,11
199361,147,158,87,11
199362,147,158,88,11
199363,147,158,89,11
199364,147,158,90,8
199365,147,158,91,8
199366,147,158,92,8
199367,147,158,93,8
199368,147,158,94,8
199369,147,158,95,8
199370,147,158,96,8
199371,147,158,97,8
199372,147,159,81,8
199373,147,159,82,8
199374,147,159,83,8
199375,147,159,84,8
199376,147,159,85,11
199377,147,159,86,11
199378,147,159,87,11
199379,147,159,88,11
199380,147,159,89,8
199381,147,159,90,8
199382,147,159,91,8
199383,147,159,92,8
199384,147,159,93,8
199385,147,159,94,8
199386,147,159,95,8
199387,147,159,96,8
199388,147,160,81,8
199389,147,160,82,8
199390,147,160,83,8
199391,147,160,84,8
199392,147,160,85,11
199393,147,160,86,11
199394,147,160,87,11
199395,147,160,88,8
199396,147,160,89,8
199397,147,160,90,8
199398,147,160,91,8
199399,147,160,92,8
199400,147,160,93,8
199401,147,160,94,8
199402,147,161,82,8
199403,147,161,83,8
199404,147,161,84,11
199405,147,161,85,11
199406,147,161,86,11
199407,147,161,87,11
199408,147,161,88,8
199409,147,161,89,8
199410,147,161,90,8
199411,147,161,91,8
199412,147,162,82,8
199413,147,162,83,11
199414,147,162,84,11
199415,147,162,85,11
199416,147,162,86,11
199417,147,162,87,8
199418,147,162,88,8
199419,147,162,89,8
199420,147,162,90,8
199421,147,163,82,11
199422,147,163,83,11
199423,147,163,84,11
199424,147,163,85,11
199425,147,163,86,11
199426,147,163,87,8
199427,147,163,88,8
199428,147,163,89,8
199429,147,163,90,8
199430,147,164,83,11
199431,147,164,84,11
199432,147,164,85,11
199433,147,164,86,8
199434,147,164,87,8
199435,147,164,88,8
199436,147,164,89,8
199437,147,164,90,8
199438,147,165,82,11
199439,147,165,85,8
199440,147,165,86,8
199441,147,165,87,8
199442,147,165,88,8
199443,147,165,89,8
199444,147,166,85,8
199445,147,166,86,8
199446,147,166,87,8
199447,147,166,88,8
199448,147,166,89,8
199449,147,167,86,8
199450,147,167,87,8
199451,147,167,88,8
199452,147,168,86,8
199453,147,168,87,8
199454,147,168,88,8
199455,147,169,88,8
199456,147,178,114,13
199457,147,179,114,6
199458,147,180,113,1
199459,147,181,113,6
199460,147,182,113,6
199461,147,183,113,13
199462,147,184,113,13
199463,148,149,94,11
199464,148,149,95,11
199465,148,149,96,11
199466,148,150,93,11
199467,148,150,94,11
199468,148,150,95,11
199469,148,150,96,11
199470,148,150,97,11
199471,148,151,91,11
199472,148,151,93,11
199473,148,151,94,11
199474,148,151,95,11
199475,148,151,96,11
199476,148,151,97,11
199477,148,152,90,11
199478,148,152,91,11
199479,148,152,92,11
199480,148,152,93,11
199481,148,152,94,11
199482,148,152,95,11
199483,148,152,96,11
199484,148,152,97,11
199485,148,153,89,11
199486,148,153,90,11
199487,148,153,91,11
199488,148,153,92,11
199489,148,153,93,11
199490,148,153,94,11
199491,148,153,95,11
199492,148,153,96,3
199493,148,153,97,8
199494,148,154,87,11
199495,148,154,89,11
199496,148,154,90,11
199497,148,154,91,11
199498,148,154,92,11
199499,148,154,93,11
199500,148,154,94,11
199501,148,154,95,8
199502,148,154,96,3
199503,148,154,97,3
199504,148,155,85,11
199505,148,155,86,11
199506,148,155,87,11
199507,148,155,88,11
199508,148,155,89,11
199509,148,155,90,11
199510,148,155,91,11
199511,148,155,92,3
199512,148,155,93,3
199513,148,155,94,3
199514,148,155,95,8
199515,148,155,96,3
199516,148,155,97,3
199517,148,155,98,3
199518,148,156,84,11
199519,148,156,85,11
199520,148,156,86,11
199521,148,156,87,11
199522,148,156,88,11
199523,148,156,89,11
199524,148,156,90,8
199525,148,156,91,8
199526,148,156,92,3
199527,148,156,93,3
199528,148,156,94,3
199529,148,156,95,8
199530,148,156,96,3
199531,148,156,97,3
199532,148,157,82,11
199533,148,157,83,11
199534,148,157,84,11
199535,148,157,85,11
199536,148,157,86,11
199537,148,157,87,11
199538,148,157,88,11
199539,148,157,89,8
199540,148,157,90,8
199541,148,157,91,3
199542,148,157,92,3
199543,148,157,93,3
199544,148,157,94,3
199545,148,157,95,8
199546,148,157,96,8
199547,148,157,97,3
199548,148,158,81,8
199549,148,158,82,11
199550,148,158,83,11
199551,148,158,84,11
199552,148,158,85,11
199553,148,158,86,11
199554,148,158,87,11
199555,148,158,88,8
199556,148,158,89,8
199557,148,158,90,8
199558,148,158,91,3
199559,148,158,92,3
199560,148,158,93,3
199561,148,158,94,8
199562,148,158,95,8
199563,148,158,96,8
199564,148,158,97,8
199565,148,159,81,8
199566,148,159,82,8
199567,148,159,83,11
199568,148,159,84,11
199569,148,159,85,11
199570,148,159,86,11
199571,148,159,87,11
199572,148,159,88,8
199573,148,159,89,8
199574,148,159,90,8
199575,148,159,91,8
199576,148,159,92,8
199577,148,159,93,8
199578,148,159,94,8
199579,148,159,95,8
199580,148,159,96,8
199581,148,159,97,8
199582,148,160,81,8
199583,148,160,82,8
199584,148,160,83,11
199585,148,160,84,11
199586,148,160,85,11
199587,148,160,86,11
199588,148,160,87,8
199589,148,160,88,8
199590,148,160,89,8
199591,148,160,90,8
199592,148,160,91,8
199593,148,160,92,8
199594,148,160,93,8
199595,148,160,94,8
199596,148,160,95,8
199597,148,160,96,8
199598,148,161,81,8
199599,148,161,82,11
199600,148,161,83,11
199601,148,161,84,11
199602,148,161,85,11
199603,148,161,86,11
199604,148,161,87,8
199605,148,161,88,8
199606,148,161,89,8
199607,148,161,90,8
199608,148,161,91,8
199609,148,161,93,8
199610,148,161,94,8
199611,148,161,95,8
199612,148,162,81,8
199613,148,162,82,11
199614,148,162,83,11
199615,148,162,84,11
199616,148,162,85,11
199617,148,162,86,8
199618,148,162,87,8
199619,148,162,88,8
199620,148,162,89,8
199621,148,162,90,8
199622,148,162,91,8
199623,148,163,82,11
199624,148,163,83,11
199625,148,163,84,11
199626,148,163,85,8
199627,148,163,86,8
199628,148,163,87,8
199629,148,163,88,8
199630,148,163,89,8
199631,148,163,90,8
199632,148,163,91,8
199633,148,164,83,11
199634,148,164,84,8
199635,148,164,85,8
199636,148,164,86,8
199637,148,164,87,8
199638,148,164,88,8
199639,148,164,89,8
199640,148,164,90,8
199641,148,165,82,11
199642,148,165,83,11
199643,148,165,84,8
199644,148,165,85,8
199645,148,165,86,8
199646,148,165,87,8
199647,148,165,88,8
199648,148,165,89,8
199649,148,166,83,8
199650,148,166,85,8
199651,148,166,86,8
199652,148,166,87,8
199653,148,166,88,8
199654,148,166,89,8
199655,148,167,85,8
199656,148,167,86,8
199657,148,167,87,8
199658,148,167,88,8
199659,148,168,85,8
199660,148,168,86,8
199661,148,168,87,8
199662,148,168,88,8
199663,148,169,85,8
199664,148,169,86,8
199665,148,169,87,8
199666,148,169,88,8
199667,148,170,85,8
199668,148,170,87,8
199669,148,182,113,13
199670,148,183,113,13
199671,149,148,94,11
199672,149,148,95,11
199673,149,148,96,11
199674,149,148,98,11
199675,149,149,93,11
199676,149,149,94,11
199677,149,149,95,11
199678,149,149,96,11
199679,149,150,92,11
199680,149,150,93,11
199681,149,150,94,11
199682,149,150,95,11
199683,149,150,96,11
199684,149,150,97,11
199685,149,151,90,11
199686,149,151,91,11
199687,149,151,92,11
199688,149,151,93,11
199689,149,151,94,11
199690,149,151,95,11
199691,149,151,96,3
199692,149,151,97,11
199693,149,152,89,11
199694,149,152,90,11
199695,149,152,91,11
199696,149,152,92,11
199697,149,152,93,11
199698,149,152,94,11
199699,149,152,95,3
199700,149,152,96,3
199701,149,152,97,11
199702,149,153,87,11
199703,149,153,89,11
199704,149,153,90,11
199705,149,153,91,11
199706,149,153,92,11
199707,149,153,93,11
199708,149,153,94,11
199709,149,153,95,3
199710,149,153,96,3
199711,149,153,97,3
199712,149,154,87,11
199713,149,154,88,11
199714,149,154,89,11
199715,149,154,90,11
199716,149,154,91,11
199717,149,154,92,11
199718,149,154,93,11
199719,149,154,94,3
199720,149,154,95,3
199721,149,154,96,3
199722,149,154,97,3
199723,149,154,98,3
199724,149,155,86,11
199725,149,155,87,11
199726,149,155,88,11
199727,149,155,89,11
199728,149,155,90,11
199729,149,155,91,3
199730,149,155,92,3
199731,149,155,93,3
199732,149,155,94,8
199733,149,155,95,8
199734,149,155,96,3
199735,149,155,97,3
199736,149,155,98,3
199737,149,156,84,11
199738,149,156,85,11
199739,149,156,86,11
199740,149,156,87,11
199741,149,156,88,11
199742,149,156,89,11
199743,149,156,90,8
199744,149,156,91,3
199745,149,156,92,3
199746,149,156,93,3
199747,149,156,94,3
199748,149,156,95,3
199749,149,156,96,3
199750,149,156,97,3
199751,149,156,98,3
199752,149,157,82,11
199753,149,157,83,11
199754,149,157,84,11
199755,149,157,85,11
199756,149,157,86,11
199757,149,157,87,11
199758,149,157,88,8
199759,149,157,89,8
199760,149,157,90,3
199761,149,157,91,3
199762,149,157,92,3
199763,149,157,93,3
199764,149,157,94,3
199765,149,157,95,3
199766,149,157,96,3
199767,149,157,97,3
199768,149,158,81,11
199769,149,158,82,11
199770,149,158,83,11
199771,149,158,84,11
199772,149,158,85,11
199773,149,158,86,11
199774,149,158,87,11
199775,149,158,88,8
199776,149,158,89,8
199777,149,158,90,3
199778,149,158,91,3
199779,149,158,92,3
199780,149,158,93,3
199781,149,158,94,3
199782,149,158,95,8
199783,149,158,96,8
199784,149,158,97,8
199785,149,159,81,11
199786,149,159,82,11
199787,149,159,83,11
199788,149,159,84,11
199789,149,159,85,11
199790,149,159,86,11
199791,149,159,87,8
199792,149,159,88,8
199793,149,159,89,8
199794,149,159,90,8
199795,149,159,91,8
199796,149,159,92,3
199797,149,159,93,3
199798,149,159,94,8
199799,149,159,95,8
199800,149,159,96,8
199801,149,160,80,8
199802,149,160,81,11
199803,149,160,82,11
199804,149,160,83,11
199805,149,160,84,11
199806,149,160,85,11
199807,149,160,86,11
199808,149,160,87,8
199809,149,160,88,8
199810,149,160,89,8
199811,149,160,90,8
199812,149,160,91,8
199813,149,160,92,8
199814,149,160,93,8
199815,149,160,94,8
199816,149,160,95,8
199817,149,161,81,11
199818,149,161,82,11
199819,149,161,83,11
199820,149,161,84,11
199821,149,161,85,11
199822,149,161,86,8
199823,149,161,87,8
199824,149,161,88,8
199825,149,161,89,8
199826,149,161,90,8
199827,149,161,91,8
199828,149,161,92,8
199829,149,161,93,8
199830,149,161,94,8
199831,149,161,95,8
199832,149,162,81,11
199833,149,162,82,11
199834,149,162,83,11
199835,149,162,84,11
199836,149,162,85,8
199837,149,162,86,8
199838,149,162,87,8
199839,149,162,88,8
199840,149,162,89,8
199841,149,162,90,8
199842,149,162,91,8
199843,149,162,93,8
199844,149,163,81,11
199845,149,163,82,11
199846,149,163,83,11
199847,149,163,84,8
199848,149,163,85,8
199849,149,163,86,8
199850,149,163,87,8
199851,149,163,88,8
199852,149,163,89,8
199853,149,163,90,8
199854,149,163,91,8
199855,149,164,83,8
199856,149,164,84,8
199857,149,164,85,8
199858,149,164,86,8
199859,149,164,87,8
199860,149,164,88,8
199861,149,164,89,8
199862,149,164,90,8
199863,149,165,82,8
199864,149,165,83,8
199865,149,165,84,8
199866,149,165,85,8
199867,149,165,86,8
199868,149,165,87,8
199869,149,165,88,8
199870,149,165,89,8
199871,149,165,90,8
199872,149,166,82,8
199873,149,166,83,8
199874,149,166,84,8
199875,149,166,85,8
199876,149,166,86,8
199877,149,166,87,8
199878,149,166,88,8
199879,149,166,89,8
199880,149,167,84,8
199881,149,167,85,8
199882,149,167,86,8
199883,149,167,87,8
199884,149,167,88,8
199885,149,168,85,8
199886,149,168,86,8
199887,149,168,87,8
199888,149,168,88,8
199889,149,169,85,8
199890,149,169,86,8
199891,149,169,87,8
199892,149,169,88,8
199893,149,170,85,8
199894,149,170,87,8
199895,149,182,113,13
199896,150,147,95,11
199897,150,147,96,11
199898,150,147,97,11
199899,150,147,98,11
199900,150,148,93,11
199901,150,148,94,11
199902,150,148,95,11
199903,150,148,96,11
199904,150,148,97,11
199905,150,148,98,11
199906,150,149,92,11
199907,150,149,93,11
199908,150,149,94,11
199909,150,149,95,11
199910,150,149,96,3
199911,150,149,97,11
199912,150,150,90,11
199913,150,150,91,11
199914,150,150,92,11
199915,150,150,93,11
199916,150,150,94,11
199917,150,150,95,3
199918,150,150,96,3
199919,150,150,97,11
199920,150,151,89,11
199921,150,151,90,11
199922,150,151,91,11
199923,150,151,92,11
199924,150,151,93,11
199925,150,151,94,11
199926,150,151,95,3
199927,150,151,96,3
199928,150,151,97,11
199929,150,152,89,11
199930,150,152,90,11
199931,150,152,91,11
199932,150,152,92,11
199933,150,152,93,11
199934,150,152,94,3
199935,150,152,95,3
199936,150,152,96,3
199937,150,152,97,11
199938,150,153,87,11
199939,150,153,88,11
199940,150,153,89,11
199941,150,153,90,11
199942,150,153,91,11
199943,150,153,92,11
199944,150,153,93,11
199945,150,153,94,3
199946,150,153,95,3
199947,150,153,96,3
199948,150,153,97,3
199949,150,153,98,11
199950,150,154,87,11
199951,150,154,88,11
199952,150,154,89,11
199953,150,154,90,11
199954,150,154,91,11
199955,150,154,92,3
199956,150,154,93,3
199957,150,154,94,3
199958,150,154,95,3
199959,150,154,96,3
199960,150,154,97,3
199961,150,154,98,3
199962,150,155,87,11
199963,150,155,88,11
199964,150,155,89,11
199965,150,155,90,3
199966,150,155,91,3
199967,150,155,92,3
199968,150,155,93,3
199969,150,155,94,8
199970,150,155,95,3
199971,150,155,96,3
199972,150,155,97,3
199973,150,155,98,3
199974,150,156,85,11
199975,150,156,86,11
199976,150,156,87,11
199977,150,156,88,11
199978,150,156,89,11
199979,150,156,90,3
199980,150,156,91,3
199981,150,156,92,3
199982,150,156,93,3
199983,150,156,94,8
199984,150,156,95,8
199985,150,156,96,3
199986,150,156,97,3
199987,150,156,98,3
199988,150,157,83,11
199989,150,157,84,11
199990,150,157,85,11
199991,150,157,86,11
199992,150,157,87,11
199993,150,157,88,8
199994,150,157,89,8
199995,150,157,90,3
199996,150,157,91,3
199997,150,157,92,3
199998,150,157,93,3
199999,150,157,94,8
200000,150,157,95,8
200001,150,157,96,3
200002,150,157,97,3
200003,150,158,82,11
200004,150,158,83,11
200005,150,158,84,11
200006,150,158,85,11
200007,150,158,86,11
200008,150,158,87,8
200009,150,158,88,8
200010,150,158,89,8
200011,150,158,90,3
200012,150,158,91,3
200013,150,158,92,3
200014,150,158,93,3
200015,150,158,94,3
200016,150,158,95,8
200017,150,158,96,8
200018,150,159,81,11
200019,150,159,82,11
200020,150,159,83,11
200021,150,159,84,11
200022,150,159,85,11
200023,150,159,86,11
200024,150,159,87,8
200025,150,159,88,8
200026,150,159,89,8
200027,150,159,90,8
200028,150,159,91,3
200029,150,159,92,3
200030,150,159,93,3
200031,150,159,94,8
200032,150,159,95,8
200033,150,160,80,11
200034,150,160,81,11
200035,150,160,82,11
200036,150,160,83,11
200037,150,160,84,11
200038,150,160,85,11
200039,150,160,86,8
200040,150,160,87,8
200041,150,160,88,8
200042,150,160,89,8
200043,150,160,90,8
200044,150,160,91,8
200045,150,160,92,8
200046,150,160,93,8
200047,150,160,94,8
200048,150,160,95,8
200049,150,161,80,11
200050,150,161,81,11
200051,150,161,82,11
200052,150,161,83,11
200053,150,161,84,11
200054,150,161,85,8
200055,150,161,86,8
200056,150,161,87,8
200057,150,161,88,8
200058,150,161,89,8
200059,150,161,90,8
200060,150,161,91,8
200061,150,161,92,8
200062,150,161,93,8
200063,150,161,94,8
200064,150,161,95,8
200065,150,162,80,11
200066,150,162,81,11
200067,150,162,82,11
200068,150,162,83,11
200069,150,162,84,8
200070,150,162,85,8
200071,150,162,86,8
200072,150,162,87,8
200073,150,162,88,8
200074,150,162,89,8
200075,150,162,90,8
200076,150,162,91,8
200077,150,162,92,8
200078,150,162,93,8
200079,150,162,94,16
200080,150,162,95,16
200081,150,162,96,16
200082,150,162,97,16
200083,150,162,98,16
200084,150,162,99,16
200085,150,163,81,11
200086,150,163,82,11
200087,150,163,83,8
200088,150,163,84,8
200089,150,163,85,8
200090,150,163,86,8
200091,150,163,87,8
200092,150,163,88,8
200093,150,163,89,8
200094,150,163,90,8
200095,150,163,91,8
200096,150,163,92,8
200097,150,163,93,16
200098,150,163,94,16
200099,150,163,95,16
200100,150,163,96,16
200101,150,163,97,16
200102,150,163,98,16
200103,150,163,99,16
200104,150,164,82,8
200105,150,164,83,8
200106,150,164,84,8
200107,150,164,85,8
200108,150,164,86,8
200109,150,164,87,8
200110,150,164,88,8
200111,150,164,89,8
200112,150,164,90,8
200113,150,164,92,16
200114,150,164,93,16
200115,150,164,94,16
200116,150,164,95,16
200117,150,164,96,16
200118,150,164,97,16
200119,150,164,98,16
200120,150,164,99,16
200121,150,164,105,7
200122,150,165,83,8
200123,150,165,84,8
200124,150,165,85,8
200125,150,165,86,8
200126,150,165,87,8
200127,150,165,88,8
200128,150,165,89,8
200129,150,165,90,16
200130,150,165,91,16
200131,150,165,92,16
200132,150,165,93,16
200133,150,165,94,16
200134,150,165,95,16
200135,150,165,96,16
200136,150,165,97,16
200137,150,165,98,16
200138,150,165,99,16
200139,150,166,82,8
200140,150,166,83,8
200141,150,166,84,8
200142,150,166,85,8
200143,150,166,86,8
200144,150,166,87,8
200145,150,166,88,8
200146,150,166,89,16
200147,150,166,90,16
200148,150,166,91,16
200149,150,166,92,16
200150,150,166,93,16
200151,150,166,94,16
200152,150,166,95,16
200153,150,166,96,16
200154,150,166,97,16
200155,150,166,98,16
200156,150,167,83,8
200157,150,167,84,8
200158,150,167,85,8
200159,150,167,86,8
200160,150,167,87,8
200161,150,167,88,8
200162,150,167,91,16
200163,150,167,92,16
200164,150,167,93,16
200165,150,167,94,16
200166,150,167,95,16
200167,150,167,96,16
200168,150,167,97,16
200169,150,168,84,8
200170,150,168,85,8
200171,150,168,86,8
200172,150,168,87,8
200173,150,168,91,16
200174,150,168,92,16
200175,150,168,93,16
200176,150,168,94,16
200177,150,168,95,16
200178,150,168,96,16
200179,150,169,85,8
200180,150,169,86,8
200181,150,169,87,8
200182,150,169,91,16
200183,150,169,92,16
200184,150,169,93,16
200185,150,169,94,16
200186,150,170,85,8
200187,150,170,92,16
200188,151,146,94,11
200189,151,146,95,11
200190,151,146,96,11
200191,151,147,93,11
200192,151,147,94,11
200193,151,147,95,11
200194,151,147,96,11
200195,151,147,97,11
200196,151,147,98,11
200197,151,148,93,11
200198,151,148,94,11
200199,151,148,95,11
200200,151,148,96,11
200201,151,148,97,11
200202,151,148,98,11
200203,151,149,90,11
200204,151,149,91,11
200205,151,149,92,11
200206,151,149,93,11
200207,151,149,94,11
200208,151,149,95,3
200209,151,149,96,3
200210,151,149,97,11
200211,151,149,98,11
200212,151,150,89,11
200213,151,150,90,11
200214,151,150,91,11
200215,151,150,92,11
200216,151,150,93,11
200217,151,150,94,3
200218,151,150,95,3
200219,151,150,96,11
200220,151,150,97,11
200221,151,151,89,11
200222,151,151,90,11
200223,151,151,91,11
200224,151,151,92,11
200225,151,151,93,11
200226,151,151,94,3
200227,151,151,95,11
200228,151,151,96,11
200229,151,151,97,11
200230,151,152,88,11
200231,151,152,89,11
200232,151,152,90,11
200233,151,152,91,11
200234,151,152,92,11
200235,151,152,93,3
200236,151,152,94,3
200237,151,152,95,3
200238,151,152,96,3
200239,151,152,97,11
200240,151,152,98,11
200241,151,153,87,11
200242,151,153,88,11
200243,151,153,89,11
200244,151,153,90,11
200245,151,153,91,11
200246,151,153,92,3
200247,151,153,93,3
200248,151,153,94,3
200249,151,153,95,3
200250,151,153,96,3
200251,151,153,97,3
200252,151,153,98,3
200253,151,154,87,11
200254,151,154,88,11
200255,151,154,89,11
200256,151,154,90,11
200257,151,154,91,3
200258,151,154,92,3
200259,151,154,93,3
200260,151,154,94,8
200261,151,154,95,3
200262,151,154,96,3
200263,151,154,97,3
200264,151,154,98,3
200265,151,155,87,11
200266,151,155,88,11
200267,151,155,89,11
200268,151,155,90,3
200269,151,155,91,3
200270,151,155,92,3
200271,151,155,93,3
200272,151,155,94,8
200273,151,155,95,3
200274,151,155,96,3
200275,151,155,97,3
200276,151,155,98,15
200277,151,156,85,11
200278,151,156,86,11
200279,151,156,87,11
200280,151,156,88,11
200281,151,156,89,8
200282,151,156,90,3
200283,151,156,91,3
200284,151,156,92,3
200285,151,156,93,3
200286,151,156,94,8
200287,151,156,95,8
200288,151,156,96,3
200289,151,156,97,3
200290,151,156,98,3
200291,151,157,84,11
200292,151,157,85,11
200293,151,157,86,11
200294,151,157,87,11
200295,151,157,88,8
200296,151,157,89,8
200297,151,157,90,3
200298,151,157,91,3
200299,151,157,92,3
200300,151,157,93,3
200301,151,157,94,8
200302,151,157,95,8
200303,151,157,96,8
200304,151,157,97,3
200305,151,158,82,11
200306,151,158,83,11
200307,151,158,84,11
200308,151,158,85,11
200309,151,158,86,11
200310,151,158,87,8
200311,151,158,88,8
200312,151,158,89,8
200313,151,158,90,8
200314,151,158,91,3
200315,151,158,92,3
200316,151,158,93,3
200317,151,158,94,3
200318,151,158,95,8
200319,151,158,96,8
200320,151,159,81,11
200321,151,159,82,11
200322,151,159,83,11
200323,151,159,84,11
200324,151,159,85,11
200325,151,159,86,8
200326,151,159,87,8
200327,151,159,88,8
200328,151,159,89,8
200329,151,159,90,8
200330,151,159,91,3
200331,151,159,92,3
200332,151,159,93,8
200333,151,159,94,8
200334,151,159,95,8
200335,151,160,81,11
200336,151,160,82,11
200337,151,160,83,11
200338,151,160,84,11
200339,151,160,85,11
200340,151,160,86,8
200341,151,160,87,8
200342,151,160,88,8
200343,151,160,89,8
200344,151,160,90,8
200345,151,160,91,8
200346,151,160,92,8
200347,151,160,93,8
200348,151,160,94,16
200349,151,160,95,16
200350,151,161,80,11
200351,151,161,81,11
200352,151,161,82,11
200353,151,161,83,11
200354,151,161,84,11
200355,151,161,85,8
200356,151,161,86,8
200357,151,161,87,8
200358,151,161,88,8
200359,151,161,89,8
200360,151,161,90,8
200361,151,161,91,8
200362,151,161,92,8
200363,151,161,93,16
200364,151,161,94,16
200365,151,161,95,16
200366,151,161,96,16
200367,151,161,97,16
200368,151,161,98,16
200369,151,161,99,16
200370,151,161,101,16
200371,151,161,102,16
200372,151,162,80,11
200373,151,162,81,11
200374,151,162,82,11
200375,151,162,83,8
200376,151,162,84,8
200377,151,162,85,8
200378,151,162,86,8
200379,151,162,87,8
200380,151,162,88,16
200381,151,162,89,16
200382,151,162,90,16
200383,151,162,91,16
200384,151,162,92,16
200385,151,162,93,5
200386,151,162,94,5
200387,151,162,95,5
200388,151,162,96,5
200389,151,162,97,5
200390,151,162,98,16
200391,151,162,99,16
200392,151,162,100,16
200393,151,162,101,16
200394,151,162,105,2
200395,151,162,108,2
200396,151,162,109,2
200397,151,163,81,11
200398,151,163,82,8
200399,151,163,83,8
200400,151,163,84,8
200401,151,163,85,8
200402,151,163,86,8
200403,151,163,87,16
200404,151,163,88,16
200405,151,163,89,16
200406,151,163,90,16
200407,151,163,91,16
200408,151,163,92,16
200409,151,163,93,5
200410,151,163,94,5
200411,151,163,95,5
200412,151,163,96,5
200413,151,163,97,5
200414,151,163,98,5
200415,151,163,99,5
200416,151,163,100,16
200417,151,163,101,16
200418,151,163,103,16
200419,151,163,104,2
200420,151,163,105,2
200421,151,163,106,7
200422,151,163,108,2
200423,151,163,109,2
200424,151,163,110,2
200425,151,164,82,8
200426,151,164,83,8
200427,151,164,84,8
200428,151,164,85,8
200429,151,164,86,8
200430,151,164,87,16
200431,151,164,88,16
200432,151,164,89,16
200433,151,164,90,16
200434,151,164,91,16
200435,151,164,92,16
200436,151,164,93,5
200437,151,164,94,5
200438,151,164,95,5
200439,151,164,96,5
200440,151,164,97,5
200441,151,164,98,5
200442,151,164,99,5
200443,151,164,100,5
200444,151,164,101,16
200445,151,164,102,2
200446,151,164,104,2
200447,151,164,105,2
200448,151,164,106,7
200449,151,164,108,7
200450,151,164,109,2
200451,151,164,110,2
200452,151,165,83,8
200453,151,165,84,8
200454,151,165,85,8
200455,151,165,86,8
200456,151,165,87,16
200457,151,165,88,16
200458,151,165,89,16
200459,151,165,90,16
200460,151,165,91,16
200461,151,165,92,16
200462,151,165,93,5
200463,151,165,94,5
200464,151,165,95,5
200465,151,165,96,5
200466,151,165,97,5
200467,151,165,98,5
200468,151,165,99,5
200469,151,165,100,16
200470,151,165,101,16
200471,151,165,102,16
200472,151,165,105,2
200473,151,165,106,7
200474,151,166,83,8
200475,151,166,84,8
200476,151,166,85,8
200477,151,166,86,8
200478,151,166,87,16
200479,151,166,88,16
200480,151,166,89,16
200481,151,166,90,16
200482,151,166,91,16
200483,151,166,92,16
200484,151,166,93,5
200485,151,166,94,5
200486,151,166,95,5
200487,151,166,96,5
200488,151,166,97,5
200489,151,166,98,5
200490,151,166,99,5
200491,151,166,100,16
200492,151,166,101,16
200493,151,166,102,16
200494,151,166,104,16
200495,151,167,83,8
200496,151,167,84,8
200497,151,167,85,8
200498,151,167,86,8
200499,151,167,87,16
200500,151,167,88,16
200501,151,167,89,16
200502,151,167,90,16
200503,151,167,91,16
200504,151,167,92,16
200505,151,167,93,16
200506,151,167,94,5
200507,151,167,95,5
200508,151,167,96,16
200509,151,167,97,16
200510,151,167,98,5
200511,151,167,99,16
200512,151,167,100,16
200513,151,168,85,8
200514,151,168,86,8
200515,151,168,87,16
200516,151,168,88,16
200517,151,168,89,16
200518,151,168,90,16
200519,151,168,91,16
200520,151,168,92,16
200521,151,168,93,16
200522,151,168,94,16
200523,151,168,95,16
200524,151,168,96,16
200525,151,168,97,16
200526,151,168,98,16
200527,151,168,99,16
200528,151,168,100,16
200529,151,169,85,8
200530,151,169,87,16
200531,151,169,89,16
200532,151,169,90,16
200533,151,169,91,16
200534,151,169,92,16
200535,151,169,93,16
200536,151,169,94,16
200537,151,169,95,16
200538,151,169,96,16
200539,151,169,97,16
200540,151,169,98,16
200541,151,169,99,16
200542,151,169,100,16
200543,151,170,89,16
200544,151,170,90,16
200545,151,170,91,16
200546,151,170,92,16
200547,151,170,93,16
200548,151,170,94,16
200549,151,170,95,16
200550,151,170,96,16
200551,151,170,97,16
200552,151,171,90,16
200553,151,171,91,16
200554,151,171,92,16
200555,151,171,93,16
200556,151,171,94,16
200557,151,171,95,16
200558,151,172,91,16
200559,151,172,92,16
200560,151,172,93,16
200561,151,172,94,16
200562,152,146,93,11
200563,152,146,94,11
200564,152,146,95,11
200565,152,146,96,11
200566,152,147,93,11
200567,152,147,94,11
200568,152,147,95,11
200569,152,147,96,11
200570,152,147,97,11
200571,152,147,98,11
200572,152,148,92,11
200573,152,148,93,11
200574,152,148,94,11
200575,152,148,95,11
200576,152,148,96,11
200577,152,148,97,11
200578,152,148,98,11
200579,152,149,90,11
200580,152,149,91,11
200581,152,149,92,11
200582,152,149,93,11
200583,152,149,94,3
200584,152,149,95,3
200585,152,149,96,11
200586,152,149,97,11
200587,152,149,98,11
200588,152,150,89,11
200589,152,150,90,11
200590,152,150,91,11
200591,152,150,92,11
200592,152,150,93,11
200593,152,150,94,3
200594,152,150,95,3
200595,152,150,96,11
200596,152,150,97,11
200597,152,150,98,11
200598,152,151,89,11
200599,152,151,90,11
200600,152,151,91,11
200601,152,151,92,11
200602,152,151,93,3
200603,152,151,94,3
200604,152,151,95,11
200605,152,151,96,11
200606,152,151,97,11
200607,152,151,98,11
200608,152,152,89,11
200609,152,152,90,11
200610,152,152,91,11
200611,152,152,92,3
200612,152,152,93,3
200613,152,152,94,3
200614,152,152,95,3
200615,152,152,96,3
200616,152,152,97,3
200617,152,152,98,3
200618,152,153,87,11
200619,152,153,88,11
200620,152,153,89,11
200621,152,153,90,11
200622,152,153,91,3
200623,152,153,92,3
200624,152,153,93,3
200625,152,153,94,3
200626,152,153,95,3
200627,152,153,96,3
200628,152,153,97,3
200629,152,153,98,3
200630,152,154,87,11
200631,152,154,88,11
200632,152,154,89,11
200633,152,154,90,3
200634,152,154,91,3
200635,152,154,92,3
200636,152,154,93,3
200637,152,154,94,8
200638,152,154,95,3
200639,152,154,96,3
200640,152,154,97,3
200641,152,154,98,3
200642,152,155,86,11
200643,152,155,87,11
200644,152,155,88,11
200645,152,155,89,11
200646,152,155,90,3
200647,152,155,91,3
200648,152,155,92,3
200649,152,155,93,3
200650,152,155,94,8
200651,152,155,95,3
200652,152,155,96,3
200653,152,155,97,3
200654,152,156,85,11
200655,152,156,86,11
200656,152,156,87,11
200657,152,156,88,11
200658,152,156,89,8
200659,152,156,90,3
200660,152,156,91,3
200661,152,156,92,3
200662,152,156,93,3
200663,152,156,94,8
200664,152,156,95,8
200665,152,156,96,3
200666,152,157,84,11
200667,152,157,85,11
200668,152,157,86,11
200669,152,157,87,11
200670,152,157,88,8
200671,152,157,89,8
200672,152,157,90,3
200673,152,157,91,3
200674,152,157,92,3
200675,152,157,93,3
200676,152,157,94,8
200677,152,157,95,8
200678,152,157,96,8
200679,152,158,84,11
200680,152,158,85,11
200681,152,158,86,11
200682,152,158,87,8
200683,152,158,88,8
200684,152,158,89,8
200685,152,158,90,8
200686,152,158,91,3
200687,152,158,92,3
200688,152,158,93,8
200689,152,158,94,8
200690,152,158,95,8
200691,152,158,96,8
200692,152,159,83,11
200693,152,159,84,11
200694,152,159,85,11
200695,152,159,86,11
200696,152,159,87,8
200697,152,159,88,8
200698,152,159,89,8
200699,152,159,90,8
200700,152,159,91,8
200701,152,159,92,8
200702,152,159,93,16
200703,152,159,94,16
200704,152,159,95,16
200705,152,159,96,16
200706,152,159,99,16
200707,152,159,100,16
200708,152,160,82,11
200709,152,160,83,11
200710,152,160,84,11
200711,152,160,85,11
200712,152,160,86,8
200713,152,160,87,8
200714,152,160,88,8
200715,152,160,89,8
200716,152,160,90,8
200717,152,160,91,16
200718,152,160,92,16
200719,152,160,93,5
200720,152,160,94,5
200721,152,160,95,5
200722,152,160,96,5
200723,152,160,97,5
200724,152,160,98,16
200725,152,160,99,16
200726,152,160,100,16
200727,152,160,101,16
200728,152,160,102,16
200729,152,161,82,11
200730,152,161,83,11
200731,152,161,84,11
200732,152,161,85,8
200733,152,161,86,8
200734,152,161,87,8
200735,152,161,88,8
200736,152,161,89,8
200737,152,161,90,8
200738,152,161,91,16
200739,152,161,92,5
200740,152,161,93,5
200741,152,161,94,5
200742,152,161,95,5
200743,152,161,96,5
200744,152,161,97,5
200745,152,161,98,5
200746,152,161,99,5
200747,152,161,100,16
200748,152,161,101,16
200749,152,161,102,16
200750,152,161,103,16
200751,152,161,105,2
200752,152,162,82,8
200753,152,162,83,8
200754,152,162,84,8
200755,152,162,85,8
200756,152,162,86,8
200757,152,162,87,16
200758,152,162,88,16
200759,152,162,89,16
200760,152,162,90,16
200761,152,162,91,5
200762,152,162,92,5
200763,152,162,93,5
200764,152,162,94,5
200765,152,162,95,15
200766,152,162,96,15
200767,152,162,97,15
200768,152,162,98,5
200769,152,162,99,5
200770,152,162,100,5
200771,152,162,101,16
200772,152,162,102,16
200773,152,162,103,16
200774,152,162,105,2
200775,152,162,107,7
200776,152,162,108,2
200777,152,162,109,2
200778,152,162,110,2
200779,152,163,82,8
200780,152,163,83,8
200781,152,163,84,8
200782,152,163,85,8
200783,152,163,86,8
200784,152,163,87,16
200785,152,163,88,16
200786,152,163,89,16
200787,152,163,90,16
200788,152,163,91,5
200789,152,163,92,5
200790,152,163,93,5
200791,152,163,94,5
200792,152,163,95,15
200793,152,163,96,15
200794,152,163,97,15
200795,152,163,98,5
200796,152,163,99,5
200797,152,163,100,5
200798,152,163,101,5
200799,152,163,102,5
200800,152,163,103,16
200801,152,163,104,16
200802,152,163,105,2
200803,152,163,106,2
200804,152,163,107,7
200805,152,163,108,2
200806,152,163,109,2
200807,152,163,110,2
200808,152,164,83,8
200809,152,164,84,8
200810,152,164,85,8
200811,152,164,86,8
200812,152,164,87,16
200813,152,164,88,16
200814,152,164,89,16
200815,152,164,90,16
200816,152,164,91,5
200817,152,164,92,5
200818,152,164,93,5
200819,152,164,94,5
200820,152,164,95,5
200821,152,164,96,15
200822,152,164,97,15
200823,152,164,98,5
200824,152,164,99,5
200825,152,164,100,5
200826,152,164,101,5
200827,152,164,102,5
200828,152,164,103,5
200829,152,164,104,16
200830,152,164,105,2
200831,152,164,106,2
200832,152,164,107,7
200833,152,164,108,2
200834,152,164,109,2
200835,152,164,110,2
200836,152,164,111,2
200837,152,165,84,8
200838,152,165,85,8
200839,152,165,86,8
200840,152,165,87,16
200841,152,165,88,16
200842,152,165,89,16
200843,152,165,90,16
200844,152,165,91,5
200845,152,165,92,5
200846,152,165,93,5
200847,152,165,94,5
200848,152,165,95,5
200849,152,165,96,5
200850,152,165,97,15
200851,152,165,98,5
200852,152,165,99,15
200853,152,165,100,5
200854,152,165,101,5
200855,152,165,102,5
200856,152,165,103,16
200857,152,165,104,16
200858,152,165,105,2
200859,152,165,106,2
200860,152,165,107,7
200861,152,165,108,7
200862,152,165,109,2
200863,152,165,110,2
200864,152,165,111,2
200865,152,166,85,8
200866,152,166,86,8
200867,152,166,87,16
200868,152,166,88,16
200869,152,166,89,16
200870,152,166,90,16
200871,152,166,91,5
200872,152,166,92,15
200873,152,166,93,15
200874,152,166,94,5
200875,152,166,95,5
200876,152,166,96,5
200877,152,166,97,15
200878,152,166,98,15
200879,152,166,99,15
200880,152,166,100,5
200881,152,166,101,5
200882,152,166,102,16
200883,152,166,103,16
200884,152,166,104,16
200885,152,166,105,16
200886,152,166,106,2
200887,152,166,107,7
200888,152,166,109,7
200889,152,166,110,7
200890,152,167,84,8
200891,152,167,85,8
200892,152,167,86,8
200893,152,167,87,16
200894,152,167,88,16
200895,152,167,89,16
200896,152,167,90,16
200897,152,167,91,8
200898,152,167,92,15
200899,152,167,93,15
200900,152,167,94,15
200901,152,167,95,5
200902,152,167,96,5
200903,152,167,97,15
200904,152,167,98,15
200905,152,167,99,5
200906,152,167,100,5
200907,152,167,101,16
200908,152,167,102,16
200909,152,167,103,16
200910,152,167,104,16
200911,152,168,85,8
200912,152,168,86,16
200913,152,168,87,16
200914,152,168,88,16
200915,152,168,89,16
200916,152,168,90,16
200917,152,168,91,8
200918,152,168,92,5
200919,152,168,93,15
200920,152,168,94,15
200921,152,168,95,5
200922,152,168,96,5
200923,152,168,97,15
200924,152,168,98,15
200925,152,168,99,5
200926,152,168,100,16
200927,152,168,101,16
200928,152,168,102,16
200929,152,168,103,16
200930,152,168,104,16
200931,152,169,87,16
200932,152,169,88,16
200933,152,169,89,16
200934,152,169,90,16
200935,152,169,91,8
200936,152,169,92,16
200937,152,169,93,5
200938,152,169,94,5
200939,152,169,95,5
200940,152,169,96,5
200941,152,169,97,5
200942,152,169,98,16
200943,152,169,99,16
200944,152,169,100,16
200945,152,169,101,16
200946,152,169,102,16
200947,152,169,103,2
200948,152,169,104,16
200949,152,170,88,16
200950,152,170,89,16
200951,152,170,90,16
200952,152,170,91,16
200953,152,170,92,16
200954,152,170,93,5
200955,152,170,94,5
200956,152,170,95,5
200957,152,170,96,16
200958,152,170,97,16
200959,152,170,98,16
200960,152,170,99,16
200961,152,170,100,16
200962,152,170,101,16
200963,152,170,104,16
200964,152,171,88,16
200965,152,171,89,16
200966,152,171,90,16
200967,152,171,91,16
200968,152,171,92,16
200969,152,171,93,16
200970,152,171,94,16
200971,152,171,95,16
200972,152,171,96,16
200973,152,171,97,16
200974,152,171,98,16
200975,152,172,88,16
200976,152,172,89,16
200977,152,172,90,16
200978,152,172,91,16
200979,152,172,92,16
200980,152,172,93,16
200981,152,172,94,16
200982,152,172,95,16
200983,152,172,96,16
200984,152,173,89,16
200985,152,173,91,16
200986,152,173,92,16
200987,152,173,93,16
200988,152,173,94,16
200989,152,174,91,16
200990,152,174,92,16
200991,152,174,93,16
200992,152,174,104,1
200993,152,175,104,1
200994,152,175,106,6
200995,152,176,101,16
200996,152,176,102,16
200997,152,177,100,16
200998,152,177,101,16
200999,152,177,102,16
201000,152,178,101,16
201001,153,146,93,11
201002,153,146,94,11
201003,153,146,95,11
201004,153,146,96,11
201005,153,147,90,11
201006,153,147,91,11
201007,153,147,92,11
201008,153,147,93,11
201009,153,147,94,11
201010,153,147,95,11
201011,153,147,96,11
201012,153,147,97,11
201013,153,147,98,11
201014,153,148,90,11
201015,153,148,91,11
201016,153,148,92,11
201017,153,148,93,11
201018,153,148,94,11
201019,153,148,95,11
201020,153,148,96,11
201021,153,148,97,11
201022,153,148,98,11
201023,153,149,90,11
201024,153,149,91,11
201025,153,149,92,11
201026,153,149,93,3
201027,153,149,94,3
201028,153,149,95,3
201029,153,149,96,11
201030,153,149,97,11
201031,153,149,98,11
201032,153,150,90,11
201033,153,150,91,11
201034,153,150,92,11
201035,153,150,93,3
201036,153,150,94,3
201037,153,150,95,11
201038,153,150,96,11
201039,153,150,97,11
201040,153,150,98,3
201041,153,151,89,11
201042,153,151,90,11
201043,153,151,91,11
201044,153,151,92,3
201045,153,151,93,3
201046,153,151,94,11
201047,153,151,95,11
201048,153,151,96,11
201049,153,151,97,11
201050,153,151,98,3
201051,153,152,89,11
201052,153,152,90,11
201053,153,152,91,3
201054,153,152,92,3
201055,153,152,93,3
201056,153,152,94,11
201057,153,152,95,11
201058,153,152,96,3
201059,153,152,97,3
201060,153,152,98,3
201061,153,153,89,11
201062,153,153,90,11
201063,153,153,91,3
201064,153,153,92,3
201065,153,153,93,3
201066,153,153,94,8
201067,153,153,95,3
201068,153,153,96,3
201069,153,153,97,3
201070,153,153,98,3
201071,153,154,87,11
201072,153,154,88,11
201073,153,154,89,11
201074,153,154,90,3
201075,153,154,91,3
201076,153,154,92,3
201077,153,154,93,3
201078,153,154,94,8
201079,153,154,95,3
201080,153,154,96,3
201081,153,154,97,3
201082,153,155,86,11
201083,153,155,87,11
201084,153,155,88,11
201085,153,155,89,3
201086,153,155,90,3
201087,153,155,91,3
201088,153,155,92,3
201089,153,155,93,3
201090,153,155,94,8
201091,153,155,95,3
201092,153,155,96,3
201093,153,156,85,11
201094,153,156,86,11
201095,153,156,87,11
201096,153,156,88,11
201097,153,156,89,8
201098,153,156,90,3
201099,153,156,91,3
201100,153,156,92,3
201101,153,156,93,3
201102,153,156,94,8
201103,153,156,95,8
201104,153,156,96,3
201105,153,157,85,11
201106,153,157,86,11
201107,153,157,87,11
201108,153,157,88,8
201109,153,157,89,8
201110,153,157,90,3
201111,153,157,91,3
201112,153,157,92,3
201113,153,157,93,8
201114,153,157,94,8
201115,153,157,95,8
201116,153,157,96,8
201117,153,158,84,11
201118,153,158,85,11
201119,153,158,86,11
201120,153,158,87,8
201121,153,158,88,8
201122,153,158,89,8
201123,153,158,90,8
201124,153,158,91,3
201125,153,158,92,3
201126,153,158,93,8
201127,153,158,94,8
201128,153,158,95,8
201129,153,158,96,8
201130,153,159,84,11
201131,153,159,85,11
201132,153,159,86,8
201133,153,159,87,8
201134,153,159,88,8
201135,153,159,89,8
201136,153,159,90,8
201137,153,159,91,8
201138,153,159,92,16
201139,153,159,93,16
201140,153,159,94,16
201141,153,159,95,5
201142,153,159,96,5
201143,153,159,97,16
201144,153,159,98,16
201145,153,159,99,16
201146,153,159,100,16
201147,153,159,101,16
201148,153,160,84,8
201149,153,160,85,8
201150,153,160,86,8
201151,153,160,87,8
201152,153,160,88,8
201153,153,160,89,16
201154,153,160,90,16
201155,153,160,91,16
201156,153,160,92,5
201157,153,160,93,5
201158,153,160,94,5
201159,153,160,95,5
201160,153,160,96,5
201161,153,160,97,5
201162,153,160,98,5
201163,153,160,99,5
201164,153,160,100,5
201165,153,160,101,16
201166,153,160,102,16
201167,153,160,103,16
201168,153,161,84,8
201169,153,161,85,8
201170,153,161,86,8
201171,153,161,87,16
201172,153,161,88,16
201173,153,161,89,16
201174,153,161,90,5
201175,153,161,91,5
201176,153,161,92,5
201177,153,161,93,5
201178,153,161,94,5
201179,153,161,95,5
201180,153,161,96,5
201181,153,161,97,5
201182,153,161,98,5
201183,153,161,99,5
201184,153,161,100,5
201185,153,161,101,5
201186,153,161,102,16
201187,153,161,103,16
201188,153,161,105,2
201189,153,161,108,2
201190,153,161,109,2
201191,153,162,83,8
201192,153,162,84,8
201193,153,162,85,8
201194,153,162,86,8
201195,153,162,87,16
201196,153,162,88,16
201197,153,162,89,16
201198,153,162,90,5
201199,153,162,91,5
201200,153,162,92,5
201201,153,162,93,5
201202,153,162,94,5
201203,153,162,95,15
201204,153,162,96,15
201205,153,162,97,5
201206,153,162,98,5
201207,153,162,99,5
201208,153,162,100,5
201209,153,162,101,5
201210,153,162,102,5
201211,153,162,103,16
201212,153,162,104,16
201213,153,162,105,2
201214,153,162,106,2
201215,153,162,107,7
201216,153,162,108,2
201217,153,162,109,2
201218,153,162,110,2
201219,153,163,83,8
201220,153,163,84,8
201221,153,163,85,8
201222,153,163,86,8
201223,153,163,87,16
201224,153,163,88,16
201225,153,163,89,16
201226,153,163,90,5
201227,153,163,91,5
201228,153,163,92,5
201229,153,163,93,15
201230,153,163,94,15
201231,153,163,95,15
201232,153,163,96,15
201233,153,163,97,15
201234,153,163,98,15
201235,153,163,99,5
201236,153,163,100,5
201237,153,163,101,5
201238,153,163,102,5
201239,153,163,103,5
201240,153,163,104,16
201241,153,163,105,2
201242,153,163,106,2
201243,153,163,107,7
201244,153,163,108,2
201245,153,163,109,2
201246,153,163,110,2
201247,153,164,83,8
201248,153,164,84,8
201249,153,164,85,8
201250,153,164,86,8
201251,153,164,87,16
201252,153,164,88,16
201253,153,164,89,8
201254,153,164,90,5
201255,153,164,91,5
201256,153,164,92,5
201257,153,164,93,5
201258,153,164,94,15
201259,153,164,95,5
201260,153,164,96,5
201261,153,164,97,15
201262,153,164,98,5
201263,153,164,99,15
201264,153,164,100,5
201265,153,164,101,15
201266,153,164,102,15
201267,153,164,103,5
201268,153,164,104,16
201269,153,164,105,16
201270,153,164,106,2
201271,153,164,107,2
201272,153,164,108,2
201273,153,164,109,2
201274,153,164,110,2
201275,153,164,111,2
201276,153,165,84,8
201277,153,165,85,8
201278,153,165,86,8
201279,153,165,87,16
201280,153,165,88,16
201281,153,165,89,8
201282,153,165,90,16
201283,153,165,91,5
201284,153,165,92,15
201285,153,165,93,5
201286,153,165,94,5
201287,153,165,95,5
201288,153,165,96,5
201289,153,165,97,15
201290,153,165,98,15
201291,153,165,99,15
201292,153,165,100,5
201293,153,165,101,15
201294,153,165,102,15
201295,153,165,103,2
201296,153,165,104,16
201297,153,165,105,16
201298,153,165,106,16
201299,153,165,107,2
201300,153,165,108,15
201301,153,165,109,2
201302,153,165,110,2
201303,153,165,111,2
201304,153,165,112,2
201305,153,166,85,8
201306,153,166,86,8
201307,153,166,87,16
201308,153,166,88,16
201309,153,166,89,16
201310,153,166,90,8
201311,153,166,91,15
201312,153,166,92,15
201313,153,166,93,15
201314,153,166,94,15
201315,153,166,95,15
201316,153,166,96,15
201317,153,166,97,15
201318,153,166,98,15
201319,153,166,99,15
201320,153,166,100,15
201321,153,166,101,15
201322,153,166,102,15
201323,153,166,103,2
201324,153,166,104,16
201325,153,166,105,16
201326,153,166,106,16
201327,153,166,107,2
201328,153,166,108,7
201329,153,166,109,7
201330,153,166,110,2
201331,153,166,111,2
201332,153,166,112,2
201333,153,167,84,8
201334,153,167,85,8
201335,153,167,86,16
201336,153,167,87,16
201337,153,167,88,16
201338,153,167,89,8
201339,153,167,90,8
201340,153,167,91,15
201341,153,167,92,15
201342,153,167,93,15
201343,153,167,94,15
201344,153,167,95,7
201345,153,167,96,15
201346,153,167,97,15
201347,153,167,98,15
201348,153,167,99,15
201349,153,167,100,5
201350,153,167,101,5
201351,153,167,102,2
201352,153,167,103,16
201353,153,167,104,16
201354,153,167,105,16
201355,153,167,106,2
201356,153,167,107,2
201357,153,167,108,7
201358,153,167,109,7
201359,153,167,110,7
201360,153,167,111,2
201361,153,167,112,2
201362,153,167,113,2
201363,153,168,87,16
201364,153,168,88,16
201365,153,168,89,16
201366,153,168,90,8
201367,153,168,91,15
201368,153,168,92,15
201369,153,168,93,15
201370,153,168,94,15
201371,153,168,95,15
201372,153,168,96,5
201373,153,168,97,15
201374,153,168,98,15
201375,153,168,99,15
201376,153,168,100,5
201377,153,168,101,16
201378,153,168,102,16
201379,153,168,103,16
201380,153,168,104,16
201381,153,168,105,16
201382,153,168,107,2
201383,153,168,108,7
201384,153,168,110,7
201385,153,168,111,7
201386,153,168,112,2
201387,153,168,113,2
201388,153,168,114,2
201389,153,169,87,16
201390,153,169,88,16
201391,153,169,89,16
201392,153,169,90,8
201393,153,169,91,8
201394,153,169,92,15
201395,153,169,93,5
201396,153,169,94,5
201397,153,169,95,5
201398,153,169,96,5
201399,153,169,97,5
201400,153,169,98,15
201401,153,169,99,15
201402,153,169,100,5
201403,153,169,101,16
201404,153,169,102,16
201405,153,169,103,16
201406,153,169,104,16
201407,153,169,105,16
201408,153,169,106,16
201409,153,169,111,7
201410,153,169,112,7
201411,153,169,113,2
201412,153,169,114,2
201413,153,170,88,16
201414,153,170,89,16
201415,153,170,90,8
201416,153,170,91,8
201417,153,170,92,15
201418,153,170,93,5
201419,153,170,94,5
201420,153,170,95,5
201421,153,170,96,5
201422,153,170,97,5
201423,153,170,98,5
201424,153,170,99,5
201425,153,170,100,5
201426,153,170,101,16
201427,153,170,102,16
201428,153,170,103,16
201429,153,170,104,16
201430,153,170,105,16
201431,153,170,106,16
201432,153,170,114,1
201433,153,171,87,16
201434,153,171,88,16
201435,153,171,89,16
201436,153,171,90,16
201437,153,171,91,8
201438,153,171,92,15
201439,153,171,93,5
201440,153,171,94,5
201441,153,171,95,5
201442,153,171,96,14
201443,153,171,97,14
201444,153,171,98,14
201445,153,171,99,5
201446,153,171,100,16
201447,153,171,101,16
201448,153,171,102,16
201449,153,171,103,16
201450,153,171,104,16
201451,153,171,105,16
201452,153,171,106,16
201453,153,172,87,16
201454,153,172,88,16
201455,153,172,89,16
201456,153,172,90,16
201457,153,172,91,16
201458,153,172,92,16
201459,153,172,93,5
201460,153,172,94,16
201461,153,172,95,14
201462,153,172,96,16
201463,153,172,97,16
201464,153,172,98,16
201465,153,172,99,16
201466,153,172,100,16
201467,153,172,101,16
201468,153,172,102,16
201469,153,172,103,16
201470,153,172,104,16
201471,153,172,105,16
201472,153,172,106,16
201473,153,173,88,16
201474,153,173,89,16
201475,153,173,90,16
201476,153,173,91,16
201477,153,173,92,16
201478,153,173,93,16
201479,153,173,94,16
201480,153,173,95,16
201481,153,173,96,16
201482,153,173,97,16
201483,153,173,98,16
201484,153,173,99,16
201485,153,173,102,2
201486,153,173,103,16
201487,153,173,104,16
201488,153,173,105,16
201489,153,174,88,16
201490,153,174,89,16
201491,153,174,90,16
201492,153,174,91,16
201493,153,174,92,16
201494,153,174,93,16
201495,153,174,94,16
201496,153,174,101,16
201497,153,174,102,16
201498,153,174,103,16
201499,153,174,104,16
201500,153,174,105,16
201501,153,175,92,16
201502,153,175,101,16
201503,153,175,102,16
201504,153,175,103,16
201505,153,175,104,16
201506,153,175,105,14
201507,153,175,106,14
201508,153,175,107,7
201509,153,176,97,16
201510,153,176,99,16
201511,153,176,100,16
201512,153,176,101,5
201513,153,176,102,5
201514,153,176,103,5
201515,153,176,104,16
201516,153,176,105,16
201517,153,176,106,14
201518,153,176,107,1
201519,153,177,97,16
201520,153,177,98,16
201521,153,177,99,16
201522,153,177,100,16
201523,153,177,101,16
201524,153,177,102,16
201525,153,177,103,16
201526,153,177,104,16
201527,153,177,106,16
201528,153,178,97,16
201529,153,178,98,16
201530,153,178,99,16
201531,153,178,100,16
201532,153,178,101,16
201533,153,178,102,16
201534,153,179,100,16
201535,153,179,101,16
201536,153,179,102,16
201537,154,145,96,11
201538,154,146,93,11
201539,154,146,94,11
201540,154,146,95,11
201541,154,146,96,11
201542,154,146,97,11
201543,154,147,90,11
201544,154,147,91,11
201545,154,147,92,11
201546,154,147,93,11
201547,154,147,94,11
201548,154,147,95,11
201549,154,147,96,11
201550,154,147,97,11
201551,154,147,98,3
201552,154,148,90,11
201553,154,148,91,11
201554,154,148,92,11
201555,154,148,93,3
201556,154,148,94,11
201557,154,148,95,11
201558,154,148,96,3
201559,154,148,97,3
201560,154,148,98,3
201561,154,149,90,11
201562,154,149,91,11
201563,154,149,92,11
201564,154,149,93,3
201565,154,149,94,3
201566,154,149,95,11
201567,154,149,96,3
201568,154,149,97,3
201569,154,149,98,3
201570,154,150,90,11
201571,154,150,91,11
201572,154,150,92,3
201573,154,150,93,3
201574,154,150,94,3
201575,154,150,95,11
201576,154,150,96,3
201577,154,150,97,3
201578,154,150,98,3
201579,154,151,89,11
201580,154,151,90,11
201581,154,151,91,3
201582,154,151,92,3
201583,154,151,93,3
201584,154,151,94,11
201585,154,151,95,11
201586,154,151,96,3
201587,154,151,97,3
201588,154,151,98,3
201589,154,152,89,11
201590,154,152,90,11
201591,154,152,91,3
201592,154,152,92,3
201593,154,152,93,3
201594,154,152,94,11
201595,154,152,95,11
201596,154,152,96,3
201597,154,152,97,3
201598,154,153,88,11
201599,154,153,89,11
201600,154,153,90,3
201601,154,153,91,3
201602,154,153,92,3
201603,154,153,93,3
201604,154,153,94,3
201605,154,153,95,3
201606,154,153,96,3
201607,154,154,87,11
201608,154,154,88,11
201609,154,154,89,11
201610,154,154,90,3
201611,154,154,91,3
201612,154,154,92,3
201613,154,154,93,3
201614,154,154,94,3
201615,154,154,95,3
201616,154,154,96,3
201617,154,155,86,11
201618,154,155,87,11
201619,154,155,88,11
201620,154,155,89,3
201621,154,155,90,3
201622,154,155,91,3
201623,154,155,92,3
201624,154,155,93,3
201625,154,155,94,8
201626,154,155,95,3
201627,154,155,96,3
201628,154,156,86,11
201629,154,156,87,11
201630,154,156,88,8
201631,154,156,89,3
201632,154,156,90,3
201633,154,156,91,3
201634,154,156,92,3
201635,154,156,93,3
201636,154,156,94,8
201637,154,156,95,8
201638,154,156,96,3
201639,154,157,85,11
201640,154,157,86,11
201641,154,157,87,11
201642,154,157,88,8
201643,154,157,89,3
201644,154,157,90,3
201645,154,157,91,3
201646,154,157,92,3
201647,154,157,93,8
201648,154,157,94,8
201649,154,157,95,16
201650,154,157,96,16
201651,154,158,85,11
201652,154,158,86,11
201653,154,158,87,8
201654,154,158,88,8
201655,154,158,89,8
201656,154,158,90,8
201657,154,158,91,8
201658,154,158,92,8
201659,154,158,93,16
201660,154,158,94,16
201661,154,158,95,16
201662,154,158,96,16
201663,154,158,97,16
201664,154,158,98,16
201665,154,158,99,16
201666,154,158,100,16
201667,154,158,101,16
201668,154,159,85,8
201669,154,159,86,8
201670,154,159,87,8
201671,154,159,88,8
201672,154,159,89,8
201673,154,159,90,8
201674,154,159,91,16
201675,154,159,92,16
201676,154,159,93,5
201677,154,159,94,5
201678,154,159,95,5
201679,154,159,96,5
201680,154,159,97,5
201681,154,159,98,5
201682,154,159,99,5
201683,154,159,100,5
201684,154,159,101,16
201685,154,159,102,16
201686,154,160,85,8
201687,154,160,86,8
201688,154,160,87,8
201689,154,160,88,8
201690,154,160,89,8
201691,154,160,90,16
201692,154,160,91,5
201693,154,160,92,5
201694,154,160,93,5
201695,154,160,94,5
201696,154,160,95,15
201697,154,160,96,5
201698,154,160,97,5
201699,154,160,98,5
201700,154,160,99,5
201701,154,160,100,5
201702,154,160,101,5
201703,154,160,102,16
201704,154,160,103,16
201705,154,160,105,2
201706,154,161,84,8
201707,154,161,85,8
201708,154,161,86,8
201709,154,161,87,16
201710,154,161,88,16
201711,154,161,89,16
201712,154,161,90,5
201713,154,161,91,5
201714,154,161,92,5
201715,154,161,93,5
201716,154,161,94,5
201717,154,161,95,5
201718,154,161,96,5
201719,154,161,97,5
201720,154,161,98,5
201721,154,161,99,5
201722,154,161,100,5
201723,154,161,101,5
201724,154,161,102,5
201725,154,161,103,16
201726,154,161,104,16
201727,154,161,105,2
201728,154,161,107,7
201729,154,161,108,7
201730,154,161,109,2
201731,154,162,83,8
201732,154,162,84,8
201733,154,162,85,8
201734,154,162,86,8
201735,154,162,87,16
201736,154,162,88,16
201737,154,162,89,16
201738,154,162,90,5
201739,154,162,91,15
201740,154,162,92,5
201741,154,162,93,5
201742,154,162,94,5
201743,154,162,95,5
201744,154,162,96,5
201745,154,162,97,5
201746,154,162,98,5
201747,154,162,99,5
201748,154,162,100,5
201749,154,162,101,5
201750,154,162,102,5
201751,154,162,103,16
201752,154,162,104,16
201753,154,162,105,2
201754,154,162,106,2
201755,154,162,107,7
201756,154,162,108,7
201757,154,162,109,2
201758,154,162,110,2
201759,154,163,83,8
201760,154,163,84,8
201761,154,163,85,8
201762,154,163,86,16
201763,154,163,87,16
201764,154,163,88,16
201765,154,163,89,16
201766,154,163,90,5
201767,154,163,91,15
201768,154,163,92,15
201769,154,163,93,15
201770,154,163,94,5
201771,154,163,95,5
201772,154,163,96,5
201773,154,163,97,5
201774,154,163,98,5
201775,154,163,99,5
201776,154,163,100,5
201777,154,163,101,5
201778,154,163,102,5
201779,154,163,103,5
201780,154,163,104,16
201781,154,163,105,16
201782,154,163,106,2
201783,154,163,107,2
201784,154,163,108,7
201785,154,163,109,2
201786,154,163,110,2
201787,154,164,83,8
201788,154,164,84,8
201789,154,164,85,8
201790,154,164,86,16
201791,154,164,87,16
201792,154,164,88,16
201793,154,164,89,8
201794,154,164,90,5
201795,154,164,91,15
201796,154,164,92,15
201797,154,164,93,15
201798,154,164,94,15
201799,154,164,95,15
201800,154,164,96,5
201801,154,164,97,5
201802,154,164,98,5
201803,154,164,99,5
201804,154,164,100,5
201805,154,164,101,5
201806,154,164,102,15
201807,154,164,103,2
201808,154,164,104,16
201809,154,164,105,16
201810,154,164,106,2
201811,154,164,107,2
201812,154,164,108,2
201813,154,164,109,2
201814,154,164,110,2
201815,154,164,111,2
201816,154,165,84,8
201817,154,165,85,8
201818,154,165,86,8
201819,154,165,87,16
201820,154,165,88,16
201821,154,165,89,8
201822,154,165,90,15
201823,154,165,91,15
201824,154,165,92,15
201825,154,165,93,15
201826,154,165,94,15
201827,154,165,95,15
201828,154,165,96,15
201829,154,165,97,15
201830,154,165,98,15
201831,154,165,99,15
201832,154,165,100,5
201833,154,165,101,15
201834,154,165,102,15
201835,154,165,103,5
201836,154,165,104,16
201837,154,165,105,16
201838,154,165,106,16
201839,154,165,107,2
201840,154,165,108,2
201841,154,165,109,2
201842,154,165,110,2
201843,154,165,111,2
201844,154,166,85,8
201845,154,166,86,8
201846,154,166,87,16
201847,154,166,88,16
201848,154,166,89,8
201849,154,166,90,8
201850,154,166,91,15
201851,154,166,92,15
201852,154,166,93,15
201853,154,166,94,15
201854,154,166,95,15
201855,154,166,96,15
201856,154,166,97,15
201857,154,166,98,15
201858,154,166,99,15
201859,154,166,100,5
201860,154,166,101,15
201861,154,166,102,5
201862,154,166,103,5
201863,154,166,104,16
201864,154,166,105,16
201865,154,166,106,16
201866,154,166,107,2
201867,154,166,108,2
201868,154,166,109,2
201869,154,166,110,2
201870,154,166,111,2
201871,154,166,112,2
201872,154,166,113,2
201873,154,166,114,2
201874,154,167,84,8
201875,154,167,85,16
201876,154,167,86,16
201877,154,167,87,16
201878,154,167,88,16
201879,154,167,89,16
201880,154,167,90,8
201881,154,167,91,15
201882,154,167,92,15
201883,154,167,93,15
201884,154,167,94,15
201885,154,167,95,15
201886,154,167,96,15
201887,154,167,97,15
201888,154,167,98,15
201889,154,167,99,15
201890,154,167,100,5
201891,154,167,101,5
201892,154,167,102,5
201893,154,167,103,16
201894,154,167,104,16
201895,154,167,105,16
201896,154,167,106,16
201897,154,167,107,16
201898,154,167,108,2
201899,154,167,109,7
201900,154,167,110,7
201901,154,167,111,2
201902,154,167,112,2
201903,154,167,113,2
201904,154,167,114,2
201905,154,168,86,16
201906,154,168,87,16
201907,154,168,88,16
201908,154,168,89,16
201909,154,168,90,8
201910,154,168,91,15
201911,154,168,92,15
201912,154,168,93,15
201913,154,168,94,15
201914,154,168,95,15
201915,154,168,96,15
201916,154,168,97,15
201917,154,168,98,15
201918,154,168,99,5
201919,154,168,100,5
201920,154,168,101,15
201921,154,168,102,16
201922,154,168,103,16
201923,154,168,104,16
201924,154,168,105,16
201925,154,168,106,16
201926,154,168,107,2
201927,154,168,108,2
201928,154,168,109,7
201929,154,168,110,7
201930,154,168,111,2
201931,154,168,112,2
201932,154,168,113,2
201933,154,168,114,2
201934,154,169,86,16
201935,154,169,87,16
201936,154,169,88,16
201937,154,169,89,16
201938,154,169,90,8
201939,154,169,91,15
201940,154,169,92,15
201941,154,169,93,15
201942,154,169,94,15
201943,154,169,95,15
201944,154,169,96,5
201945,154,169,97,5
201946,154,169,98,15
201947,154,169,99,15
201948,154,169,100,15
201949,154,169,101,15
201950,154,169,102,5
201951,154,169,103,16
201952,154,169,104,16
201953,154,169,105,16
201954,154,169,106,16
201955,154,169,107,16
201956,154,169,108,2
201957,154,169,109,7
201958,154,169,110,7
201959,154,169,111,7
201960,154,169,112,2
201961,154,169,113,2
201962,154,169,114,2
201963,154,170,87,16
201964,154,170,88,16
201965,154,170,89,16
201966,154,170,90,8
201967,154,170,91,15
201968,154,170,92,15
201969,154,170,93,15
201970,154,170,94,15
201971,154,170,95,5
201972,154,170,96,5
201973,154,170,97,5
201974,154,170,98,15
201975,154,170,99,15
201976,154,170,100,15
201977,154,170,101,15
201978,154,170,102,15
201979,154,170,103,5
201980,154,170,104,5
201981,154,170,105,16
201982,154,170,106,16
201983,154,170,107,16
201984,154,170,108,16
201985,154,170,109,7
201986,154,170,110,7
201987,154,170,113,1
201988,154,170,114,2
201989,154,171,87,16
201990,154,171,88,16
201991,154,171,89,16
201992,154,171,90,8
201993,154,171,91,15
201994,154,171,92,15
201995,154,171,93,15
201996,154,171,94,5
201997,154,171,95,5
201998,154,171,96,5
201999,154,171,97,5
202000,154,171,98,5
202001,154,171,99,5
202002,154,171,100,5
202003,154,171,101,5
202004,154,171,102,5
202005,154,171,103,5
202006,154,171,104,5
202007,154,171,105,16
202008,154,171,106,16
202009,154,171,107,16
202010,154,171,113,7
202011,154,172,87,16
202012,154,172,88,16
202013,154,172,89,16
202014,154,172,90,16
202015,154,172,91,8
202016,154,172,92,15
202017,154,172,93,5
202018,154,172,94,5
202019,154,172,95,5
202020,154,172,96,5
202021,154,172,97,5
202022,154,172,98,5
202023,154,172,99,5
202024,154,172,100,5
202025,154,172,101,16
202026,154,172,102,16
202027,154,172,103,16
202028,154,172,104,16
202029,154,172,105,16
202030,154,172,106,16
202031,154,172,107,16
202032,154,172,108,2
202033,154,173,87,16
202034,154,173,88,16
202035,154,173,89,16
202036,154,173,90,16
202037,154,173,91,2
202038,154,173,92,16
202039,154,173,93,5
202040,154,173,94,14
202041,154,173,95,14
202042,154,173,96,14
202043,154,173,97,16
202044,154,173,98,16
202045,154,173,99,16
202046,154,173,100,16
202047,154,173,101,16
202048,154,173,102,16
202049,154,173,103,16
202050,154,173,104,16
202051,154,173,105,16
202052,154,173,106,16
202053,154,173,107,16
202054,154,173,108,1
202055,154,173,111,13
202056,154,174,88,16
202057,154,174,89,16
202058,154,174,90,16
202059,154,174,91,16
202060,154,174,92,16
202061,154,174,93,16
202062,154,174,94,16
202063,154,174,95,16
202064,154,174,96,16
202065,154,174,97,16
202066,154,174,98,16
202067,154,174,99,16
202068,154,174,100,16
202069,154,174,101,16
202070,154,174,102,16
202071,154,174,103,16
202072,154,174,104,16
202073,154,174,105,16
202074,154,174,106,16
202075,154,174,107,16
202076,154,174,108,7
202077,154,174,109,7
202078,154,174,110,13
202079,154,174,111,13
202080,154,174,112,13
202081,154,175,88,16
202082,154,175,89,16
202083,154,175,90,16
202084,154,175,91,16
202085,154,175,92,16
202086,154,175,93,16
202087,154,175,94,16
202088,154,175,95,16
202089,154,175,97,16
202090,154,175,98,16
202091,154,175,99,16
202092,154,175,101,16
202093,154,175,102,16
202094,154,175,103,16
202095,154,175,104,2
202096,154,175,105,2
202097,154,175,106,16
202098,154,175,107,14
202099,154,175,108,7
202100,154,175,109,7
202101,154,175,110,13
202102,154,175,111,13
202103,154,175,112,13
202104,154,176,92,16
202105,154,176,93,16
202106,154,176,97,16
202107,154,176,98,16
202108,154,176,99,16
202109,154,176,100,16
202110,154,176,101,16
202111,154,176,102,16
202112,154,176,103,16
202113,154,176,104,2
202114,154,176,105,16
202115,154,176,106,16
202116,154,176,107,14
202117,154,176,108,7
202118,154,176,109,7
202119,154,176,110,13
202120,154,176,111,13
202121,154,176,112,13
202122,154,176,113,13
202123,154,177,96,16
202124,154,177,97,16
202125,154,177,98,16
202126,154,177,99,16
202127,154,177,100,16
202128,154,177,101,16
202129,154,177,102,16
202130,154,177,103,16
202131,154,177,104,16
202132,154,177,105,16
202133,154,177,106,16
202134,154,177,107,16
202135,154,177,108,7
202136,154,177,109,7
202137,154,177,111,13
202138,154,177,112,13
202139,154,177,113,13
202140,154,178,95,16
202141,154,178,96,16
202142,154,178,97,16
202143,154,178,98,16
202144,154,178,99,16
202145,154,178,100,16
202146,154,178,101,16
202147,154,178,102,16
202148,154,178,103,16
202149,154,178,104,16
202150,154,178,105,16
202151,154,178,106,16
202152,154,178,107,16
202153,154,179,96,16
202154,154,179,97,16
202155,154,179,98,16
202156,154,179,99,16
202157,154,179,100,16
202158,154,179,101,16
202159,154,179,102,16
202160,154,179,103,16
202161,154,179,105,16
202162,154,180,100,16
202163,154,180,101,16
202164,154,180,102,16
202165,154,181,101,16
202166,154,182,101,16
202167,155,145,96,11
202168,155,146,96,11
202169,155,146,97,11
202170,155,147,90,11
202171,155,147,91,11
202172,155,147,92,11
202173,155,147,93,11
202174,155,147,94,11
202175,155,147,95,11
202176,155,147,96,3
202177,155,147,97,3
202178,155,147,98,3
202179,155,148,90,11
202180,155,148,91,11
202181,155,148,92,3
202182,155,148,93,3
202183,155,148,94,11
202184,155,148,95,11
202185,155,148,96,3
202186,155,148,97,3
202187,155,148,98,3
202188,155,149,90,11
202189,155,149,91,3
202190,155,149,92,3
202191,155,149,93,3
202192,155,149,94,3
202193,155,149,95,11
202194,155,149,96,3
202195,155,149,97,3
202196,155,149,98,3
202197,155,150,90,11
202198,155,150,91,3
202199,155,150,92,3
202200,155,150,93,3
202201,155,150,94,3
202202,155,150,95,11
202203,155,150,96,3
202204,155,150,97,3
202205,155,150,98,3
202206,155,151,89,11
202207,155,151,90,11
202208,155,151,91,3
202209,155,151,92,3
202210,155,151,93,3
202211,155,151,94,11
202212,155,151,95,11
202213,155,151,96,3
202214,155,151,97,3
202215,155,151,98,3
202216,155,152,89,11
202217,155,152,90,3
202218,155,152,91,3
202219,155,152,92,3
202220,155,152,93,3
202221,155,152,94,11
202222,155,152,95,11
202223,155,152,96,3
202224,155,152,97,3
202225,155,153,88,11
202226,155,153,89,11
202227,155,153,90,3
202228,155,153,91,3
202229,155,153,92,3
202230,155,153,93,3
202231,155,153,94,3
202232,155,153,95,3
202233,155,153,96,3
202234,155,154,87,11
202235,155,154,88,11
202236,155,154,89,11
202237,155,154,90,3
202238,155,154,91,3
202239,155,154,92,3
202240,155,154,93,3
202241,155,154,94,3
202242,155,154,95,3
202243,155,154,96,3
202244,155,155,86,11
202245,155,155,87,11
202246,155,155,88,11
202247,155,155,89,3
202248,155,155,90,3
202249,155,155,91,3
202250,155,155,92,3
202251,155,155,93,3
202252,155,155,94,8
202253,155,155,95,3
202254,155,155,96,3
202255,155,156,86,11
202256,155,156,87,11
202257,155,156,88,11
202258,155,156,89,3
202259,155,156,90,3
202260,155,156,91,3
202261,155,156,92,3
202262,155,156,93,3
202263,155,156,94,8
202264,155,156,95,8
202265,155,156,96,3
202266,155,157,86,11
202267,155,157,87,11
202268,155,157,88,3
202269,155,157,89,3
202270,155,157,90,3
202271,155,157,91,3
202272,155,157,92,3
202273,155,157,93,3
202274,155,157,94,16
202275,155,157,95,16
202276,155,157,96,16
202277,155,157,97,16
202278,155,158,85,11
202279,155,158,86,11
202280,155,158,87,8
202281,155,158,88,3
202282,155,158,89,3
202283,155,158,90,3
202284,155,158,91,3
202285,155,158,92,8
202286,155,158,93,16
202287,155,158,94,5
202288,155,158,95,5
202289,155,158,96,5
202290,155,158,97,5
202291,155,158,98,16
202292,155,158,99,16
202293,155,158,100,16
202294,155,158,101,16
202295,155,158,102,16
202296,155,159,85,8
202297,155,159,86,8
202298,155,159,87,8
202299,155,159,88,8
202300,155,159,89,8
202301,155,159,90,16
202302,155,159,91,16
202303,155,159,92,5
202304,155,159,93,5
202305,155,159,94,5
202306,155,159,95,5
202307,155,159,96,5
202308,155,159,97,5
202309,155,159,98,5
202310,155,159,99,5
202311,155,159,100,5
202312,155,159,101,16
202313,155,159,102,16
202314,155,159,103,16
202315,155,160,85,8
202316,155,160,86,8
202317,155,160,87,8
202318,155,160,88,8
202319,155,160,89,8
202320,155,160,90,5
202321,155,160,91,5
202322,155,160,92,5
202323,155,160,93,5
202324,155,160,94,5
202325,155,160,95,5
202326,155,160,96,5
202327,155,160,97,5
202328,155,160,98,5
202329,155,160,99,5
202330,155,160,100,5
202331,155,160,101,5
202332,155,160,102,16
202333,155,160,103,16
202334,155,160,104,16
202335,155,160,105,2
202336,155,160,106,7
202337,155,160,107,7
202338,155,160,108,2
202339,155,161,85,8
202340,155,161,86,8
202341,155,161,87,16
202342,155,161,88,16
202343,155,161,89,16
202344,155,161,90,5
202345,155,161,91,5
202346,155,161,92,5
202347,155,161,93,5
202348,155,161,94,15
202349,155,161,95,5
202350,155,161,96,5
202351,155,161,97,5
202352,155,161,98,5
202353,155,161,99,5
202354,155,161,100,5
202355,155,161,101,15
202356,155,161,102,5
202357,155,161,103,16
202358,155,161,104,16
202359,155,161,105,2
202360,155,161,106,2
202361,155,161,107,7
202362,155,161,108,7
202363,155,161,109,2
202364,155,162,84,8
202365,155,162,85,8
202366,155,162,86,8
202367,155,162,87,16
202368,155,162,88,16
202369,155,162,89,16
202370,155,162,90,5
202371,155,162,91,5
202372,155,162,92,5
202373,155,162,93,5
202374,155,162,94,5
202375,155,162,95,5
202376,155,162,96,5
202377,155,162,97,15
202378,155,162,98,15
202379,155,162,99,5
202380,155,162,100,5
202381,155,162,101,15
202382,155,162,102,15
202383,155,162,103,5
202384,155,162,104,16
202385,155,162,105,16
202386,155,162,106,2
202387,155,162,107,7
202388,155,162,108,7
202389,155,162,109,2
202390,155,162,110,2
202391,155,163,84,8
202392,155,163,85,8
202393,155,163,86,16
202394,155,163,87,16
202395,155,163,88,16
202396,155,163,89,5
202397,155,163,90,5
202398,155,163,91,5
202399,155,163,92,5
202400,155,163,93,5
202401,155,163,94,5
202402,155,163,95,5
202403,155,163,96,5
202404,155,163,97,15
202405,155,163,98,15
202406,155,163,99,15
202407,155,163,100,5
202408,155,163,101,15
202409,155,163,102,5
202410,155,163,103,5
202411,155,163,104,16
202412,155,163,105,16
202413,155,163,106,2
202414,155,163,107,2
202415,155,163,108,2
202416,155,163,109,2
202417,155,163,110,2
202418,155,164,83,8
202419,155,164,84,8
202420,155,164,85,8
202421,155,164,86,16
202422,155,164,87,16
202423,155,164,88,16
202424,155,164,89,5
202425,155,164,90,5
202426,155,164,91,15
202427,155,164,92,15
202428,155,164,93,15
202429,155,164,94,15
202430,155,164,95,15
202431,155,164,96,5
202432,155,164,97,7
202433,155,164,98,15
202434,155,164,99,5
202435,155,164,100,5
202436,155,164,101,5
202437,155,164,102,5
202438,155,164,103,5
202439,155,164,104,5
202440,155,164,105,16
202441,155,164,106,16
202442,155,164,107,2
202443,155,164,108,2
202444,155,164,109,2
202445,155,164,110,2
202446,155,164,111,2
202447,155,164,112,2
202448,155,164,113,2
202449,155,165,84,8
202450,155,165,85,8
202451,155,165,86,16
202452,155,165,87,16
202453,155,165,88,16
202454,155,165,89,5
202455,155,165,90,15
202456,155,165,91,15
202457,155,165,92,15
202458,155,165,93,15
202459,155,165,94,15
202460,155,165,95,7
202461,155,165,96,7
202462,155,165,97,7
202463,155,165,98,7
202464,155,165,99,7
202465,155,165,100,5
202466,155,165,101,5
202467,155,165,102,5
202468,155,165,103,5
202469,155,165,104,5
202470,155,165,105,16
202471,155,165,106,16
202472,155,165,107,16
202473,155,165,108,2
202474,155,165,109,2
202475,155,165,110,2
202476,155,165,111,2
202477,155,165,112,2
202478,155,165,113,2
202479,155,165,114,2
202480,155,166,85,8
202481,155,166,86,16
202482,155,166,87,16
202483,155,166,88,16
202484,155,166,89,15
202485,155,166,90,15
202486,155,166,91,15
202487,155,166,92,15
202488,155,166,93,15
202489,155,166,94,15
202490,155,166,95,7
202491,155,166,96,7
202492,155,166,97,7
202493,155,166,98,7
202494,155,166,99,7
202495,155,166,100,7
202496,155,166,101,15
202497,155,166,102,5
202498,155,166,103,5
202499,155,166,104,16
202500,155,166,105,16
202501,155,166,106,16
202502,155,166,107,16
202503,155,166,108,2
202504,155,166,109,2
202505,155,166,110,2
202506,155,166,111,2
202507,155,166,112,2
202508,155,166,113,2
202509,155,166,114,2
202510,155,167,86,16
202511,155,167,87,16
202512,155,167,88,16
202513,155,167,89,5
202514,155,167,90,15
202515,155,167,91,15
202516,155,167,92,15
202517,155,167,93,15
202518,155,167,94,15
202519,155,167,95,15
202520,155,167,96,7
202521,155,167,97,7
202522,155,167,98,7
202523,155,167,99,7
202524,155,167,100,15
202525,155,167,101,15
202526,155,167,102,5
202527,155,167,103,5
202528,155,167,104,16
202529,155,167,105,16
202530,155,167,106,16
202531,155,167,107,16
202532,155,167,108,16
202533,155,167,109,2
202534,155,167,110,5
202535,155,167,111,2
202536,155,167,112,2
202537,155,167,113,2
202538,155,167,114,2
202539,155,168,85,16
202540,155,168,86,16
202541,155,168,87,16
202542,155,168,88,16
202543,155,168,89,8
202544,155,168,90,15
202545,155,168,91,15
202546,155,168,92,15
202547,155,168,93,15
202548,155,168,94,15
202549,155,168,95,15
202550,155,168,96,7
202551,155,168,97,7
202552,155,168,98,7
202553,155,168,99,5
202554,155,168,100,15
202555,155,168,101,5
202556,155,168,102,5
202557,155,168,103,5
202558,155,168,104,5
202559,155,168,105,16
202560,155,168,106,16
202561,155,168,107,16
202562,155,168,108,16
202563,155,168,109,16
202564,155,168,110,5
202565,155,168,111,2
202566,155,168,112,2
202567,155,168,113,2
202568,155,168,114,2
202569,155,169,86,16
202570,155,169,87,16
202571,155,169,88,16
202572,155,169,89,16
202573,155,169,90,15
202574,155,169,91,15
202575,155,169,92,15
202576,155,169,93,15
202577,155,169,94,15
202578,155,169,95,15
202579,155,169,96,7
202580,155,169,97,7
202581,155,169,98,7
202582,155,169,99,15
202583,155,169,100,5
202584,155,169,101,15
202585,155,169,102,15
202586,155,169,103,5
202587,155,169,104,5
202588,155,169,105,16
202589,155,169,106,16
202590,155,169,107,16
202591,155,169,108,16
202592,155,169,109,16
202593,155,169,110,5
202594,155,169,111,5
202595,155,169,112,2
202596,155,169,113,2
202597,155,169,114,2
202598,155,169,115,2
202599,155,170,87,16
202600,155,170,88,16
202601,155,170,89,16
202602,155,170,90,2
202603,155,170,91,15
202604,155,170,92,15
202605,155,170,93,15
202606,155,170,94,15
202607,155,170,95,15
202608,155,170,96,7
202609,155,170,97,5
202610,155,170,98,15
202611,155,170,99,15
202612,155,170,100,15
202613,155,170,101,15
202614,155,170,102,15
202615,155,170,103,15
202616,155,170,104,5
202617,155,170,105,5
202618,155,170,106,16
202619,155,170,107,16
202620,155,170,108,16
202621,155,170,109,16
202622,155,170,110,5
202623,155,170,111,5
202624,155,170,112,5
202625,155,170,113,2
202626,155,170,114,2
202627,155,170,115,2
202628,155,171,87,16
202629,155,171,88,16
202630,155,171,89,16
202631,155,171,90,16
202632,155,171,91,15
202633,155,171,92,15
202634,155,171,93,15
202635,155,171,94,15
202636,155,171,95,15
202637,155,171,96,5
202638,155,171,97,15
202639,155,171,98,15
202640,155,171,99,15
202641,155,171,100,15
202642,155,171,101,15
202643,155,171,102,15
202644,155,171,103,15
202645,155,171,104,5
202646,155,171,105,5
202647,155,171,106,16
202648,155,171,107,16
202649,155,171,108,16
202650,155,171,109,16
202651,155,171,110,5
202652,155,171,111,5
202653,155,171,112,7
202654,155,171,113,7
202655,155,171,114,7
202656,155,172,87,16
202657,155,172,88,16
202658,155,172,89,16
202659,155,172,90,16
202660,155,172,91,2
202661,155,172,92,15
202662,155,172,93,15
202663,155,172,94,15
202664,155,172,95,5
202665,155,172,96,5
202666,155,172,97,5
202667,155,172,98,5
202668,155,172,99,5
202669,155,172,100,5
202670,155,172,101,5
202671,155,172,102,5
202672,155,172,103,15
202673,155,172,104,5
202674,155,172,105,16
202675,155,172,106,16
202676,155,172,107,16
202677,155,172,108,16
202678,155,172,109,16
202679,155,172,110,5
202680,155,172,111,7
202681,155,172,112,7
202682,155,172,113,7
202683,155,173,87,16
202684,155,173,88,16
202685,155,173,89,16
202686,155,173,90,16
202687,155,173,91,16
202688,155,173,92,15
202689,155,173,93,15
202690,155,173,94,5
202691,155,173,95,5
202692,155,173,96,5
202693,155,173,97,5
202694,155,173,98,5
202695,155,173,99,5
202696,155,173,100,5
202697,155,173,101,5
202698,155,173,102,5
202699,155,173,103,2
202700,155,173,104,2
202701,155,173,105,16
202702,155,173,106,16
202703,155,173,107,16
202704,155,173,108,16
202705,155,173,109,2
202706,155,173,110,7
202707,155,173,111,7
202708,155,173,112,7
202709,155,173,113,13
202710,155,174,87,16
202711,155,174,88,16
202712,155,174,89,16
202713,155,174,90,16
202714,155,174,91,16
202715,155,174,92,16
202716,155,174,93,5
202717,155,174,94,5
202718,155,174,95,14
202719,155,174,96,14
202720,155,174,97,14
202721,155,174,98,16
202722,155,174,99,16
202723,155,174,100,16
202724,155,174,101,16
202725,155,174,102,2
202726,155,174,103,2
202727,155,174,104,16
202728,155,174,105,16
202729,155,174,106,16
202730,155,174,107,16
202731,155,174,108,5
202732,155,174,109,5
202733,155,174,110,7
202734,155,174,111,7
202735,155,174,112,13
202736,155,174,113,13
202737,155,175,87,16
202738,155,175,88,16
202739,155,175,89,16
202740,155,175,90,16
202741,155,175,91,16
202742,155,175,92,16
202743,155,175,93,16
202744,155,175,94,16
202745,155,175,95,16
202746,155,175,96,16
202747,155,175,97,16
202748,155,175,98,16
202749,155,175,99,16
202750,155,175,100,16
202751,155,175,101,16
202752,155,175,102,16
202753,155,175,103,16
202754,155,175,104,16
202755,155,175,105,16
202756,155,175,106,16
202757,155,175,107,16
202758,155,175,108,14
202759,155,175,109,14
202760,155,175,110,7
202761,155,175,111,7
202762,155,175,112,13
202763,155,175,113,13
202764,155,176,89,16
202765,155,176,90,16
202766,155,176,91,16
202767,155,176,92,16
202768,155,176,93,16
202769,155,176,94,16
202770,155,176,95,16
202771,155,176,96,16
202772,155,176,97,2
202773,155,176,98,16
202774,155,176,99,2
202775,155,176,100,16
202776,155,176,101,2
202777,155,176,102,16
202778,155,176,103,16
202779,155,176,104,16
202780,155,176,105,16
202781,155,176,106,16
202782,155,176,107,16
202783,155,176,108,14
202784,155,176,109,14
202785,155,176,110,7
202786,155,176,111,13
202787,155,176,112,13
202788,155,176,113,13
202789,155,177,90,16
202790,155,177,91,16
202791,155,177,92,16
202792,155,177,93,16
202793,155,177,97,16
202794,155,177,98,16
202795,155,177,99,2
202796,155,177,100,2
202797,155,177,101,2
202798,155,177,102,2
202799,155,177,103,16
202800,155,177,104,16
202801,155,177,105,16
202802,155,177,106,16
202803,155,177,107,16
202804,155,177,108,14
202805,155,177,109,7
202806,155,177,110,7
202807,155,177,111,13
202808,155,177,112,13
202809,155,177,113,13
202810,155,178,91,16
202811,155,178,92,16
202812,155,178,95,16
202813,155,178,96,16
202814,155,178,97,16
202815,155,178,98,16
202816,155,178,99,16
202817,155,178,100,2
202818,155,178,101,16
202819,155,178,102,16
202820,155,178,103,16
202821,155,178,104,16
202822,155,178,105,16
202823,155,178,106,16
202824,155,178,107,16
202825,155,178,108,16
202826,155,178,109,7
202827,155,178,111,13
202828,155,178,112,13
202829,155,178,113,9
202830,155,179,96,16
202831,155,179,97,16
202832,155,179,98,16
202833,155,179,99,16
202834,155,179,100,2
202835,155,179,101,16
202836,155,179,102,16
202837,155,179,103,16
202838,155,179,104,16
202839,155,179,105,16
202840,155,179,106,16
202841,155,180,98,16
202842,155,180,99,16
202843,155,180,100,16
202844,155,180,101,16
202845,155,180,102,16
202846,155,180,103,16
202847,155,180,104,16
202848,155,180,105,16
202849,155,181,99,16
202850,155,181,100,16
202851,155,181,101,16
202852,155,181,102,16
202853,155,181,103,16
202854,155,181,104,16
202855,155,182,100,16
202856,155,182,101,16
202857,155,183,101,16
202858,156,146,94,11
202859,156,146,95,11
202860,156,146,96,11
202861,156,147,91,11
202862,156,147,93,11
202863,156,147,94,11
202864,156,147,95,11
202865,156,147,96,3
202866,156,147,97,3
202867,156,147,98,3
202868,156,148,90,11
202869,156,148,91,3
202870,156,148,92,3
202871,156,148,93,3
202872,156,148,94,11
202873,156,148,95,11
202874,156,148,96,3
202875,156,148,97,3
202876,156,148,98,3
202877,156,149,90,3
202878,156,149,91,3
202879,156,149,92,3
202880,156,149,93,3
202881,156,149,94,3
202882,156,149,95,3
202883,156,149,96,3
202884,156,149,97,3
202885,156,149,98,3
202886,156,150,89,11
202887,156,150,90,3
202888,156,150,91,3
202889,156,150,92,3
202890,156,150,93,3
202891,156,150,94,3
202892,156,150,95,3
202893,156,150,96,3
202894,156,150,97,3
202895,156,150,98,3
202896,156,151,89,11
202897,156,151,90,3
202898,156,151,91,3
202899,156,151,92,3
202900,156,151,93,3
202901,156,151,94,3
202902,156,151,95,3
202903,156,151,96,3
202904,156,151,97,3
202905,156,151,98,3
202906,156,152,88,11
202907,156,152,89,3
202908,156,152,90,3
202909,156,152,91,3
202910,156,152,92,3
202911,156,152,93,3
202912,156,152,94,3
202913,156,152,95,3
202914,156,152,96,3
202915,156,152,97,3
202916,156,152,98,3
202917,156,153,88,11
202918,156,153,89,3
202919,156,153,90,3
202920,156,153,91,3
202921,156,153,92,3
202922,156,153,93,3
202923,156,153,94,3
202924,156,153,95,3
202925,156,153,96,3
202926,156,153,97,3
202927,156,153,98,3
202928,156,154,87,11
202929,156,154,88,11
202930,156,154,89,3
202931,156,154,90,3
202932,156,154,91,3
202933,156,154,92,3
202934,156,154,93,3
202935,156,154,94,3
202936,156,154,95,3
202937,156,154,96,3
202938,156,155,86,11
202939,156,155,87,11
202940,156,155,88,11
202941,156,155,89,3
202942,156,155,90,3
202943,156,155,91,3
202944,156,155,92,3
202945,156,155,93,3
202946,156,155,94,3
202947,156,155,95,3
202948,156,155,96,3
202949,156,156,86,11
202950,156,156,87,11
202951,156,156,88,11
202952,156,156,89,3
202953,156,156,90,3
202954,156,156,91,3
202955,156,156,92,3
202956,156,156,93,3
202957,156,156,94,3
202958,156,156,95,16
202959,156,156,96,16
202960,156,157,86,11
202961,156,157,87,11
202962,156,157,88,3
202963,156,157,89,3
202964,156,157,90,3
202965,156,157,91,3
202966,156,157,92,3
202967,156,157,93,3
202968,156,157,94,16
202969,156,157,95,16
202970,156,157,96,16
202971,156,157,97,16
202972,156,157,98,16
202973,156,157,99,16
202974,156,157,100,16
202975,156,157,101,3
202976,156,158,86,11
202977,156,158,87,11
202978,156,158,88,3
202979,156,158,89,3
202980,156,158,90,3
202981,156,158,91,3
202982,156,158,92,16
202983,156,158,93,5
202984,156,158,94,5
202985,156,158,95,5
202986,156,158,96,5
202987,156,158,97,5
202988,156,158,98,5
202989,156,158,99,5
202990,156,158,100,16
202991,156,158,101,16
202992,156,158,102,16
202993,156,159,86,11
202994,156,159,87,8
202995,156,159,88,8
202996,156,159,89,8
202997,156,159,90,16
202998,156,159,91,16
202999,156,159,92,5
203000,156,159,93,5
203001,156,159,94,5
203002,156,159,95,5
203003,156,159,96,5
203004,156,159,97,5
203005,156,159,98,5
203006,156,159,99,5
203007,156,159,100,5
203008,156,159,101,5
203009,156,159,102,16
203010,156,159,103,16
203011,156,159,104,16
203012,156,159,105,2
203013,156,160,86,8
203014,156,160,87,8
203015,156,160,88,8
203016,156,160,89,16
203017,156,160,90,5
203018,156,160,91,5
203019,156,160,92,5
203020,156,160,93,5
203021,156,160,94,5
203022,156,160,95,5
203023,156,160,96,5
203024,156,160,97,5
203025,156,160,98,5
203026,156,160,99,5
203027,156,160,100,15
203028,156,160,101,15
203029,156,160,102,5
203030,156,160,103,16
203031,156,160,104,16
203032,156,160,105,2
203033,156,160,106,2
203034,156,160,107,7
203035,156,160,108,2
203036,156,160,109,2
203037,156,161,85,8
203038,156,161,86,8
203039,156,161,87,16
203040,156,161,88,16
203041,156,161,89,16
203042,156,161,90,5
203043,156,161,91,5
203044,156,161,92,5
203045,156,161,93,5
203046,156,161,94,5
203047,156,161,95,5
203048,156,161,96,15
203049,156,161,97,5
203050,156,161,98,5
203051,156,161,99,5
203052,156,161,100,5
203053,156,161,101,15
203054,156,161,102,15
203055,156,161,103,15
203056,156,161,104,16
203057,156,161,105,16
203058,156,161,106,2
203059,156,161,107,7
203060,156,161,108,7
203061,156,161,109,2
203062,156,162,84,8
203063,156,162,85,8
203064,156,162,86,8
203065,156,162,87,16
203066,156,162,88,16
203067,156,162,89,5
203068,156,162,90,5
203069,156,162,91,5
203070,156,162,92,5
203071,156,162,93,5
203072,156,162,94,15
203073,156,162,95,5
203074,156,162,96,15
203075,156,162,97,15
203076,156,162,98,15
203077,156,162,99,15
203078,156,162,100,5
203079,156,162,101,5
203080,156,162,102,15
203081,156,162,103,5
203082,156,162,104,5
203083,156,162,105,16
203084,156,162,106,2
203085,156,162,107,2
203086,156,162,108,7
203087,156,162,109,2
203088,156,162,110,2
203089,156,163,84,8
203090,156,163,85,8
203091,156,163,86,16
203092,156,163,87,16
203093,156,163,88,16
203094,156,163,89,5
203095,156,163,90,5
203096,156,163,91,5
203097,156,163,92,5
203098,156,163,93,15
203099,156,163,94,15
203100,156,163,95,15
203101,156,163,96,15
203102,156,163,97,15
203103,156,163,98,15
203104,156,163,99,5
203105,156,163,100,5
203106,156,163,101,5
203107,156,163,102,5
203108,156,163,103,5
203109,156,163,104,5
203110,156,163,105,16
203111,156,163,106,2
203112,156,163,107,2
203113,156,163,108,2
203114,156,163,109,2
203115,156,163,110,2
203116,156,163,111,2
203117,156,163,112,2
203118,156,163,113,2
203119,156,164,84,8
203120,156,164,85,8
203121,156,164,86,16
203122,156,164,87,16
203123,156,164,88,5
203124,156,164,89,5
203125,156,164,90,5
203126,156,164,91,15
203127,156,164,92,15
203128,156,164,93,15
203129,156,164,94,15
203130,156,164,95,15
203131,156,164,96,5
203132,156,164,97,7
203133,156,164,98,7
203134,156,164,99,7
203135,156,164,100,5
203136,156,164,101,5
203137,156,164,102,5
203138,156,164,103,5
203139,156,164,104,5
203140,156,164,105,16
203141,156,164,106,16
203142,156,164,107,2
203143,156,164,108,2
203144,156,164,109,2
203145,156,164,110,2
203146,156,164,111,2
203147,156,164,112,2
203148,156,164,113,2
203149,156,164,114,2
203150,156,165,84,8
203151,156,165,85,8
203152,156,165,86,16
203153,156,165,87,16
203154,156,165,88,5
203155,156,165,89,5
203156,156,165,90,8
203157,156,165,91,15
203158,156,165,92,15
203159,156,165,93,15
203160,156,165,94,15
203161,156,165,95,7
203162,156,165,96,7
203163,156,165,97,7
203164,156,165,98,7
203165,156,165,99,7
203166,156,165,100,7
203167,156,165,101,7
203168,156,165,102,5
203169,156,165,103,5
203170,156,165,104,16
203171,156,165,105,16
203172,156,165,106,16
203173,156,165,107,16
203174,156,165,108,2
203175,156,165,109,2
203176,156,165,110,5
203177,156,165,111,2
203178,156,165,112,2
203179,156,165,113,2
203180,156,165,114,2
203181,156,166,85,8
203182,156,166,86,16
203183,156,166,87,16
203184,156,166,88,5
203185,156,166,89,15
203186,156,166,90,8
203187,156,166,91,15
203188,156,166,92,15
203189,156,166,93,15
203190,156,166,94,15
203191,156,166,95,7
203192,156,166,96,7
203193,156,166,97,7
203194,156,166,98,7
203195,156,166,99,7
203196,156,166,100,7
203197,156,166,101,7
203198,156,166,102,14
203199,156,166,103,5
203200,156,166,104,16
203201,156,166,105,16
203202,156,166,106,16
203203,156,166,107,16
203204,156,166,108,2
203205,156,166,109,16
203206,156,166,110,5
203207,156,166,111,16
203208,156,166,112,2
203209,156,166,113,2
203210,156,166,114,2
203211,156,167,86,16
203212,156,167,87,16
203213,156,167,88,5
203214,156,167,89,16
203215,156,167,90,8
203216,156,167,91,15
203217,156,167,92,15
203218,156,167,93,15
203219,156,167,94,15
203220,156,167,95,7
203221,156,167,96,7
203222,156,167,97,7
203223,156,167,98,7
203224,156,167,99,7
203225,156,167,100,7
203226,156,167,101,7
203227,156,167,102,5
203228,156,167,103,5
203229,156,167,104,2
203230,156,167,105,2
203231,156,167,106,16
203232,156,167,107,16
203233,156,167,108,16
203234,156,167,109,16
203235,156,167,110,5
203236,156,167,111,16
203237,156,167,112,16
203238,156,167,113,2
203239,156,167,114,2
203240,156,167,115,2
203241,156,168,85,16
203242,156,168,86,16
203243,156,168,87,16
203244,156,168,88,8
203245,156,168,89,8
203246,156,168,90,8
203247,156,168,91,15
203248,156,168,92,15
203249,156,168,93,15
203250,156,168,94,15
203251,156,168,95,15
203252,156,168,96,7
203253,156,168,97,7
203254,156,168,98,7
203255,156,168,99,7
203256,156,168,100,7
203257,156,168,101,5
203258,156,168,102,5
203259,156,168,103,5
203260,156,168,104,2
203261,156,168,105,16
203262,156,168,106,16
203263,156,168,107,16
203264,156,168,108,16
203265,156,168,109,16
203266,156,168,110,16
203267,156,168,111,16
203268,156,168,112,16
203269,156,168,113,16
203270,156,168,114,2
203271,156,168,115,2
203272,156,169,85,16
203273,156,169,86,16
203274,156,169,87,16
203275,156,169,88,8
203276,156,169,89,8
203277,156,169,90,15
203278,156,169,91,15
203279,156,169,92,15
203280,156,169,93,15
203281,156,169,94,15
203282,156,169,95,15
203283,156,169,96,7
203284,156,169,97,7
203285,156,169,98,7
203286,156,169,99,5
203287,156,169,100,5
203288,156,169,101,5
203289,156,169,102,5
203290,156,169,103,5
203291,156,169,104,5
203292,156,169,105,5
203293,156,169,106,16
203294,156,169,107,16
203295,156,169,108,16
203296,156,169,109,16
203297,156,169,110,16
203298,156,169,111,16
203299,156,169,112,16
203300,156,169,113,2
203301,156,169,114,2
203302,156,169,115,2
203303,156,169,116,2
203304,156,170,86,16
203305,156,170,87,16
203306,156,170,88,16
203307,156,170,89,16
203308,156,170,90,15
203309,156,170,91,15
203310,156,170,92,15
203311,156,170,93,15
203312,156,170,94,15
203313,156,170,95,15
203314,156,170,96,15
203315,156,170,97,7
203316,156,170,98,7
203317,156,170,99,5
203318,156,170,100,5
203319,156,170,101,5
203320,156,170,102,5
203321,156,170,103,5
203322,156,170,104,5
203323,156,170,105,5
203324,156,170,106,5
203325,156,170,107,16
203326,156,170,108,16
203327,156,170,109,16
203328,156,170,110,16
203329,156,170,111,14
203330,156,170,112,5
203331,156,170,113,5
203332,156,170,114,2
203333,156,170,115,2
203334,156,170,116,7
203335,156,171,87,16
203336,156,171,88,16
203337,156,171,89,16
203338,156,171,90,15
203339,156,171,91,15
203340,156,171,92,15
203341,156,171,93,15
203342,156,171,94,15
203343,156,171,95,15
203344,156,171,96,15
203345,156,171,97,15
203346,156,171,98,15
203347,156,171,99,5
203348,156,171,100,15
203349,156,171,101,15
203350,156,171,102,5
203351,156,171,103,5
203352,156,171,104,5
203353,156,171,105,5
203354,156,171,106,5
203355,156,171,107,16
203356,156,171,108,16
203357,156,171,109,16
203358,156,171,110,16
203359,156,171,111,14
203360,156,171,112,5
203361,156,171,113,7
203362,156,171,114,7
203363,156,171,115,7
203364,156,172,87,16
203365,156,172,88,16
203366,156,172,89,16
203367,156,172,90,5
203368,156,172,91,5
203369,156,172,92,15
203370,156,172,93,15
203371,156,172,94,15
203372,156,172,95,15
203373,156,172,96,15
203374,156,172,97,15
203375,156,172,98,15
203376,156,172,99,15
203377,156,172,100,15
203378,156,172,101,5
203379,156,172,102,5
203380,156,172,103,5
203381,156,172,104,15
203382,156,172,105,5
203383,156,172,106,5
203384,156,172,107,2
203385,156,172,108,16
203386,156,172,109,16
203387,156,172,110,5
203388,156,172,111,5
203389,156,172,112,7
203390,156,172,113,7
203391,156,173,87,16
203392,156,173,88,16
203393,156,173,89,16
203394,156,173,90,5
203395,156,173,91,5
203396,156,173,92,5
203397,156,173,93,15
203398,156,173,94,15
203399,156,173,95,5
203400,156,173,96,5
203401,156,173,97,5
203402,156,173,98,5
203403,156,173,99,5
203404,156,173,100,15
203405,156,173,101,5
203406,156,173,102,5
203407,156,173,103,15
203408,156,173,104,15
203409,156,173,105,2
203410,156,173,106,2
203411,156,173,107,16
203412,156,173,108,16
203413,156,173,109,5
203414,156,173,110,5
203415,156,173,111,7
203416,156,173,112,7
203417,156,173,113,13
203418,156,174,87,16
203419,156,174,88,16
203420,156,174,89,16
203421,156,174,90,16
203422,156,174,91,5
203423,156,174,92,5
203424,156,174,93,15
203425,156,174,94,15
203426,156,174,95,5
203427,156,174,96,5
203428,156,174,97,5
203429,156,174,98,5
203430,156,174,99,5
203431,156,174,100,5
203432,156,174,101,5
203433,156,174,102,16
203434,156,174,103,2
203435,156,174,104,16
203436,156,174,105,16
203437,156,174,106,5
203438,156,174,107,5
203439,156,174,108,5
203440,156,174,109,5
203441,156,174,110,5
203442,156,174,111,7
203443,156,174,112,7
203444,156,174,113,13
203445,156,175,87,16
203446,156,175,88,16
203447,156,175,89,16
203448,156,175,90,16
203449,156,175,91,16
203450,156,175,92,5
203451,156,175,93,14
203452,156,175,94,14
203453,156,175,95,16
203454,156,175,96,16
203455,156,175,97,16
203456,156,175,98,16
203457,156,175,99,16
203458,156,175,100,16
203459,156,175,101,16
203460,156,175,102,16
203461,156,175,103,16
203462,156,175,104,16
203463,156,175,105,16
203464,156,175,106,16
203465,156,175,107,5
203466,156,175,108,14
203467,156,175,109,14
203468,156,175,110,7
203469,156,175,111,7
203470,156,175,112,13
203471,156,175,113,13
203472,156,176,88,16
203473,156,176,89,16
203474,156,176,90,16
203475,156,176,91,16
203476,156,176,92,16
203477,156,176,93,16
203478,156,176,94,16
203479,156,176,95,16
203480,156,176,96,16
203481,156,176,97,16
203482,156,176,98,16
203483,156,176,99,2
203484,156,176,100,2
203485,156,176,101,16
203486,156,176,102,16
203487,156,176,103,16
203488,156,176,104,16
203489,156,176,105,16
203490,156,176,106,16
203491,156,176,107,16
203492,156,176,108,14
203493,156,176,109,14
203494,156,176,110,7
203495,156,176,111,7
203496,156,176,112,13
203497,156,176,113,13
203498,156,177,89,16
203499,156,177,90,16
203500,156,177,91,16
203501,156,177,92,16
203502,156,177,93,16
203503,156,177,94,16
203504,156,177,95,16
203505,156,177,96,16
203506,156,177,97,2
203507,156,177,98,2
203508,156,177,99,2
203509,156,177,100,2
203510,156,177,101,2
203511,156,177,102,16
203512,156,177,103,16
203513,156,177,104,16
203514,156,177,105,16
203515,156,177,106,16
203516,156,177,107,16
203517,156,177,108,14
203518,156,177,109,14
203519,156,177,110,7
203520,156,177,111,7
203521,156,177,112,13
203522,156,178,90,16
203523,156,178,91,16
203524,156,178,92,16
203525,156,178,93,16
203526,156,178,94,16
203527,156,178,95,16
203528,156,178,97,16
203529,156,178,98,16
203530,156,178,99,2
203531,156,178,100,2
203532,156,178,101,16
203533,156,178,102,16
203534,156,178,103,2
203535,156,178,104,16
203536,156,178,105,16
203537,156,178,106,16
203538,156,178,107,16
203539,156,178,108,16
203540,156,178,109,14
203541,156,178,110,7
203542,156,178,112,9
203543,156,179,91,16
203544,156,179,92,16
203545,156,179,93,16
203546,156,179,94,16
203547,156,179,96,16
203548,156,179,97,16
203549,156,179,98,2
203550,156,179,99,16
203551,156,179,100,2
203552,156,179,101,16
203553,156,179,102,2
203554,156,179,103,2
203555,156,179,104,16
203556,156,179,105,16
203557,156,179,106,16
203558,156,179,107,16
203559,156,179,108,16
203560,156,179,109,7
203561,156,180,92,16
203562,156,180,93,16
203563,156,180,94,16
203564,156,180,96,16
203565,156,180,97,16
203566,156,180,98,16
203567,156,180,99,16
203568,156,180,100,16
203569,156,180,101,16
203570,156,180,102,2
203571,156,180,103,16
203572,156,180,104,16
203573,156,180,105,16
203574,156,180,106,16
203575,156,181,93,16
203576,156,181,94,16
203577,156,181,95,16
203578,156,181,96,16
203579,156,181,97,16
203580,156,181,98,16
203581,156,181,99,16
203582,156,181,100,16
203583,156,181,101,16
203584,156,181,102,16
203585,156,181,103,16
203586,156,181,104,16
203587,156,181,105,16
203588,156,181,106,16
203589,156,182,94,16
203590,156,182,95,16
203591,156,182,96,16
203592,156,182,97,16
203593,156,182,98,16
203594,156,182,99,16
203595,156,182,100,16
203596,156,182,101,16
203597,156,182,102,16
203598,156,182,103,16
203599,156,182,104,16
203600,156,183,95,16
203601,156,183,96,16
203602,156,183,97,16
203603,156,183,98,16
203604,156,183,99,16
203605,156,183,100,16
203606,156,183,101,16
203607,156,183,102,16
203608,156,183,103,16
203609,156,184,96,16
203610,156,184,97,16
203611,156,184,98,16
203612,156,184,99,16
203613,156,184,100,16
203614,156,184,101,16
203615,157,146,94,11
203616,157,146,95,11
203617,157,146,96,3
203618,157,147,91,3
203619,157,147,92,3
203620,157,147,93,3
203621,157,147,94,11
203622,157,147,95,3
203623,157,147,96,3
203624,157,147,97,3
203625,157,147,98,3
203626,157,148,90,3
203627,157,148,91,3
203628,157,148,92,3
203629,157,148,93,3
203630,157,148,94,3
203631,157,148,95,3
203632,157,148,96,3
203633,157,148,97,3
203634,157,148,98,3
203635,157,149,89,11
203636,157,149,90,3
203637,157,149,91,3
203638,157,149,92,3
203639,157,149,93,3
203640,157,149,94,3
203641,157,149,95,3
203642,157,149,96,3
203643,157,149,97,3
203644,157,149,98,3
203645,157,150,89,3
203646,157,150,90,3
203647,157,150,91,3
203648,157,150,92,3
203649,157,150,93,3
203650,157,150,94,3
203651,157,150,95,3
203652,157,150,96,3
203653,157,150,97,3
203654,157,150,98,3
203655,157,151,88,3
203656,157,151,89,3
203657,157,151,90,3
203658,157,151,91,3
203659,157,151,92,3
203660,157,151,93,3
203661,157,151,94,3
203662,157,151,95,3
203663,157,151,96,3
203664,157,151,97,3
203665,157,151,98,3
203666,157,152,88,3
203667,157,152,89,3
203668,157,152,90,3
203669,157,152,91,3
203670,157,152,92,3
203671,157,152,93,3
203672,157,152,94,3
203673,157,152,95,3
203674,157,152,96,3
203675,157,152,97,3
203676,157,152,98,3
203677,157,153,88,3
203678,157,153,89,3
203679,157,153,90,3
203680,157,153,91,3
203681,157,153,92,3
203682,157,153,93,3
203683,157,153,94,3
203684,157,153,95,3
203685,157,153,96,3
203686,157,153,97,3
203687,157,153,98,3
203688,157,154,87,11
203689,157,154,88,3
203690,157,154,89,3
203691,157,154,90,3
203692,157,154,91,3
203693,157,154,92,3
203694,157,154,93,3
203695,157,154,94,3
203696,157,154,95,3
203697,157,154,96,3
203698,157,155,87,11
203699,157,155,88,3
203700,157,155,89,3
203701,157,155,90,3
203702,157,155,91,3
203703,157,155,92,3
203704,157,155,93,3
203705,157,155,94,3
203706,157,155,95,3
203707,157,155,96,3
203708,157,156,87,11
203709,157,156,88,11
203710,157,156,89,3
203711,157,156,90,3
203712,157,156,91,3
203713,157,156,92,3
203714,157,156,93,3
203715,157,156,94,11
203716,157,156,95,16
203717,157,156,96,16
203718,157,157,87,11
203719,157,157,88,3
203720,157,157,89,3
203721,157,157,90,3
203722,157,157,91,3
203723,157,157,92,3
203724,157,157,93,3
203725,157,157,94,16
203726,157,157,95,16
203727,157,157,96,16
203728,157,157,97,16
203729,157,157,98,16
203730,157,157,99,16
203731,157,157,100,16
203732,157,157,101,3
203733,157,158,89,3
203734,157,158,90,3
203735,157,158,91,16
203736,157,158,92,16
203737,157,158,93,5
203738,157,158,94,5
203739,157,158,95,5
203740,157,158,96,5
203741,157,158,97,5
203742,157,158,98,5
203743,157,158,99,5
203744,157,158,100,5
203745,157,158,101,16
203746,157,158,102,16
203747,157,158,103,16
203748,157,159,89,8
203749,157,159,90,5
203750,157,159,91,5
203751,157,159,92,5
203752,157,159,93,5
203753,157,159,94,5
203754,157,159,95,5
203755,157,159,96,5
203756,157,159,97,5
203757,157,159,98,15
203758,157,159,99,15
203759,157,159,100,5
203760,157,159,101,5
203761,157,159,102,16
203762,157,159,103,16
203763,157,159,104,16
203764,157,159,105,2
203765,157,160,87,11
203766,157,160,88,16
203767,157,160,89,5
203768,157,160,90,5
203769,157,160,91,5
203770,157,160,92,5
203771,157,160,93,15
203772,157,160,94,5
203773,157,160,95,5
203774,157,160,96,5
203775,157,160,97,5
203776,157,160,98,5
203777,157,160,99,5
203778,157,160,100,15
203779,157,160,101,15
203780,157,160,102,15
203781,157,160,103,16
203782,157,160,104,16
203783,157,160,105,16
203784,157,160,106,2
203785,157,160,107,2
203786,157,160,108,2
203787,157,160,109,2
203788,157,161,86,11
203789,157,161,87,16
203790,157,161,88,16
203791,157,161,89,16
203792,157,161,90,15
203793,157,161,91,5
203794,157,161,92,5
203795,157,161,93,15
203796,157,161,94,5
203797,157,161,95,5
203798,157,161,96,15
203799,157,161,97,5
203800,157,161,98,5
203801,157,161,99,5
203802,157,161,100,5
203803,157,161,101,15
203804,157,161,102,15
203805,157,161,103,5
203806,157,161,104,16
203807,157,161,105,16
203808,157,161,106,2
203809,157,161,107,2
203810,157,161,108,2
203811,157,161,109,2
203812,157,162,85,8
203813,157,162,86,8
203814,157,162,87,16
203815,157,162,88,5
203816,157,162,89,5
203817,157,162,90,5
203818,157,162,91,15
203819,157,162,92,15
203820,157,162,93,15
203821,157,162,94,5
203822,157,162,95,5
203823,157,162,96,15
203824,157,162,97,15
203825,157,162,98,15
203826,157,162,99,5
203827,157,162,100,5
203828,157,162,101,5
203829,157,162,102,15
203830,157,162,103,5
203831,157,162,104,5
203832,157,162,105,16
203833,157,162,106,2
203834,157,162,107,2
203835,157,162,108,2
203836,157,162,109,2
203837,157,162,110,2
203838,157,163,84,8
203839,157,163,85,8
203840,157,163,86,16
203841,157,163,87,16
203842,157,163,88,15
203843,157,163,89,15
203844,157,163,90,5
203845,157,163,91,15
203846,157,163,92,15
203847,157,163,93,15
203848,157,163,94,5
203849,157,163,95,5
203850,157,163,96,15
203851,157,163,97,15
203852,157,163,98,5
203853,157,163,99,5
203854,157,163,100,5
203855,157,163,101,5
203856,157,163,102,5
203857,157,163,103,5
203858,157,163,104,5
203859,157,163,105,16
203860,157,163,106,16
203861,157,163,107,2
203862,157,163,108,2
203863,157,163,109,2
203864,157,163,110,2
203865,157,163,111,2
203866,157,163,112,2
203867,157,163,113,2
203868,157,164,84,8
203869,157,164,85,8
203870,157,164,86,16
203871,157,164,87,16
203872,157,164,88,5
203873,157,164,89,8
203874,157,164,90,8
203875,157,164,91,15
203876,157,164,92,15
203877,157,164,93,15
203878,157,164,94,15
203879,157,164,95,7
203880,157,164,96,5
203881,157,164,97,7
203882,157,164,98,7
203883,157,164,99,7
203884,157,164,100,5
203885,157,164,101,5
203886,157,164,102,5
203887,157,164,103,5
203888,157,164,104,16
203889,157,164,105,16
203890,157,164,106,16
203891,157,164,107,16
203892,157,164,108,2
203893,157,164,109,5
203894,157,164,110,5
203895,157,164,111,2
203896,157,164,112,2
203897,157,164,113,2
203898,157,164,114,2
203899,157,165,84,8
203900,157,165,85,8
203901,157,165,86,16
203902,157,165,87,16
203903,157,165,88,5
203904,157,165,89,8
203905,157,165,90,5
203906,157,165,91,5
203907,157,165,92,15
203908,157,165,93,15
203909,157,165,94,15
203910,157,165,95,7
203911,157,165,96,7
203912,157,165,97,7
203913,157,165,98,7
203914,157,165,99,7
203915,157,165,100,7
203916,157,165,101,5
203917,157,165,102,5
203918,157,165,103,5
203919,157,165,104,16
203920,157,165,105,16
203921,157,165,106,16
203922,157,165,107,2
203923,157,165,108,2
203924,157,165,109,5
203925,157,165,110,5
203926,157,165,111,16
203927,157,165,112,2
203928,157,165,113,2
203929,157,165,114,2
203930,157,166,85,8
203931,157,166,86,16
203932,157,166,87,16
203933,157,166,88,5
203934,157,166,89,8
203935,157,166,90,5
203936,157,166,91,5
203937,157,166,92,15
203938,157,166,93,15
203939,157,166,94,7
203940,157,166,95,7
203941,157,166,96,7
203942,157,166,97,7
203943,157,166,98,7
203944,157,166,99,7
203945,157,166,100,7
203946,157,166,101,5
203947,157,166,102,5
203948,157,166,103,2
203949,157,166,104,2
203950,157,166,105,16
203951,157,166,106,16
203952,157,166,107,16
203953,157,166,108,2
203954,157,166,109,16
203955,157,166,110,5
203956,157,166,111,16
203957,157,166,112,16
203958,157,166,113,2
203959,157,166,114,2
203960,157,167,86,16
203961,157,167,87,16
203962,157,167,88,16
203963,157,167,89,16
203964,157,167,90,16
203965,157,167,91,5
203966,157,167,92,15
203967,157,167,93,15
203968,157,167,94,7
203969,157,167,95,7
203970,157,167,96,7
203971,157,167,97,7
203972,157,167,98,7
203973,157,167,99,7
203974,157,167,100,7
203975,157,167,101,5
203976,157,167,102,5
203977,157,167,103,2
203978,157,167,104,2
203979,157,167,105,2
203980,157,167,106,16
203981,157,167,107,16
203982,157,167,108,2
203983,157,167,109,2
203984,157,167,110,16
203985,157,167,111,16
203986,157,167,112,16
203987,157,167,113,16
203988,157,167,114,2
203989,157,167,115,2
203990,157,167,116,2
203991,157,168,86,16
203992,157,168,87,16
203993,157,168,88,16
203994,157,168,89,16
203995,157,168,90,16
203996,157,168,91,5
203997,157,168,92,15
203998,157,168,93,15
203999,157,168,94,15
204000,157,168,95,7
204001,157,168,96,7
204002,157,168,97,7
204003,157,168,98,7
204004,157,168,99,7
204005,157,168,100,5
204006,157,168,101,5
204007,157,168,102,5
204008,157,168,103,5
204009,157,168,104,2
204010,157,168,105,16
204011,157,168,106,16
204012,157,168,107,16
204013,157,168,108,2
204014,157,168,109,2
204015,157,168,110,16
204016,157,168,111,16
204017,157,168,112,16
204018,157,168,113,16
204019,157,168,114,2
204020,157,168,115,2
204021,157,168,116,2
204022,157,169,86,16
204023,157,169,87,16
204024,157,169,88,16
204025,157,169,89,8
204026,157,169,90,15
204027,157,169,91,15
204028,157,169,92,15
204029,157,169,93,15
204030,157,169,94,15
204031,157,169,95,7
204032,157,169,96,7
204033,157,169,97,7
204034,157,169,98,7
204035,157,169,99,5
204036,157,169,100,5
204037,157,169,101,5
204038,157,169,102,5
204039,157,169,103,5
204040,157,169,104,5
204041,157,169,105,5
204042,157,169,106,16
204043,157,169,107,2
204044,157,169,108,2
204045,157,169,109,16
204046,157,169,110,16
204047,157,169,111,16
204048,157,169,112,16
204049,157,169,113,16
204050,157,169,114,2
204051,157,169,115,2
204052,157,169,116,2
204053,157,170,86,16
204054,157,170,87,16
204055,157,170,88,16
204056,157,170,89,5
204057,157,170,90,15
204058,157,170,91,15
204059,157,170,92,15
204060,157,170,93,15
204061,157,170,94,15
204062,157,170,95,15
204063,157,170,96,15
204064,157,170,97,15
204065,157,170,98,15
204066,157,170,99,5
204067,157,170,100,5
204068,157,170,101,5
204069,157,170,102,5
204070,157,170,103,5
204071,157,170,104,5
204072,157,170,105,5
204073,157,170,106,5
204074,157,170,107,16
204075,157,170,108,16
204076,157,170,109,16
204077,157,170,110,5
204078,157,170,111,5
204079,157,170,112,5
204080,157,170,113,5
204081,157,170,114,2
204082,157,170,115,1
204083,157,170,116,7
204084,157,171,86,16
204085,157,171,87,16
204086,157,171,88,16
204087,157,171,89,16
204088,157,171,90,15
204089,157,171,91,15
204090,157,171,92,15
204091,157,171,93,15
204092,157,171,94,15
204093,157,171,95,15
204094,157,171,96,15
204095,157,171,97,15
204096,157,171,98,15
204097,157,171,99,5
204098,157,171,100,15
204099,157,171,101,15
204100,157,171,102,5
204101,157,171,103,5
204102,157,171,104,5
204103,157,171,105,5
204104,157,171,106,5
204105,157,171,107,5
204106,157,171,108,16
204107,157,171,109,16
204108,157,171,110,16
204109,157,171,111,14
204110,157,171,112,5
204111,157,171,113,5
204112,157,171,114,7
204113,157,171,115,7
204114,157,172,86,16
204115,157,172,87,16
204116,157,172,88,16
204117,157,172,89,16
204118,157,172,90,15
204119,157,172,91,15
204120,157,172,92,15
204121,157,172,93,15
204122,157,172,94,15
204123,157,172,95,15
204124,157,172,96,15
204125,157,172,97,15
204126,157,172,98,15
204127,157,172,99,15
204128,157,172,100,15
204129,157,172,101,15
204130,157,172,102,5
204131,157,172,103,5
204132,157,172,104,5
204133,157,172,105,5
204134,157,172,106,5
204135,157,172,107,5
204136,157,172,108,16
204137,157,172,109,16
204138,157,172,110,5
204139,157,172,111,14
204140,157,172,112,5
204141,157,172,113,7
204142,157,172,114,7
204143,157,173,86,16
204144,157,173,87,16
204145,157,173,88,16
204146,157,173,89,16
204147,157,173,90,5
204148,157,173,91,5
204149,157,173,92,5
204150,157,173,93,15
204151,157,173,94,15
204152,157,173,95,15
204153,157,173,96,15
204154,157,173,97,15
204155,157,173,98,15
204156,157,173,99,15
204157,157,173,100,15
204158,157,173,101,15
204159,157,173,102,15
204160,157,173,103,15
204161,157,173,104,5
204162,157,173,105,5
204163,157,173,106,5
204164,157,173,107,5
204165,157,173,108,16
204166,157,173,109,5
204167,157,173,110,5
204168,157,173,111,5
204169,157,173,112,7
204170,157,173,113,7
204171,157,174,87,16
204172,157,174,88,16
204173,157,174,89,16
204174,157,174,90,5
204175,157,174,91,5
204176,157,174,92,5
204177,157,174,93,5
204178,157,174,94,15
204179,157,174,95,15
204180,157,174,96,5
204181,157,174,97,15
204182,157,174,98,15
204183,157,174,99,15
204184,157,174,100,15
204185,157,174,101,15
204186,157,174,102,15
204187,157,174,103,15
204188,157,174,104,15
204189,157,174,105,5
204190,157,174,106,5
204191,157,174,107,5
204192,157,174,108,5
204193,157,174,109,5
204194,157,174,110,5
204195,157,174,111,7
204196,157,174,112,7
204197,157,174,113,13
204198,157,175,87,16
204199,157,175,88,16
204200,157,175,89,16
204201,157,175,90,5
204202,157,175,91,15
204203,157,175,92,5
204204,157,175,93,5
204205,157,175,94,5
204206,157,175,95,14
204207,157,175,96,16
204208,157,175,97,16
204209,157,175,98,16
204210,157,175,99,16
204211,157,175,100,16
204212,157,175,101,5
204213,157,175,102,15
204214,157,175,103,5
204215,157,175,104,5
204216,157,175,105,5
204217,157,175,106,5
204218,157,175,107,5
204219,157,175,108,14
204220,157,175,109,14
204221,157,175,110,5
204222,157,175,111,7
204223,157,175,112,13
204224,157,175,113,9
204225,157,176,88,16
204226,157,176,89,16
204227,157,176,90,16
204228,157,176,91,15
204229,157,176,92,5
204230,157,176,93,5
204231,157,176,94,14
204232,157,176,95,14
204233,157,176,96,16
204234,157,176,97,16
204235,157,176,98,16
204236,157,176,99,16
204237,157,176,100,16
204238,157,176,101,16
204239,157,176,102,16
204240,157,176,103,16
204241,157,176,104,16
204242,157,176,105,5
204243,157,176,106,5
204244,157,176,107,5
204245,157,176,108,14
204246,157,176,109,14
204247,157,176,110,5
204248,157,176,111,7
204249,157,176,112,13
204250,157,177,88,16
204251,157,177,89,16
204252,157,177,90,16
204253,157,177,91,16
204254,157,177,92,5
204255,157,177,93,5
204256,157,177,94,14
204257,157,177,95,16
204258,157,177,96,16
204259,157,177,97,2
204260,157,177,98,2
204261,157,177,99,2
204262,157,177,100,16
204263,157,177,101,16
204264,157,177,102,16
204265,157,177,103,16
204266,157,177,104,16
204267,157,177,105,5
204268,157,177,106,5
204269,157,177,107,14
204270,157,177,108,14
204271,157,177,109,14
204272,157,177,110,5
204273,157,177,112,13
204274,157,178,89,16
204275,157,178,90,16
204276,157,178,91,16
204277,157,178,92,16
204278,157,178,93,5
204279,157,178,94,16
204280,157,178,95,16
204281,157,178,96,16
204282,157,178,97,2
204283,157,178,98,2
204284,157,178,99,2
204285,157,178,100,16
204286,157,178,101,2
204287,157,178,102,16
204288,157,178,103,2
204289,157,178,104,16
204290,157,178,105,16
204291,157,178,106,16
204292,157,178,107,16
204293,157,178,108,16
204294,157,178,109,14
204295,157,179,90,16
204296,157,179,91,16
204297,157,179,92,16
204298,157,179,93,16
204299,157,179,94,16
204300,157,179,95,16
204301,157,179,96,16
204302,157,179,97,2
204303,157,179,98,2
204304,157,179,99,16
204305,157,179,100,2
204306,157,179,101,2
204307,157,179,102,2
204308,157,179,103,16
204309,157,179,104,16
204310,157,179,105,16
204311,157,179,106,16
204312,157,179,107,16
204313,157,179,108,16
204314,157,180,90,16
204315,157,180,91,16
204316,157,180,92,16
204317,157,180,93,16
204318,157,180,94,16
204319,157,180,95,16
204320,157,180,96,16
204321,157,180,97,16
204322,157,180,98,16
204323,157,180,99,16
204324,157,180,100,16
204325,157,180,101,16
204326,157,180,102,2
204327,157,180,103,16
204328,157,180,104,16
204329,157,180,105,16
204330,157,180,106,16
204331,157,180,107,16
204332,157,180,108,1
204333,157,181,92,16
204334,157,181,93,16
204335,157,181,94,16
204336,157,181,95,16
204337,157,181,96,16
204338,157,181,97,16
204339,157,181,98,16
204340,157,181,99,5
204341,157,181,100,16
204342,157,181,101,16
204343,157,181,102,2
204344,157,181,103,16
204345,157,181,104,16
204346,157,181,105,16
204347,157,181,106,16
204348,157,181,107,16
204349,157,182,93,16
204350,157,182,94,16
204351,157,182,95,16
204352,157,182,96,16
204353,157,182,97,16
204354,157,182,98,16
204355,157,182,99,16
204356,157,182,100,16
204357,157,182,101,16
204358,157,182,102,2
204359,157,182,103,16
204360,157,182,104,16
204361,157,182,105,16
204362,157,182,106,16
204363,157,183,94,16
204364,157,183,95,16
204365,157,183,96,16
204366,157,183,97,16
204367,157,183,98,16
204368,157,183,99,16
204369,157,183,100,16
204370,157,183,101,16
204371,157,183,102,16
204372,157,183,103,16
204373,157,183,104,16
204374,157,184,95,16
204375,157,184,96,16
204376,157,184,97,16
204377,157,184,98,16
204378,157,184,99,16
204379,157,184,100,16
204380,157,184,101,16
204381,157,184,102,16
204382,157,184,103,16
204383,157,185,97,16
204384,157,185,98,16
204385,157,185,99,16
204386,157,185,100,16
204387,158,146,91,3
204388,158,146,92,11
204389,158,146,93,11
204390,158,146,94,11
204391,158,146,95,3
204392,158,146,96,3
204393,158,147,90,3
204394,158,147,91,3
204395,158,147,92,3
204396,158,147,93,3
204397,158,147,94,3
204398,158,147,95,3
204399,158,147,96,3
204400,158,147,97,3
204401,158,148,89,11
204402,158,148,90,3
204403,158,148,91,3
204404,158,148,92,3
204405,158,148,93,3
204406,158,148,94,3
204407,158,148,95,3
204408,158,148,96,3
204409,158,148,97,3
204410,158,148,98,3
204411,158,149,89,3
204412,158,149,90,3
204413,158,149,91,3
204414,158,149,92,3
204415,158,149,93,3
204416,158,149,94,3
204417,158,149,95,3
204418,158,149,96,3
204419,158,149,97,3
204420,158,149,98,3
204421,158,150,89,3
204422,158,150,90,3
204423,158,150,91,3
204424,158,150,92,3
204425,158,150,93,3
204426,158,150,94,3
204427,158,150,95,3
204428,158,150,96,3
204429,158,150,97,3
204430,158,150,98,3
204431,158,151,88,3
204432,158,151,89,3
204433,158,151,90,3
204434,158,151,91,3
204435,158,151,92,3
204436,158,151,93,3
204437,158,151,94,3
204438,158,151,95,3
204439,158,151,96,3
204440,158,151,97,3
204441,158,151,98,3
204442,158,152,88,3
204443,158,152,89,3
204444,158,152,90,3
204445,158,152,91,3
204446,158,152,92,3
204447,158,152,93,3
204448,158,152,94,3
204449,158,152,95,3
204450,158,152,96,3
204451,158,152,97,3
204452,158,152,98,3
204453,158,153,88,3
204454,158,153,89,3
204455,158,153,90,3
204456,158,153,91,3
204457,158,153,92,3
204458,158,153,93,3
204459,158,153,94,3
204460,158,153,95,3
204461,158,153,96,3
204462,158,153,97,3
204463,158,153,98,3
204464,158,154,87,11
204465,158,154,88,3
204466,158,154,89,3
204467,158,154,90,3
204468,158,154,91,3
204469,158,154,92,3
204470,158,154,93,3
204471,158,154,94,3
204472,158,154,95,3
204473,158,154,96,3
204474,158,155,87,11
204475,158,155,88,3
204476,158,155,89,3
204477,158,155,90,3
204478,158,155,91,3
204479,158,155,92,3
204480,158,155,93,3
204481,158,155,94,3
204482,158,155,95,11
204483,158,155,96,3
204484,158,156,87,11
204485,158,156,88,11
204486,158,156,89,3
204487,158,156,90,3
204488,158,156,91,3
204489,158,156,92,3
204490,158,156,93,3
204491,158,156,94,11
204492,158,156,95,11
204493,158,156,96,16
204494,158,156,97,16
204495,158,157,89,3
204496,158,157,90,3
204497,158,157,91,3
204498,158,157,92,3
204499,158,157,93,16
204500,158,157,94,16
204501,158,157,95,16
204502,158,157,96,5
204503,158,157,97,5
204504,158,157,98,16
204505,158,157,99,16
204506,158,157,100,16
204507,158,157,101,3
204508,158,158,90,3
204509,158,158,91,16
204510,158,158,92,5
204511,158,158,93,5
204512,158,158,94,5
204513,158,158,95,5
204514,158,158,96,5
204515,158,158,97,15
204516,158,158,98,5
204517,158,158,99,5
204518,158,158,100,5
204519,158,158,101,16
204520,158,158,102,16
204521,158,158,103,16
204522,158,159,89,16
204523,158,159,90,5
204524,158,159,91,5
204525,158,159,92,5
204526,158,159,93,15
204527,158,159,94,15
204528,158,159,95,5
204529,158,159,96,5
204530,158,159,97,15
204531,158,159,98,15
204532,158,159,99,15
204533,158,159,100,15
204534,158,159,101,5
204535,158,159,102,16
204536,158,159,103,16
204537,158,159,104,16
204538,158,159,105,2
204539,158,160,89,16
204540,158,160,90,5
204541,158,160,91,5
204542,158,160,92,5
204543,158,160,93,15
204544,158,160,94,5
204545,158,160,95,5
204546,158,160,96,5
204547,158,160,97,5
204548,158,160,98,15
204549,158,160,99,5
204550,158,160,100,5
204551,158,160,101,15
204552,158,160,102,5
204553,158,160,103,5
204554,158,160,104,16
204555,158,160,105,16
204556,158,160,106,2
204557,158,160,107,2
204558,158,160,108,2
204559,158,160,109,2
204560,158,161,87,11
204561,158,161,88,16
204562,158,161,89,5
204563,158,161,90,15
204564,158,161,91,15
204565,158,161,92,15
204566,158,161,93,15
204567,158,161,94,5
204568,158,161,95,5
204569,158,161,96,5
204570,158,161,97,5
204571,158,161,98,5
204572,158,161,99,5
204573,158,161,100,5
204574,158,161,101,15
204575,158,161,102,15
204576,158,161,103,5
204577,158,161,104,16
204578,158,161,105,16
204579,158,161,106,16
204580,158,161,107,2
204581,158,161,108,2
204582,158,161,109,2
204583,158,161,110,2
204584,158,162,85,11
204585,158,162,86,11
204586,158,162,87,16
204587,158,162,88,8
204588,158,162,89,8
204589,158,162,90,15
204590,158,162,91,15
204591,158,162,92,15
204592,158,162,93,15
204593,158,162,94,5
204594,158,162,95,5
204595,158,162,96,5
204596,158,162,97,5
204597,158,162,98,5
204598,158,162,99,5
204599,158,162,100,5
204600,158,162,101,5
204601,158,162,102,5
204602,158,162,103,5
204603,158,162,104,5
204604,158,162,105,16
204605,158,162,106,5
204606,158,162,107,2
204607,158,162,108,2
204608,158,162,109,2
204609,158,162,110,2
204610,158,162,111,2
204611,158,162,112,2
204612,158,162,113,2
204613,158,163,85,8
204614,158,163,86,16
204615,158,163,87,16
204616,158,163,88,15
204617,158,163,89,15
204618,158,163,90,5
204619,158,163,91,15
204620,158,163,92,15
204621,158,163,93,15
204622,158,163,94,5
204623,158,163,95,5
204624,158,163,96,5
204625,158,163,97,5
204626,158,163,98,5
204627,158,163,99,5
204628,158,163,100,5
204629,158,163,101,5
204630,158,163,102,5
204631,158,163,103,16
204632,158,163,104,16
204633,158,163,105,16
204634,158,163,106,16
204635,158,163,107,2
204636,158,163,108,5
204637,158,163,109,5
204638,158,163,110,16
204639,158,163,111,2
204640,158,163,112,2
204641,158,163,113,2
204642,158,163,114,2
204643,158,164,84,8
204644,158,164,85,8
204645,158,164,86,16
204646,158,164,87,16
204647,158,164,88,15
204648,158,164,89,15
204649,158,164,90,15
204650,158,164,91,5
204651,158,164,92,15
204652,158,164,93,15
204653,158,164,94,5
204654,158,164,95,5
204655,158,164,96,14
204656,158,164,97,14
204657,158,164,98,5
204658,158,164,99,5
204659,158,164,100,5
204660,158,164,101,5
204661,158,164,102,5
204662,158,164,103,16
204663,158,164,104,16
204664,158,164,105,16
204665,158,164,106,16
204666,158,164,107,16
204667,158,164,108,16
204668,158,164,109,5
204669,158,164,110,16
204670,158,164,111,16
204671,158,164,112,2
204672,158,164,113,2
204673,158,164,114,2
204674,158,165,84,8
204675,158,165,85,8
204676,158,165,86,8
204677,158,165,87,16
204678,158,165,88,16
204679,158,165,89,8
204680,158,165,90,5
204681,158,165,91,5
204682,158,165,92,15
204683,158,165,93,15
204684,158,165,94,7
204685,158,165,95,7
204686,158,165,96,7
204687,158,165,97,14
204688,158,165,98,7
204689,158,165,99,7
204690,158,165,100,5
204691,158,165,101,5
204692,158,165,102,2
204693,158,165,103,2
204694,158,165,104,16
204695,158,165,105,16
204696,158,165,106,16
204697,158,165,107,16
204698,158,165,108,2
204699,158,165,109,16
204700,158,165,110,16
204701,158,165,111,16
204702,158,165,112,16
204703,158,165,113,2
204704,158,165,114,2
204705,158,166,85,8
204706,158,166,86,16
204707,158,166,87,16
204708,158,166,88,16
204709,158,166,89,16
204710,158,166,90,5
204711,158,166,91,5
204712,158,166,92,5
204713,158,166,93,15
204714,158,166,94,7
204715,158,166,95,7
204716,158,166,96,7
204717,158,166,97,7
204718,158,166,98,7
204719,158,166,99,7
204720,158,166,100,5
204721,158,166,101,2
204722,158,166,102,2
204723,158,166,103,2
204724,158,166,104,2
204725,158,166,105,16
204726,158,166,106,16
204727,158,166,107,16
204728,158,166,108,2
204729,158,166,109,2
204730,158,166,110,16
204731,158,166,111,16
204732,158,166,112,16
204733,158,166,113,2
204734,158,166,114,2
204735,158,166,115,2
204736,158,166,116,2
204737,158,167,86,16
204738,158,167,87,16
204739,158,167,88,16
204740,158,167,89,16
204741,158,167,90,5
204742,158,167,91,5
204743,158,167,92,5
204744,158,167,93,15
204745,158,167,94,7
204746,158,167,95,7
204747,158,167,96,7
204748,158,167,97,7
204749,158,167,98,7
204750,158,167,99,5
204751,158,167,100,5
204752,158,167,101,15
204753,158,167,102,2
204754,158,167,103,2
204755,158,167,104,16
204756,158,167,105,16
204757,158,167,106,16
204758,158,167,107,16
204759,158,167,108,16
204760,158,167,109,2
204761,158,167,110,2
204762,158,167,111,16
204763,158,167,112,16
204764,158,167,113,16
204765,158,167,114,2
204766,158,167,115,2
204767,158,167,116,2
204768,158,167,117,2
204769,158,168,86,16
204770,158,168,87,16
204771,158,168,88,16
204772,158,168,89,5
204773,158,168,90,5
204774,158,168,91,5
204775,158,168,92,5
204776,158,168,93,15
204777,158,168,94,7
204778,158,168,95,7
204779,158,168,96,7
204780,158,168,97,7
204781,158,168,98,7
204782,158,168,99,5
204783,158,168,100,5
204784,158,168,101,5
204785,158,168,102,5
204786,158,168,103,5
204787,158,168,104,5
204788,158,168,105,5
204789,158,168,106,5
204790,158,168,107,16
204791,158,168,108,16
204792,158,168,109,2
204793,158,168,110,2
204794,158,168,111,2
204795,158,168,112,16
204796,158,168,113,16
204797,158,168,114,16
204798,158,168,115,2
204799,158,168,116,2
204800,158,168,117,7
204801,158,169,85,16
204802,158,169,86,16
204803,158,169,87,16
204804,158,169,88,16
204805,158,169,89,8
204806,158,169,90,5
204807,158,169,91,15
204808,158,169,92,15
204809,158,169,93,15
204810,158,169,94,7
204811,158,169,95,7
204812,158,169,96,7
204813,158,169,97,15
204814,158,169,98,5
204815,158,169,99,5
204816,158,169,100,5
204817,158,169,101,5
204818,158,169,102,5
204819,158,169,103,5
204820,158,169,104,5
204821,158,169,105,5
204822,158,169,106,16
204823,158,169,107,16
204824,158,169,108,2
204825,158,169,109,2
204826,158,169,110,2
204827,158,169,111,16
204828,158,169,112,16
204829,158,169,113,16
204830,158,169,114,2
204831,158,169,115,2
204832,158,169,116,2
204833,158,170,85,16
204834,158,170,86,16
204835,158,170,87,16
204836,158,170,88,16
204837,158,170,89,16
204838,158,170,90,15
204839,158,170,91,15
204840,158,170,92,15
204841,158,170,93,15
204842,158,170,94,15
204843,158,170,95,7
204844,158,170,96,15
204845,158,170,97,15
204846,158,170,98,15
204847,158,170,99,15
204848,158,170,100,5
204849,158,170,101,15
204850,158,170,102,15
204851,158,170,103,5
204852,158,170,104,5
204853,158,170,105,5
204854,158,170,106,5
204855,158,170,107,5
204856,158,170,108,16
204857,158,170,109,16
204858,158,170,110,16
204859,158,170,111,5
204860,158,170,112,5
204861,158,170,113,5
204862,158,170,114,5
204863,158,170,115,7
204864,158,171,85,16
204865,158,171,86,16
204866,158,171,87,16
204867,158,171,88,16
204868,158,171,89,15
204869,158,171,90,15
204870,158,171,91,15
204871,158,171,92,15
204872,158,171,93,15
204873,158,171,94,15
204874,158,171,95,15
204875,158,171,96,15
204876,158,171,97,15
204877,158,171,98,15
204878,158,171,99,15
204879,158,171,100,15
204880,158,171,101,15
204881,158,171,102,15
204882,158,171,103,15
204883,158,171,104,14
204884,158,171,105,14
204885,158,171,106,5
204886,158,171,107,5
204887,158,171,108,16
204888,158,171,109,16
204889,158,171,110,5
204890,158,171,111,5
204891,158,171,112,5
204892,158,171,113,5
204893,158,171,114,7
204894,158,171,115,7
204895,158,172,86,16
204896,158,172,87,16
204897,158,172,88,16
204898,158,172,89,15
204899,158,172,90,15
204900,158,172,91,15
204901,158,172,92,5
204902,158,172,93,5
204903,158,172,94,15
204904,158,172,95,15
204905,158,172,96,15
204906,158,172,97,15
204907,158,172,98,15
204908,158,172,99,15
204909,158,172,100,15
204910,158,172,101,15
204911,158,172,102,15
204912,158,172,103,15
204913,158,172,104,5
204914,158,172,105,14
204915,158,172,106,5
204916,158,172,107,5
204917,158,172,108,5
204918,158,172,109,16
204919,158,172,110,5
204920,158,172,111,14
204921,158,172,112,5
204922,158,172,113,5
204923,158,172,114,7
204924,158,173,86,16
204925,158,173,87,16
204926,158,173,88,16
204927,158,173,89,16
204928,158,173,90,15
204929,158,173,91,15
204930,158,173,92,5
204931,158,173,93,5
204932,158,173,94,15
204933,158,173,95,15
204934,158,173,96,15
204935,158,173,97,15
204936,158,173,98,15
204937,158,173,99,15
204938,158,173,100,15
204939,158,173,101,15
204940,158,173,102,15
204941,158,173,103,15
204942,158,173,104,5
204943,158,173,105,5
204944,158,173,106,5
204945,158,173,107,5
204946,158,173,108,5
204947,158,173,109,5
204948,158,173,110,5
204949,158,173,111,14
204950,158,173,112,7
204951,158,173,113,7
204952,158,174,87,16
204953,158,174,88,16
204954,158,174,89,5
204955,158,174,90,15
204956,158,174,91,15
204957,158,174,92,5
204958,158,174,93,5
204959,158,174,94,15
204960,158,174,95,15
204961,158,174,96,5
204962,158,174,97,15
204963,158,174,98,15
204964,158,174,99,15
204965,158,174,100,15
204966,158,174,101,15
204967,158,174,102,15
204968,158,174,103,15
204969,158,174,104,5
204970,158,174,105,5
204971,158,174,106,5
204972,158,174,107,5
204973,158,174,108,5
204974,158,174,109,5
204975,158,174,110,14
204976,158,174,111,5
204977,158,174,112,7
204978,158,174,113,9
204979,158,175,88,16
204980,158,175,89,5
204981,158,175,90,15
204982,158,175,91,15
204983,158,175,92,15
204984,158,175,93,5
204985,158,175,94,5
204986,158,175,95,5
204987,158,175,96,5
204988,158,175,97,16
204989,158,175,98,16
204990,158,175,99,2
204991,158,175,100,2
204992,158,175,101,15
204993,158,175,102,15
204994,158,175,103,5
204995,158,175,104,5
204996,158,175,105,5
204997,158,175,106,5
204998,158,175,107,5
204999,158,175,108,14
205000,158,175,109,14
205001,158,175,110,14
205002,158,175,111,14
205003,158,175,112,7
205004,158,176,88,16
205005,158,176,89,16
205006,158,176,90,15
205007,158,176,91,15
205008,158,176,92,15
205009,158,176,93,5
205010,158,176,94,5
205011,158,176,95,5
205012,158,176,96,16
205013,158,176,97,16
205014,158,176,98,16
205015,158,176,99,2
205016,158,176,100,2
205017,158,176,101,16
205018,158,176,102,5
205019,158,176,103,5
205020,158,176,104,15
205021,158,176,105,5
205022,158,176,106,5
205023,158,176,107,5
205024,158,176,108,14
205025,158,176,109,14
205026,158,176,110,14
205027,158,176,112,6
205028,158,177,88,16
205029,158,177,89,16
205030,158,177,90,16
205031,158,177,91,5
205032,158,177,92,15
205033,158,177,93,5
205034,158,177,94,5
205035,158,177,95,5
205036,158,177,96,16
205037,158,177,97,2
205038,158,177,98,16
205039,158,177,99,16
205040,158,177,100,2
205041,158,177,101,16
205042,158,177,102,16
205043,158,177,103,5
205044,158,177,104,5
205045,158,177,105,15
205046,158,177,106,5
205047,158,177,107,14
205048,158,177,108,14
205049,158,177,109,14
205050,158,178,89,16
205051,158,178,90,16
205052,158,178,91,5
205053,158,178,92,5
205054,158,178,93,5
205055,158,178,94,5
205056,158,178,95,16
205057,158,178,96,16
205058,158,178,97,2
205059,158,178,98,2
205060,158,178,99,16
205061,158,178,100,16
205062,158,178,101,16
205063,158,178,102,2
205064,158,178,103,5
205065,158,178,104,5
205066,158,178,105,15
205067,158,178,106,5
205068,158,178,107,16
205069,158,178,108,16
205070,158,179,89,16
205071,158,179,90,16
205072,158,179,91,16
205073,158,179,92,5
205074,158,179,93,5
205075,158,179,94,5
205076,158,179,95,16
205077,158,179,96,16
205078,158,179,97,16
205079,158,179,98,5
205080,158,179,99,5
205081,158,179,100,5
205082,158,179,101,5
205083,158,179,102,5
205084,158,179,103,5
205085,158,179,104,5
205086,158,179,105,16
205087,158,179,106,16
205088,158,179,107,16
205089,158,179,108,16
205090,158,180,90,16
205091,158,180,91,16
205092,158,180,92,15
205093,158,180,93,15
205094,158,180,94,5
205095,158,180,95,14
205096,158,180,96,16
205097,158,180,97,5
205098,158,180,98,16
205099,158,180,99,16
205100,158,180,100,5
205101,158,180,101,16
205102,158,180,102,16
205103,158,180,103,16
205104,158,180,104,16
205105,158,180,105,16
205106,158,180,106,16
205107,158,180,107,16
205108,158,181,90,16
205109,158,181,91,16
205110,158,181,92,16
205111,158,181,93,2
205112,158,181,94,16
205113,158,181,95,16
205114,158,181,96,16
205115,158,181,97,5
205116,158,181,98,15
205117,158,181,99,15
205118,158,181,100,5
205119,158,181,101,16
205120,158,181,102,2
205121,158,181,103,16
205122,158,181,104,16
205123,158,181,105,16
205124,158,181,106,16
205125,158,181,107,16
205126,158,182,92,16
205127,158,182,93,16
205128,158,182,94,2
205129,158,182,95,16
205130,158,182,96,16
205131,158,182,97,16
205132,158,182,98,16
205133,158,182,99,5
205134,158,182,100,5
205135,158,182,101,2
205136,158,182,102,2
205137,158,182,103,16
205138,158,182,104,2
205139,158,182,105,16
205140,158,182,106,16
205141,158,183,93,16
205142,158,183,94,16
205143,158,183,95,16
205144,158,183,96,16
205145,158,183,97,16
205146,158,183,98,16
205147,158,183,99,16
205148,158,183,100,16
205149,158,183,101,2
205150,158,183,102,16
205151,158,183,103,16
205152,158,183,104,16
205153,158,183,105,16
205154,158,183,106,1
205155,158,184,94,16
205156,158,184,95,16
205157,158,184,96,16
205158,158,184,97,16
205159,158,184,98,16
205160,158,184,99,16
205161,158,184,100,16
205162,158,184,101,16
205163,158,184,102,16
205164,158,184,103,16
205165,158,184,104,2
205166,158,185,96,16
205167,158,185,97,16
205168,158,185,98,16
205169,158,185,99,16
205170,158,185,100,16
205171,158,185,101,16
205172,158,185,102,16
205173,158,185,103,16
205174,159,146,90,3
205175,159,146,91,3
205176,159,146,92,3
205177,159,146,93,11
205178,159,146,95,11
205179,159,146,96,3
205180,159,147,89,11
205181,159,147,90,3
205182,159,147,91,3
205183,159,147,92,3
205184,159,147,93,3
205185,159,147,94,11
205186,159,147,95,3
205187,159,147,96,3
205188,159,147,97,3
205189,159,147,98,3
205190,159,148,89,3
205191,159,148,90,3
205192,159,148,91,3
205193,159,148,92,3
205194,159,148,93,3
205195,159,148,94,3
205196,159,148,95,3
205197,159,148,96,3
205198,159,148,97,3
205199,159,148,98,3
205200,159,149,89,3
205201,159,149,90,3
205202,159,149,91,3
205203,159,149,92,3
205204,159,149,93,3
205205,159,149,94,3
205206,159,149,95,3
205207,159,149,96,3
205208,159,149,97,3
205209,159,149,98,3
205210,159,150,89,3
205211,159,150,90,3
205212,159,150,91,3
205213,159,150,92,3
205214,159,150,93,3
205215,159,150,94,3
205216,159,150,95,3
205217,159,150,96,3
205218,159,150,97,3
205219,159,150,98,3
205220,159,151,88,3
205221,159,151,89,3
205222,159,151,90,3
205223,159,151,91,3
205224,159,151,92,3
205225,159,151,93,3
205226,159,151,94,3
205227,159,151,95,3
205228,159,151,96,3
205229,159,151,97,3
205230,159,151,98,3
205231,159,152,88,3
205232,159,152,89,3
205233,159,152,90,3
205234,159,152,91,3
205235,159,152,92,3
205236,159,152,93,3
205237,159,152,94,3
205238,159,152,95,3
205239,159,152,96,3
205240,159,152,97,3
205241,159,152,98,3
205242,159,153,88,3
205243,159,153,89,3
205244,159,153,90,3
205245,159,153,91,3
205246,159,153,92,3
205247,159,153,93,3
205248,159,153,94,3
205249,159,153,95,3
205250,159,153,96,3
205251,159,153,97,3
205252,159,154,89,3
205253,159,154,90,3
205254,159,154,91,3
205255,159,154,92,3
205256,159,154,93,3
205257,159,154,94,3
205258,159,154,95,3
205259,159,154,96,3
205260,159,155,89,3
205261,159,155,90,3
205262,159,155,91,3
205263,159,155,92,3
205264,159,155,93,3
205265,159,155,94,3
205266,159,155,95,3
205267,159,155,96,11
205268,159,156,90,3
205269,159,156,91,3
205270,159,156,92,3
205271,159,156,93,3
205272,159,156,94,11
205273,159,156,95,16
205274,159,156,96,16
205275,159,156,97,16
205276,159,156,98,16
205277,159,156,100,3
205278,159,156,101,3
205279,159,157,90,3
205280,159,157,91,3
205281,159,157,92,3
205282,159,157,93,16
205283,159,157,94,16
205284,159,157,95,5
205285,159,157,96,5
205286,159,157,97,8
205287,159,157,98,16
205288,159,157,99,16
205289,159,157,100,16
205290,159,157,101,16
205291,159,157,102,3
205292,159,157,103,3
205293,159,158,90,16
205294,159,158,91,16
205295,159,158,92,5
205296,159,158,93,5
205297,159,158,94,5
205298,159,158,95,5
205299,159,158,96,15
205300,159,158,97,15
205301,159,158,98,5
205302,159,158,99,5
205303,159,158,100,5
205304,159,158,101,5
205305,159,158,102,16
205306,159,158,103,16
205307,159,158,104,2
205308,159,159,89,11
205309,159,159,90,5
205310,159,159,91,5
205311,159,159,92,5
205312,159,159,93,15
205313,159,159,94,15
205314,159,159,95,5
205315,159,159,96,15
205316,159,159,97,15
205317,159,159,98,15
205318,159,159,99,5
205319,159,159,100,5
205320,159,159,101,5
205321,159,159,102,5
205322,159,159,103,5
205323,159,159,104,16
205324,159,159,105,16
205325,159,159,106,2
205326,159,160,89,16
205327,159,160,90,5
205328,159,160,91,5
205329,159,160,92,15
205330,159,160,93,15
205331,159,160,94,5
205332,159,160,95,5
205333,159,160,96,5
205334,159,160,97,15
205335,159,160,98,15
205336,159,160,99,5
205337,159,160,100,5
205338,159,160,101,15
205339,159,160,102,5
205340,159,160,103,5
205341,159,160,104,16
205342,159,160,105,16
205343,159,160,106,2
205344,159,160,107,2
205345,159,160,108,2
205346,159,160,109,2
205347,159,161,87,11
205348,159,161,88,16
205349,159,161,89,5
205350,159,161,90,5
205351,159,161,91,15
205352,159,161,92,15
205353,159,161,93,15
205354,159,161,94,5
205355,159,161,95,5
205356,159,161,96,5
205357,159,161,97,5
205358,159,161,98,15
205359,159,161,99,5
205360,159,161,100,5
205361,159,161,101,5
205362,159,161,102,5
205363,159,161,103,5
205364,159,161,104,5
205365,159,161,105,5
205366,159,161,106,16
205367,159,161,107,2
205368,159,161,108,2
205369,159,161,109,2
205370,159,161,110,2
205371,159,162,85,11
205372,159,162,87,16
205373,159,162,88,16
205374,159,162,89,5
205375,159,162,90,15
205376,159,162,91,15
205377,159,162,92,15
205378,159,162,93,15
205379,159,162,94,15
205380,159,162,95,5
205381,159,162,96,5
205382,159,162,97,5
205383,159,162,98,5
205384,159,162,99,5
205385,159,162,100,5
205386,159,162,101,5
205387,159,162,102,5
205388,159,162,103,5
205389,159,162,104,5
205390,159,162,105,5
205391,159,162,106,5
205392,159,162,107,5
205393,159,162,108,2
205394,159,162,109,2
205395,159,162,110,2
205396,159,162,111,2
205397,159,162,112,2
205398,159,162,113,2
205399,159,163,85,8
205400,159,163,86,11
205401,159,163,87,16
205402,159,163,88,8
205403,159,163,89,15
205404,159,163,90,15
205405,159,163,91,15
205406,159,163,92,15
205407,159,163,93,15
205408,159,163,94,5
205409,159,163,95,5
205410,159,163,96,5
205411,159,163,97,5
205412,159,163,98,14
205413,159,163,99,5
205414,159,163,100,5
205415,159,163,101,5
205416,159,163,102,5
205417,159,163,103,5
205418,159,163,104,5
205419,159,163,105,5
205420,159,163,106,5
205421,159,163,107,5
205422,159,163,108,16
205423,159,163,109,14
205424,159,163,110,16
205425,159,163,111,2
205426,159,163,112,2
205427,159,163,113,2
205428,159,163,114,2
205429,159,164,85,8
205430,159,164,86,8
205431,159,164,87,16
205432,159,164,89,15
205433,159,164,90,15
205434,159,164,91,5
205435,159,164,92,5
205436,159,164,93,5
205437,159,164,94,5
205438,159,164,95,5
205439,159,164,96,5
205440,159,164,97,14
205441,159,164,98,14
205442,159,164,99,5
205443,159,164,100,5
205444,159,164,101,5
205445,159,164,102,5
205446,159,164,103,5
205447,159,164,104,5
205448,159,164,105,5
205449,159,164,106,5
205450,159,164,107,16
205451,159,164,108,16
205452,159,164,109,16
205453,159,164,110,16
205454,159,164,111,16
205455,159,164,112,2
205456,159,164,113,2
205457,159,164,114,2
205458,159,165,85,8
205459,159,165,86,8
205460,159,165,87,16
205461,159,165,88,5
205462,159,165,89,8
205463,159,165,90,16
205464,159,165,91,5
205465,159,165,92,5
205466,159,165,93,5
205467,159,165,94,7
205468,159,165,95,7
205469,159,165,96,7
205470,159,165,97,14
205471,159,165,98,14
205472,159,165,99,5
205473,159,165,100,5
205474,159,165,101,5
205475,159,165,102,5
205476,159,165,103,5
205477,159,165,104,5
205478,159,165,105,5
205479,159,165,106,5
205480,159,165,107,16
205481,159,165,108,16
205482,159,165,109,16
205483,159,165,110,16
205484,159,165,111,16
205485,159,165,112,16
205486,159,165,113,2
205487,159,165,114,2
205488,159,165,115,2
205489,159,165,116,2
205490,159,166,85,8
205491,159,166,86,16
205492,159,166,87,16
205493,159,166,88,16
205494,159,166,89,16
205495,159,166,90,5
205496,159,166,91,5
205497,159,166,92,5
205498,159,166,93,5
205499,159,166,94,7
205500,159,166,95,7
205501,159,166,96,14
205502,159,166,97,14
205503,159,166,98,5
205504,159,166,99,5
205505,159,166,100,2
205506,159,166,101,5
205507,159,166,102,5
205508,159,166,103,5
205509,159,166,104,5
205510,159,166,105,5
205511,159,166,106,5
205512,159,166,107,16
205513,159,166,108,16
205514,159,166,109,2
205515,159,166,110,16
205516,159,166,111,16
205517,159,166,112,16
205518,159,166,113,16
205519,159,166,114,2
205520,159,166,115,2
205521,159,166,116,2
205522,159,166,117,7
205523,159,167,86,16
205524,159,167,87,5
205525,159,167,88,16
205526,159,167,89,5
205527,159,167,90,5
205528,159,167,91,5
205529,159,167,92,5
205530,159,167,93,5
205531,159,167,94,7
205532,159,167,95,7
205533,159,167,96,14
205534,159,167,97,5
205535,159,167,98,5
205536,159,167,99,5
205537,159,167,100,5
205538,159,167,101,5
205539,159,167,102,5
205540,159,167,103,5
205541,159,167,104,5
205542,159,167,105,5
205543,159,167,106,5
205544,159,167,107,5
205545,159,167,108,16
205546,159,167,109,2
205547,159,167,110,2
205548,159,167,111,16
205549,159,167,112,16
205550,159,167,113,16
205551,159,167,114,16
205552,159,167,115,2
205553,159,167,116,2
205554,159,167,117,7
205555,159,168,85,16
205556,159,168,86,16
205557,159,168,87,16
205558,159,168,88,16
205559,159,168,89,5
205560,159,168,90,5
205561,159,168,91,5
205562,159,168,92,5
205563,159,168,93,5
205564,159,168,94,7
205565,159,168,95,7
205566,159,168,96,5
205567,159,168,97,5
205568,159,168,98,15
205569,159,168,99,5
205570,159,168,100,5
205571,159,168,101,5
205572,159,168,102,5
205573,159,168,103,5
205574,159,168,104,5
205575,159,168,105,5
205576,159,168,106,5
205577,159,168,107,5
205578,159,168,108,16
205579,159,168,109,2
205580,159,168,110,2
205581,159,168,111,2
205582,159,168,112,2
205583,159,168,113,16
205584,159,168,114,16
205585,159,168,115,2
205586,159,168,116,2
205587,159,168,117,7
205588,159,169,84,16
205589,159,169,85,16
205590,159,169,86,16
205591,159,169,87,16
205592,159,169,88,5
205593,159,169,89,15
205594,159,169,90,5
205595,159,169,91,5
205596,159,169,92,15
205597,159,169,93,15
205598,159,169,94,15
205599,159,169,95,7
205600,159,169,96,5
205601,159,169,97,15
205602,159,169,98,15
205603,159,169,99,5
205604,159,169,100,5
205605,159,169,101,5
205606,159,169,102,15
205607,159,169,103,15
205608,159,169,104,15
205609,159,169,105,5
205610,159,169,106,5
205611,159,169,107,5
205612,159,169,108,16
205613,159,169,109,16
205614,159,169,110,2
205615,159,169,111,2
205616,159,169,112,5
205617,159,169,113,5
205618,159,169,114,5
205619,159,169,115,5
205620,159,170,84,16
205621,159,170,85,16
205622,159,170,86,16
205623,159,170,87,8
205624,159,170,88,5
205625,159,170,89,15
205626,159,170,90,15
205627,159,170,91,15
205628,159,170,92,15
205629,159,170,93,15
205630,159,170,94,15
205631,159,170,95,15
205632,159,170,96,15
205633,159,170,97,15
205634,159,170,98,15
205635,159,170,99,5
205636,159,170,100,15
205637,159,170,101,15
205638,159,170,102,15
205639,159,170,103,15
205640,159,170,104,5
205641,159,170,105,5
205642,159,170,106,5
205643,159,170,107,5
205644,159,170,108,16
205645,159,170,109,16
205646,159,170,110,16
205647,159,170,111,5
205648,159,170,112,5
205649,159,170,113,14
205650,159,170,114,14
205651,159,170,115,15
205652,159,171,85,16
205653,159,171,86,16
205654,159,171,87,16
205655,159,171,88,5
205656,159,171,89,15
205657,159,171,90,15
205658,159,171,91,15
205659,159,171,92,5
205660,159,171,93,5
205661,159,171,94,15
205662,159,171,95,15
205663,159,171,96,15
205664,159,171,97,15
205665,159,171,98,15
205666,159,171,99,15
205667,159,171,100,15
205668,159,171,101,15
205669,159,171,102,15
205670,159,171,103,15
205671,159,171,104,15
205672,159,171,105,14
205673,159,171,106,5
205674,159,171,107,5
205675,159,171,108,5
205676,159,171,109,16
205677,159,171,110,5
205678,159,171,111,5
205679,159,171,112,5
205680,159,171,113,14
205681,159,171,114,5
205682,159,172,85,16
205683,159,172,86,16
205684,159,172,87,16
205685,159,172,88,16
205686,159,172,89,15
205687,159,172,90,15
205688,159,172,91,5
205689,159,172,92,5
205690,159,172,93,5
205691,159,172,94,15
205692,159,172,95,15
205693,159,172,96,15
205694,159,172,97,15
205695,159,172,98,5
205696,159,172,99,15
205697,159,172,100,15
205698,159,172,101,15
205699,159,172,102,15
205700,159,172,103,15
205701,159,172,104,5
205702,159,172,105,14
205703,159,172,106,5
205704,159,172,107,5
205705,159,172,108,5
205706,159,172,109,16
205707,159,172,110,5
205708,159,172,111,5
205709,159,172,112,14
205710,159,172,113,5
205711,159,173,85,16
205712,159,173,86,16
205713,159,173,87,16
205714,159,173,88,14
205715,159,173,89,15
205716,159,173,90,15
205717,159,173,91,5
205718,159,173,92,5
205719,159,173,93,5
205720,159,173,94,15
205721,159,173,95,15
205722,159,173,96,15
205723,159,173,97,15
205724,159,173,98,5
205725,159,173,99,15
205726,159,173,100,15
205727,159,173,101,15
205728,159,173,102,15
205729,159,173,103,15
205730,159,173,104,5
205731,159,173,105,14
205732,159,173,106,14
205733,159,173,107,5
205734,159,173,108,5
205735,159,173,109,5
205736,159,173,110,5
205737,159,173,111,14
205738,159,173,112,14
205739,159,173,113,9
205740,159,174,85,16
205741,159,174,86,16
205742,159,174,87,16
205743,159,174,88,5
205744,159,174,89,5
205745,159,174,90,15
205746,159,174,91,15
205747,159,174,92,5
205748,159,174,93,5
205749,159,174,94,15
205750,159,174,95,15
205751,159,174,96,15
205752,159,174,97,15
205753,159,174,98,5
205754,159,174,99,15
205755,159,174,100,15
205756,159,174,101,15
205757,159,174,102,15
205758,159,174,103,15
205759,159,174,104,5
205760,159,174,105,14
205761,159,174,106,14
205762,159,174,107,14
205763,159,174,108,5
205764,159,174,109,5
205765,159,174,110,14
205766,159,174,111,14
205767,159,174,112,14
205768,159,174,113,9
205769,159,175,86,16
205770,159,175,87,16
205771,159,175,88,5
205772,159,175,89,5
205773,159,175,90,15
205774,159,175,91,15
205775,159,175,92,15
205776,159,175,93,15
205777,159,175,94,5
205778,159,175,95,5
205779,159,175,96,5
205780,159,175,97,5
205781,159,175,98,5
205782,159,175,99,15
205783,159,175,100,15
205784,159,175,101,15
205785,159,175,102,15
205786,159,175,103,15
205787,159,175,104,5
205788,159,175,105,14
205789,159,175,106,14
205790,159,175,107,5
205791,159,175,108,14
205792,159,175,109,14
205793,159,175,110,14
205794,159,175,112,14
205795,159,176,87,16
205796,159,176,88,16
205797,159,176,89,14
205798,159,176,90,15
205799,159,176,91,15
205800,159,176,92,15
205801,159,176,93,15
205802,159,176,94,5
205803,159,176,95,5
205804,159,176,96,5
205805,159,176,97,14
205806,159,176,98,14
205807,159,176,99,14
205808,159,176,100,2
205809,159,176,101,2
205810,159,176,102,5
205811,159,176,103,5
205812,159,176,104,5
205813,159,176,105,14
205814,159,176,106,14
205815,159,176,107,5
205816,159,176,108,14
205817,159,176,109,14
205818,159,177,88,16
205819,159,177,89,16
205820,159,177,90,5
205821,159,177,91,5
205822,159,177,92,15
205823,159,177,93,15
205824,159,177,94,5
205825,159,177,95,5
205826,159,177,96,5
205827,159,177,97,16
205828,159,177,98,16
205829,159,177,99,16
205830,159,177,100,16
205831,159,177,101,5
205832,159,177,102,5
205833,159,177,103,5
205834,159,177,104,14
205835,159,177,105,5
205836,159,177,106,5
205837,159,177,107,14
205838,159,177,108,14
205839,159,177,109,14
205840,159,178,88,16
205841,159,178,89,16
205842,159,178,90,16
205843,159,178,91,5
205844,159,178,92,15
205845,159,178,93,15
205846,159,178,94,5
205847,159,178,95,5
205848,159,178,96,16
205849,159,178,97,16
205850,159,178,98,5
205851,159,178,99,14
205852,159,178,100,14
205853,159,178,101,14
205854,159,178,102,14
205855,159,178,103,14
205856,159,178,104,14
205857,159,178,105,5
205858,159,178,106,5
205859,159,178,107,14
205860,159,178,108,14
205861,159,179,89,16
205862,159,179,90,16
205863,159,179,91,5
205864,159,179,92,15
205865,159,179,93,15
205866,159,179,94,15
205867,159,179,95,5
205868,159,179,96,5
205869,159,179,97,5
205870,159,179,98,5
205871,159,179,99,14
205872,159,179,100,14
205873,159,179,101,14
205874,159,179,102,14
205875,159,179,103,14
205876,159,179,104,14
205877,159,179,105,5
205878,159,179,106,5
205879,159,179,107,14
205880,159,180,89,16
205881,159,180,90,16
205882,159,180,91,16
205883,159,180,92,15
205884,159,180,93,5
205885,159,180,94,5
205886,159,180,95,5
205887,159,180,96,5
205888,159,180,97,5
205889,159,180,98,5
205890,159,180,99,5
205891,159,180,100,5
205892,159,180,101,5
205893,159,180,102,14
205894,159,180,103,14
205895,159,180,104,14
205896,159,180,105,14
205897,159,180,106,5
205898,159,180,107,5
205899,159,181,89,16
205900,159,181,90,16
205901,159,181,91,16
205902,159,181,92,16
205903,159,181,93,16
205904,159,181,94,16
205905,159,181,95,16
205906,159,181,96,16
205907,159,181,97,16
205908,159,181,98,2
205909,159,181,99,16
205910,159,181,100,5
205911,159,181,101,5
205912,159,181,102,5
205913,159,181,103,16
205914,159,181,104,16
205915,159,181,105,16
205916,159,181,106,16
205917,159,182,90,16
205918,159,182,91,16
205919,159,182,92,16
205920,159,182,93,2
205921,159,182,94,2
205922,159,182,95,16
205923,159,182,96,16
205924,159,182,97,16
205925,159,182,98,2
205926,159,182,99,2
205927,159,182,100,2
205928,159,182,101,2
205929,159,182,102,2
205930,159,182,103,16
205931,159,182,104,16
205932,159,182,105,16
205933,159,182,106,5
205934,159,183,92,16
205935,159,183,93,16
205936,159,183,94,16
205937,159,183,95,16
205938,159,183,96,16
205939,159,183,97,16
205940,159,183,98,16
205941,159,183,99,2
205942,159,183,100,2
205943,159,183,101,2
205944,159,183,102,2
205945,159,183,103,16
205946,159,183,104,16
205947,159,183,105,16
205948,159,183,106,5
205949,159,184,95,16
205950,159,184,96,16
205951,159,184,97,16
205952,159,184,98,16
205953,159,184,99,16
205954,159,184,100,16
205955,159,184,101,2
205956,159,184,102,16
205957,159,184,103,16
205958,159,184,104,16
205959,159,184,105,5
205960,159,185,96,16
205961,159,185,97,16
205962,159,185,98,16
205963,159,185,99,16
205964,159,185,100,16
205965,159,185,101,16
205966,159,185,102,16
205967,159,185,103,16
205968,159,185,104,5
205969,159,186,101,16
205970,159,186,102,1
205971,160,146,90,3
205972,160,146,91,3
205973,160,146,92,3
205974,160,146,93,11
205975,160,147,89,3
205976,160,147,90,3
205977,160,147,91,3
205978,160,147,92,3
205979,160,147,93,3
205980,160,147,94,11
205981,160,147,95,11
205982,160,147,96,3
205983,160,148,89,3
205984,160,148,90,3
205985,160,148,91,3
205986,160,148,92,3
205987,160,148,93,3
205988,160,148,94,3
205989,160,148,95,3
205990,160,148,96,3
205991,160,148,97,3
205992,160,148,98,3
205993,160,149,89,3
205994,160,149,90,3
205995,160,149,91,3
205996,160,149,92,3
205997,160,149,93,3
205998,160,149,94,3
205999,160,149,95,3
206000,160,149,96,3
206001,160,149,97,3
206002,160,149,98,3
206003,160,150,89,3
206004,160,150,90,3
206005,160,150,91,3
206006,160,150,92,3
206007,160,150,93,3
206008,160,150,94,3
206009,160,150,95,3
206010,160,150,96,3
206011,160,150,97,3
206012,160,150,98,3
206013,160,151,89,3
206014,160,151,90,3
206015,160,151,91,3
206016,160,151,92,3
206017,160,151,93,3
206018,160,151,94,3
206019,160,151,95,3
206020,160,151,96,3
206021,160,151,97,3
206022,160,151,98,11
206023,160,152,89,3
206024,160,152,90,3
206025,160,152,91,3
206026,160,152,92,3
206027,160,152,93,3
206028,160,152,94,3
206029,160,152,95,3
206030,160,152,96,3
206031,160,152,97,3
206032,160,152,98,11
206033,160,153,89,3
206034,160,153,90,3
206035,160,153,91,3
206036,160,153,92,3
206037,160,153,93,3
206038,160,153,94,3
206039,160,153,95,3
206040,160,153,96,3
206041,160,153,97,11
206042,160,154,89,3
206043,160,154,90,3
206044,160,154,91,3
206045,160,154,92,3
206046,160,154,93,3
206047,160,154,94,3
206048,160,154,95,3
206049,160,154,96,3
206050,160,155,89,3
206051,160,155,90,3
206052,160,155,91,3
206053,160,155,92,3
206054,160,155,93,3
206055,160,155,94,3
206056,160,155,95,3
206057,160,155,96,11
206058,160,156,90,3
206059,160,156,91,3
206060,160,156,92,3
206061,160,156,93,3
206062,160,156,94,3
206063,160,156,95,16
206064,160,156,96,16
206065,160,156,97,11
206066,160,156,98,11
206067,160,156,99,16
206068,160,156,100,16
206069,160,156,101,3
206070,160,156,102,3
206071,160,157,90,3
206072,160,157,91,3
206073,160,157,92,3
206074,160,157,93,16
206075,160,157,94,16
206076,160,157,95,5
206077,160,157,96,5
206078,160,157,97,15
206079,160,157,98,5
206080,160,157,99,5
206081,160,157,100,5
206082,160,157,101,16
206083,160,157,102,3
206084,160,157,103,3
206085,160,157,104,3
206086,160,158,90,16
206087,160,158,91,16
206088,160,158,92,5
206089,160,158,93,5
206090,160,158,94,5
206091,160,158,95,5
206092,160,158,96,5
206093,160,158,97,15
206094,160,158,98,5
206095,160,158,99,5
206096,160,158,100,5
206097,160,158,101,5
206098,160,158,102,5
206099,160,158,103,16
206100,160,158,104,2
206101,160,159,90,5
206102,160,159,91,5
206103,160,159,92,5
206104,160,159,93,15
206105,160,159,94,15
206106,160,159,95,5
206107,160,159,96,15
206108,160,159,97,15
206109,160,159,98,15
206110,160,159,99,5
206111,160,159,100,5
206112,160,159,101,5
206113,160,159,102,5
206114,160,159,103,5
206115,160,159,104,16
206116,160,159,105,16
206117,160,159,106,2
206118,160,159,107,2
206119,160,159,108,2
206120,160,159,109,11
206121,160,160,89,16
206122,160,160,90,5
206123,160,160,91,5
206124,160,160,92,15
206125,160,160,93,15
206126,160,160,94,15
206127,160,160,95,5
206128,160,160,96,5
206129,160,160,97,15
206130,160,160,98,15
206131,160,160,99,15
206132,160,160,100,5
206133,160,160,101,15
206134,160,160,102,15
206135,160,160,103,5
206136,160,160,104,5
206137,160,160,105,16
206138,160,160,106,16
206139,160,160,108,2
206140,160,160,109,2
206141,160,161,87,11
206142,160,161,88,16
206143,160,161,89,5
206144,160,161,90,5
206145,160,161,91,15
206146,160,161,92,15
206147,160,161,93,15
206148,160,161,94,15
206149,160,161,95,5
206150,160,161,96,5
206151,160,161,97,15
206152,160,161,98,15
206153,160,161,99,5
206154,160,161,100,5
206155,160,161,101,5
206156,160,161,102,5
206157,160,161,103,5
206158,160,161,104,5
206159,160,161,105,5
206160,160,161,106,5
206161,160,161,107,2
206162,160,161,108,2
206163,160,161,109,2
206164,160,161,110,2
206165,160,161,111,2
206166,160,162,87,11
206167,160,162,88,16
206168,160,162,89,5
206169,160,162,90,15
206170,160,162,91,15
206171,160,162,92,15
206172,160,162,93,15
206173,160,162,94,15
206174,160,162,95,5
206175,160,162,96,5
206176,160,162,97,15
206177,160,162,98,15
206178,160,162,99,5
206179,160,162,100,5
206180,160,162,101,5
206181,160,162,102,5
206182,160,162,103,5
206183,160,162,104,5
206184,160,162,105,5
206185,160,162,106,5
206186,160,162,107,5
206187,160,162,108,2
206188,160,162,109,2
206189,160,162,110,2
206190,160,162,111,2
206191,160,162,112,2
206192,160,162,113,2
206193,160,163,87,16
206194,160,163,88,16
206195,160,163,89,15
206196,160,163,90,15
206197,160,163,91,15
206198,160,163,92,15
206199,160,163,93,15
206200,160,163,94,15
206201,160,163,95,5
206202,160,163,96,15
206203,160,163,97,5
206204,160,163,98,5
206205,160,163,99,5
206206,160,163,100,5
206207,160,163,101,5
206208,160,163,102,5
206209,160,163,103,5
206210,160,163,104,5
206211,160,163,105,5
206212,160,163,106,5
206213,160,163,107,5
206214,160,163,108,5
206215,160,163,109,5
206216,160,163,110,5
206217,160,163,111,16
206218,160,163,112,2
206219,160,163,113,2
206220,160,163,114,2
206221,160,164,87,16
206222,160,164,88,5
206223,160,164,89,15
206224,160,164,90,15
206225,160,164,91,5
206226,160,164,92,5
206227,160,164,93,15
206228,160,164,94,15
206229,160,164,95,15
206230,160,164,96,15
206231,160,164,97,15
206232,160,164,98,15
206233,160,164,99,15
206234,160,164,100,5
206235,160,164,101,5
206236,160,164,102,5
206237,160,164,103,5
206238,160,164,104,5
206239,160,164,105,5
206240,160,164,106,5
206241,160,164,107,14
206242,160,164,108,14
206243,160,164,109,16
206244,160,164,110,5
206245,160,164,111,16
206246,160,164,112,16
206247,160,164,113,2
206248,160,164,114,2
206249,160,164,115,2
206250,160,165,87,16
206251,160,165,88,15
206252,160,165,89,15
206253,160,165,90,5
206254,160,165,91,5
206255,160,165,92,5
206256,160,165,93,5
206257,160,165,94,15
206258,160,165,95,7
206259,160,165,96,7
206260,160,165,97,15
206261,160,165,98,15
206262,160,165,99,5
206263,160,165,100,5
206264,160,165,101,5
206265,160,165,102,5
206266,160,165,103,5
206267,160,165,104,5
206268,160,165,105,5
206269,160,165,106,5
206270,160,165,107,5
206271,160,165,108,16
206272,160,165,109,16
206273,160,165,110,16
206274,160,165,111,16
206275,160,165,112,16
206276,160,165,113,16
206277,160,165,114,2
206278,160,165,115,2
206279,160,165,116,2
206280,160,165,117,7
206281,160,166,86,16
206282,160,166,87,5
206283,160,166,88,5
206284,160,166,89,8
206285,160,166,90,5
206286,160,166,91,5
206287,160,166,92,5
206288,160,166,93,5
206289,160,166,94,7
206290,160,166,95,7
206291,160,166,96,14
206292,160,166,97,14
206293,160,166,98,5
206294,160,166,99,5
206295,160,166,100,5
206296,160,166,101,5
206297,160,166,102,5
206298,160,166,103,5
206299,160,166,104,5
206300,160,166,105,5
206301,160,166,106,5
206302,160,166,107,5
206303,160,166,108,16
206304,160,166,109,16
206305,160,166,110,16
206306,160,166,111,16
206307,160,166,112,16
206308,160,166,113,16
206309,160,166,114,16
206310,160,166,115,2
206311,160,166,116,2
206312,160,166,117,7
206313,160,167,86,16
206314,160,167,87,5
206315,160,167,88,5
206316,160,167,89,16
206317,160,167,90,5
206318,160,167,91,5
206319,160,167,92,5
206320,160,167,93,5
206321,160,167,94,7
206322,160,167,95,7
206323,160,167,96,14
206324,160,167,97,14
206325,160,167,98,5
206326,160,167,99,5
206327,160,167,100,5
206328,160,167,101,5
206329,160,167,102,5
206330,160,167,103,5
206331,160,167,104,5
206332,160,167,105,5
206333,160,167,106,5
206334,160,167,107,5
206335,160,167,108,16
206336,160,167,109,2
206337,160,167,110,16
206338,160,167,111,16
206339,160,167,112,16
206340,160,167,113,16
206341,160,167,114,16
206342,160,167,115,2
206343,160,167,116,2
206344,160,167,117,7
206345,160,168,85,16
206346,160,168,86,16
206347,160,168,87,5
206348,160,168,88,16
206349,160,168,89,5
206350,160,168,90,5
206351,160,168,91,5
206352,160,168,92,5
206353,160,168,93,5
206354,160,168,94,5
206355,160,168,95,14
206356,160,168,96,5
206357,160,168,97,5
206358,160,168,98,5
206359,160,168,99,5
206360,160,168,100,5
206361,160,168,101,5
206362,160,168,102,5
206363,160,168,103,5
206364,160,168,104,5
206365,160,168,105,5
206366,160,168,106,5
206367,160,168,107,5
206368,160,168,108,5
206369,160,168,109,2
206370,160,168,110,2
206371,160,168,111,2
206372,160,168,112,16
206373,160,168,113,5
206374,160,168,114,5
206375,160,168,115,5
206376,160,168,116,15
206377,160,169,85,16
206378,160,169,86,5
206379,160,169,87,5
206380,160,169,88,5
206381,160,169,89,5
206382,160,169,90,5
206383,160,169,91,5
206384,160,169,92,5
206385,160,169,93,5
206386,160,169,94,5
206387,160,169,95,5
206388,160,169,96,5
206389,160,169,97,15
206390,160,169,98,15
206391,160,169,99,15
206392,160,169,100,5
206393,160,169,101,5
206394,160,169,102,15
206395,160,169,103,15
206396,160,169,104,15
206397,160,169,105,15
206398,160,169,106,5
206399,160,169,107,5
206400,160,169,108,5
206401,160,169,109,2
206402,160,169,110,2
206403,160,169,111,2
206404,160,169,112,5
206405,160,169,113,5
206406,160,169,114,14
206407,160,169,115,5
206408,160,170,83,16
206409,160,170,84,16
206410,160,170,85,16
206411,160,170,86,8
206412,160,170,87,15
206413,160,170,88,15
206414,160,170,89,15
206415,160,170,90,5
206416,160,170,91,5
206417,160,170,92,5
206418,160,170,93,5
206419,160,170,94,15
206420,160,170,95,15
206421,160,170,96,15
206422,160,170,97,15
206423,160,170,98,15
206424,160,170,99,15
206425,160,170,100,15
206426,160,170,101,15
206427,160,170,102,15
206428,160,170,103,15
206429,160,170,104,15
206430,160,170,105,15
206431,160,170,106,5
206432,160,170,107,5
206433,160,170,108,5
206434,160,170,109,5
206435,160,170,110,2
206436,160,170,111,2
206437,160,170,112,2
206438,160,170,113,5
206439,160,170,114,14
206440,160,171,84,16
206441,160,171,85,16
206442,160,171,86,16
206443,160,171,87,15
206444,160,171,88,15
206445,160,171,89,5
206446,160,171,90,5
206447,160,171,91,15
206448,160,171,92,5
206449,160,171,93,15
206450,160,171,94,15
206451,160,171,95,15
206452,160,171,96,15
206453,160,171,97,15
206454,160,171,98,5
206455,160,171,99,5
206456,160,171,100,5
206457,160,171,101,15
206458,160,171,102,15
206459,160,171,103,15
206460,160,171,104,15
206461,160,171,105,15
206462,160,171,106,15
206463,160,171,107,5
206464,160,171,108,5
206465,160,171,109,5
206466,160,171,110,5
206467,160,171,111,5
206468,160,171,112,5
206469,160,171,113,5
206470,160,171,114,9
206471,160,172,84,16
206472,160,172,85,16
206473,160,172,86,16
206474,160,172,87,16
206475,160,172,88,2
206476,160,172,89,15
206477,160,172,90,15
206478,160,172,91,15
206479,160,172,92,5
206480,160,172,93,15
206481,160,172,94,15
206482,160,172,95,15
206483,160,172,96,15
206484,160,172,97,15
206485,160,172,98,5
206486,160,172,99,5
206487,160,172,100,5
206488,160,172,101,15
206489,160,172,102,15
206490,160,172,103,15
206491,160,172,104,15
206492,160,172,105,14
206493,160,172,106,14
206494,160,172,107,15
206495,160,172,108,5
206496,160,172,109,5
206497,160,172,110,5
206498,160,172,111,5
206499,160,172,112,14
206500,160,172,113,5
206501,160,173,85,16
206502,160,173,86,16
206503,160,173,87,16
206504,160,173,88,14
206505,160,173,89,15
206506,160,173,90,15
206507,160,173,91,15
206508,160,173,92,5
206509,160,173,93,15
206510,160,173,94,15
206511,160,173,95,15
206512,160,173,96,15
206513,160,173,97,15
206514,160,173,98,5
206515,160,173,99,5
206516,160,173,100,15
206517,160,173,101,15
206518,160,173,102,15
206519,160,173,103,15
206520,160,173,104,5
206521,160,173,105,14
206522,160,173,106,14
206523,160,173,107,5
206524,160,173,108,5
206525,160,173,109,5
206526,160,173,110,14
206527,160,173,111,14
206528,160,173,112,14
206529,160,173,113,9
206530,160,174,85,16
206531,160,174,86,16
206532,160,174,87,5
206533,160,174,88,14
206534,160,174,89,15
206535,160,174,90,15
206536,160,174,91,15
206537,160,174,92,15
206538,160,174,93,15
206539,160,174,94,15
206540,160,174,95,15
206541,160,174,96,5
206542,160,174,97,15
206543,160,174,98,5
206544,160,174,99,5
206545,160,174,100,15
206546,160,174,101,15
206547,160,174,102,15
206548,160,174,103,15
206549,160,174,104,5
206550,160,174,105,14
206551,160,174,106,14
206552,160,174,107,14
206553,160,174,108,14
206554,160,174,109,5
206555,160,174,110,14
206556,160,174,112,14
206557,160,174,113,9
206558,160,175,85,16
206559,160,175,86,16
206560,160,175,87,16
206561,160,175,88,5
206562,160,175,89,15
206563,160,175,90,15
206564,160,175,91,15
206565,160,175,92,15
206566,160,175,93,15
206567,160,175,94,15
206568,160,175,95,5
206569,160,175,96,5
206570,160,175,97,14
206571,160,175,98,5
206572,160,175,99,5
206573,160,175,100,15
206574,160,175,101,15
206575,160,175,102,15
206576,160,175,103,15
206577,160,175,104,5
206578,160,175,105,14
206579,160,175,106,14
206580,160,175,107,14
206581,160,175,108,14
206582,160,175,109,14
206583,160,176,86,16
206584,160,176,87,16
206585,160,176,88,16
206586,160,176,89,5
206587,160,176,90,15
206588,160,176,91,15
206589,160,176,92,15
206590,160,176,93,15
206591,160,176,94,15
206592,160,176,95,15
206593,160,176,96,5
206594,160,176,97,14
206595,160,176,98,14
206596,160,176,99,15
206597,160,176,100,15
206598,160,176,101,15
206599,160,176,102,15
206600,160,176,103,15
206601,160,176,104,14
206602,160,176,105,14
206603,160,176,106,14
206604,160,176,107,14
206605,160,176,108,14
206606,160,176,109,14
206607,160,177,86,16
206608,160,177,87,16
206609,160,177,88,16
206610,160,177,89,16
206611,160,177,90,5
206612,160,177,91,5
206613,160,177,92,15
206614,160,177,93,15
206615,160,177,94,15
206616,160,177,95,15
206617,160,177,96,5
206618,160,177,97,14
206619,160,177,98,14
206620,160,177,99,5
206621,160,177,100,15
206622,160,177,101,14
206623,160,177,102,14
206624,160,177,103,14
206625,160,177,104,14
206626,160,177,105,14
206627,160,177,106,14
206628,160,177,107,14
206629,160,177,108,14
206630,160,178,86,16
206631,160,178,87,16
206632,160,178,88,16
206633,160,178,89,16
206634,160,178,90,5
206635,160,178,91,15
206636,160,178,92,15
206637,160,178,93,15
206638,160,178,94,15
206639,160,178,95,15
206640,160,178,96,5
206641,160,178,97,5
206642,160,178,98,5
206643,160,178,99,5
206644,160,178,100,2
206645,160,178,101,14
206646,160,178,102,14
206647,160,178,103,14
206648,160,178,104,14
206649,160,178,105,14
206650,160,178,106,14
206651,160,178,107,14
206652,160,179,88,16
206653,160,179,89,16
206654,160,179,90,16
206655,160,179,91,15
206656,160,179,92,15
206657,160,179,93,15
206658,160,179,94,15
206659,160,179,95,15
206660,160,179,96,15
206661,160,179,97,5
206662,160,179,98,5
206663,160,179,99,5
206664,160,179,100,5
206665,160,179,101,14
206666,160,179,102,14
206667,160,179,103,14
206668,160,179,104,14
206669,160,179,105,14
206670,160,179,106,14
206671,160,179,107,14
206672,160,180,89,16
206673,160,180,90,16
206674,160,180,91,16
206675,160,180,92,15
206676,160,180,93,15
206677,160,180,94,15
206678,160,180,95,15
206679,160,180,96,15
206680,160,180,97,15
206681,160,180,98,15
206682,160,180,99,5
206683,160,180,100,5
206684,160,180,101,5
206685,160,180,102,5
206686,160,180,103,14
206687,160,180,104,14
206688,160,180,105,14
206689,160,180,106,5
206690,160,181,89,16
206691,160,181,90,16
206692,160,181,91,16
206693,160,181,92,16
206694,160,181,93,5
206695,160,181,94,5
206696,160,181,95,5
206697,160,181,96,15
206698,160,181,97,15
206699,160,181,98,15
206700,160,181,99,15
206701,160,181,100,5
206702,160,181,101,5
206703,160,181,102,5
206704,160,181,103,14
206705,160,181,104,14
206706,160,181,105,14
206707,160,181,106,5
206708,160,182,90,16
206709,160,182,91,16
206710,160,182,92,16
206711,160,182,93,16
206712,160,182,94,2
206713,160,182,95,2
206714,160,182,96,2
206715,160,182,97,2
206716,160,182,98,2
206717,160,182,99,15
206718,160,182,100,15
206719,160,182,101,5
206720,160,182,102,5
206721,160,182,103,14
206722,160,182,104,14
206723,160,182,105,14
206724,160,182,106,14
206725,160,183,91,16
206726,160,183,92,16
206727,160,183,93,16
206728,160,183,94,16
206729,160,183,95,16
206730,160,183,96,16
206731,160,183,97,2
206732,160,183,98,2
206733,160,183,99,2
206734,160,183,100,2
206735,160,183,101,2
206736,160,183,102,16
206737,160,183,103,14
206738,160,183,104,14
206739,160,183,105,14
206740,160,184,95,16
206741,160,184,96,16
206742,160,184,97,16
206743,160,184,98,16
206744,160,184,99,16
206745,160,184,100,16
206746,160,184,101,16
206747,160,184,102,16
206748,160,184,103,16
206749,160,184,104,14
206750,160,184,105,14
206751,160,185,96,16
206752,160,185,97,16
206753,160,185,98,16
206754,160,185,99,16
206755,160,185,100,16
206756,160,185,101,16
206757,160,185,102,16
206758,160,185,103,16
206759,160,185,104,16
206760,160,185,105,9
206761,160,186,101,16
206762,160,186,102,16
206763,160,186,103,16
206764,160,187,102,14
206765,160,187,103,9
206766,160,188,101,6
206767,161,146,91,3
206768,161,146,92,3
206769,161,146,93,11
206770,161,146,95,3
206771,161,146,96,3
206772,161,147,90,3
206773,161,147,91,3
206774,161,147,92,3
206775,161,147,93,11
206776,161,147,94,11
206777,161,147,95,3
206778,161,147,96,3
206779,161,148,89,3
206780,161,148,90,3
206781,161,148,91,3
206782,161,148,92,3
206783,161,148,93,3
206784,161,148,94,3
206785,161,148,95,3
206786,161,148,96,3
206787,161,148,97,3
206788,161,148,98,3
206789,161,149,89,3
206790,161,149,90,3
206791,161,149,91,3
206792,161,149,92,3
206793,161,149,93,3
206794,161,149,94,3
206795,161,149,95,3
206796,161,149,96,3
206797,161,149,97,3
206798,161,149,98,3
206799,161,150,89,3
206800,161,150,90,3
206801,161,150,91,3
206802,161,150,92,3
206803,161,150,93,3
206804,161,150,94,3
206805,161,150,95,3
206806,161,150,96,3
206807,161,150,97,3
206808,161,150,98,3
206809,161,151,89,3
206810,161,151,90,3
206811,161,151,91,3
206812,161,151,92,3
206813,161,151,93,3
206814,161,151,94,3
206815,161,151,95,3
206816,161,151,96,3
206817,161,151,97,3
206818,161,151,98,3
206819,161,152,89,3
206820,161,152,90,3
206821,161,152,91,3
206822,161,152,92,3
206823,161,152,93,3
206824,161,152,94,3
206825,161,152,95,3
206826,161,152,96,3
206827,161,152,97,3
206828,161,152,98,11
206829,161,153,89,3
206830,161,153,90,3
206831,161,153,91,3
206832,161,153,92,3
206833,161,153,93,3
206834,161,153,94,3
206835,161,153,95,3
206836,161,153,96,3
206837,161,153,97,11
206838,161,154,89,3
206839,161,154,90,3
206840,161,154,91,3
206841,161,154,92,3
206842,161,154,93,3
206843,161,154,94,3
206844,161,154,95,3
206845,161,154,96,3
206846,161,155,89,3
206847,161,155,90,3
206848,161,155,91,3
206849,161,155,92,3
206850,161,155,93,3
206851,161,155,94,3
206852,161,155,95,3
206853,161,155,96,3
206854,161,156,90,3
206855,161,156,91,3
206856,161,156,92,3
206857,161,156,93,3
206858,161,156,94,3
206859,161,156,95,16
206860,161,156,96,5
206861,161,156,97,5
206862,161,156,98,11
206863,161,156,99,16
206864,161,156,100,11
206865,161,156,101,3
206866,161,156,102,3
206867,161,157,90,3
206868,161,157,91,3
206869,161,157,92,3
206870,161,157,93,16
206871,161,157,94,16
206872,161,157,95,5
206873,161,157,96,5
206874,161,157,97,5
206875,161,157,98,5
206876,161,157,99,5
206877,161,157,100,5
206878,161,157,101,5
206879,161,157,102,16
206880,161,157,103,3
206881,161,157,104,3
206882,161,158,91,5
206883,161,158,92,5
206884,161,158,93,5
206885,161,158,94,5
206886,161,158,95,5
206887,161,158,96,5
206888,161,158,97,5
206889,161,158,98,5
206890,161,158,99,5
206891,161,158,100,5
206892,161,158,101,5
206893,161,158,102,5
206894,161,158,103,5
206895,161,158,104,3
206896,161,159,90,5
206897,161,159,91,5
206898,161,159,92,5
206899,161,159,93,5
206900,161,159,94,5
206901,161,159,95,5
206902,161,159,96,5
206903,161,159,97,5
206904,161,159,98,15
206905,161,159,99,5
206906,161,159,100,5
206907,161,159,101,5
206908,161,159,102,5
206909,161,159,103,5
206910,161,159,104,16
206911,161,159,105,16
206912,161,159,106,2
206913,161,159,107,2
206914,161,159,108,2
206915,161,159,109,2
206916,161,160,90,5
206917,161,160,91,5
206918,161,160,92,15
206919,161,160,93,15
206920,161,160,94,5
206921,161,160,95,5
206922,161,160,96,5
206923,161,160,97,5
206924,161,160,98,15
206925,161,160,99,5
206926,161,160,100,5
206927,161,160,101,15
206928,161,160,102,15
206929,161,160,103,15
206930,161,160,104,5
206931,161,160,105,16
206932,161,160,106,2
206933,161,160,107,2
206934,161,160,108,2
206935,161,160,109,2
206936,161,160,110,2
206937,161,161,89,16
206938,161,161,90,5
206939,161,161,91,5
206940,161,161,92,15
206941,161,161,93,15
206942,161,161,94,5
206943,161,161,95,5
206944,161,161,96,5
206945,161,161,97,5
206946,161,161,98,15
206947,161,161,99,5
206948,161,161,100,5
206949,161,161,101,5
206950,161,161,102,15
206951,161,161,103,15
206952,161,161,104,5
206953,161,161,105,5
206954,161,161,106,5
206955,161,161,107,5
206956,161,161,108,2
206957,161,161,109,2
206958,161,161,110,2
206959,161,161,111,2
206960,161,162,88,16
206961,161,162,89,5
206962,161,162,90,5
206963,161,162,91,15
206964,161,162,92,15
206965,161,162,93,15
206966,161,162,94,5
206967,161,162,95,5
206968,161,162,96,15
206969,161,162,97,15
206970,161,162,98,15
206971,161,162,99,5
206972,161,162,100,5
206973,161,162,101,5
206974,161,162,102,5
206975,161,162,103,15
206976,161,162,104,5
206977,161,162,105,5
206978,161,162,106,5
206979,161,162,107,5
206980,161,162,108,2
206981,161,162,109,2
206982,161,162,110,2
206983,161,162,111,2
206984,161,162,112,2
206985,161,162,113,2
206986,161,162,114,2
206987,161,163,88,16
206988,161,163,89,15
206989,161,163,90,15
206990,161,163,91,15
206991,161,163,92,15
206992,161,163,93,15
206993,161,163,94,15
206994,161,163,95,5
206995,161,163,96,15
206996,161,163,97,15
206997,161,163,98,15
206998,161,163,99,15
206999,161,163,100,5
207000,161,163,101,5
207001,161,163,102,15
207002,161,163,103,5
207003,161,163,104,5
207004,161,163,105,5
207005,161,163,106,5
207006,161,163,107,14
207007,161,163,108,5
207008,161,163,109,5
207009,161,163,110,5
207010,161,163,111,16
207011,161,163,112,2
207012,161,163,113,2
207013,161,163,114,2
207014,161,164,87,16
207015,161,164,88,16
207016,161,164,89,15
207017,161,164,90,15
207018,161,164,91,5
207019,161,164,92,15
207020,161,164,93,15
207021,161,164,94,15
207022,161,164,95,15
207023,161,164,96,15
207024,161,164,97,15
207025,161,164,98,15
207026,161,164,99,15
207027,161,164,100,5
207028,161,164,101,5
207029,161,164,102,5
207030,161,164,103,15
207031,161,164,104,5
207032,161,164,105,5
207033,161,164,106,5
207034,161,164,107,14
207035,161,164,108,14
207036,161,164,109,5
207037,161,164,110,5
207038,161,164,111,16
207039,161,164,112,16
207040,161,164,113,11
207041,161,164,114,2
207042,161,164,115,2
207043,161,164,116,7
207044,161,164,117,7
207045,161,165,86,16
207046,161,165,87,16
207047,161,165,88,5
207048,161,165,89,15
207049,161,165,90,15
207050,161,165,91,5
207051,161,165,92,5
207052,161,165,93,15
207053,161,165,94,15
207054,161,165,95,15
207055,161,165,96,15
207056,161,165,97,15
207057,161,165,98,15
207058,161,165,99,15
207059,161,165,100,5
207060,161,165,101,5
207061,161,165,102,15
207062,161,165,103,15
207063,161,165,104,15
207064,161,165,105,5
207065,161,165,106,5
207066,161,165,107,5
207067,161,165,108,14
207068,161,165,109,5
207069,161,165,110,5
207070,161,165,111,16
207071,161,165,112,16
207072,161,165,113,16
207073,161,165,114,2
207074,161,165,115,2
207075,161,165,116,7
207076,161,165,117,7
207077,161,166,86,16
207078,161,166,87,16
207079,161,166,88,5
207080,161,166,89,8
207081,161,166,90,5
207082,161,166,91,5
207083,161,166,92,5
207084,161,166,93,15
207085,161,166,94,15
207086,161,166,95,7
207087,161,166,96,15
207088,161,166,97,2
207089,161,166,98,15
207090,161,166,99,5
207091,161,166,100,5
207092,161,166,101,15
207093,161,166,102,15
207094,161,166,103,5
207095,161,166,104,5
207096,161,166,105,5
207097,161,166,106,5
207098,161,166,107,5
207099,161,166,108,5
207100,161,166,109,5
207101,161,166,110,5
207102,161,166,111,5
207103,161,166,112,5
207104,161,166,113,16
207105,161,166,114,16
207106,161,166,115,2
207107,161,166,116,7
207108,161,167,86,16
207109,161,167,87,16
207110,161,167,88,8
207111,161,167,89,8
207112,161,167,90,5
207113,161,167,91,5
207114,161,167,92,5
207115,161,167,93,5
207116,161,167,94,7
207117,161,167,95,7
207118,161,167,96,14
207119,161,167,97,14
207120,161,167,98,5
207121,161,167,99,5
207122,161,167,100,5
207123,161,167,101,15
207124,161,167,102,15
207125,161,167,103,14
207126,161,167,104,5
207127,161,167,105,5
207128,161,167,106,5
207129,161,167,107,5
207130,161,167,108,16
207131,161,167,109,16
207132,161,167,110,16
207133,161,167,111,16
207134,161,167,112,16
207135,161,167,113,5
207136,161,167,114,5
207137,161,167,115,5
207138,161,167,116,15
207139,161,168,85,16
207140,161,168,86,16
207141,161,168,87,5
207142,161,168,88,16
207143,161,168,89,8
207144,161,168,90,16
207145,161,168,91,14
207146,161,168,92,14
207147,161,168,93,14
207148,161,168,94,14
207149,161,168,95,14
207150,161,168,96,5
207151,161,168,97,5
207152,161,168,98,5
207153,161,168,99,15
207154,161,168,100,5
207155,161,168,101,15
207156,161,168,102,5
207157,161,168,103,5
207158,161,168,104,5
207159,161,168,105,15
207160,161,168,106,15
207161,161,168,107,5
207162,161,168,108,16
207163,161,168,109,2
207164,161,168,110,2
207165,161,168,111,2
207166,161,168,112,16
207167,161,168,113,5
207168,161,168,114,5
207169,161,168,115,5
207170,161,168,116,9
207171,161,169,85,16
207172,161,169,86,5
207173,161,169,87,5
207174,161,169,88,5
207175,161,169,89,15
207176,161,169,90,2
207177,161,169,91,14
207178,161,169,92,5
207179,161,169,93,5
207180,161,169,94,5
207181,161,169,95,5
207182,161,169,96,5
207183,161,169,97,15
207184,161,169,98,15
207185,161,169,99,15
207186,161,169,100,5
207187,161,169,101,5
207188,161,169,102,5
207189,161,169,103,5
207190,161,169,104,2
207191,161,169,105,2
207192,161,169,106,15
207193,161,169,107,5
207194,161,169,108,5
207195,161,169,109,2
207196,161,169,110,2
207197,161,169,111,16
207198,161,169,112,2
207199,161,169,113,2
207200,161,169,114,5
207201,161,169,115,9
207202,161,170,83,16
207203,161,170,84,16
207204,161,170,85,16
207205,161,170,86,15
207206,161,170,87,15
207207,161,170,88,15
207208,161,170,89,5
207209,161,170,90,14
207210,161,170,91,5
207211,161,170,92,5
207212,161,170,93,5
207213,161,170,94,5
207214,161,170,95,15
207215,161,170,96,15
207216,161,170,97,15
207217,161,170,98,15
207218,161,170,99,5
207219,161,170,100,5
207220,161,170,101,5
207221,161,170,102,5
207222,161,170,103,15
207223,161,170,104,2
207224,161,170,105,2
207225,161,170,106,15
207226,161,170,107,2
207227,161,170,108,5
207228,161,170,109,5
207229,161,170,110,16
207230,161,170,111,16
207231,161,170,112,2
207232,161,170,113,15
207233,161,170,114,9
207234,161,171,83,11
207235,161,171,84,16
207236,161,171,85,16
207237,161,171,86,5
207238,161,171,87,15
207239,161,171,88,15
207240,161,171,89,5
207241,161,171,90,5
207242,161,171,91,15
207243,161,171,92,15
207244,161,171,93,15
207245,161,171,94,15
207246,161,171,95,15
207247,161,171,96,15
207248,161,171,97,15
207249,161,171,98,15
207250,161,171,99,5
207251,161,171,100,5
207252,161,171,101,15
207253,161,171,102,15
207254,161,171,103,15
207255,161,171,104,2
207256,161,171,105,2
207257,161,171,106,2
207258,161,171,107,5
207259,161,171,108,5
207260,161,171,109,5
207261,161,171,110,16
207262,161,171,111,14
207263,161,171,112,2
207264,161,171,113,5
207265,161,172,83,11
207266,161,172,84,16
207267,161,172,85,16
207268,161,172,86,16
207269,161,172,87,5
207270,161,172,88,15
207271,161,172,89,5
207272,161,172,90,5
207273,161,172,91,15
207274,161,172,92,15
207275,161,172,93,15
207276,161,172,94,15
207277,161,172,95,15
207278,161,172,96,15
207279,161,172,97,15
207280,161,172,98,15
207281,161,172,99,5
207282,161,172,100,5
207283,161,172,101,15
207284,161,172,102,15
207285,161,172,103,15
207286,161,172,104,5
207287,161,172,105,14
207288,161,172,106,14
207289,161,172,107,5
207290,161,172,108,5
207291,161,172,109,5
207292,161,172,110,14
207293,161,172,111,14
207294,161,172,112,14
207295,161,172,113,9
207296,161,173,84,16
207297,161,173,85,16
207298,161,173,86,16
207299,161,173,87,5
207300,161,173,88,5
207301,161,173,89,5
207302,161,173,90,15
207303,161,173,91,15
207304,161,173,92,15
207305,161,173,93,15
207306,161,173,94,15
207307,161,173,95,15
207308,161,173,96,15
207309,161,173,97,15
207310,161,173,98,15
207311,161,173,99,15
207312,161,173,100,5
207313,161,173,101,15
207314,161,173,102,15
207315,161,173,103,15
207316,161,173,104,5
207317,161,173,105,14
207318,161,173,106,14
207319,161,173,107,14
207320,161,173,108,5
207321,161,173,109,5
207322,161,173,110,14
207323,161,173,112,9
207324,161,174,85,16
207325,161,174,86,16
207326,161,174,87,5
207327,161,174,88,5
207328,161,174,89,5
207329,161,174,90,15
207330,161,174,91,15
207331,161,174,92,15
207332,161,174,93,15
207333,161,174,94,15
207334,161,174,95,15
207335,161,174,96,5
207336,161,174,97,5
207337,161,174,98,15
207338,161,174,99,5
207339,161,174,100,5
207340,161,174,101,15
207341,161,174,102,15
207342,161,174,103,15
207343,161,174,104,5
207344,161,174,105,14
207345,161,174,106,14
207346,161,174,107,14
207347,161,174,108,14
207348,161,174,109,5
207349,161,175,85,16
207350,161,175,86,16
207351,161,175,87,5
207352,161,175,88,5
207353,161,175,89,5
207354,161,175,90,15
207355,161,175,91,15
207356,161,175,92,15
207357,161,175,93,15
207358,161,175,94,15
207359,161,175,95,15
207360,161,175,96,5
207361,161,175,97,5
207362,161,175,98,5
207363,161,175,99,5
207364,161,175,100,5
207365,161,175,101,15
207366,161,175,102,15
207367,161,175,103,15
207368,161,175,104,14
207369,161,175,105,14
207370,161,175,106,14
207371,161,175,107,14
207372,161,175,108,14
207373,161,175,109,5
207374,161,176,85,8
207375,161,176,86,16
207376,161,176,87,5
207377,161,176,88,5
207378,161,176,89,5
207379,161,176,90,5
207380,161,176,91,15
207381,161,176,92,15
207382,161,176,93,15
207383,161,176,94,15
207384,161,176,95,15
207385,161,176,96,5
207386,161,176,97,5
207387,161,176,98,15
207388,161,176,99,15
207389,161,176,100,5
207390,161,176,101,14
207391,161,176,102,14
207392,161,176,103,14
207393,161,176,104,14
207394,161,176,105,14
207395,161,176,106,14
207396,161,176,107,14
207397,161,176,108,14
207398,161,177,85,8
207399,161,177,86,16
207400,161,177,87,5
207401,161,177,88,5
207402,161,177,89,5
207403,161,177,90,5
207404,161,177,91,15
207405,161,177,92,15
207406,161,177,93,15
207407,161,177,94,15
207408,161,177,95,15
207409,161,177,96,15
207410,161,177,97,5
207411,161,177,98,15
207412,161,177,99,15
207413,161,177,100,5
207414,161,177,101,14
207415,161,177,102,14
207416,161,177,103,14
207417,161,177,104,14
207418,161,177,105,14
207419,161,177,106,14
207420,161,177,107,14
207421,161,178,86,16
207422,161,178,87,16
207423,161,178,88,5
207424,161,178,89,5
207425,161,178,90,5
207426,161,178,91,15
207427,161,178,92,15
207428,161,178,93,15
207429,161,178,94,15
207430,161,178,95,15
207431,161,178,96,15
207432,161,178,97,5
207433,161,178,98,5
207434,161,178,99,5
207435,161,178,100,5
207436,161,178,101,14
207437,161,178,102,14
207438,161,178,103,14
207439,161,178,104,14
207440,161,178,105,14
207441,161,178,106,14
207442,161,178,107,14
207443,161,179,86,16
207444,161,179,87,16
207445,161,179,88,16
207446,161,179,89,16
207447,161,179,90,5
207448,161,179,91,15
207449,161,179,92,15
207450,161,179,93,15
207451,161,179,94,15
207452,161,179,95,15
207453,161,179,96,15
207454,161,179,97,5
207455,161,179,98,5
207456,161,179,99,5
207457,161,179,100,5
207458,161,179,101,5
207459,161,179,102,14
207460,161,179,103,14
207461,161,179,104,14
207462,161,179,105,14
207463,161,179,106,14
207464,161,180,87,16
207465,161,180,88,16
207466,161,180,89,16
207467,161,180,90,14
207468,161,180,91,15
207469,161,180,92,15
207470,161,180,93,15
207471,161,180,94,15
207472,161,180,95,15
207473,161,180,96,15
207474,161,180,97,5
207475,161,180,98,5
207476,161,180,99,5
207477,161,180,100,5
207478,161,180,101,5
207479,161,180,102,14
207480,161,180,103,14
207481,161,180,104,14
207482,161,180,105,14
207483,161,180,106,5
207484,161,181,89,16
207485,161,181,90,16
207486,161,181,91,16
207487,161,181,92,16
207488,161,181,93,15
207489,161,181,94,5
207490,161,181,95,5
207491,161,181,96,5
207492,161,181,97,5
207493,161,181,98,15
207494,161,181,99,5
207495,161,181,100,5
207496,161,181,101,5
207497,161,181,102,14
207498,161,181,103,14
207499,161,181,104,14
207500,161,181,105,14
207501,161,181,106,15
207502,161,182,90,16
207503,161,182,91,16
207504,161,182,92,16
207505,161,182,93,16
207506,161,182,94,16
207507,161,182,95,16
207508,161,182,96,16
207509,161,182,97,2
207510,161,182,98,15
207511,161,182,99,5
207512,161,182,100,5
207513,161,182,101,5
207514,161,182,102,14
207515,161,182,103,14
207516,161,182,104,5
207517,161,182,105,14
207518,161,183,91,16
207519,161,183,92,16
207520,161,183,93,16
207521,161,183,94,16
207522,161,183,95,16
207523,161,183,96,16
207524,161,183,97,16
207525,161,183,98,16
207526,161,183,99,16
207527,161,183,100,16
207528,161,183,101,14
207529,161,183,102,14
207530,161,183,103,14
207531,161,183,104,2
207532,161,183,105,14
207533,161,184,95,16
207534,161,184,96,16
207535,161,184,97,16
207536,161,184,98,16
207537,161,184,99,16
207538,161,184,100,16
207539,161,184,101,16
207540,161,184,102,14
207541,161,184,103,14
207542,161,184,104,14
207543,161,184,105,9
207544,161,185,95,16
207545,161,185,96,16
207546,161,185,97,16
207547,161,185,98,16
207548,161,185,99,16
207549,161,185,100,16
207550,161,185,101,16
207551,161,185,102,16
207552,161,185,103,16
207553,161,185,104,9
207554,161,185,105,9
207555,161,186,101,16
207556,161,186,102,16
207557,161,186,103,9
207558,161,187,101,14
207559,161,187,103,9
207560,162,145,96,3
207561,162,146,92,11
207562,162,146,95,3
207563,162,146,96,3
207564,162,146,97,3
207565,162,147,91,3
207566,162,147,92,3
207567,162,147,93,3
207568,162,147,94,3
207569,162,147,95,3
207570,162,147,96,3
207571,162,147,97,3
207572,162,148,90,3
207573,162,148,91,3
207574,162,148,92,3
207575,162,148,93,3
207576,162,148,94,3
207577,162,148,95,3
207578,162,148,96,3
207579,162,148,97,3
207580,162,149,89,3
207581,162,149,90,3
207582,162,149,91,3
207583,162,149,92,3
207584,162,149,93,3
207585,162,149,94,3
207586,162,149,95,3
207587,162,149,96,3
207588,162,149,97,3
207589,162,149,98,3
207590,162,150,89,3
207591,162,150,90,3
207592,162,150,91,3
207593,162,150,92,3
207594,162,150,93,3
207595,162,150,94,3
207596,162,150,95,3
207597,162,150,96,3
207598,162,150,97,3
207599,162,150,98,3
207600,162,151,89,3
207601,162,151,90,3
207602,162,151,91,3
207603,162,151,92,3
207604,162,151,93,3
207605,162,151,94,3
207606,162,151,95,3
207607,162,151,96,3
207608,162,151,97,3
207609,162,151,98,3
207610,162,152,89,3
207611,162,152,90,3
207612,162,152,91,3
207613,162,152,92,3
207614,162,152,93,3
207615,162,152,94,3
207616,162,152,95,3
207617,162,152,96,3
207618,162,152,97,3
207619,162,153,89,3
207620,162,153,90,3
207621,162,153,91,3
207622,162,153,92,3
207623,162,153,93,3
207624,162,153,94,3
207625,162,153,95,3
207626,162,153,96,3
207627,162,153,97,11
207628,162,154,89,3
207629,162,154,90,3
207630,162,154,91,3
207631,162,154,92,3
207632,162,154,93,3
207633,162,154,94,3
207634,162,154,95,3
207635,162,154,96,3
207636,162,155,89,3
207637,162,155,90,3
207638,162,155,91,3
207639,162,155,92,3
207640,162,155,93,3
207641,162,155,94,3
207642,162,155,95,3
207643,162,155,96,11
207644,162,156,90,3
207645,162,156,91,3
207646,162,156,92,3
207647,162,156,93,3
207648,162,156,95,16
207649,162,156,96,16
207650,162,156,97,5
207651,162,156,98,11
207652,162,156,99,11
207653,162,156,100,16
207654,162,156,101,3
207655,162,156,102,3
207656,162,157,94,16
207657,162,157,95,16
207658,162,157,96,5
207659,162,157,97,5
207660,162,157,98,5
207661,162,157,99,5
207662,162,157,100,5
207663,162,157,101,5
207664,162,157,102,16
207665,162,157,103,3
207666,162,157,104,2
207667,162,158,91,5
207668,162,158,92,5
207669,162,158,93,16
207670,162,158,94,16
207671,162,158,95,5
207672,162,158,96,5
207673,162,158,97,5
207674,162,158,98,5
207675,162,158,99,5
207676,162,158,100,5
207677,162,158,101,5
207678,162,158,102,5
207679,162,158,103,5
207680,162,158,104,16
207681,162,158,105,2
207682,162,159,90,16
207683,162,159,91,5
207684,162,159,92,5
207685,162,159,93,5
207686,162,159,94,5
207687,162,159,95,5
207688,162,159,96,5
207689,162,159,97,5
207690,162,159,98,5
207691,162,159,99,5
207692,162,159,100,5
207693,162,159,101,5
207694,162,159,102,5
207695,162,159,103,5
207696,162,159,104,5
207697,162,159,105,16
207698,162,159,106,2
207699,162,159,107,2
207700,162,159,108,2
207701,162,159,109,2
207702,162,160,90,5
207703,162,160,91,5
207704,162,160,92,15
207705,162,160,93,5
207706,162,160,94,5
207707,162,160,95,5
207708,162,160,96,5
207709,162,160,97,5
207710,162,160,98,5
207711,162,160,99,15
207712,162,160,100,5
207713,162,160,101,5
207714,162,160,102,15
207715,162,160,103,15
207716,162,160,104,15
207717,162,160,105,5
207718,162,160,106,16
207719,162,160,107,2
207720,162,160,108,2
207721,162,160,109,2
207722,162,160,110,2
207723,162,161,89,16
207724,162,161,90,5
207725,162,161,91,5
207726,162,161,92,15
207727,162,161,93,5
207728,162,161,94,5
207729,162,161,95,5
207730,162,161,96,5
207731,162,161,97,5
207732,162,161,98,5
207733,162,161,99,15
207734,162,161,100,5
207735,162,161,101,5
207736,162,161,102,15
207737,162,161,103,15
207738,162,161,104,15
207739,162,161,105,5
207740,162,161,106,5
207741,162,161,107,5
207742,162,161,108,2
207743,162,161,109,2
207744,162,161,110,2
207745,162,161,111,2
207746,162,162,88,16
207747,162,162,89,5
207748,162,162,90,5
207749,162,162,91,5
207750,162,162,92,15
207751,162,162,93,15
207752,162,162,94,5
207753,162,162,95,5
207754,162,162,96,15
207755,162,162,97,7
207756,162,162,98,7
207757,162,162,99,15
207758,162,162,100,15
207759,162,162,101,15
207760,162,162,102,15
207761,162,162,103,15
207762,162,162,104,15
207763,162,162,105,5
207764,162,162,106,5
207765,162,162,107,5
207766,162,162,108,2
207767,162,162,109,5
207768,162,162,110,5
207769,162,162,111,2
207770,162,162,112,2
207771,162,162,113,2
207772,162,162,114,2
207773,162,163,87,16
207774,162,163,88,16
207775,162,163,89,15
207776,162,163,90,15
207777,162,163,91,15
207778,162,163,92,15
207779,162,163,93,15
207780,162,163,94,15
207781,162,163,95,5
207782,162,163,96,15
207783,162,163,97,7
207784,162,163,98,7
207785,162,163,99,5
207786,162,163,100,5
207787,162,163,101,15
207788,162,163,102,15
207789,162,163,103,15
207790,162,163,104,15
207791,162,163,105,15
207792,162,163,106,5
207793,162,163,107,14
207794,162,163,108,5
207795,162,163,109,5
207796,162,163,110,5
207797,162,163,111,16
207798,162,163,112,16
207799,162,163,113,2
207800,162,163,114,2
207801,162,163,116,7
207802,162,164,87,16
207803,162,164,88,16
207804,162,164,89,15
207805,162,164,90,15
207806,162,164,91,15
207807,162,164,92,15
207808,162,164,93,15
207809,162,164,94,15
207810,162,164,95,15
207811,162,164,96,15
207812,162,164,97,15
207813,162,164,98,15
207814,162,164,99,5
207815,162,164,100,5
207816,162,164,101,5
207817,162,164,102,5
207818,162,164,103,15
207819,162,164,104,15
207820,162,164,105,15
207821,162,164,106,5
207822,162,164,107,14
207823,162,164,108,14
207824,162,164,109,5
207825,162,164,110,5
207826,162,164,111,5
207827,162,164,112,16
207828,162,164,113,2
207829,162,164,114,2
207830,162,164,115,2
207831,162,164,116,7
207832,162,164,117,9
207833,162,165,86,16
207834,162,165,87,16
207835,162,165,88,16
207836,162,165,89,15
207837,162,165,90,15
207838,162,165,91,5
207839,162,165,92,5
207840,162,165,93,15
207841,162,165,94,15
207842,162,165,95,15
207843,162,165,96,15
207844,162,165,97,15
207845,162,165,98,15
207846,162,165,99,5
207847,162,165,100,5
207848,162,165,101,5
207849,162,165,102,15
207850,162,165,103,15
207851,162,165,104,15
207852,162,165,105,15
207853,162,165,106,15
207854,162,165,107,14
207855,162,165,108,14
207856,162,165,109,5
207857,162,165,110,5
207858,162,165,111,5
207859,162,165,112,5
207860,162,165,113,16
207861,162,165,114,2
207862,162,165,115,2
207863,162,165,116,7
207864,162,166,86,16
207865,162,166,87,16
207866,162,166,88,5
207867,162,166,89,15
207868,162,166,90,5
207869,162,166,91,5
207870,162,166,92,5
207871,162,166,93,15
207872,162,166,94,15
207873,162,166,95,15
207874,162,166,96,15
207875,162,166,97,2
207876,162,166,98,5
207877,162,166,99,5
207878,162,166,100,5
207879,162,166,101,5
207880,162,166,102,15
207881,162,166,103,15
207882,162,166,104,15
207883,162,166,105,5
207884,162,166,106,15
207885,162,166,107,5
207886,162,166,108,14
207887,162,166,109,5
207888,162,166,110,2
207889,162,166,111,5
207890,162,166,112,5
207891,162,166,113,5
207892,162,166,114,5
207893,162,166,115,15
207894,162,166,116,9
207895,162,167,86,16
207896,162,167,87,16
207897,162,167,88,5
207898,162,167,89,5
207899,162,167,90,5
207900,162,167,91,5
207901,162,167,92,5
207902,162,167,93,15
207903,162,167,94,15
207904,162,167,95,5
207905,162,167,96,14
207906,162,167,97,14
207907,162,167,98,5
207908,162,167,99,5
207909,162,167,100,15
207910,162,167,101,15
207911,162,167,102,5
207912,162,167,103,5
207913,162,167,104,5
207914,162,167,105,5
207915,162,167,106,5
207916,162,167,107,5
207917,162,167,108,14
207918,162,167,109,5
207919,162,167,110,5
207920,162,167,111,16
207921,162,167,112,5
207922,162,167,113,5
207923,162,167,114,5
207924,162,167,115,5
207925,162,167,116,9
207926,162,168,85,16
207927,162,168,86,16
207928,162,168,87,5
207929,162,168,88,15
207930,162,168,89,5
207931,162,168,90,5
207932,162,168,91,5
207933,162,168,92,5
207934,162,168,93,15
207935,162,168,94,15
207936,162,168,95,14
207937,162,168,96,5
207938,162,168,97,5
207939,162,168,98,5
207940,162,168,99,5
207941,162,168,100,5
207942,162,168,101,5
207943,162,168,102,14
207944,162,168,103,14
207945,162,168,104,5
207946,162,168,105,15
207947,162,168,106,15
207948,162,168,107,5
207949,162,168,108,14
207950,162,168,109,5
207951,162,168,110,16
207952,162,168,111,16
207953,162,168,112,2
207954,162,168,113,5
207955,162,168,114,9
207956,162,168,115,9
207957,162,169,84,16
207958,162,169,85,16
207959,162,169,86,16
207960,162,169,87,5
207961,162,169,88,5
207962,162,169,89,15
207963,162,169,90,15
207964,162,169,91,5
207965,162,169,92,5
207966,162,169,93,5
207967,162,169,94,15
207968,162,169,95,5
207969,162,169,96,5
207970,162,169,97,5
207971,162,169,98,5
207972,162,169,99,5
207973,162,169,100,5
207974,162,169,101,14
207975,162,169,102,14
207976,162,169,103,14
207977,162,169,104,2
207978,162,169,105,2
207979,162,169,106,15
207980,162,169,107,15
207981,162,169,108,16
207982,162,169,109,16
207983,162,169,110,2
207984,162,169,111,16
207985,162,169,112,2
207986,162,169,113,2
207987,162,169,114,9
207988,162,170,84,16
207989,162,170,85,16
207990,162,170,86,5
207991,162,170,87,5
207992,162,170,88,5
207993,162,170,89,15
207994,162,170,90,15
207995,162,170,91,15
207996,162,170,92,15
207997,162,170,93,15
207998,162,170,94,15
207999,162,170,95,15
208000,162,170,96,5
208001,162,170,97,5
208002,162,170,98,15
208003,162,170,99,15
208004,162,170,100,5
208005,162,170,101,5
208006,162,170,102,14
208007,162,170,103,14
208008,162,170,104,5
208009,162,170,105,2
208010,162,170,106,15
208011,162,170,107,15
208012,162,170,108,16
208013,162,170,109,16
208014,162,170,110,14
208015,162,170,111,14
208016,162,170,112,16
208017,162,170,113,9
208018,162,170,114,9
208019,162,171,83,16
208020,162,171,84,16
208021,162,171,85,16
208022,162,171,86,16
208023,162,171,87,15
208024,162,171,88,15
208025,162,171,89,5
208026,162,171,90,15
208027,162,171,91,15
208028,162,171,92,15
208029,162,171,93,15
208030,162,171,94,15
208031,162,171,95,15
208032,162,171,96,5
208033,162,171,97,15
208034,162,171,98,15
208035,162,171,99,5
208036,162,171,100,5
208037,162,171,101,5
208038,162,171,102,5
208039,162,171,103,14
208040,162,171,104,14
208041,162,171,105,2
208042,162,171,106,2
208043,162,171,107,5
208044,162,171,108,5
208045,162,171,109,5
208046,162,171,110,14
208047,162,171,111,14
208048,162,171,112,14
208049,162,171,113,9
208050,162,172,83,11
208051,162,172,84,16
208052,162,172,85,16
208053,162,172,86,16
208054,162,172,87,5
208055,162,172,88,15
208056,162,172,89,5
208057,162,172,90,5
208058,162,172,91,15
208059,162,172,92,15
208060,162,172,93,15
208061,162,172,94,15
208062,162,172,95,15
208063,162,172,96,15
208064,162,172,97,15
208065,162,172,98,15
208066,162,172,99,5
208067,162,172,100,5
208068,162,172,101,14
208069,162,172,102,5
208070,162,172,103,14
208071,162,172,104,14
208072,162,172,105,14
208073,162,172,106,14
208074,162,172,107,5
208075,162,172,108,5
208076,162,172,109,5
208077,162,172,110,5
208078,162,172,112,14
208079,162,173,83,11
208080,162,173,84,16
208081,162,173,85,16
208082,162,173,86,16
208083,162,173,87,5
208084,162,173,88,5
208085,162,173,89,5
208086,162,173,90,5
208087,162,173,91,15
208088,162,173,92,15
208089,162,173,93,15
208090,162,173,94,15
208091,162,173,95,15
208092,162,173,96,15
208093,162,173,97,15
208094,162,173,98,15
208095,162,173,99,5
208096,162,173,100,5
208097,162,173,101,14
208098,162,173,102,7
208099,162,173,103,7
208100,162,173,104,14
208101,162,173,105,14
208102,162,173,106,14
208103,162,173,107,14
208104,162,173,108,5
208105,162,173,109,15
208106,162,174,84,16
208107,162,174,85,16
208108,162,174,86,16
208109,162,174,87,5
208110,162,174,88,5
208111,162,174,89,5
208112,162,174,90,5
208113,162,174,91,15
208114,162,174,92,15
208115,162,174,93,15
208116,162,174,94,15
208117,162,174,95,15
208118,162,174,96,15
208119,162,174,97,5
208120,162,174,98,5
208121,162,174,99,5
208122,162,174,100,14
208123,162,174,101,14
208124,162,174,102,14
208125,162,174,103,7
208126,162,174,104,7
208127,162,174,105,14
208128,162,174,106,14
208129,162,174,107,14
208130,162,174,108,7
208131,162,174,109,7
208132,162,175,85,16
208133,162,175,86,16
208134,162,175,87,5
208135,162,175,88,5
208136,162,175,89,5
208137,162,175,90,5
208138,162,175,91,15
208139,162,175,92,15
208140,162,175,93,15
208141,162,175,94,15
208142,162,175,95,15
208143,162,175,96,15
208144,162,175,97,15
208145,162,175,98,15
208146,162,175,99,5
208147,162,175,100,14
208148,162,175,101,14
208149,162,175,102,14
208150,162,175,103,2
208151,162,175,104,14
208152,162,175,105,14
208153,162,175,106,14
208154,162,175,107,5
208155,162,175,108,7
208156,162,176,85,16
208157,162,176,86,16
208158,162,176,87,5
208159,162,176,88,5
208160,162,176,89,15
208161,162,176,90,5
208162,162,176,91,15
208163,162,176,92,15
208164,162,176,93,15
208165,162,176,94,15
208166,162,176,95,15
208167,162,176,96,15
208168,162,176,97,15
208169,162,176,98,15
208170,162,176,99,5
208171,162,176,100,14
208172,162,176,101,14
208173,162,176,102,14
208174,162,176,103,14
208175,162,176,104,14
208176,162,176,105,14
208177,162,176,106,14
208178,162,176,107,7
208179,162,177,85,8
208180,162,177,86,16
208181,162,177,87,5
208182,162,177,88,5
208183,162,177,89,15
208184,162,177,90,15
208185,162,177,91,15
208186,162,177,92,15
208187,162,177,93,15
208188,162,177,94,15
208189,162,177,95,15
208190,162,177,96,15
208191,162,177,97,15
208192,162,177,98,15
208193,162,177,99,5
208194,162,177,100,14
208195,162,177,101,14
208196,162,177,102,14
208197,162,177,103,14
208198,162,177,104,14
208199,162,177,105,14
208200,162,177,106,14
208201,162,177,107,2
208202,162,178,85,8
208203,162,178,86,16
208204,162,178,87,5
208205,162,178,88,5
208206,162,178,89,15
208207,162,178,90,5
208208,162,178,91,15
208209,162,178,92,15
208210,162,178,93,15
208211,162,178,94,15
208212,162,178,95,15
208213,162,178,96,15
208214,162,178,97,5
208215,162,178,98,15
208216,162,178,99,15
208217,162,178,100,5
208218,162,178,101,14
208219,162,178,102,14
208220,162,178,103,14
208221,162,178,104,14
208222,162,178,105,14
208223,162,178,106,14
208224,162,179,86,16
208225,162,179,87,14
208226,162,179,88,5
208227,162,179,89,5
208228,162,179,90,5
208229,162,179,91,15
208230,162,179,92,15
208231,162,179,93,15
208232,162,179,94,15
208233,162,179,95,15
208234,162,179,96,15
208235,162,179,97,5
208236,162,179,98,5
208237,162,179,99,5
208238,162,179,100,14
208239,162,179,101,14
208240,162,179,102,14
208241,162,179,103,14
208242,162,179,104,14
208243,162,179,105,14
208244,162,179,106,14
208245,162,180,86,16
208246,162,180,87,16
208247,162,180,88,16
208248,162,180,89,16
208249,162,180,90,14
208250,162,180,91,5
208251,162,180,92,15
208252,162,180,93,15
208253,162,180,94,15
208254,162,180,95,15
208255,162,180,96,5
208256,162,180,97,5
208257,162,180,98,5
208258,162,180,99,5
208259,162,180,100,5
208260,162,180,101,14
208261,162,180,102,14
208262,162,180,103,14
208263,162,180,104,14
208264,162,180,105,14
208265,162,180,106,14
208266,162,181,87,16
208267,162,181,88,16
208268,162,181,89,16
208269,162,181,90,16
208270,162,181,91,16
208271,162,181,92,2
208272,162,181,93,15
208273,162,181,94,15
208274,162,181,95,15
208275,162,181,96,5
208276,162,181,97,5
208277,162,181,98,5
208278,162,181,99,5
208279,162,181,100,5
208280,162,181,101,14
208281,162,181,102,14
208282,162,181,103,5
208283,162,181,104,15
208284,162,181,105,14
208285,162,182,90,16
208286,162,182,91,16
208287,162,182,92,16
208288,162,182,93,2
208289,162,182,94,2
208290,162,182,95,2
208291,162,182,96,2
208292,162,182,97,14
208293,162,182,98,5
208294,162,182,99,5
208295,162,182,100,5
208296,162,182,101,14
208297,162,182,102,14
208298,162,182,103,5
208299,162,182,104,14
208300,162,182,105,14
208301,162,183,91,16
208302,162,183,92,16
208303,162,183,93,16
208304,162,183,94,16
208305,162,183,95,16
208306,162,183,96,16
208307,162,183,97,16
208308,162,183,98,16
208309,162,183,99,16
208310,162,183,100,16
208311,162,183,101,14
208312,162,183,102,14
208313,162,183,103,14
208314,162,183,104,14
208315,162,184,93,16
208316,162,184,94,16
208317,162,184,95,16
208318,162,184,96,16
208319,162,184,97,16
208320,162,184,98,16
208321,162,184,99,16
208322,162,184,100,16
208323,162,184,101,16
208324,162,184,102,14
208325,162,184,103,14
208326,162,185,96,16
208327,162,185,97,16
208328,162,185,98,16
208329,162,185,99,16
208330,162,185,100,16
208331,162,185,101,16
208332,162,185,102,14
208333,162,186,100,16
208334,162,186,101,14
208335,162,187,101,9
208336,163,145,96,3
208337,163,146,96,3
208338,163,146,97,3
208339,163,147,92,11
208340,163,147,95,3
208341,163,147,96,3
208342,163,147,97,3
208343,163,148,90,3
208344,163,148,91,3
208345,163,148,92,3
208346,163,148,93,3
208347,163,148,94,3
208348,163,148,95,3
208349,163,148,96,3
208350,163,148,97,3
208351,163,149,89,3
208352,163,149,90,3
208353,163,149,91,3
208354,163,149,92,3
208355,163,149,93,3
208356,163,149,94,3
208357,163,149,95,3
208358,163,149,96,3
208359,163,149,97,3
208360,163,150,89,3
208361,163,150,90,3
208362,163,150,91,3
208363,163,150,92,3
208364,163,150,93,3
208365,163,150,94,3
208366,163,150,95,3
208367,163,150,96,3
208368,163,151,89,3
208369,163,151,90,3
208370,163,151,91,3
208371,163,151,92,3
208372,163,151,93,3
208373,163,151,94,3
208374,163,151,95,3
208375,163,152,89,3
208376,163,152,90,3
208377,163,152,91,3
208378,163,152,92,3
208379,163,152,93,3
208380,163,152,94,3
208381,163,152,95,3
208382,163,153,89,3
208383,163,153,90,3
208384,163,153,91,3
208385,163,153,92,3
208386,163,153,93,3
208387,163,153,94,3
208388,163,153,95,3
208389,163,154,89,3
208390,163,154,90,3
208391,163,154,91,3
208392,163,154,92,3
208393,163,154,93,3
208394,163,154,94,3
208395,163,154,95,3
208396,163,155,89,3
208397,163,155,90,3
208398,163,155,91,3
208399,163,155,92,3
208400,163,155,95,11
208401,163,155,96,11
208402,163,155,99,11
208403,163,156,95,11
208404,163,156,96,11
208405,163,156,97,11
208406,163,156,98,11
208407,163,156,99,11
208408,163,156,100,16
208409,163,156,101,16
208410,163,156,102,2
208411,163,157,95,16
208412,163,157,96,16
208413,163,157,97,5
208414,163,157,98,5
208415,163,157,99,5
208416,163,157,100,5
208417,163,157,101,16
208418,163,157,102,16
208419,163,157,103,2
208420,163,157,104,2
208421,163,158,91,16
208422,163,158,92,16
208423,163,158,93,16
208424,163,158,94,16
208425,163,158,95,16
208426,163,158,96,5
208427,163,158,97,5
208428,163,158,98,5
208429,163,158,99,5
208430,163,158,100,5
208431,163,158,101,5
208432,163,158,102,5
208433,163,158,103,5
208434,163,158,104,16
208435,163,158,105,2
208436,163,159,90,16
208437,163,159,91,5
208438,163,159,92,5
208439,163,159,93,5
208440,163,159,94,5
208441,163,159,95,5
208442,163,159,96,5
208443,163,159,97,5
208444,163,159,98,5
208445,163,159,99,5
208446,163,159,100,5
208447,163,159,101,5
208448,163,159,102,5
208449,163,159,103,5
208450,163,159,104,5
208451,163,159,105,16
208452,163,159,106,2
208453,163,159,107,2
208454,163,159,108,2
208455,163,159,109,2
208456,163,160,90,16
208457,163,160,91,5
208458,163,160,92,5
208459,163,160,93,5
208460,163,160,94,5
208461,163,160,95,15
208462,163,160,96,15
208463,163,160,97,5
208464,163,160,98,5
208465,163,160,99,15
208466,163,160,100,15
208467,163,160,101,5
208468,163,160,102,5
208469,163,160,103,15
208470,163,160,104,15
208471,163,160,105,5
208472,163,160,106,5
208473,163,160,107,2
208474,163,160,108,2
208475,163,160,109,2
208476,163,160,110,2
208477,163,161,89,16
208478,163,161,90,5
208479,163,161,91,5
208480,163,161,92,5
208481,163,161,93,5
208482,163,161,94,5
208483,163,161,95,15
208484,163,161,96,15
208485,163,161,97,5
208486,163,161,98,15
208487,163,161,99,15
208488,163,161,100,15
208489,163,161,101,5
208490,163,161,102,5
208491,163,161,103,15
208492,163,161,104,15
208493,163,161,105,5
208494,163,161,106,5
208495,163,161,107,5
208496,163,161,108,5
208497,163,161,109,2
208498,163,161,110,2
208499,163,161,111,2
208500,163,162,88,16
208501,163,162,89,16
208502,163,162,90,5
208503,163,162,91,5
208504,163,162,92,15
208505,163,162,93,5
208506,163,162,94,5
208507,163,162,95,15
208508,163,162,96,15
208509,163,162,97,7
208510,163,162,98,7
208511,163,162,99,15
208512,163,162,100,15
208513,163,162,101,15
208514,163,162,102,15
208515,163,162,103,15
208516,163,162,104,15
208517,163,162,105,5
208518,163,162,106,5
208519,163,162,107,5
208520,163,162,108,5
208521,163,162,109,5
208522,163,162,110,5
208523,163,162,111,2
208524,163,162,112,2
208525,163,162,113,2
208526,163,162,114,2
208527,163,163,88,16
208528,163,163,89,5
208529,163,163,90,15
208530,163,163,91,5
208531,163,163,92,15
208532,163,163,93,15
208533,163,163,94,15
208534,163,163,95,15
208535,163,163,96,7
208536,163,163,97,7
208537,163,163,98,7
208538,163,163,99,5
208539,163,163,100,5
208540,163,163,101,15
208541,163,163,102,15
208542,163,163,103,15
208543,163,163,104,15
208544,163,163,105,15
208545,163,163,106,5
208546,163,163,107,14
208547,163,163,108,5
208548,163,163,109,14
208549,163,163,110,5
208550,163,163,111,5
208551,163,163,112,16
208552,163,163,113,2
208553,163,163,114,2
208554,163,163,115,2
208555,163,163,116,7
208556,163,164,87,16
208557,163,164,88,16
208558,163,164,89,15
208559,163,164,90,15
208560,163,164,91,5
208561,163,164,92,15
208562,163,164,93,15
208563,163,164,94,15
208564,163,164,95,15
208565,163,164,96,15
208566,163,164,97,7
208567,163,164,98,7
208568,163,164,99,5
208569,163,164,100,5
208570,163,164,101,15
208571,163,164,102,15
208572,163,164,103,15
208573,163,164,104,15
208574,163,164,105,15
208575,163,164,106,5
208576,163,164,107,14
208577,163,164,108,14
208578,163,164,109,5
208579,163,164,110,5
208580,163,164,111,5
208581,163,164,112,16
208582,163,164,113,16
208583,163,164,114,2
208584,163,164,115,2
208585,163,164,116,7
208586,163,165,87,16
208587,163,165,88,16
208588,163,165,89,5
208589,163,165,90,5
208590,163,165,91,5
208591,163,165,92,15
208592,163,165,93,15
208593,163,165,94,15
208594,163,165,95,15
208595,163,165,96,15
208596,163,165,97,15
208597,163,165,98,5
208598,163,165,99,5
208599,163,165,100,5
208600,163,165,101,5
208601,163,165,102,15
208602,163,165,103,15
208603,163,165,104,15
208604,163,165,105,15
208605,163,165,106,15
208606,163,165,107,14
208607,163,165,108,14
208608,163,165,109,5
208609,163,165,110,2
208610,163,165,111,2
208611,163,165,112,5
208612,163,165,113,5
208613,163,165,114,5
208614,163,165,115,7
208615,163,165,116,9
208616,163,166,86,16
208617,163,166,87,16
208618,163,166,88,16
208619,163,166,89,5
208620,163,166,90,5
208621,163,166,91,5
208622,163,166,92,15
208623,163,166,93,15
208624,163,166,94,15
208625,163,166,95,15
208626,163,166,96,15
208627,163,166,97,15
208628,163,166,98,5
208629,163,166,99,5
208630,163,166,100,5
208631,163,166,101,5
208632,163,166,102,5
208633,163,166,103,15
208634,163,166,104,15
208635,163,166,105,15
208636,163,166,106,15
208637,163,166,107,5
208638,163,166,108,14
208639,163,166,109,5
208640,163,166,110,2
208641,163,166,111,2
208642,163,166,112,5
208643,163,166,113,5
208644,163,166,114,5
208645,163,166,115,9
208646,163,166,116,9
208647,163,167,86,16
208648,163,167,87,16
208649,163,167,88,5
208650,163,167,89,5
208651,163,167,90,5
208652,163,167,91,5
208653,163,167,92,15
208654,163,167,93,15
208655,163,167,94,15
208656,163,167,95,15
208657,163,167,96,15
208658,163,167,97,14
208659,163,167,98,14
208660,163,167,99,5
208661,163,167,100,5
208662,163,167,101,5
208663,163,167,102,5
208664,163,167,103,5
208665,163,167,104,15
208666,163,167,105,15
208667,163,167,106,15
208668,163,167,107,15
208669,163,167,108,14
208670,163,167,109,5
208671,163,167,110,2
208672,163,167,111,16
208673,163,167,112,2
208674,163,167,113,5
208675,163,167,114,9
208676,163,167,115,9
208677,163,168,85,16
208678,163,168,86,16
208679,163,168,87,5
208680,163,168,88,5
208681,163,168,89,5
208682,163,168,90,5
208683,163,168,91,5
208684,163,168,92,15
208685,163,168,93,15
208686,163,168,94,15
208687,163,168,95,15
208688,163,168,96,15
208689,163,168,97,5
208690,163,168,98,14
208691,163,168,99,5
208692,163,168,100,5
208693,163,168,101,14
208694,163,168,102,14
208695,163,168,103,14
208696,163,168,104,5
208697,163,168,105,15
208698,163,168,106,15
208699,163,168,107,15
208700,163,168,108,5
208701,163,168,109,5
208702,163,168,110,16
208703,163,168,111,14
208704,163,168,112,2
208705,163,168,113,2
208706,163,168,114,9
208707,163,169,84,16
208708,163,169,85,16
208709,163,169,86,16
208710,163,169,87,5
208711,163,169,88,5
208712,163,169,89,5
208713,163,169,90,15
208714,163,169,91,15
208715,163,169,92,15
208716,163,169,93,15
208717,163,169,94,15
208718,163,169,95,15
208719,163,169,96,15
208720,163,169,97,5
208721,163,169,98,5
208722,163,169,99,5
208723,163,169,100,5
208724,163,169,101,14
208725,163,169,102,14
208726,163,169,103,14
208727,163,169,104,5
208728,163,169,105,15
208729,163,169,106,15
208730,163,169,107,15
208731,163,169,108,5
208732,163,169,109,5
208733,163,169,110,14
208734,163,169,111,14
208735,163,169,112,5
208736,163,169,113,9
208737,163,169,114,9
208738,163,170,84,16
208739,163,170,85,16
208740,163,170,86,5
208741,163,170,87,5
208742,163,170,88,5
208743,163,170,89,15
208744,163,170,90,5
208745,163,170,91,15
208746,163,170,92,15
208747,163,170,93,15
208748,163,170,94,15
208749,163,170,95,15
208750,163,170,96,15
208751,163,170,97,5
208752,163,170,98,15
208753,163,170,99,15
208754,163,170,100,5
208755,163,170,101,14
208756,163,170,102,14
208757,163,170,103,14
208758,163,170,104,14
208759,163,170,105,15
208760,163,170,106,15
208761,163,170,107,15
208762,163,170,108,5
208763,163,170,109,5
208764,163,170,110,14
208765,163,170,111,14
208766,163,170,112,9
208767,163,170,113,9
208768,163,170,114,9
208769,163,171,83,16
208770,163,171,84,16
208771,163,171,85,16
208772,163,171,86,5
208773,163,171,87,15
208774,163,171,88,15
208775,163,171,89,5
208776,163,171,90,5
208777,163,171,91,15
208778,163,171,92,15
208779,163,171,93,15
208780,163,171,94,15
208781,163,171,95,15
208782,163,171,96,15
208783,163,171,97,5
208784,163,171,98,5
208785,163,171,99,5
208786,163,171,100,5
208787,163,171,101,14
208788,163,171,102,14
208789,163,171,103,14
208790,163,171,104,14
208791,163,171,105,15
208792,163,171,106,15
208793,163,171,107,15
208794,163,171,108,5
208795,163,171,109,5
208796,163,171,110,5
208797,163,171,111,14
208798,163,171,112,14
208799,163,172,83,16
208800,163,172,84,16
208801,163,172,85,16
208802,163,172,86,5
208803,163,172,87,5
208804,163,172,88,15
208805,163,172,89,5
208806,163,172,90,14
208807,163,172,91,15
208808,163,172,92,15
208809,163,172,93,15
208810,163,172,94,15
208811,163,172,95,15
208812,163,172,96,15
208813,163,172,97,5
208814,163,172,98,5
208815,163,172,99,5
208816,163,172,100,14
208817,163,172,101,14
208818,163,172,102,14
208819,163,172,103,14
208820,163,172,104,14
208821,163,172,105,14
208822,163,172,106,2
208823,163,172,107,5
208824,163,172,108,5
208825,163,172,109,5
208826,163,173,83,11
208827,163,173,84,16
208828,163,173,85,16
208829,163,173,86,15
208830,163,173,87,5
208831,163,173,88,5
208832,163,173,89,5
208833,163,173,90,14
208834,163,173,91,14
208835,163,173,92,15
208836,163,173,93,15
208837,163,173,94,15
208838,163,173,95,15
208839,163,173,96,15
208840,163,173,97,15
208841,163,173,98,5
208842,163,173,99,5
208843,163,173,100,14
208844,163,173,101,14
208845,163,173,102,7
208846,163,173,103,7
208847,163,173,104,14
208848,163,173,105,14
208849,163,173,106,14
208850,163,173,107,5
208851,163,173,108,5
208852,163,173,109,5
208853,163,174,83,11
208854,163,174,84,16
208855,163,174,85,16
208856,163,174,86,16
208857,163,174,87,15
208858,163,174,88,15
208859,163,174,89,5
208860,163,174,90,5
208861,163,174,91,5
208862,163,174,92,15
208863,163,174,93,15
208864,163,174,94,15
208865,163,174,95,15
208866,163,174,96,15
208867,163,174,97,15
208868,163,174,98,5
208869,163,174,99,14
208870,163,174,100,14
208871,163,174,101,14
208872,163,174,102,14
208873,163,174,103,7
208874,163,174,104,7
208875,163,174,105,14
208876,163,174,106,14
208877,163,174,107,5
208878,163,174,108,5
208879,163,175,84,16
208880,163,175,85,16
208881,163,175,86,16
208882,163,175,87,15
208883,163,175,88,15
208884,163,175,89,15
208885,163,175,90,5
208886,163,175,91,5
208887,163,175,92,15
208888,163,175,93,15
208889,163,175,94,15
208890,163,175,95,15
208891,163,175,96,15
208892,163,175,97,5
208893,163,175,98,14
208894,163,175,99,14
208895,163,175,100,14
208896,163,175,101,14
208897,163,175,102,14
208898,163,175,103,14
208899,163,175,104,7
208900,163,175,105,14
208901,163,175,106,14
208902,163,175,107,5
208903,163,176,85,16
208904,163,176,86,16
208905,163,176,87,5
208906,163,176,88,15
208907,163,176,89,15
208908,163,176,90,15
208909,163,176,91,15
208910,163,176,92,15
208911,163,176,93,15
208912,163,176,94,15
208913,163,176,95,15
208914,163,176,96,15
208915,163,176,97,5
208916,163,176,98,5
208917,163,176,99,14
208918,163,176,100,14
208919,163,176,101,14
208920,163,176,102,14
208921,163,176,103,14
208922,163,176,104,14
208923,163,176,105,14
208924,163,176,106,14
208925,163,176,107,7
208926,163,177,86,16
208927,163,177,87,5
208928,163,177,88,15
208929,163,177,89,15
208930,163,177,90,15
208931,163,177,91,15
208932,163,177,92,15
208933,163,177,93,15
208934,163,177,94,15
208935,163,177,95,15
208936,163,177,96,15
208937,163,177,97,5
208938,163,177,98,5
208939,163,177,99,5
208940,163,177,100,14
208941,163,177,101,14
208942,163,177,102,14
208943,163,177,103,14
208944,163,177,104,14
208945,163,177,105,14
208946,163,177,106,14
208947,163,178,84,8
208948,163,178,85,8
208949,163,178,86,16
208950,163,178,87,5
208951,163,178,88,5
208952,163,178,89,15
208953,163,178,90,15
208954,163,178,91,15
208955,163,178,92,15
208956,163,178,93,15
208957,163,178,94,15
208958,163,178,95,15
208959,163,178,96,15
208960,163,178,97,5
208961,163,178,98,5
208962,163,178,99,5
208963,163,178,100,14
208964,163,178,101,14
208965,163,178,102,14
208966,163,178,103,14
208967,163,178,104,14
208968,163,178,105,14
208969,163,178,106,14
208970,163,179,84,16
208971,163,179,85,8
208972,163,179,86,16
208973,163,179,87,14
208974,163,179,88,5
208975,163,179,89,15
208976,163,179,90,5
208977,163,179,91,5
208978,163,179,92,15
208979,163,179,93,15
208980,163,179,94,15
208981,163,179,95,15
208982,163,179,96,15
208983,163,179,97,5
208984,163,179,98,5
208985,163,179,99,15
208986,163,179,100,14
208987,163,179,101,14
208988,163,179,102,14
208989,163,179,103,14
208990,163,179,104,14
208991,163,179,105,14
208992,163,179,106,14
208993,163,180,83,8
208994,163,180,84,16
208995,163,180,85,16
208996,163,180,86,16
208997,163,180,87,14
208998,163,180,88,14
208999,163,180,89,5
209000,163,180,90,16
209001,163,180,91,16
209002,163,180,92,5
209003,163,180,93,15
209004,163,180,94,15
209005,163,180,95,15
209006,163,180,96,15
209007,163,180,97,5
209008,163,180,98,5
209009,163,180,99,5
209010,163,180,100,14
209011,163,180,101,14
209012,163,180,102,14
209013,163,180,103,14
209014,163,180,104,14
209015,163,180,105,14
209016,163,181,85,16
209017,163,181,86,16
209018,163,181,87,16
209019,163,181,88,16
209020,163,181,89,16
209021,163,181,90,16
209022,163,181,91,16
209023,163,181,92,16
209024,163,181,93,15
209025,163,181,94,15
209026,163,181,95,15
209027,163,181,96,15
209028,163,181,97,15
209029,163,181,98,5
209030,163,181,99,5
209031,163,181,100,14
209032,163,181,101,5
209033,163,181,102,5
209034,163,181,103,5
209035,163,181,104,14
209036,163,181,105,14
209037,163,182,87,16
209038,163,182,88,16
209039,163,182,89,16
209040,163,182,90,16
209041,163,182,91,16
209042,163,182,92,16
209043,163,182,93,2
209044,163,182,94,2
209045,163,182,95,2
209046,163,182,96,2
209047,163,182,97,2
209048,163,182,98,16
209049,163,182,99,5
209050,163,182,100,5
209051,163,182,101,5
209052,163,182,102,5
209053,163,182,103,14
209054,163,182,104,14
209055,163,183,92,16
209056,163,183,93,16
209057,163,183,94,16
209058,163,183,95,16
209059,163,183,96,16
209060,163,183,97,2
209061,163,183,98,16
209062,163,183,99,16
209063,163,183,100,16
209064,163,183,101,5
209065,163,183,102,14
209066,163,183,103,14
209067,163,183,104,9
209068,163,184,93,16
209069,163,184,94,16
209070,163,184,95,16
209071,163,184,96,16
209072,163,184,97,16
209073,163,184,98,16
209074,163,184,99,16
209075,163,184,100,5
209076,163,184,101,14
209077,163,184,102,14
209078,163,184,103,9
209079,163,185,96,2
209080,163,185,97,16
209081,163,185,98,16
209082,163,185,99,16
209083,163,185,100,16
209084,163,185,101,14
209085,163,186,101,9
209086,164,147,96,3
209087,164,148,96,3
209088,164,148,97,3
209089,164,149,89,3
209090,164,149,90,3
209091,164,149,91,3
209092,164,149,92,3
209093,164,149,96,3
209094,164,149,97,3
209095,164,150,89,3
209096,164,150,90,3
209097,164,150,91,3
209098,164,150,92,3
209099,164,150,93,3
209100,164,151,89,3
209101,164,151,90,3
209102,164,151,91,3
209103,164,151,92,3
209104,164,151,93,3
209105,164,152,89,3
209106,164,152,90,3
209107,164,152,91,3
209108,164,152,92,3
209109,164,152,93,3
209110,164,153,89,3
209111,164,153,90,3
209112,164,153,91,3
209113,164,153,92,3
209114,164,153,93,3
209115,164,154,89,3
209116,164,154,90,3
209117,164,154,91,3
209118,164,154,92,3
209119,164,155,89,3
209120,164,155,90,3
209121,164,156,95,11
209122,164,156,96,11
209123,164,156,97,11
209124,164,156,98,11
209125,164,156,99,11
209126,164,156,100,11
209127,164,157,95,11
209128,164,157,96,11
209129,164,157,97,16
209130,164,157,98,5
209131,164,157,99,16
209132,164,157,100,11
209133,164,157,101,11
209134,164,157,102,16
209135,164,158,95,11
209136,164,158,96,16
209137,164,158,97,5
209138,164,158,98,5
209139,164,158,99,5
209140,164,158,100,5
209141,164,158,101,5
209142,164,158,102,5
209143,164,158,103,16
209144,164,158,104,2
209145,164,158,105,2
209146,164,159,90,16
209147,164,159,91,16
209148,164,159,92,16
209149,164,159,93,16
209150,164,159,94,16
209151,164,159,95,5
209152,164,159,96,15
209153,164,159,97,5
209154,164,159,98,5
209155,164,159,99,5
209156,164,159,100,5
209157,164,159,101,5
209158,164,159,102,5
209159,164,159,103,5
209160,164,159,104,5
209161,164,159,105,16
209162,164,160,90,16
209163,164,160,91,5
209164,164,160,92,5
209165,164,160,93,5
209166,164,160,94,5
209167,164,160,95,5
209168,164,160,96,15
209169,164,160,97,15
209170,164,160,98,5
209171,164,160,99,5
209172,164,160,100,5
209173,164,160,101,5
209174,164,160,102,5
209175,164,160,103,5
209176,164,160,104,5
209177,164,160,105,5
209178,164,160,106,5
209179,164,160,107,2
209180,164,160,108,2
209181,164,160,109,2
209182,164,160,110,2
209183,164,161,89,16
209184,164,161,90,5
209185,164,161,91,5
209186,164,161,92,5
209187,164,161,93,5
209188,164,161,94,5
209189,164,161,95,15
209190,164,161,96,15
209191,164,161,97,15
209192,164,161,98,7
209193,164,161,99,15
209194,164,161,100,15
209195,164,161,101,15
209196,164,161,102,5
209197,164,161,103,5
209198,164,161,104,5
209199,164,161,105,5
209200,164,161,106,5
209201,164,161,107,5
209202,164,161,108,5
209203,164,161,109,2
209204,164,161,110,2
209205,164,161,111,2
209206,164,162,88,16
209207,164,162,89,16
209208,164,162,90,15
209209,164,162,91,5
209210,164,162,92,5
209211,164,162,93,5
209212,164,162,94,5
209213,164,162,95,15
209214,164,162,96,7
209215,164,162,97,7
209216,164,162,98,7
209217,164,162,99,7
209218,164,162,100,15
209219,164,162,101,15
209220,164,162,102,15
209221,164,162,103,5
209222,164,162,104,5
209223,164,162,105,5
209224,164,162,106,5
209225,164,162,107,5
209226,164,162,108,5
209227,164,162,109,14
209228,164,162,110,14
209229,164,162,111,2
209230,164,162,112,2
209231,164,162,113,2
209232,164,162,114,2
209233,164,163,88,16
209234,164,163,89,5
209235,164,163,90,15
209236,164,163,91,5
209237,164,163,92,5
209238,164,163,93,5
209239,164,163,94,15
209240,164,163,95,15
209241,164,163,96,7
209242,164,163,97,7
209243,164,163,98,7
209244,164,163,99,7
209245,164,163,100,15
209246,164,163,101,15
209247,164,163,102,15
209248,164,163,103,5
209249,164,163,104,15
209250,164,163,105,15
209251,164,163,106,5
209252,164,163,107,14
209253,164,163,108,5
209254,164,163,109,14
209255,164,163,110,14
209256,164,163,111,5
209257,164,163,112,16
209258,164,163,113,2
209259,164,163,114,2
209260,164,163,115,7
209261,164,163,116,7
209262,164,164,87,16
209263,164,164,88,16
209264,164,164,89,15
209265,164,164,90,15
209266,164,164,91,5
209267,164,164,92,15
209268,164,164,93,15
209269,164,164,94,15
209270,164,164,95,15
209271,164,164,96,7
209272,164,164,97,7
209273,164,164,98,7
209274,164,164,99,7
209275,164,164,100,5
209276,164,164,101,15
209277,164,164,102,15
209278,164,164,103,15
209279,164,164,104,15
209280,164,164,105,15
209281,164,164,106,5
209282,164,164,107,14
209283,164,164,108,14
209284,164,164,109,14
209285,164,164,110,14
209286,164,164,111,14
209287,164,164,112,16
209288,164,164,113,16
209289,164,164,114,2
209290,164,164,115,7
209291,164,164,116,9
209292,164,165,87,16
209293,164,165,88,16
209294,164,165,89,15
209295,164,165,90,15
209296,164,165,91,5
209297,164,165,92,15
209298,164,165,93,15
209299,164,165,94,15
209300,164,165,95,15
209301,164,165,96,5
209302,164,165,97,7
209303,164,165,98,7
209304,164,165,99,5
209305,164,165,100,5
209306,164,165,101,5
209307,164,165,102,15
209308,164,165,103,15
209309,164,165,104,15
209310,164,165,105,15
209311,164,165,106,5
209312,164,165,107,14
209313,164,165,108,14
209314,164,165,109,5
209315,164,165,110,14
209316,164,165,111,14
209317,164,165,112,5
209318,164,165,113,5
209319,164,165,114,5
209320,164,165,115,9
209321,164,165,116,9
209322,164,166,86,16
209323,164,166,87,16
209324,164,166,88,16
209325,164,166,89,15
209326,164,166,90,5
209327,164,166,91,5
209328,164,166,92,5
209329,164,166,93,15
209330,164,166,94,15
209331,164,166,95,15
209332,164,166,96,15
209333,164,166,97,5
209334,164,166,98,5
209335,164,166,99,5
209336,164,166,100,5
209337,164,166,101,5
209338,164,166,102,5
209339,164,166,103,15
209340,164,166,104,15
209341,164,166,105,15
209342,164,166,106,15
209343,164,166,107,14
209344,164,166,108,14
209345,164,166,109,2
209346,164,166,110,5
209347,164,166,111,14
209348,164,166,112,5
209349,164,166,113,14
209350,164,166,114,9
209351,164,166,115,9
209352,164,167,86,16
209353,164,167,87,16
209354,164,167,88,5
209355,164,167,89,5
209356,164,167,90,5
209357,164,167,91,5
209358,164,167,92,5
209359,164,167,93,15
209360,164,167,94,15
209361,164,167,95,15
209362,164,167,96,15
209363,164,167,97,5
209364,164,167,98,14
209365,164,167,99,5
209366,164,167,100,5
209367,164,167,101,14
209368,164,167,102,14
209369,164,167,103,5
209370,164,167,104,15
209371,164,167,105,15
209372,164,167,106,15
209373,164,167,107,5
209374,164,167,108,14
209375,164,167,109,2
209376,164,167,110,14
209377,164,167,111,14
209378,164,167,112,14
209379,164,167,113,9
209380,164,167,114,9
209381,164,168,85,16
209382,164,168,86,16
209383,164,168,87,5
209384,164,168,88,5
209385,164,168,89,5
209386,164,168,90,5
209387,164,168,91,5
209388,164,168,92,15
209389,164,168,93,15
209390,164,168,94,15
209391,164,168,95,15
209392,164,168,96,15
209393,164,168,97,15
209394,164,168,98,14
209395,164,168,99,5
209396,164,168,100,5
209397,164,168,101,14
209398,164,168,102,14
209399,164,168,103,14
209400,164,168,104,15
209401,164,168,105,15
209402,164,168,106,15
209403,164,168,107,5
209404,164,168,108,5
209405,164,168,109,5
209406,164,168,110,14
209407,164,168,111,14
209408,164,168,112,9
209409,164,168,113,9
209410,164,168,114,9
209411,164,169,84,16
209412,164,169,85,16
209413,164,169,86,16
209414,164,169,87,5
209415,164,169,88,5
209416,164,169,89,5
209417,164,169,90,5
209418,164,169,91,15
209419,164,169,92,15
209420,164,169,93,15
209421,164,169,94,15
209422,164,169,95,15
209423,164,169,96,15
209424,164,169,97,15
209425,164,169,98,14
209426,164,169,99,5
209427,164,169,100,5
209428,164,169,101,14
209429,164,169,102,14
209430,164,169,103,14
209431,164,169,104,5
209432,164,169,105,15
209433,164,169,106,15
209434,164,169,107,15
209435,164,169,108,5
209436,164,169,109,5
209437,164,169,110,14
209438,164,169,111,14
209439,164,169,112,9
209440,164,169,113,9
209441,164,169,114,9
209442,164,170,84,16
209443,164,170,85,16
209444,164,170,86,5
209445,164,170,87,5
209446,164,170,88,5
209447,164,170,89,5
209448,164,170,90,5
209449,164,170,91,5
209450,164,170,92,15
209451,164,170,93,15
209452,164,170,94,15
209453,164,170,95,15
209454,164,170,96,15
209455,164,170,97,15
209456,164,170,98,5
209457,164,170,99,5
209458,164,170,100,5
209459,164,170,101,5
209460,164,170,102,14
209461,164,170,103,14
209462,164,170,104,14
209463,164,170,105,5
209464,164,170,106,15
209465,164,170,107,15
209466,164,170,108,5
209467,164,170,109,5
209468,164,170,110,15
209469,164,170,111,14
209470,164,170,113,9
209471,164,171,83,16
209472,164,171,84,16
209473,164,171,85,5
209474,164,171,86,5
209475,164,171,87,15
209476,164,171,88,15
209477,164,171,89,15
209478,164,171,90,5
209479,164,171,91,5
209480,164,171,92,5
209481,164,171,93,15
209482,164,171,94,15
209483,164,171,95,15
209484,164,171,96,15
209485,164,171,97,15
209486,164,171,98,15
209487,164,171,99,5
209488,164,171,100,15
209489,164,171,101,15
209490,164,171,102,14
209491,164,171,103,14
209492,164,171,104,14
209493,164,171,105,5
209494,164,171,106,15
209495,164,171,107,15
209496,164,171,108,5
209497,164,171,109,5
209498,164,172,83,16
209499,164,172,84,16
209500,164,172,85,5
209501,164,172,86,5
209502,164,172,87,15
209503,164,172,88,15
209504,164,172,89,5
209505,164,172,90,5
209506,164,172,91,5
209507,164,172,92,5
209508,164,172,93,15
209509,164,172,94,15
209510,164,172,95,15
209511,164,172,96,15
209512,164,172,97,15
209513,164,172,98,5
209514,164,172,99,15
209515,164,172,100,15
209516,164,172,101,15
209517,164,172,102,7
209518,164,172,103,7
209519,164,172,104,7
209520,164,172,105,7
209521,164,172,106,14
209522,164,172,107,14
209523,164,172,108,5
209524,164,172,109,14
209525,164,173,83,16
209526,164,173,84,16
209527,164,173,85,16
209528,164,173,86,5
209529,164,173,87,5
209530,164,173,88,5
209531,164,173,89,5
209532,164,173,90,14
209533,164,173,91,14
209534,164,173,92,14
209535,164,173,93,5
209536,164,173,94,5
209537,164,173,95,15
209538,164,173,96,15
209539,164,173,97,15
209540,164,173,98,5
209541,164,173,99,14
209542,164,173,100,15
209543,164,173,101,15
209544,164,173,102,7
209545,164,173,103,7
209546,164,173,104,7
209547,164,173,105,14
209548,164,173,106,14
209549,164,173,107,14
209550,164,173,108,5
209551,164,174,83,11
209552,164,174,84,16
209553,164,174,85,16
209554,164,174,86,5
209555,164,174,87,5
209556,164,174,88,5
209557,164,174,89,5
209558,164,174,90,5
209559,164,174,91,5
209560,164,174,92,5
209561,164,174,93,5
209562,164,174,94,5
209563,164,174,95,5
209564,164,174,96,15
209565,164,174,97,14
209566,164,174,98,14
209567,164,174,99,14
209568,164,174,100,14
209569,164,174,101,14
209570,164,174,102,7
209571,164,174,103,14
209572,164,174,104,14
209573,164,174,105,14
209574,164,174,106,14
209575,164,174,107,14
209576,164,175,83,11
209577,164,175,84,16
209578,164,175,85,16
209579,164,175,86,16
209580,164,175,87,5
209581,164,175,88,5
209582,164,175,89,5
209583,164,175,90,15
209584,164,175,91,5
209585,164,175,92,5
209586,164,175,93,5
209587,164,175,94,5
209588,164,175,95,5
209589,164,175,96,5
209590,164,175,97,14
209591,164,175,98,14
209592,164,175,99,14
209593,164,175,100,14
209594,164,175,101,14
209595,164,175,102,14
209596,164,175,103,14
209597,164,175,104,14
209598,164,175,105,14
209599,164,175,106,14
209600,164,175,107,14
209601,164,176,84,16
209602,164,176,85,16
209603,164,176,86,16
209604,164,176,87,5
209605,164,176,88,5
209606,164,176,89,15
209607,164,176,90,15
209608,164,176,91,5
209609,164,176,92,5
209610,164,176,93,5
209611,164,176,94,5
209612,164,176,95,5
209613,164,176,96,5
209614,164,176,97,14
209615,164,176,98,14
209616,164,176,99,14
209617,164,176,100,14
209618,164,176,101,14
209619,164,176,102,14
209620,164,176,103,14
209621,164,176,104,14
209622,164,176,105,14
209623,164,176,106,14
209624,164,177,85,16
209625,164,177,86,16
209626,164,177,87,16
209627,164,177,88,5
209628,164,177,89,5
209629,164,177,90,15
209630,164,177,91,15
209631,164,177,92,15
209632,164,177,93,15
209633,164,177,94,15
209634,164,177,95,5
209635,164,177,96,5
209636,164,177,97,14
209637,164,177,98,14
209638,164,177,99,14
209639,164,177,100,14
209640,164,177,101,14
209641,164,177,102,14
209642,164,177,103,14
209643,164,177,104,14
209644,164,177,105,14
209645,164,177,106,14
209646,164,178,85,8
209647,164,178,86,16
209648,164,178,87,16
209649,164,178,88,5
209650,164,178,89,15
209651,164,178,90,15
209652,164,178,91,15
209653,164,178,92,15
209654,164,178,93,15
209655,164,178,94,15
209656,164,178,95,15
209657,164,178,96,5
209658,164,178,97,5
209659,164,178,98,14
209660,164,178,99,14
209661,164,178,100,14
209662,164,178,101,14
209663,164,178,102,14
209664,164,178,103,14
209665,164,178,104,14
209666,164,178,105,14
209667,164,178,106,14
209668,164,179,84,16
209669,164,179,85,8
209670,164,179,86,16
209671,164,179,87,16
209672,164,179,88,5
209673,164,179,89,15
209674,164,179,90,5
209675,164,179,91,5
209676,164,179,92,15
209677,164,179,93,15
209678,164,179,94,15
209679,164,179,95,15
209680,164,179,96,15
209681,164,179,97,5
209682,164,179,98,5
209683,164,179,99,14
209684,164,179,100,14
209685,164,179,101,14
209686,164,179,102,14
209687,164,179,103,14
209688,164,179,104,14
209689,164,179,105,14
209690,164,180,84,16
209691,164,180,85,8
209692,164,180,86,16
209693,164,180,87,16
209694,164,180,88,5
209695,164,180,89,5
209696,164,180,90,5
209697,164,180,91,16
209698,164,180,92,16
209699,164,180,93,15
209700,164,180,94,15
209701,164,180,95,15
209702,164,180,96,15
209703,164,180,97,15
209704,164,180,98,5
209705,164,180,99,14
209706,164,180,100,14
209707,164,180,101,14
209708,164,180,102,14
209709,164,180,103,14
209710,164,180,104,14
209711,164,180,105,14
209712,164,181,85,16
209713,164,181,86,16
209714,164,181,87,16
209715,164,181,88,16
209716,164,181,89,16
209717,164,181,90,16
209718,164,181,91,16
209719,164,181,92,16
209720,164,181,93,15
209721,164,181,94,15
209722,164,181,95,15
209723,164,181,96,15
209724,164,181,97,15
209725,164,181,98,15
209726,164,181,99,5
209727,164,181,100,14
209728,164,181,101,12
209729,164,181,102,14
209730,164,181,103,14
209731,164,181,104,14
209732,164,181,105,9
209733,164,182,87,16
209734,164,182,88,16
209735,164,182,89,16
209736,164,182,90,16
209737,164,182,91,16
209738,164,182,92,16
209739,164,182,93,16
209740,164,182,94,2
209741,164,182,95,2
209742,164,182,96,2
209743,164,182,97,2
209744,164,182,98,2
209745,164,182,99,5
209746,164,182,100,5
209747,164,182,101,5
209748,164,182,102,14
209749,164,182,103,14
209750,164,183,91,16
209751,164,183,92,16
209752,164,183,93,16
209753,164,183,94,16
209754,164,183,95,16
209755,164,183,96,16
209756,164,183,97,2
209757,164,183,98,2
209758,164,183,99,14
209759,164,183,100,14
209760,164,183,101,14
209761,164,183,102,14
209762,164,183,103,9
209763,164,184,94,16
209764,164,184,95,16
209765,164,184,96,16
209766,164,184,97,2
209767,164,184,98,16
209768,164,184,99,14
209769,164,184,100,14
209770,164,184,101,14
209771,164,185,95,16
209772,164,185,96,16
209773,164,185,97,16
209774,164,185,98,16
209775,164,186,97,14
209776,164,186,98,14
209777,164,187,97,14
209778,165,149,89,3
209779,165,149,90,3
209780,165,150,89,3
209781,165,150,90,3
209782,165,151,89,3
209783,165,151,90,3
209784,165,152,89,3
209785,165,152,90,3
209786,165,153,89,3
209787,165,153,90,3
209788,165,154,89,3
209789,165,154,90,3
209790,165,155,95,11
209791,165,156,95,11
209792,165,156,96,11
209793,165,156,97,11
209794,165,157,95,11
209795,165,157,96,11
209796,165,157,97,11
209797,165,157,98,11
209798,165,157,99,11
209799,165,157,100,11
209800,165,158,95,3
209801,165,158,96,3
209802,165,158,97,5
209803,165,158,98,5
209804,165,158,99,5
209805,165,158,100,16
209806,165,158,101,16
209807,165,158,102,16
209808,165,158,103,16
209809,165,158,104,2
209810,165,158,105,2
209811,165,159,91,16
209812,165,159,94,16
209813,165,159,95,5
209814,165,159,96,5
209815,165,159,97,5
209816,165,159,98,5
209817,165,159,99,5
209818,165,159,100,5
209819,165,159,101,5
209820,165,159,102,5
209821,165,159,103,5
209822,165,159,104,16
209823,165,159,105,16
209824,165,159,106,2
209825,165,160,90,16
209826,165,160,91,5
209827,165,160,92,16
209828,165,160,93,5
209829,165,160,94,5
209830,165,160,95,5
209831,165,160,96,15
209832,165,160,97,5
209833,165,160,98,5
209834,165,160,99,5
209835,165,160,100,5
209836,165,160,101,5
209837,165,160,102,5
209838,165,160,103,5
209839,165,160,104,5
209840,165,160,105,5
209841,165,160,106,5
209842,165,160,107,2
209843,165,160,108,2
209844,165,160,109,7
209845,165,161,89,16
209846,165,161,90,5
209847,165,161,91,5
209848,165,161,92,5
209849,165,161,93,5
209850,165,161,94,5
209851,165,161,95,15
209852,165,161,96,15
209853,165,161,97,7
209854,165,161,98,7
209855,165,161,99,5
209856,165,161,100,15
209857,165,161,101,15
209858,165,161,102,5
209859,165,161,103,5
209860,165,161,104,5
209861,165,161,105,5
209862,165,161,106,5
209863,165,161,107,5
209864,165,161,108,2
209865,165,161,109,7
209866,165,161,110,7
209867,165,161,111,2
209868,165,162,88,16
209869,165,162,89,16
209870,165,162,90,5
209871,165,162,91,5
209872,165,162,92,5
209873,165,162,93,5
209874,165,162,94,5
209875,165,162,95,7
209876,165,162,96,7
209877,165,162,97,7
209878,165,162,98,7
209879,165,162,99,7
209880,165,162,100,15
209881,165,162,101,15
209882,165,162,102,15
209883,165,162,103,5
209884,165,162,104,5
209885,165,162,105,5
209886,165,162,106,5
209887,165,162,107,5
209888,165,162,108,5
209889,165,162,109,5
209890,165,162,110,14
209891,165,162,111,15
209892,165,162,112,2
209893,165,162,113,2
209894,165,162,114,2
209895,165,163,88,16
209896,165,163,89,16
209897,165,163,90,5
209898,165,163,91,5
209899,165,163,92,15
209900,165,163,93,5
209901,165,163,94,15
209902,165,163,95,7
209903,165,163,96,7
209904,165,163,97,7
209905,165,163,98,7
209906,165,163,99,7
209907,165,163,100,15
209908,165,163,101,15
209909,165,163,102,15
209910,165,163,103,5
209911,165,163,104,5
209912,165,163,105,15
209913,165,163,106,5
209914,165,163,107,14
209915,165,163,108,5
209916,165,163,109,14
209917,165,163,110,14
209918,165,163,111,5
209919,165,163,112,5
209920,165,163,113,5
209921,165,163,114,15
209922,165,163,115,9
209923,165,164,87,16
209924,165,164,88,16
209925,165,164,89,5
209926,165,164,90,5
209927,165,164,91,5
209928,165,164,92,15
209929,165,164,93,5
209930,165,164,94,15
209931,165,164,95,15
209932,165,164,96,7
209933,165,164,97,7
209934,165,164,98,7
209935,165,164,99,7
209936,165,164,100,5
209937,165,164,101,15
209938,165,164,102,15
209939,165,164,103,15
209940,165,164,104,15
209941,165,164,105,15
209942,165,164,106,5
209943,165,164,107,14
209944,165,164,108,14
209945,165,164,109,14
209946,165,164,110,14
209947,165,164,111,14
209948,165,164,112,5
209949,165,164,113,5
209950,165,164,114,9
209951,165,164,115,9
209952,165,165,86,16
209953,165,165,87,16
209954,165,165,88,16
209955,165,165,89,15
209956,165,165,90,15
209957,165,165,91,5
209958,165,165,92,5
209959,165,165,93,5
209960,165,165,94,15
209961,165,165,95,15
209962,165,165,96,15
209963,165,165,97,7
209964,165,165,98,7
209965,165,165,99,5
209966,165,165,100,5
209967,165,165,101,14
209968,165,165,102,5
209969,165,165,103,15
209970,165,165,104,15
209971,165,165,105,15
209972,165,165,106,5
209973,165,165,107,14
209974,165,165,108,14
209975,165,165,109,14
209976,165,165,110,14
209977,165,165,111,14
209978,165,165,112,5
209979,165,165,113,14
209980,165,165,114,9
209981,165,166,86,16
209982,165,166,87,16
209983,165,166,88,16
209984,165,166,89,15
209985,165,166,90,15
209986,165,166,91,15
209987,165,166,92,5
209988,165,166,93,5
209989,165,166,94,15
209990,165,166,95,15
209991,165,166,96,15
209992,165,166,97,5
209993,165,166,98,5
209994,165,166,99,5
209995,165,166,100,15
209996,165,166,101,14
209997,165,166,102,5
209998,165,166,103,15
209999,165,166,104,15
210000,165,166,105,15
210001,165,166,106,5
210002,165,166,107,14
210003,165,166,108,14
210004,165,166,109,15
210005,165,166,110,14
210006,165,166,111,14
210007,165,166,112,14
210008,165,166,113,9
210009,165,166,114,9
210010,165,167,86,11
210011,165,167,87,16
210012,165,167,88,16
210013,165,167,89,5
210014,165,167,90,5
210015,165,167,91,5
210016,165,167,92,5
210017,165,167,93,5
210018,165,167,94,15
210019,165,167,95,15
210020,165,167,96,15
210021,165,167,97,5
210022,165,167,98,14
210023,165,167,99,5
210024,165,167,100,5
210025,165,167,101,14
210026,165,167,102,14
210027,165,167,103,15
210028,165,167,104,15
210029,165,167,105,15
210030,165,167,106,5
210031,165,167,107,14
210032,165,167,108,14
210033,165,167,109,5
210034,165,167,110,14
210035,165,167,111,14
210036,165,167,112,9
210037,165,167,113,9
210038,165,167,114,9
210039,165,168,86,16
210040,165,168,87,16
210041,165,168,88,5
210042,165,168,89,5
210043,165,168,90,5
210044,165,168,91,5
210045,165,168,92,5
210046,165,168,93,15
210047,165,168,94,15
210048,165,168,95,15
210049,165,168,96,15
210050,165,168,97,5
210051,165,168,98,14
210052,165,168,99,14
210053,165,168,100,5
210054,165,168,101,14
210055,165,168,102,14
210056,165,168,103,14
210057,165,168,104,15
210058,165,168,105,15
210059,165,168,106,15
210060,165,168,107,14
210061,165,168,108,14
210062,165,168,109,14
210063,165,168,110,14
210064,165,168,111,14
210065,165,168,112,9
210066,165,168,113,9
210067,165,168,114,9
210068,165,169,86,16
210069,165,169,87,5
210070,165,169,88,5
210071,165,169,89,5
210072,165,169,90,5
210073,165,169,91,5
210074,165,169,92,15
210075,165,169,93,15
210076,165,169,94,15
210077,165,169,95,15
210078,165,169,96,15
210079,165,169,97,15
210080,165,169,98,14
210081,165,169,99,14
210082,165,169,100,5
210083,165,169,101,14
210084,165,169,102,14
210085,165,169,103,14
210086,165,169,104,15
210087,165,169,105,15
210088,165,169,106,15
210089,165,169,107,15
210090,165,169,108,14
210091,165,169,109,5
210092,165,169,110,5
210093,165,169,111,9
210094,165,169,113,9
210095,165,170,85,16
210096,165,170,86,5
210097,165,170,87,5
210098,165,170,88,5
210099,165,170,89,5
210100,165,170,90,5
210101,165,170,91,5
210102,165,170,92,15
210103,165,170,93,15
210104,165,170,94,15
210105,165,170,95,15
210106,165,170,96,15
210107,165,170,97,15
210108,165,170,98,5
210109,165,170,99,14
210110,165,170,100,5
210111,165,170,101,2
210112,165,170,102,5
210113,165,170,103,14
210114,165,170,104,14
210115,165,170,105,5
210116,165,170,106,15
210117,165,170,107,15
210118,165,170,108,14
210119,165,170,109,5
210120,165,170,110,14
210121,165,171,84,16
210122,165,171,85,16
210123,165,171,86,5
210124,165,171,87,5
210125,165,171,88,5
210126,165,171,89,15
210127,165,171,90,5
210128,165,171,91,5
210129,165,171,92,5
210130,165,171,93,15
210131,165,171,94,15
210132,165,171,95,15
210133,165,171,96,5
210134,165,171,97,15
210135,165,171,98,15
210136,165,171,99,5
210137,165,171,100,15
210138,165,171,101,15
210139,165,171,102,7
210140,165,171,103,14
210141,165,171,104,14
210142,165,171,105,14
210143,165,171,106,5
210144,165,171,107,5
210145,165,171,108,14
210146,165,171,109,14
210147,165,172,83,16
210148,165,172,84,16
210149,165,172,85,8
210150,165,172,86,5
210151,165,172,87,15
210152,165,172,88,15
210153,165,172,89,5
210154,165,172,90,5
210155,165,172,91,5
210156,165,172,92,5
210157,165,172,93,5
210158,165,172,94,5
210159,165,172,95,5
210160,165,172,96,15
210161,165,172,97,15
210162,165,172,98,15
210163,165,172,99,15
210164,165,172,100,15
210165,165,172,101,15
210166,165,172,102,7
210167,165,172,103,7
210168,165,172,104,7
210169,165,172,105,14
210170,165,172,106,14
210171,165,172,107,14
210172,165,172,108,14
210173,165,173,83,16
210174,165,173,84,16
210175,165,173,85,8
210176,165,173,86,5
210177,165,173,87,5
210178,165,173,88,5
210179,165,173,89,5
210180,165,173,90,5
210181,165,173,91,14
210182,165,173,92,14
210183,165,173,93,14
210184,165,173,94,14
210185,165,173,95,14
210186,165,173,96,15
210187,165,173,97,15
210188,165,173,98,14
210189,165,173,99,14
210190,165,173,100,15
210191,165,173,101,15
210192,165,173,102,15
210193,165,173,103,7
210194,165,173,104,7
210195,165,173,105,5
210196,165,173,106,14
210197,165,173,107,14
210198,165,174,83,16
210199,165,174,84,16
210200,165,174,85,16
210201,165,174,86,5
210202,165,174,87,5
210203,165,174,88,5
210204,165,174,89,5
210205,165,174,90,5
210206,165,174,91,5
210207,165,174,92,5
210208,165,174,93,5
210209,165,174,94,14
210210,165,174,95,14
210211,165,174,96,14
210212,165,174,97,14
210213,165,174,98,14
210214,165,174,99,14
210215,165,174,100,14
210216,165,174,101,2
210217,165,174,102,15
210218,165,174,103,7
210219,165,174,104,14
210220,165,174,105,14
210221,165,174,106,14
210222,165,174,107,14
210223,165,175,83,16
210224,165,175,84,16
210225,165,175,85,16
210226,165,175,86,16
210227,165,175,87,5
210228,165,175,88,5
210229,165,175,89,5
210230,165,175,90,5
210231,165,175,91,5
210232,165,175,92,5
210233,165,175,93,5
210234,165,175,94,5
210235,165,175,95,14
210236,165,175,96,14
210237,165,175,97,14
210238,165,175,98,14
210239,165,175,99,14
210240,165,175,100,14
210241,165,175,101,14
210242,165,175,102,15
210243,165,175,103,5
210244,165,175,104,14
210245,165,175,105,14
210246,165,175,106,14
210247,165,176,83,16
210248,165,176,84,16
210249,165,176,85,16
210250,165,176,86,16
210251,165,176,87,16
210252,165,176,88,5
210253,165,176,89,5
210254,165,176,90,5
210255,165,176,91,5
210256,165,176,92,5
210257,165,176,93,5
210258,165,176,94,5
210259,165,176,95,5
210260,165,176,96,14
210261,165,176,97,14
210262,165,176,98,14
210263,165,176,99,14
210264,165,176,100,14
210265,165,176,101,14
210266,165,176,102,14
210267,165,176,103,2
210268,165,176,104,14
210269,165,176,105,14
210270,165,176,106,14
210271,165,177,86,16
210272,165,177,87,16
210273,165,177,88,5
210274,165,177,89,5
210275,165,177,90,15
210276,165,177,91,5
210277,165,177,92,5
210278,165,177,93,5
210279,165,177,94,5
210280,165,177,95,5
210281,165,177,96,5
210282,165,177,97,14
210283,165,177,98,14
210284,165,177,99,14
210285,165,177,100,14
210286,165,177,101,14
210287,165,177,102,14
210288,165,177,103,2
210289,165,177,104,14
210290,165,177,105,14
210291,165,178,86,16
210292,165,178,87,16
210293,165,178,88,16
210294,165,178,89,5
210295,165,178,90,15
210296,165,178,91,5
210297,165,178,92,5
210298,165,178,93,15
210299,165,178,94,15
210300,165,178,95,5
210301,165,178,96,5
210302,165,178,97,5
210303,165,178,98,14
210304,165,178,99,14
210305,165,178,100,14
210306,165,178,101,14
210307,165,178,102,14
210308,165,178,103,14
210309,165,178,104,14
210310,165,179,86,16
210311,165,179,87,16
210312,165,179,88,16
210313,165,179,89,5
210314,165,179,90,5
210315,165,179,91,5
210316,165,179,92,15
210317,165,179,93,15
210318,165,179,94,15
210319,165,179,95,15
210320,165,179,96,5
210321,165,179,97,5
210322,165,179,98,5
210323,165,179,99,14
210324,165,179,100,14
210325,165,179,101,14
210326,165,179,102,14
210327,165,179,103,14
210328,165,179,104,14
210329,165,180,86,16
210330,165,180,87,16
210331,165,180,88,16
210332,165,180,89,16
210333,165,180,90,5
210334,165,180,91,5
210335,165,180,92,15
210336,165,180,93,15
210337,165,180,94,15
210338,165,180,95,15
210339,165,180,96,15
210340,165,180,97,15
210341,165,180,98,5
210342,165,180,99,14
210343,165,180,100,5
210344,165,180,101,14
210345,165,180,102,14
210346,165,180,103,14
210347,165,181,87,16
210348,165,181,88,16
210349,165,181,89,16
210350,165,181,90,16
210351,165,181,91,16
210352,165,181,92,16
210353,165,181,93,15
210354,165,181,94,15
210355,165,181,95,15
210356,165,181,96,15
210357,165,181,97,5
210358,165,181,98,5
210359,165,181,99,5
210360,165,181,100,5
210361,165,181,101,14
210362,165,181,102,14
210363,165,182,87,16
210364,165,182,88,16
210365,165,182,89,16
210366,165,182,90,16
210367,165,182,91,16
210368,165,182,92,16
210369,165,182,93,16
210370,165,182,94,15
210371,165,182,95,15
210372,165,182,96,15
210373,165,182,97,5
210374,165,182,98,5
210375,165,182,99,14
210376,165,182,100,14
210377,165,182,101,14
210378,165,182,102,14
210379,165,183,88,16
210380,165,183,89,16
210381,165,183,90,16
210382,165,183,91,16
210383,165,183,92,16
210384,165,183,93,16
210385,165,183,94,16
210386,165,183,95,16
210387,165,183,96,16
210388,165,183,97,2
210389,165,183,98,5
210390,165,183,99,14
210391,165,183,100,14
210392,165,183,101,14
210393,165,184,93,16
210394,165,184,94,16
210395,165,184,95,16
210396,165,184,96,14
210397,165,184,97,14
210398,165,184,98,14
210399,165,184,100,14
210400,165,185,95,16
210401,165,185,96,14
210402,165,185,97,14
210403,165,185,98,14
210404,165,186,95,16
210405,165,186,96,14
210406,165,186,97,14
210407,166,149,89,3
210408,166,149,90,3
210409,166,150,89,3
210410,166,150,90,3
210411,166,151,89,3
210412,166,151,90,3
210413,166,152,90,3
210414,166,153,90,3
210415,166,154,90,3
210416,166,155,95,11
210417,166,156,95,11
210418,166,156,96,11
210419,166,156,97,11
210420,166,157,95,3
210421,166,157,96,11
210422,166,157,97,11
210423,166,158,95,3
210424,166,158,96,3
210425,166,158,97,5
210426,166,158,98,11
210427,166,158,99,11
210428,166,158,100,11
210429,166,158,101,11
210430,166,158,105,2
210431,166,159,94,16
210432,166,159,95,5
210433,166,159,96,5
210434,166,159,97,5
210435,166,159,98,5
210436,166,159,99,5
210437,166,159,100,5
210438,166,159,101,5
210439,166,159,102,16
210440,166,159,103,16
210441,166,159,104,16
210442,166,159,105,2
210443,166,159,106,2
210444,166,160,90,16
210445,166,160,91,16
210446,166,160,92,16
210447,166,160,93,5
210448,166,160,94,5
210449,166,160,95,5
210450,166,160,96,15
210451,166,160,97,15
210452,166,160,98,15
210453,166,160,99,15
210454,166,160,100,5
210455,166,160,101,5
210456,166,160,102,5
210457,166,160,103,5
210458,166,160,104,16
210459,166,160,105,5
210460,166,160,106,2
210461,166,160,107,2
210462,166,160,108,7
210463,166,160,109,7
210464,166,161,89,16
210465,166,161,90,5
210466,166,161,91,5
210467,166,161,92,5
210468,166,161,93,5
210469,166,161,94,5
210470,166,161,95,15
210471,166,161,96,15
210472,166,161,97,7
210473,166,161,98,7
210474,166,161,99,15
210475,166,161,100,5
210476,166,161,101,5
210477,166,161,102,5
210478,166,161,103,5
210479,166,161,104,5
210480,166,161,105,5
210481,166,161,106,15
210482,166,161,107,15
210483,166,161,108,7
210484,166,161,109,7
210485,166,161,110,7
210486,166,162,88,16
210487,166,162,89,16
210488,166,162,90,5
210489,166,162,91,5
210490,166,162,92,15
210491,166,162,93,15
210492,166,162,94,5
210493,166,162,95,7
210494,166,162,96,7
210495,166,162,97,7
210496,166,162,98,7
210497,166,162,99,7
210498,166,162,100,14
210499,166,162,101,5
210500,166,162,102,15
210501,166,162,103,5
210502,166,162,104,5
210503,166,162,105,15
210504,166,162,106,5
210505,166,162,107,15
210506,166,162,108,7
210507,166,162,109,7
210508,166,162,110,7
210509,166,162,111,7
210510,166,162,112,7
210511,166,162,113,7
210512,166,162,114,7
210513,166,163,88,16
210514,166,163,89,16
210515,166,163,90,5
210516,166,163,91,5
210517,166,163,92,15
210518,166,163,93,15
210519,166,163,94,15
210520,166,163,95,7
210521,166,163,96,7
210522,166,163,97,7
210523,166,163,98,7
210524,166,163,99,7
210525,166,163,100,14
210526,166,163,101,5
210527,166,163,102,15
210528,166,163,103,5
210529,166,163,104,5
210530,166,163,105,15
210531,166,163,106,5
210532,166,163,107,5
210533,166,163,108,7
210534,166,163,109,7
210535,166,163,110,7
210536,166,163,111,7
210537,166,163,112,7
210538,166,163,113,7
210539,166,163,114,9
210540,166,164,88,16
210541,166,164,89,5
210542,166,164,90,15
210543,166,164,91,15
210544,166,164,92,15
210545,166,164,93,15
210546,166,164,94,15
210547,166,164,95,15
210548,166,164,96,7
210549,166,164,97,7
210550,166,164,98,7
210551,166,164,99,7
210552,166,164,100,14
210553,166,164,101,14
210554,166,164,102,15
210555,166,164,103,15
210556,166,164,104,5
210557,166,164,105,5
210558,166,164,106,14
210559,166,164,107,5
210560,166,164,108,14
210561,166,164,109,14
210562,166,164,110,7
210563,166,164,111,7
210564,166,164,112,7
210565,166,164,113,9
210566,166,164,114,9
210567,166,165,86,16
210568,166,165,87,16
210569,166,165,88,16
210570,166,165,89,15
210571,166,165,90,15
210572,166,165,91,15
210573,166,165,92,5
210574,166,165,93,15
210575,166,165,94,15
210576,166,165,95,15
210577,166,165,96,15
210578,166,165,97,5
210579,166,165,98,7
210580,166,165,99,5
210581,166,165,100,5
210582,166,165,101,14
210583,166,165,102,15
210584,166,165,103,15
210585,166,165,104,15
210586,166,165,105,5
210587,166,165,106,14
210588,166,165,107,14
210589,166,165,108,14
210590,166,165,109,14
210591,166,165,110,14
210592,166,165,111,7
210593,166,165,112,9
210594,166,165,113,9
210595,166,165,114,9
210596,166,166,87,16
210597,166,166,88,16
210598,166,166,89,5
210599,166,166,90,15
210600,166,166,91,15
210601,166,166,92,15
210602,166,166,93,15
210603,166,166,94,15
210604,166,166,95,15
210605,166,166,96,15
210606,166,166,97,15
210607,166,166,98,5
210608,166,166,99,5
210609,166,166,100,5
210610,166,166,101,14
210611,166,166,102,5
210612,166,166,103,15
210613,166,166,104,15
210614,166,166,105,5
210615,166,166,106,14
210616,166,166,107,14
210617,166,166,108,14
210618,166,166,109,14
210619,166,166,110,14
210620,166,166,111,14
210621,166,166,112,9
210622,166,166,113,9
210623,166,166,114,9
210624,166,167,87,16
210625,166,167,88,5
210626,166,167,89,5
210627,166,167,90,5
210628,166,167,91,5
210629,166,167,92,5
210630,166,167,93,15
210631,166,167,94,15
210632,166,167,95,15
210633,166,167,96,15
210634,166,167,97,15
210635,166,167,98,5
210636,166,167,99,5
210637,166,167,100,15
210638,166,167,101,5
210639,166,167,102,5
210640,166,167,103,5
210641,166,167,104,5
210642,166,167,105,5
210643,166,167,106,14
210644,166,167,107,14
210645,166,167,108,14
210646,166,167,109,14
210647,166,167,110,14
210648,166,167,111,14
210649,166,167,112,9
210650,166,167,113,9
210651,166,167,114,9
210652,166,168,87,16
210653,166,168,88,5
210654,166,168,89,5
210655,166,168,90,5
210656,166,168,91,5
210657,166,168,92,5
210658,166,168,93,15
210659,166,168,94,15
210660,166,168,95,15
210661,166,168,96,15
210662,166,168,97,15
210663,166,168,98,5
210664,166,168,99,5
210665,166,168,100,5
210666,166,168,101,5
210667,166,168,102,5
210668,166,168,103,5
210669,166,168,104,14
210670,166,168,105,14
210671,166,168,106,2
210672,166,168,107,2
210673,166,168,108,14
210674,166,168,109,14
210675,166,168,110,14
210676,166,168,111,9
210677,166,169,86,16
210678,166,169,87,5
210679,166,169,88,5
210680,166,169,89,5
210681,166,169,90,5
210682,166,169,91,5
210683,166,169,92,15
210684,166,169,93,15
210685,166,169,94,15
210686,166,169,95,15
210687,166,169,96,15
210688,166,169,97,15
210689,166,169,98,5
210690,166,169,99,14
210691,166,169,100,5
210692,166,169,101,5
210693,166,169,102,5
210694,166,169,103,5
210695,166,169,104,5
210696,166,169,105,14
210697,166,169,106,14
210698,166,169,107,14
210699,166,169,108,5
210700,166,169,109,5
210701,166,169,110,14
210702,166,170,86,16
210703,166,170,87,5
210704,166,170,88,5
210705,166,170,89,15
210706,166,170,90,5
210707,166,170,91,5
210708,166,170,92,15
210709,166,170,93,15
210710,166,170,94,15
210711,166,170,95,15
210712,166,170,96,15
210713,166,170,97,15
210714,166,170,98,15
210715,166,170,99,14
210716,166,170,100,16
210717,166,170,101,2
210718,166,170,102,14
210719,166,170,103,14
210720,166,170,104,14
210721,166,170,105,14
210722,166,170,106,14
210723,166,170,107,5
210724,166,170,108,5
210725,166,170,109,14
210726,166,171,85,16
210727,166,171,86,5
210728,166,171,87,5
210729,166,171,88,15
210730,166,171,89,15
210731,166,171,90,5
210732,166,171,91,5
210733,166,171,92,5
210734,166,171,93,15
210735,166,171,94,15
210736,166,171,95,15
210737,166,171,96,15
210738,166,171,97,15
210739,166,171,98,15
210740,166,171,99,14
210741,166,171,100,5
210742,166,171,101,15
210743,166,171,102,14
210744,166,171,103,14
210745,166,171,104,14
210746,166,171,105,14
210747,166,171,106,14
210748,166,171,107,5
210749,166,171,108,14
210750,166,171,109,14
210751,166,172,84,16
210752,166,172,85,16
210753,166,172,86,5
210754,166,172,87,5
210755,166,172,88,15
210756,166,172,89,5
210757,166,172,90,5
210758,166,172,91,5
210759,166,172,92,5
210760,166,172,93,5
210761,166,172,94,5
210762,166,172,95,5
210763,166,172,96,15
210764,166,172,97,15
210765,166,172,98,14
210766,166,172,99,14
210767,166,172,100,15
210768,166,172,101,15
210769,166,172,102,15
210770,166,172,103,5
210771,166,172,104,14
210772,166,172,105,14
210773,166,172,106,14
210774,166,172,107,14
210775,166,172,108,14
210776,166,173,84,16
210777,166,173,85,16
210778,166,173,86,5
210779,166,173,87,5
210780,166,173,88,5
210781,166,173,89,15
210782,166,173,90,5
210783,166,173,91,5
210784,166,173,92,5
210785,166,173,93,5
210786,166,173,94,14
210787,166,173,95,2
210788,166,173,96,2
210789,166,173,97,2
210790,166,173,98,14
210791,166,173,99,14
210792,166,173,100,14
210793,166,173,101,15
210794,166,173,102,15
210795,166,173,103,15
210796,166,173,104,5
210797,166,173,105,5
210798,166,173,106,14
210799,166,174,83,16
210800,166,174,84,16
210801,166,174,85,16
210802,166,174,86,16
210803,166,174,87,5
210804,166,174,88,5
210805,166,174,89,5
210806,166,174,90,5
210807,166,174,91,5
210808,166,174,92,15
210809,166,174,93,15
210810,166,174,94,14
210811,166,174,95,14
210812,166,174,96,2
210813,166,174,97,14
210814,166,174,98,14
210815,166,174,99,14
210816,166,174,100,14
210817,166,174,101,15
210818,166,174,102,15
210819,166,174,103,15
210820,166,174,104,5
210821,166,174,105,5
210822,166,174,106,14
210823,166,175,84,16
210824,166,175,85,16
210825,166,175,86,16
210826,166,175,87,16
210827,166,175,88,5
210828,166,175,89,5
210829,166,175,90,5
210830,166,175,91,5
210831,166,175,92,15
210832,166,175,93,15
210833,166,175,94,5
210834,166,175,95,14
210835,166,175,96,14
210836,166,175,97,14
210837,166,175,98,14
210838,166,175,99,14
210839,166,175,100,14
210840,166,175,101,15
210841,166,175,102,15
210842,166,175,103,15
210843,166,175,104,14
210844,166,175,105,14
210845,166,175,106,14
210846,166,176,84,16
210847,166,176,85,16
210848,166,176,86,16
210849,166,176,87,16
210850,166,176,88,16
210851,166,176,89,5
210852,166,176,90,5
210853,166,176,91,5
210854,166,176,92,15
210855,166,176,93,5
210856,166,176,94,5
210857,166,176,95,14
210858,166,176,96,14
210859,166,176,97,14
210860,166,176,98,14
210861,166,176,99,14
210862,166,176,100,14
210863,166,176,101,15
210864,166,176,102,15
210865,166,176,103,14
210866,166,176,104,14
210867,166,176,105,14
210868,166,176,106,14
210869,166,177,85,16
210870,166,177,86,16
210871,166,177,87,16
210872,166,177,88,16
210873,166,177,89,5
210874,166,177,90,5
210875,166,177,91,15
210876,166,177,92,5
210877,166,177,93,5
210878,166,177,94,5
210879,166,177,95,5
210880,166,177,96,5
210881,166,177,97,14
210882,166,177,98,14
210883,166,177,99,14
210884,166,177,100,14
210885,166,177,101,2
210886,166,177,102,2
210887,166,177,103,14
210888,166,177,104,14
210889,166,177,105,14
210890,166,178,86,16
210891,166,178,87,16
210892,166,178,88,16
210893,166,178,89,16
210894,166,178,90,15
210895,166,178,91,15
210896,166,178,92,5
210897,166,178,93,15
210898,166,178,94,15
210899,166,178,95,5
210900,166,178,96,5
210901,166,178,97,14
210902,166,178,98,14
210903,166,178,99,14
210904,166,178,100,14
210905,166,178,101,14
210906,166,178,102,14
210907,166,178,103,14
210908,166,178,104,9
210909,166,179,86,16
210910,166,179,87,16
210911,166,179,88,16
210912,166,179,89,5
210913,166,179,90,5
210914,166,179,91,15
210915,166,179,92,15
210916,166,179,93,15
210917,166,179,94,15
210918,166,179,95,15
210919,166,179,96,15
210920,166,179,97,5
210921,166,179,98,14
210922,166,179,99,14
210923,166,179,100,14
210924,166,179,101,14
210925,166,179,102,14
210926,166,179,103,9
210927,166,179,104,9
210928,166,180,86,16
210929,166,180,87,16
210930,166,180,88,16
210931,166,180,89,5
210932,166,180,90,5
210933,166,180,91,5
210934,166,180,92,15
210935,166,180,93,15
210936,166,180,94,15
210937,166,180,95,15
210938,166,180,96,15
210939,166,180,97,15
210940,166,180,98,5
210941,166,180,99,14
210942,166,180,100,5
210943,166,180,101,14
210944,166,180,102,14
210945,166,180,103,9
210946,166,181,87,16
210947,166,181,88,16
210948,166,181,89,14
210949,166,181,90,5
210950,166,181,91,5
210951,166,181,92,15
210952,166,181,93,15
210953,166,181,94,15
210954,166,181,95,15
210955,166,181,96,15
210956,166,181,97,5
210957,166,181,98,5
210958,166,181,99,14
210959,166,181,100,14
210960,166,181,101,14
210961,166,181,102,9
210962,166,182,87,16
210963,166,182,88,16
210964,166,182,89,14
210965,166,182,90,5
210966,166,182,91,16
210967,166,182,92,16
210968,166,182,93,16
210969,166,182,94,16
210970,166,182,95,5
210971,166,182,96,5
210972,166,182,97,15
210973,166,182,98,5
210974,166,182,99,14
210975,166,182,100,14
210976,166,182,101,9
210977,166,183,88,16
210978,166,183,89,16
210979,166,183,90,16
210980,166,183,91,16
210981,166,183,92,16
210982,166,183,93,16
210983,166,183,94,16
210984,166,183,95,5
210985,166,183,96,15
210986,166,183,97,14
210987,166,183,98,14
210988,166,183,100,9
210989,166,184,92,16
210990,166,184,93,16
210991,166,184,94,16
210992,166,184,95,16
210993,166,184,96,14
210994,166,184,97,14
210995,166,184,98,14
210996,166,185,93,16
210997,166,185,94,16
210998,166,185,95,16
210999,166,185,96,16
211000,166,185,97,16
211001,166,185,98,9
211002,167,155,95,11
211003,167,156,95,11
211004,167,156,96,11
211005,167,156,97,11
211006,167,157,95,3
211007,167,157,96,11
211008,167,157,97,11
211009,167,158,95,3
211010,167,158,96,3
211011,167,158,97,5
211012,167,158,99,11
211013,167,158,100,11
211014,167,158,101,11
211015,167,158,102,3
211016,167,159,95,5
211017,167,159,96,5
211018,167,159,97,5
211019,167,159,98,5
211020,167,159,99,5
211021,167,159,100,5
211022,167,159,101,16
211023,167,159,102,3
211024,167,159,103,2
211025,167,159,104,2
211026,167,159,105,2
211027,167,160,90,16
211028,167,160,94,5
211029,167,160,95,5
211030,167,160,96,5
211031,167,160,97,15
211032,167,160,98,15
211033,167,160,99,16
211034,167,160,100,16
211035,167,160,101,16
211036,167,160,102,16
211037,167,160,103,16
211038,167,160,104,2
211039,167,160,105,2
211040,167,160,106,2
211041,167,161,89,16
211042,167,161,90,5
211043,167,161,91,5
211044,167,161,92,5
211045,167,161,93,5
211046,167,161,94,5
211047,167,161,95,5
211048,167,161,96,5
211049,167,161,97,15
211050,167,161,98,15
211051,167,161,99,5
211052,167,161,100,14
211053,167,161,101,5
211054,167,161,102,5
211055,167,161,103,5
211056,167,161,104,16
211057,167,161,105,16
211058,167,161,106,2
211059,167,161,107,2
211060,167,161,108,7
211061,167,161,109,7
211062,167,161,110,7
211063,167,161,113,7
211064,167,162,88,16
211065,167,162,89,16
211066,167,162,90,5
211067,167,162,91,5
211068,167,162,92,5
211069,167,162,93,5
211070,167,162,94,5
211071,167,162,95,15
211072,167,162,96,5
211073,167,162,97,7
211074,167,162,98,7
211075,167,162,99,5
211076,167,162,100,14
211077,167,162,101,5
211078,167,162,102,5
211079,167,162,103,5
211080,167,162,104,5
211081,167,162,105,2
211082,167,162,106,2
211083,167,162,107,15
211084,167,162,108,7
211085,167,162,109,7
211086,167,162,110,7
211087,167,162,111,7
211088,167,162,112,7
211089,167,162,113,9
211090,167,162,114,9
211091,167,163,88,16
211092,167,163,89,16
211093,167,163,90,5
211094,167,163,91,5
211095,167,163,92,5
211096,167,163,93,5
211097,167,163,94,15
211098,167,163,95,15
211099,167,163,96,7
211100,167,163,97,7
211101,167,163,98,7
211102,167,163,99,14
211103,167,163,100,14
211104,167,163,101,5
211105,167,163,102,15
211106,167,163,103,5
211107,167,163,104,5
211108,167,163,105,15
211109,167,163,106,15
211110,167,163,107,15
211111,167,163,108,7
211112,167,163,109,7
211113,167,163,110,7
211114,167,163,111,7
211115,167,163,112,9
211116,167,163,113,9
211117,167,163,114,9
211118,167,164,88,16
211119,167,164,89,16
211120,167,164,90,5
211121,167,164,91,5
211122,167,164,92,5
211123,167,164,93,15
211124,167,164,94,15
211125,167,164,95,15
211126,167,164,96,15
211127,167,164,97,7
211128,167,164,98,7
211129,167,164,99,7
211130,167,164,100,14
211131,167,164,101,5
211132,167,164,102,15
211133,167,164,103,15
211134,167,164,104,5
211135,167,164,105,5
211136,167,164,106,15
211137,167,164,107,5
211138,167,164,108,7
211139,167,164,109,7
211140,167,164,110,7
211141,167,164,111,7
211142,167,164,112,9
211143,167,164,113,9
211144,167,165,88,16
211145,167,165,89,5
211146,167,165,90,15
211147,167,165,91,15
211148,167,165,92,15
211149,167,165,93,15
211150,167,165,94,15
211151,167,165,95,15
211152,167,165,96,15
211153,167,165,97,5
211154,167,165,98,5
211155,167,165,99,5
211156,167,165,100,5
211157,167,165,101,5
211158,167,165,102,15
211159,167,165,103,15
211160,167,165,104,5
211161,167,165,105,5
211162,167,165,106,5
211163,167,165,107,14
211164,167,165,108,14
211165,167,165,109,14
211166,167,165,110,14
211167,167,165,111,9
211168,167,165,112,9
211169,167,165,113,9
211170,167,166,87,16
211171,167,166,88,16
211172,167,166,89,5
211173,167,166,90,15
211174,167,166,91,15
211175,167,166,92,15
211176,167,166,93,15
211177,167,166,94,15
211178,167,166,95,15
211179,167,166,96,15
211180,167,166,97,5
211181,167,166,98,5
211182,167,166,99,5
211183,167,166,100,5
211184,167,166,101,5
211185,167,166,102,5
211186,167,166,103,15
211187,167,166,104,5
211188,167,166,105,5
211189,167,166,106,14
211190,167,166,107,14
211191,167,166,108,14
211192,167,166,109,14
211193,167,166,110,14
211194,167,166,111,9
211195,167,166,112,9
211196,167,166,113,9
211197,167,167,87,16
211198,167,167,88,16
211199,167,167,89,5
211200,167,167,90,5
211201,167,167,91,5
211202,167,167,92,5
211203,167,167,93,15
211204,167,167,94,15
211205,167,167,95,15
211206,167,167,96,15
211207,167,167,97,15
211208,167,167,98,5
211209,167,167,99,5
211210,167,167,100,15
211211,167,167,101,5
211212,167,167,102,5
211213,167,167,103,5
211214,167,167,104,5
211215,167,167,105,14
211216,167,167,106,5
211217,167,167,107,5
211218,167,167,108,14
211219,167,167,109,14
211220,167,167,110,9
211221,167,167,111,9
211222,167,168,87,16
211223,167,168,88,5
211224,167,168,89,5
211225,167,168,90,5
211226,167,168,91,5
211227,167,168,92,5
211228,167,168,93,15
211229,167,168,94,15
211230,167,168,95,15
211231,167,168,96,15
211232,167,168,97,15
211233,167,168,98,5
211234,167,168,99,5
211235,167,168,100,5
211236,167,168,101,5
211237,167,168,102,5
211238,167,168,103,5
211239,167,168,104,14
211240,167,168,105,14
211241,167,168,106,5
211242,167,168,107,14
211243,167,168,108,14
211244,167,168,109,14
211245,167,168,110,9
211246,167,169,86,16
211247,167,169,87,5
211248,167,169,88,5
211249,167,169,89,5
211250,167,169,90,5
211251,167,169,91,5
211252,167,169,92,5
211253,167,169,93,15
211254,167,169,94,15
211255,167,169,95,15
211256,167,169,96,15
211257,167,169,97,15
211258,167,169,98,15
211259,167,169,99,5
211260,167,169,100,5
211261,167,169,101,5
211262,167,169,102,14
211263,167,169,103,14
211264,167,169,104,14
211265,167,169,105,14
211266,167,169,106,14
211267,167,169,107,5
211268,167,169,108,14
211269,167,169,109,14
211270,167,170,86,16
211271,167,170,87,5
211272,167,170,88,5
211273,167,170,89,15
211274,167,170,90,5
211275,167,170,91,5
211276,167,170,92,15
211277,167,170,93,15
211278,167,170,94,15
211279,167,170,95,15
211280,167,170,96,15
211281,167,170,97,15
211282,167,170,98,15
211283,167,170,99,14
211284,167,170,100,5
211285,167,170,101,15
211286,167,170,102,14
211287,167,170,103,14
211288,167,170,104,14
211289,167,170,105,14
211290,167,170,106,14
211291,167,170,107,5
211292,167,170,108,14
211293,167,170,109,14
211294,167,171,85,16
211295,167,171,86,16
211296,167,171,87,5
211297,167,171,88,5
211298,167,171,89,15
211299,167,171,90,15
211300,167,171,91,15
211301,167,171,92,15
211302,167,171,93,15
211303,167,171,94,15
211304,167,171,95,15
211305,167,171,96,15
211306,167,171,97,15
211307,167,171,98,2
211308,167,171,99,14
211309,167,171,100,5
211310,167,171,101,15
211311,167,171,102,14
211312,167,171,103,14
211313,167,171,104,14
211314,167,171,105,14
211315,167,171,106,14
211316,167,171,107,14
211317,167,171,108,14
211318,167,172,85,16
211319,167,172,86,16
211320,167,172,87,5
211321,167,172,88,5
211322,167,172,89,5
211323,167,172,90,15
211324,167,172,91,5
211325,167,172,92,15
211326,167,172,93,15
211327,167,172,94,15
211328,167,172,95,15
211329,167,172,96,15
211330,167,172,97,2
211331,167,172,98,14
211332,167,172,99,14
211333,167,172,100,5
211334,167,172,101,15
211335,167,172,102,5
211336,167,172,103,14
211337,167,172,104,14
211338,167,172,105,14
211339,167,172,106,14
211340,167,172,107,14
211341,167,173,84,16
211342,167,173,85,16
211343,167,173,86,16
211344,167,173,87,5
211345,167,173,88,5
211346,167,173,89,15
211347,167,173,90,5
211348,167,173,91,15
211349,167,173,92,15
211350,167,173,93,15
211351,167,173,94,15
211352,167,173,95,15
211353,167,173,96,15
211354,167,173,97,2
211355,167,173,98,14
211356,167,173,99,14
211357,167,173,100,2
211358,167,173,101,15
211359,167,173,102,15
211360,167,173,103,5
211361,167,173,104,14
211362,167,173,105,14
211363,167,173,106,14
211364,167,174,84,16
211365,167,174,85,16
211366,167,174,86,16
211367,167,174,87,5
211368,167,174,88,15
211369,167,174,89,5
211370,167,174,90,5
211371,167,174,91,15
211372,167,174,92,5
211373,167,174,93,15
211374,167,174,94,15
211375,167,174,95,15
211376,167,174,96,2
211377,167,174,97,14
211378,167,174,98,14
211379,167,174,99,14
211380,167,174,100,15
211381,167,174,101,15
211382,167,174,102,15
211383,167,174,103,5
211384,167,174,104,14
211385,167,174,105,14
211386,167,174,106,14
211387,167,175,85,16
211388,167,175,86,16
211389,167,175,87,16
211390,167,175,88,15
211391,167,175,89,5
211392,167,175,90,5
211393,167,175,91,5
211394,167,175,92,5
211395,167,175,93,15
211396,167,175,94,5
211397,167,175,95,14
211398,167,175,96,14
211399,167,175,97,14
211400,167,175,98,14
211401,167,175,99,14
211402,167,175,100,2
211403,167,175,101,2
211404,167,175,102,15
211405,167,175,103,14
211406,167,175,104,14
211407,167,175,105,14
211408,167,175,106,9
211409,167,176,85,16
211410,167,176,86,16
211411,167,176,87,16
211412,167,176,88,5
211413,167,176,89,5
211414,167,176,90,5
211415,167,176,91,5
211416,167,176,92,5
211417,167,176,93,15
211418,167,176,94,5
211419,167,176,95,14
211420,167,176,96,14
211421,167,176,97,14
211422,167,176,98,14
211423,167,176,99,14
211424,167,176,100,14
211425,167,176,101,15
211426,167,176,102,15
211427,167,176,103,14
211428,167,176,104,14
211429,167,176,105,9
211430,167,177,86,16
211431,167,177,87,16
211432,167,177,88,16
211433,167,177,89,5
211434,167,177,90,5
211435,167,177,91,15
211436,167,177,92,5
211437,167,177,93,15
211438,167,177,94,5
211439,167,177,95,5
211440,167,177,96,5
211441,167,177,97,14
211442,167,177,98,14
211443,167,177,99,14
211444,167,177,100,14
211445,167,177,101,15
211446,167,177,102,14
211447,167,177,103,14
211448,167,177,104,9
211449,167,178,87,16
211450,167,178,88,16
211451,167,178,89,5
211452,167,178,90,5
211453,167,178,91,15
211454,167,178,92,15
211455,167,178,93,15
211456,167,178,94,15
211457,167,178,95,16
211458,167,178,96,15
211459,167,178,97,5
211460,167,178,98,14
211461,167,178,99,14
211462,167,178,100,5
211463,167,178,101,14
211464,167,178,102,14
211465,167,178,103,9
211466,167,178,104,9
211467,167,179,86,16
211468,167,179,87,16
211469,167,179,88,16
211470,167,179,89,5
211471,167,179,90,5
211472,167,179,91,15
211473,167,179,92,15
211474,167,179,93,15
211475,167,179,94,15
211476,167,179,95,15
211477,167,179,96,15
211478,167,179,97,5
211479,167,179,98,14
211480,167,179,99,14
211481,167,179,100,14
211482,167,179,101,14
211483,167,179,102,14
211484,167,179,103,9
211485,167,180,86,16
211486,167,180,87,16
211487,167,180,88,16
211488,167,180,89,16
211489,167,180,90,5
211490,167,180,91,5
211491,167,180,92,5
211492,167,180,93,5
211493,167,180,94,15
211494,167,180,95,15
211495,167,180,96,15
211496,167,180,97,15
211497,167,180,98,5
211498,167,180,99,14
211499,167,180,100,14
211500,167,180,101,14
211501,167,180,102,9
211502,167,180,103,9
211503,167,181,87,16
211504,167,181,88,16
211505,167,181,89,14
211506,167,181,90,14
211507,167,181,91,14
211508,167,181,92,5
211509,167,181,93,5
211510,167,181,94,15
211511,167,181,95,15
211512,167,181,96,15
211513,167,181,97,15
211514,167,181,98,14
211515,167,181,99,14
211516,167,181,100,14
211517,167,181,101,14
211518,167,182,88,16
211519,167,182,89,14
211520,167,182,90,14
211521,167,182,91,5
211522,167,182,92,5
211523,167,182,93,5
211524,167,182,94,5
211525,167,182,95,5
211526,167,182,96,5
211527,167,182,97,15
211528,167,182,98,14
211529,167,182,100,14
211530,167,182,101,9
211531,167,183,88,16
211532,167,183,89,14
211533,167,183,90,5
211534,167,183,91,5
211535,167,183,92,14
211536,167,183,93,5
211537,167,183,94,5
211538,167,183,95,5
211539,167,183,96,14
211540,167,183,97,14
211541,167,183,98,14
211542,167,184,92,16
211543,167,184,93,16
211544,167,184,94,16
211545,167,184,96,16
211546,167,184,97,14
211547,167,184,98,2
211548,167,185,96,16
211549,167,185,97,16
211550,168,156,95,3
211551,168,156,96,11
211552,168,156,97,11
211553,168,157,95,3
211554,168,157,96,11
211555,168,157,97,11
211556,168,157,99,11
211557,168,158,95,3
211558,168,158,96,3
211559,168,158,97,16
211560,168,158,98,16
211561,168,158,99,3
211562,168,158,101,3
211563,168,159,95,16
211564,168,159,96,5
211565,168,159,97,5
211566,168,159,98,14
211567,168,159,99,5
211568,168,159,100,5
211569,168,160,95,5
211570,168,160,96,5
211571,168,160,97,5
211572,168,160,98,14
211573,168,160,99,14
211574,168,160,100,16
211575,168,160,101,16
211576,168,160,104,2
211577,168,161,90,16
211578,168,161,91,5
211579,168,161,92,5
211580,168,161,93,5
211581,168,161,94,5
211582,168,161,95,5
211583,168,161,96,5
211584,168,161,97,5
211585,168,161,98,5
211586,168,161,99,14
211587,168,161,100,14
211588,168,161,101,14
211589,168,161,102,5
211590,168,161,103,16
211591,168,161,104,2
211592,168,161,105,2
211593,168,161,107,2
211594,168,161,109,7
211595,168,161,111,13
211596,168,161,113,9
211597,168,162,89,16
211598,168,162,90,5
211599,168,162,91,5
211600,168,162,92,5
211601,168,162,93,5
211602,168,162,94,5
211603,168,162,95,5
211604,168,162,96,5
211605,168,162,97,5
211606,168,162,98,15
211607,168,162,99,5
211608,168,162,100,5
211609,168,162,101,5
211610,168,162,102,5
211611,168,162,103,5
211612,168,162,104,16
211613,168,162,105,16
211614,168,162,106,16
211615,168,162,107,2
211616,168,162,108,7
211617,168,162,109,7
211618,168,162,110,7
211619,168,162,111,7
211620,168,162,112,9
211621,168,162,113,9
211622,168,163,89,16
211623,168,163,90,5
211624,168,163,91,5
211625,168,163,92,5
211626,168,163,93,5
211627,168,163,94,5
211628,168,163,95,5
211629,168,163,96,5
211630,168,163,97,5
211631,168,163,98,7
211632,168,163,99,15
211633,168,163,100,5
211634,168,163,101,15
211635,168,163,102,5
211636,168,163,103,5
211637,168,163,104,5
211638,168,163,105,2
211639,168,163,106,2
211640,168,163,107,2
211641,168,163,108,7
211642,168,163,109,7
211643,168,163,110,7
211644,168,163,111,9
211645,168,163,112,9
211646,168,163,113,9
211647,168,164,88,16
211648,168,164,89,16
211649,168,164,90,5
211650,168,164,91,5
211651,168,164,92,5
211652,168,164,93,5
211653,168,164,94,5
211654,168,164,95,15
211655,168,164,96,15
211656,168,164,97,15
211657,168,164,98,5
211658,168,164,99,5
211659,168,164,100,5
211660,168,164,101,15
211661,168,164,102,15
211662,168,164,103,5
211663,168,164,104,5
211664,168,164,105,5
211665,168,164,106,15
211666,168,164,107,5
211667,168,164,108,7
211668,168,164,109,7
211669,168,164,110,7
211670,168,164,111,9
211671,168,164,112,9
211672,168,164,113,9
211673,168,165,88,16
211674,168,165,89,16
211675,168,165,90,5
211676,168,165,91,5
211677,168,165,92,5
211678,168,165,93,15
211679,168,165,94,15
211680,168,165,95,15
211681,168,165,96,15
211682,168,165,97,15
211683,168,165,98,5
211684,168,165,99,5
211685,168,165,100,5
211686,168,165,101,7
211687,168,165,102,15
211688,168,165,103,15
211689,168,165,104,5
211690,168,165,105,5
211691,168,165,106,5
211692,168,165,107,5
211693,168,165,108,14
211694,168,165,109,14
211695,168,165,110,9
211696,168,165,111,9
211697,168,165,112,9
211698,168,166,88,16
211699,168,166,89,16
211700,168,166,90,5
211701,168,166,91,5
211702,168,166,92,15
211703,168,166,93,15
211704,168,166,94,15
211705,168,166,95,15
211706,168,166,96,5
211707,168,166,97,5
211708,168,166,98,5
211709,168,166,99,5
211710,168,166,100,15
211711,168,166,101,15
211712,168,166,102,15
211713,168,166,103,5
211714,168,166,104,5
211715,168,166,105,5
211716,168,166,106,5
211717,168,166,107,14
211718,168,166,108,14
211719,168,166,109,14
211720,168,166,110,9
211721,168,166,111,9
211722,168,167,87,16
211723,168,167,88,16
211724,168,167,89,5
211725,168,167,90,5
211726,168,167,91,5
211727,168,167,92,5
211728,168,167,93,15
211729,168,167,94,15
211730,168,167,95,15
211731,168,167,96,15
211732,168,167,97,5
211733,168,167,98,5
211734,168,167,99,5
211735,168,167,100,15
211736,168,167,101,5
211737,168,167,102,5
211738,168,167,103,5
211739,168,167,104,5
211740,168,167,105,5
211741,168,167,106,5
211742,168,167,107,14
211743,168,167,108,14
211744,168,167,109,14
211745,168,167,110,9
211746,168,168,87,16
211747,168,168,88,16
211748,168,168,89,5
211749,168,168,90,5
211750,168,168,91,5
211751,168,168,92,5
211752,168,168,93,5
211753,168,168,94,15
211754,168,168,95,15
211755,168,168,96,15
211756,168,168,97,15
211757,168,168,98,5
211758,168,168,99,5
211759,168,168,100,5
211760,168,168,101,5
211761,168,168,102,14
211762,168,168,103,14
211763,168,168,104,14
211764,168,168,105,5
211765,168,168,106,5
211766,168,168,107,5
211767,168,168,108,14
211768,168,168,109,9
211769,168,169,87,16
211770,168,169,88,5
211771,168,169,89,5
211772,168,169,90,5
211773,168,169,91,5
211774,168,169,92,5
211775,168,169,93,15
211776,168,169,94,15
211777,168,169,95,15
211778,168,169,96,15
211779,168,169,97,15
211780,168,169,98,15
211781,168,169,99,15
211782,168,169,100,5
211783,168,169,101,5
211784,168,169,102,14
211785,168,169,103,14
211786,168,169,104,14
211787,168,169,105,5
211788,168,169,106,5
211789,168,169,107,14
211790,168,169,108,14
211791,168,170,86,16
211792,168,170,87,16
211793,168,170,88,5
211794,168,170,89,5
211795,168,170,90,5
211796,168,170,91,5
211797,168,170,92,15
211798,168,170,93,15
211799,168,170,94,15
211800,168,170,95,5
211801,168,170,96,5
211802,168,170,97,15
211803,168,170,98,15
211804,168,170,99,14
211805,168,170,100,5
211806,168,170,101,5
211807,168,170,102,14
211808,168,170,103,14
211809,168,170,104,14
211810,168,170,105,5
211811,168,170,106,14
211812,168,170,107,14
211813,168,171,86,16
211814,168,171,87,5
211815,168,171,88,5
211816,168,171,89,5
211817,168,171,90,5
211818,168,171,91,15
211819,168,171,92,15
211820,168,171,93,15
211821,168,171,94,15
211822,168,171,95,5
211823,168,171,96,5
211824,168,171,97,15
211825,168,171,98,2
211826,168,171,99,14
211827,168,171,100,5
211828,168,171,101,5
211829,168,171,102,14
211830,168,171,103,14
211831,168,171,104,14
211832,168,171,105,14
211833,168,171,106,14
211834,168,171,107,14
211835,168,172,85,16
211836,168,172,86,16
211837,168,172,87,5
211838,168,172,88,5
211839,168,172,89,5
211840,168,172,90,15
211841,168,172,91,15
211842,168,172,92,15
211843,168,172,93,15
211844,168,172,94,15
211845,168,172,95,15
211846,168,172,96,15
211847,168,172,97,2
211848,168,172,98,2
211849,168,172,99,14
211850,168,172,100,5
211851,168,172,101,5
211852,168,172,102,14
211853,168,172,103,14
211854,168,172,104,14
211855,168,172,105,14
211856,168,172,106,14
211857,168,173,84,16
211858,168,173,85,16
211859,168,173,86,16
211860,168,173,87,5
211861,168,173,88,5
211862,168,173,89,5
211863,168,173,90,15
211864,168,173,91,5
211865,168,173,92,15
211866,168,173,93,15
211867,168,173,94,15
211868,168,173,95,15
211869,168,173,96,15
211870,168,173,97,15
211871,168,173,98,14
211872,168,173,99,14
211873,168,173,100,15
211874,168,173,101,5
211875,168,173,102,5
211876,168,173,103,5
211877,168,173,104,14
211878,168,173,105,14
211879,168,173,106,2
211880,168,174,84,16
211881,168,174,85,16
211882,168,174,86,16
211883,168,174,87,5
211884,168,174,88,5
211885,168,174,89,5
211886,168,174,90,15
211887,168,174,91,5
211888,168,174,92,5
211889,168,174,93,15
211890,168,174,94,15
211891,168,174,95,15
211892,168,174,96,15
211893,168,174,97,15
211894,168,174,98,5
211895,168,174,99,15
211896,168,174,100,5
211897,168,174,101,5
211898,168,174,102,5
211899,168,174,103,14
211900,168,174,104,14
211901,168,174,105,2
211902,168,175,85,16
211903,168,175,86,16
211904,168,175,87,16
211905,168,175,88,5
211906,168,175,89,5
211907,168,175,90,5
211908,168,175,91,5
211909,168,175,92,5
211910,168,175,93,5
211911,168,175,94,15
211912,168,175,95,14
211913,168,175,96,2
211914,168,175,97,2
211915,168,175,98,5
211916,168,175,99,14
211917,168,175,100,14
211918,168,175,101,14
211919,168,175,102,14
211920,168,175,103,14
211921,168,175,104,14
211922,168,176,86,16
211923,168,176,87,16
211924,168,176,88,16
211925,168,176,89,5
211926,168,176,90,5
211927,168,176,91,5
211928,168,176,92,5
211929,168,176,93,5
211930,168,176,94,14
211931,168,176,95,14
211932,168,176,96,14
211933,168,176,97,14
211934,168,176,98,14
211935,168,176,99,14
211936,168,176,100,14
211937,168,176,101,14
211938,168,176,102,14
211939,168,176,103,14
211940,168,176,104,9
211941,168,177,87,16
211942,168,177,88,16
211943,168,177,89,5
211944,168,177,90,5
211945,168,177,91,15
211946,168,177,92,5
211947,168,177,93,5
211948,168,177,94,5
211949,168,177,95,5
211950,168,177,96,16
211951,168,177,97,5
211952,168,177,98,14
211953,168,177,99,14
211954,168,177,100,14
211955,168,177,101,14
211956,168,177,102,14
211957,168,177,103,9
211958,168,178,87,16
211959,168,178,88,16
211960,168,178,89,16
211961,168,178,90,5
211962,168,178,91,15
211963,168,178,92,15
211964,168,178,93,15
211965,168,178,94,5
211966,168,178,95,5
211967,168,178,96,15
211968,168,178,97,5
211969,168,178,98,14
211970,168,178,99,14
211971,168,178,100,14
211972,168,178,101,14
211973,168,178,102,9
211974,168,178,103,9
211975,168,179,87,16
211976,168,179,88,16
211977,168,179,89,15
211978,168,179,90,15
211979,168,179,91,15
211980,168,179,92,15
211981,168,179,93,15
211982,168,179,94,15
211983,168,179,95,15
211984,168,179,96,15
211985,168,179,97,5
211986,168,179,98,14
211987,168,179,99,14
211988,168,179,100,14
211989,168,179,101,14
211990,168,179,102,9
211991,168,180,86,16
211992,168,180,87,16
211993,168,180,88,16
211994,168,180,89,15
211995,168,180,90,5
211996,168,180,91,15
211997,168,180,92,5
211998,168,180,93,14
211999,168,180,94,15
212000,168,180,95,5
212001,168,180,96,5
212002,168,180,97,14
212003,168,180,98,14
212004,168,180,99,14
212005,168,180,100,14
212006,168,180,101,9
212007,168,181,87,16
212008,168,181,88,16
212009,168,181,89,16
212010,168,181,90,14
212011,168,181,91,14
212012,168,181,92,5
212013,168,181,93,5
212014,168,181,94,15
212015,168,181,95,5
212016,168,181,96,14
212017,168,181,97,14
212018,168,181,98,14
212019,168,181,100,9
212020,168,182,88,16
212021,168,182,89,14
212022,168,182,90,14
212023,168,182,91,14
212024,168,182,92,14
212025,168,182,93,5
212026,168,182,94,14
212027,168,182,95,14
212028,168,182,96,14
212029,168,182,97,14
212030,168,182,98,14
212031,168,183,89,14
212032,168,183,90,14
212033,168,183,91,14
212034,168,183,92,14
212035,168,183,93,16
212036,168,183,94,16
212037,168,183,95,16
212038,168,183,96,16
212039,168,183,97,14
212040,168,183,98,9
212041,169,156,95,3
212042,169,156,97,11
212043,169,157,95,3
212044,169,157,96,3
212045,169,157,97,11
212046,169,158,95,3
212047,169,158,96,3
212048,169,158,97,16
212049,169,159,96,16
212050,169,159,97,16
212051,169,159,98,16
212052,169,159,99,5
212053,169,159,100,5
212054,169,159,101,2
212055,169,159,105,2
212056,169,160,96,5
212057,169,160,97,14
212058,169,160,98,14
212059,169,160,99,5
212060,169,160,100,5
212061,169,160,101,5
212062,169,160,102,16
212063,169,160,105,2
212064,169,161,91,16
212065,169,161,92,16
212066,169,161,93,16
212067,169,161,94,16
212068,169,161,95,5
212069,169,161,96,5
212070,169,161,97,5
212071,169,161,98,5
212072,169,161,99,5
212073,169,161,100,5
212074,169,161,101,14
212075,169,161,102,5
212076,169,161,103,16
212077,169,161,104,16
212078,169,161,105,2
212079,169,161,111,9
212080,169,162,90,16
212081,169,162,91,5
212082,169,162,92,5
212083,169,162,93,5
212084,169,162,94,5
212085,169,162,95,5
212086,169,162,96,5
212087,169,162,97,5
212088,169,162,98,5
212089,169,162,99,15
212090,169,162,100,15
212091,169,162,101,5
212092,169,162,102,5
212093,169,162,103,5
212094,169,162,104,16
212095,169,162,105,16
212096,169,162,106,16
212097,169,162,107,2
212098,169,162,108,7
212099,169,162,109,7
212100,169,162,110,7
212101,169,162,111,9
212102,169,162,112,9
212103,169,162,113,9
212104,169,163,89,16
212105,169,163,90,16
212106,169,163,91,5
212107,169,163,92,5
212108,169,163,93,5
212109,169,163,94,5
212110,169,163,95,5
212111,169,163,96,5
212112,169,163,97,5
212113,169,163,98,5
212114,169,163,99,15
212115,169,163,100,15
212116,169,163,101,5
212117,169,163,102,5
212118,169,163,103,5
212119,169,163,104,5
212120,169,163,105,16
212121,169,163,106,2
212122,169,163,107,2
212123,169,163,108,7
212124,169,163,110,7
212125,169,163,111,9
212126,169,163,112,9
212127,169,163,113,9
212128,169,164,89,16
212129,169,164,90,16
212130,169,164,91,5
212131,169,164,92,5
212132,169,164,93,5
212133,169,164,94,5
212134,169,164,95,5
212135,169,164,96,15
212136,169,164,97,15
212137,169,164,98,15
212138,169,164,99,15
212139,169,164,100,15
212140,169,164,101,15
212141,169,164,102,5
212142,169,164,103,5
212143,169,164,104,5
212144,169,164,105,2
212145,169,164,106,5
212146,169,164,107,5
212147,169,164,108,7
212148,169,164,109,7
212149,169,164,110,9
212150,169,164,111,9
212151,169,164,112,9
212152,169,165,89,16
212153,169,165,90,5
212154,169,165,91,5
212155,169,165,92,5
212156,169,165,93,5
212157,169,165,94,5
212158,169,165,95,5
212159,169,165,96,15
212160,169,165,97,15
212161,169,165,98,15
212162,169,165,99,15
212163,169,165,100,7
212164,169,165,101,7
212165,169,165,102,15
212166,169,165,103,5
212167,169,165,104,5
212168,169,165,105,5
212169,169,165,106,5
212170,169,165,107,14
212171,169,165,108,14
212172,169,165,109,14
212173,169,165,110,9
212174,169,165,111,9
212175,169,166,89,16
212176,169,166,90,5
212177,169,166,91,5
212178,169,166,92,15
212179,169,166,93,15
212180,169,166,94,15
212181,169,166,95,15
212182,169,166,96,5
212183,169,166,97,15
212184,169,166,98,15
212185,169,166,99,15
212186,169,166,100,7
212187,169,166,101,7
212188,169,166,102,15
212189,169,166,103,5
212190,169,166,104,5
212191,169,166,105,5
212192,169,166,106,14
212193,169,166,107,14
212194,169,166,108,14
212195,169,166,109,14
212196,169,166,110,9
212197,169,167,88,16
212198,169,167,89,16
212199,169,167,90,5
212200,169,167,91,5
212201,169,167,92,15
212202,169,167,93,15
212203,169,167,94,15
212204,169,167,95,15
212205,169,167,96,15
212206,169,167,97,15
212207,169,167,98,5
212208,169,167,99,5
212209,169,167,100,5
212210,169,167,101,5
212211,169,167,102,15
212212,169,167,103,5
212213,169,167,104,14
212214,169,167,105,5
212215,169,167,106,5
212216,169,167,107,14
212217,169,167,108,14
212218,169,167,109,9
212219,169,168,88,16
212220,169,168,89,5
212221,169,168,90,5
212222,169,168,91,15
212223,169,168,92,5
212224,169,168,93,5
212225,169,168,94,15
212226,169,168,95,15
212227,169,168,96,15
212228,169,168,97,15
212229,169,168,98,15
212230,169,168,99,5
212231,169,168,100,5
212232,169,168,101,14
212233,169,168,102,14
212234,169,168,103,14
212235,169,168,104,14
212236,169,168,105,14
212237,169,168,106,14
212238,169,168,107,14
212239,169,169,87,16
212240,169,169,88,16
212241,169,169,89,5
212242,169,169,90,5
212243,169,169,91,15
212244,169,169,92,5
212245,169,169,93,5
212246,169,169,94,15
212247,169,169,95,15
212248,169,169,96,15
212249,169,169,97,15
212250,169,169,98,15
212251,169,169,99,5
212252,169,169,100,14
212253,169,169,101,14
212254,169,169,102,14
212255,169,169,103,14
212256,169,169,104,14
212257,169,169,105,14
212258,169,169,106,14
212259,169,169,107,14
212260,169,170,87,16
212261,169,170,88,5
212262,169,170,89,5
212263,169,170,90,5
212264,169,170,91,15
212265,169,170,92,15
212266,169,170,93,5
212267,169,170,94,15
212268,169,170,95,15
212269,169,170,96,15
212270,169,170,97,15
212271,169,170,98,15
212272,169,170,99,5
212273,169,170,100,14
212274,169,170,101,14
212275,169,170,102,14
212276,169,170,103,14
212277,169,170,104,14
212278,169,170,105,14
212279,169,170,106,14
212280,169,170,107,9
212281,169,171,86,16
212282,169,171,87,16
212283,169,171,88,5
212284,169,171,89,5
212285,169,171,90,15
212286,169,171,91,15
212287,169,171,92,15
212288,169,171,93,5
212289,169,171,94,15
212290,169,171,95,15
212291,169,171,96,5
212292,169,171,97,5
212293,169,171,98,5
212294,169,171,99,5
212295,169,171,100,14
212296,169,171,101,14
212297,169,171,102,14
212298,169,171,103,14
212299,169,171,104,14
212300,169,171,105,14
212301,169,171,106,2
212302,169,171,107,9
212303,169,172,86,16
212304,169,172,87,16
212305,169,172,88,5
212306,169,172,89,5
212307,169,172,90,15
212308,169,172,91,15
212309,169,172,92,15
212310,169,172,93,15
212311,169,172,94,15
212312,169,172,95,15
212313,169,172,96,15
212314,169,172,97,5
212315,169,172,98,5
212316,169,172,99,15
212317,169,172,100,5
212318,169,172,101,14
212319,169,172,102,14
212320,169,172,103,14
212321,169,172,104,14
212322,169,172,105,14
212323,169,172,106,9
212324,169,173,85,16
212325,169,173,86,16
212326,169,173,87,16
212327,169,173,88,5
212328,169,173,89,15
212329,169,173,90,15
212330,169,173,91,5
212331,169,173,92,15
212332,169,173,93,15
212333,169,173,94,15
212334,169,173,95,2
212335,169,173,96,2
212336,169,173,97,2
212337,169,173,98,15
212338,169,173,99,15
212339,169,173,100,15
212340,169,173,101,5
212341,169,173,102,14
212342,169,173,103,14
212343,169,173,104,14
212344,169,173,105,16
212345,169,174,86,16
212346,169,174,87,16
212347,169,174,88,16
212348,169,174,89,5
212349,169,174,90,5
212350,169,174,91,5
212351,169,174,92,5
212352,169,174,93,15
212353,169,174,94,15
212354,169,174,95,2
212355,169,174,96,2
212356,169,174,97,15
212357,169,174,98,5
212358,169,174,99,5
212359,169,174,100,5
212360,169,174,101,14
212361,169,174,102,14
212362,169,174,103,14
212363,169,174,104,2
212364,169,175,86,16
212365,169,175,87,16
212366,169,175,88,16
212367,169,175,89,5
212368,169,175,90,5
212369,169,175,91,5
212370,169,175,92,5
212371,169,175,93,15
212372,169,175,94,15
212373,169,175,95,15
212374,169,175,96,15
212375,169,175,97,15
212376,169,175,98,5
212377,169,175,99,14
212378,169,175,100,14
212379,169,175,101,14
212380,169,175,102,14
212381,169,175,103,14
212382,169,176,87,16
212383,169,176,88,16
212384,169,176,89,5
212385,169,176,90,5
212386,169,176,91,5
212387,169,176,92,5
212388,169,176,93,15
212389,169,176,94,14
212390,169,176,95,14
212391,169,176,96,15
212392,169,176,97,15
212393,169,176,98,14
212394,169,176,99,14
212395,169,176,100,14
212396,169,176,101,14
212397,169,176,102,14
212398,169,177,87,16
212399,169,177,88,16
212400,169,177,89,16
212401,169,177,90,5
212402,169,177,91,15
212403,169,177,92,5
212404,169,177,93,14
212405,169,177,94,14
212406,169,177,95,5
212407,169,177,96,15
212408,169,177,97,15
212409,169,177,98,14
212410,169,177,99,14
212411,169,177,100,14
212412,169,177,101,14
212413,169,178,87,16
212414,169,178,88,16
212415,169,178,89,5
212416,169,178,90,15
212417,169,178,91,5
212418,169,178,92,5
212419,169,178,93,5
212420,169,178,94,5
212421,169,178,95,5
212422,169,178,96,15
212423,169,178,97,5
212424,169,178,98,14
212425,169,178,99,14
212426,169,178,100,14
212427,169,178,101,9
212428,169,179,86,16
212429,169,179,87,16
212430,169,179,88,16
212431,169,179,89,5
212432,169,179,90,5
212433,169,179,91,15
212434,169,179,92,15
212435,169,179,93,14
212436,169,179,94,5
212437,169,179,95,5
212438,169,179,96,14
212439,169,179,97,14
212440,169,179,98,14
212441,169,179,99,14
212442,169,179,100,14
212443,169,180,87,16
212444,169,180,88,16
212445,169,180,89,5
212446,169,180,90,5
212447,169,180,91,5
212448,169,180,92,5
212449,169,180,93,14
212450,169,180,94,5
212451,169,180,95,14
212452,169,180,96,14
212453,169,180,97,14
212454,169,180,98,14
212455,169,181,88,16
212456,169,181,89,5
212457,169,181,90,5
212458,169,181,91,5
212459,169,181,92,14
212460,169,181,93,14
212461,169,181,94,14
212462,169,181,95,14
212463,169,181,96,14
212464,169,181,97,14
212465,169,181,98,2
212466,169,182,88,16
212467,169,182,89,14
212468,169,182,90,14
212469,169,182,92,14
212470,169,182,93,14
212471,169,182,94,14
212472,169,182,95,14
212473,169,182,96,16
212474,169,182,97,16
212475,169,183,92,14
212476,170,157,95,3
212477,170,158,95,3
212478,170,158,104,2
212479,170,158,105,2
212480,170,159,97,14
212481,170,159,98,3
212482,170,159,101,2
212483,170,159,102,2
212484,170,159,103,2
212485,170,159,104,2
212486,170,159,105,2
212487,170,160,96,5
212488,170,160,97,5
212489,170,160,98,5
212490,170,160,99,5
212491,170,160,100,5
212492,170,160,101,5
212493,170,160,102,5
212494,170,160,103,2
212495,170,160,104,2
212496,170,160,105,2
212497,170,161,96,5
212498,170,161,97,5
212499,170,161,98,5
212500,170,161,99,5
212501,170,161,100,5
212502,170,161,101,5
212503,170,161,102,14
212504,170,161,103,5
212505,170,161,104,5
212506,170,161,105,2
212507,170,162,92,16
212508,170,162,93,16
212509,170,162,94,16
212510,170,162,95,5
212511,170,162,96,5
212512,170,162,97,5
212513,170,162,98,5
212514,170,162,99,5
212515,170,162,100,5
212516,170,162,101,5
212517,170,162,102,5
212518,170,162,103,5
212519,170,162,104,5
212520,170,162,105,2
212521,170,162,111,9
212522,170,162,112,9
212523,170,163,90,16
212524,170,163,91,16
212525,170,163,92,16
212526,170,163,93,5
212527,170,163,94,5
212528,170,163,95,5
212529,170,163,96,5
212530,170,163,97,5
212531,170,163,98,5
212532,170,163,99,5
212533,170,163,100,5
212534,170,163,101,5
212535,170,163,102,5
212536,170,163,103,5
212537,170,163,104,5
212538,170,163,105,5
212539,170,163,106,2
212540,170,163,107,2
212541,170,163,111,9
212542,170,164,89,11
212543,170,164,90,16
212544,170,164,91,5
212545,170,164,92,5
212546,170,164,93,5
212547,170,164,94,5
212548,170,164,95,5
212549,170,164,96,15
212550,170,164,97,15
212551,170,164,98,15
212552,170,164,99,15
212553,170,164,100,15
212554,170,164,101,15
212555,170,164,102,5
212556,170,164,103,5
212557,170,164,104,5
212558,170,164,105,5
212559,170,164,106,5
212560,170,164,107,14
212561,170,164,108,7
212562,170,164,109,7
212563,170,165,90,16
212564,170,165,91,5
212565,170,165,92,15
212566,170,165,93,5
212567,170,165,94,5
212568,170,165,95,5
212569,170,165,96,15
212570,170,165,97,15
212571,170,165,98,15
212572,170,165,99,15
212573,170,165,100,7
212574,170,165,101,7
212575,170,165,102,15
212576,170,165,103,5
212577,170,165,104,5
212578,170,165,105,5
212579,170,165,106,14
212580,170,165,107,14
212581,170,165,108,14
212582,170,165,109,9
212583,170,165,110,9
212584,170,166,90,16
212585,170,166,91,5
212586,170,166,92,15
212587,170,166,93,15
212588,170,166,94,15
212589,170,166,95,15
212590,170,166,96,15
212591,170,166,97,15
212592,170,166,98,15
212593,170,166,99,15
212594,170,166,100,7
212595,170,166,101,7
212596,170,166,102,15
212597,170,166,103,14
212598,170,166,104,14
212599,170,166,105,5
212600,170,166,106,14
212601,170,166,107,14
212602,170,166,108,14
212603,170,166,109,9
212604,170,167,90,5
212605,170,167,91,5
212606,170,167,92,15
212607,170,167,93,15
212608,170,167,94,15
212609,170,167,95,15
212610,170,167,96,15
212611,170,167,97,15
212612,170,167,98,5
212613,170,167,99,5
212614,170,167,100,7
212615,170,167,101,7
212616,170,167,102,7
212617,170,167,103,14
212618,170,167,104,14
212619,170,167,105,14
212620,170,167,106,14
212621,170,167,107,14
212622,170,168,89,16
212623,170,168,90,5
212624,170,168,91,5
212625,170,168,92,15
212626,170,168,93,15
212627,170,168,94,5
212628,170,168,95,15
212629,170,168,96,15
212630,170,168,97,15
212631,170,168,98,15
212632,170,168,99,5
212633,170,168,100,7
212634,170,168,101,7
212635,170,168,102,14
212636,170,168,103,14
212637,170,168,104,14
212638,170,168,105,14
212639,170,168,106,14
212640,170,168,107,14
212641,170,169,87,16
212642,170,169,88,16
212643,170,169,89,5
212644,170,169,90,5
212645,170,169,91,15
212646,170,169,92,5
212647,170,169,93,15
212648,170,169,94,5
212649,170,169,95,5
212650,170,169,96,15
212651,170,169,97,15
212652,170,169,98,15
212653,170,169,99,5
212654,170,169,100,14
212655,170,169,101,14
212656,170,169,102,14
212657,170,169,103,14
212658,170,169,104,14
212659,170,169,105,14
212660,170,169,106,14
212661,170,169,107,9
212662,170,170,87,16
212663,170,170,88,16
212664,170,170,89,5
212665,170,170,90,15
212666,170,170,91,15
212667,170,170,92,15
212668,170,170,93,5
212669,170,170,94,5
212670,170,170,95,5
212671,170,170,96,15
212672,170,170,97,15
212673,170,170,98,5
212674,170,170,99,5
212675,170,170,100,14
212676,170,170,101,14
212677,170,170,102,14
212678,170,170,103,14
212679,170,170,104,14
212680,170,170,105,14
212681,170,170,106,16
212682,170,170,107,9
212683,170,171,87,16
212684,170,171,88,16
212685,170,171,89,5
212686,170,171,90,15
212687,170,171,91,15
212688,170,171,92,5
212689,170,171,93,5
212690,170,171,94,5
212691,170,171,95,5
212692,170,171,96,15
212693,170,171,97,5
212694,170,171,98,5
212695,170,171,99,5
212696,170,171,100,14
212697,170,171,101,5
212698,170,171,102,5
212699,170,171,103,14
212700,170,171,104,14
212701,170,171,105,16
212702,170,171,106,9
212703,170,171,107,9
212704,170,172,87,16
212705,170,172,88,16
212706,170,172,89,5
212707,170,172,90,5
212708,170,172,91,15
212709,170,172,92,15
212710,170,172,93,15
212711,170,172,94,15
212712,170,172,95,5
212713,170,172,96,5
212714,170,172,97,5
212715,170,172,98,15
212716,170,172,99,5
212717,170,172,100,5
212718,170,172,101,5
212719,170,172,102,14
212720,170,172,103,14
212721,170,172,104,14
212722,170,172,105,9
212723,170,173,87,16
212724,170,173,88,16
212725,170,173,89,5
212726,170,173,90,5
212727,170,173,91,5
212728,170,173,92,5
212729,170,173,93,15
212730,170,173,94,15
212731,170,173,95,15
212732,170,173,96,5
212733,170,173,97,5
212734,170,173,98,15
212735,170,173,99,5
212736,170,173,100,5
212737,170,173,101,5
212738,170,173,102,14
212739,170,173,103,14
212740,170,173,104,16
212741,170,174,87,16
212742,170,174,88,16
212743,170,174,89,16
212744,170,174,90,5
212745,170,174,91,5
212746,170,174,92,15
212747,170,174,93,15
212748,170,174,94,2
212749,170,174,95,2
212750,170,174,96,5
212751,170,174,97,5
212752,170,174,98,5
212753,170,174,99,5
212754,170,174,100,14
212755,170,174,101,14
212756,170,174,102,14
212757,170,174,103,2
212758,170,175,87,16
212759,170,175,88,16
212760,170,175,89,16
212761,170,175,90,16
212762,170,175,91,14
212763,170,175,92,15
212764,170,175,93,15
212765,170,175,94,15
212766,170,175,95,15
212767,170,175,96,5
212768,170,175,97,5
212769,170,175,98,14
212770,170,175,99,14
212771,170,175,100,14
212772,170,175,101,14
212773,170,175,102,2
212774,170,175,103,9
212775,170,176,87,16
212776,170,176,88,16
212777,170,176,89,16
212778,170,176,90,16
212779,170,176,91,14
212780,170,176,92,16
212781,170,176,93,14
212782,170,176,94,14
212783,170,176,95,14
212784,170,176,96,15
212785,170,176,97,14
212786,170,176,98,14
212787,170,176,99,14
212788,170,176,100,14
212789,170,176,101,14
212790,170,176,102,9
212791,170,177,87,16
212792,170,177,88,16
212793,170,177,89,16
212794,170,177,90,5
212795,170,177,91,16
212796,170,177,92,14
212797,170,177,93,14
212798,170,177,94,14
212799,170,177,95,14
212800,170,177,96,14
212801,170,177,97,14
212802,170,177,98,14
212803,170,177,99,14
212804,170,177,100,14
212805,170,177,101,9
212806,170,178,87,16
212807,170,178,88,16
212808,170,178,89,5
212809,170,178,90,5
212810,170,178,91,14
212811,170,178,92,14
212812,170,178,93,14
212813,170,178,94,14
212814,170,178,95,14
212815,170,178,96,14
212816,170,178,97,14
212817,170,178,98,14
212818,170,178,99,14
212819,170,178,100,9
212820,170,179,87,16
212821,170,179,88,16
212822,170,179,89,15
212823,170,179,90,15
212824,170,179,91,5
212825,170,179,92,5
212826,170,179,93,5
212827,170,179,94,14
212828,170,179,95,14
212829,170,179,96,14
212830,170,179,97,14
212831,170,179,98,14
212832,170,179,100,9
212833,170,180,87,16
212834,170,180,88,16
212835,170,180,89,15
212836,170,180,90,15
212837,170,180,91,5
212838,170,180,92,5
212839,170,180,93,14
212840,170,180,94,14
212841,170,180,95,14
212842,170,180,96,14
212843,170,180,97,14
212844,170,180,98,16
212845,170,181,87,16
212846,170,181,88,16
212847,170,181,93,14
212848,170,181,94,14
212849,170,181,95,14
212850,170,181,96,16
212851,170,181,97,16
212852,170,182,94,16
212853,171,158,104,2
212854,171,158,105,2
212855,171,159,97,3
212856,171,159,98,3
212857,171,159,101,3
212858,171,159,102,2
212859,171,159,103,2
212860,171,159,104,2
212861,171,159,105,2
212862,171,160,97,5
212863,171,160,98,2
212864,171,160,99,5
212865,171,160,100,15
212866,171,160,101,5
212867,171,160,102,5
212868,171,160,103,2
212869,171,160,104,2
212870,171,160,105,2
212871,171,161,96,16
212872,171,161,97,5
212873,171,161,98,5
212874,171,161,99,5
212875,171,161,100,5
212876,171,161,101,5
212877,171,161,102,5
212878,171,161,103,14
212879,171,161,104,5
212880,171,161,105,2
212881,171,162,95,16
212882,171,162,96,5
212883,171,162,97,5
212884,171,162,98,5
212885,171,162,99,5
212886,171,162,100,5
212887,171,162,101,5
212888,171,162,102,5
212889,171,162,103,14
212890,171,162,104,14
212891,171,162,105,14
212892,171,162,106,14
212893,171,163,92,16
212894,171,163,93,16
212895,171,163,94,16
212896,171,163,95,16
212897,171,163,96,5
212898,171,163,97,5
212899,171,163,98,5
212900,171,163,99,15
212901,171,163,100,15
212902,171,163,101,15
212903,171,163,102,5
212904,171,163,103,5
212905,171,163,104,14
212906,171,163,105,14
212907,171,163,106,14
212908,171,163,107,7
212909,171,164,91,16
212910,171,164,92,16
212911,171,164,93,16
212912,171,164,94,16
212913,171,164,95,5
212914,171,164,96,5
212915,171,164,97,15
212916,171,164,98,15
212917,171,164,99,15
212918,171,164,100,15
212919,171,164,101,15
212920,171,164,102,15
212921,171,164,103,5
212922,171,164,104,14
212923,171,164,105,7
212924,171,164,106,7
212925,171,164,107,14
212926,171,164,108,7
212927,171,165,90,11
212928,171,165,91,16
212929,171,165,92,16
212930,171,165,93,5
212931,171,165,94,5
212932,171,165,95,5
212933,171,165,96,15
212934,171,165,97,15
212935,171,165,98,15
212936,171,165,99,15
212937,171,165,100,15
212938,171,165,101,15
212939,171,165,102,15
212940,171,165,103,5
212941,171,165,104,14
212942,171,165,105,7
212943,171,165,106,7
212944,171,165,107,14
212945,171,166,90,8
212946,171,166,91,16
212947,171,166,92,5
212948,171,166,93,15
212949,171,166,94,15
212950,171,166,95,5
212951,171,166,96,5
212952,171,166,97,15
212953,171,166,98,15
212954,171,166,99,15
212955,171,166,100,15
212956,171,166,101,7
212957,171,166,102,5
212958,171,166,103,14
212959,171,166,104,14
212960,171,166,105,14
212961,171,166,106,14
212962,171,166,107,14
212963,171,167,90,16
212964,171,167,91,16
212965,171,167,92,5
212966,171,167,93,15
212967,171,167,94,15
212968,171,167,95,5
212969,171,167,96,15
212970,171,167,97,15
212971,171,167,98,15
212972,171,167,99,5
212973,171,167,100,15
212974,171,167,101,7
212975,171,167,102,14
212976,171,167,103,14
212977,171,167,104,14
212978,171,167,105,14
212979,171,167,106,14
212980,171,168,90,16
212981,171,168,91,5
212982,171,168,92,5
212983,171,168,93,15
212984,171,168,94,15
212985,171,168,95,15
212986,171,168,96,15
212987,171,168,97,15
212988,171,168,98,15
212989,171,168,99,5
212990,171,168,100,5
212991,171,168,101,15
212992,171,168,102,14
212993,171,168,103,14
212994,171,168,104,14
212995,171,168,105,14
212996,171,169,89,16
212997,171,169,90,5
212998,171,169,91,5
212999,171,169,92,15
213000,171,169,93,5
213001,171,169,94,5
213002,171,169,95,5
213003,171,169,96,15
213004,171,169,97,15
213005,171,169,98,15
213006,171,169,99,15
213007,171,169,100,5
213008,171,169,101,14
213009,171,169,102,5
213010,171,169,103,14
213011,171,169,104,14
213012,171,169,105,14
213013,171,170,88,16
213014,171,170,89,16
213015,171,170,90,5
213016,171,170,91,15
213017,171,170,92,15
213018,171,170,93,5
213019,171,170,94,5
213020,171,170,95,5
213021,171,170,96,5
213022,171,170,97,5
213023,171,170,98,5
213024,171,170,99,5
213025,171,170,100,5
213026,171,170,101,5
213027,171,170,102,14
213028,171,170,103,14
213029,171,170,104,14
213030,171,171,88,16
213031,171,171,89,16
213032,171,171,90,5
213033,171,171,91,15
213034,171,171,92,15
213035,171,171,93,5
213036,171,171,94,5
213037,171,171,95,5
213038,171,171,96,5
213039,171,171,97,5
213040,171,171,98,5
213041,171,171,99,5
213042,171,171,100,5
213043,171,171,101,14
213044,171,171,102,14
213045,171,171,103,14
213046,171,171,104,16
213047,171,172,88,16
213048,171,172,89,16
213049,171,172,90,16
213050,171,172,91,5
213051,171,172,92,15
213052,171,172,93,15
213053,171,172,94,5
213054,171,172,95,5
213055,171,172,96,5
213056,171,172,97,5
213057,171,172,98,5
213058,171,172,99,5
213059,171,172,100,5
213060,171,172,101,14
213061,171,172,102,14
213062,171,172,103,14
213063,171,173,88,16
213064,171,173,89,16
213065,171,173,90,16
213066,171,173,91,16
213067,171,173,92,5
213068,171,173,93,15
213069,171,173,94,5
213070,171,173,95,5
213071,171,173,96,5
213072,171,173,97,5
213073,171,173,98,5
213074,171,173,99,14
213075,171,173,100,14
213076,171,173,101,14
213077,171,173,102,14
213078,171,173,103,9
213079,171,174,87,16
213080,171,174,88,16
213081,171,174,89,8
213082,171,174,90,2
213083,171,174,91,16
213084,171,174,92,5
213085,171,174,93,5
213086,171,174,94,5
213087,171,174,95,5
213088,171,174,96,5
213089,171,174,97,14
213090,171,174,98,14
213091,171,174,99,14
213092,171,174,100,14
213093,171,174,101,14
213094,171,174,102,9
213095,171,174,103,9
213096,171,175,86,16
213097,171,175,87,16
213098,171,175,88,8
213099,171,175,89,16
213100,171,175,90,16
213101,171,175,91,14
213102,171,175,92,5
213103,171,175,93,5
213104,171,175,94,5
213105,171,175,95,5
213106,171,175,96,5
213107,171,175,97,14
213108,171,175,98,14
213109,171,175,99,14
213110,171,175,100,14
213111,171,175,101,9
213112,171,176,86,16
213113,171,176,87,16
213114,171,176,88,2
213115,171,176,89,16
213116,171,176,90,16
213117,171,176,91,14
213118,171,176,92,5
213119,171,176,93,5
213120,171,176,94,5
213121,171,176,95,14
213122,171,176,96,14
213123,171,176,97,14
213124,171,176,98,14
213125,171,176,99,14
213126,171,176,100,9
213127,171,177,86,16
213128,171,177,87,16
213129,171,177,88,16
213130,171,177,89,16
213131,171,177,90,14
213132,171,177,91,14
213133,171,177,92,14
213134,171,177,93,14
213135,171,177,94,14
213136,171,177,95,14
213137,171,177,96,14
213138,171,177,97,14
213139,171,177,98,14
213140,171,177,99,2
213141,171,178,86,16
213142,171,178,87,16
213143,171,178,88,16
213144,171,178,89,5
213145,171,178,90,5
213146,171,178,91,14
213147,171,178,92,14
213148,171,178,93,14
213149,171,178,94,14
213150,171,178,95,14
213151,171,178,96,14
213152,171,178,97,14
213153,171,178,98,14
213154,171,179,87,16
213155,171,179,88,16
213156,171,179,89,15
213157,171,179,90,5
213158,171,179,91,14
213159,171,179,92,14
213160,171,179,93,14
213161,171,179,94,14
213162,171,179,95,14
213163,171,179,96,14
213164,171,179,97,14
213165,171,180,94,14
213166,172,158,105,2
213167,172,159,97,15
213168,172,159,98,3
213169,172,159,101,3
213170,172,159,102,2
213171,172,159,103,2
213172,172,159,104,2
213173,172,159,105,2
213174,172,160,97,15
213175,172,160,98,15
213176,172,160,99,15
213177,172,160,100,15
213178,172,160,101,15
213179,172,160,102,15
213180,172,160,103,15
213181,172,160,104,2
213182,172,160,105,2
213183,172,161,98,5
213184,172,161,99,5
213185,172,161,100,5
213186,172,161,101,5
213187,172,161,102,5
213188,172,161,103,5
213189,172,161,104,7
213190,172,161,105,14
213191,172,162,97,5
213192,172,162,98,5
213193,172,162,99,5
213194,172,162,100,15
213195,172,162,101,5
213196,172,162,102,5
213197,172,162,103,5
213198,172,162,104,7
213199,172,162,105,14
213200,172,162,106,7
213201,172,163,96,16
213202,172,163,97,5
213203,172,163,98,5
213204,172,163,99,5
213205,172,163,100,15
213206,172,163,101,15
213207,172,163,102,15
213208,172,163,103,7
213209,172,163,104,7
213210,172,163,105,7
213211,172,163,106,7
213212,172,163,107,7
213213,172,164,92,16
213214,172,164,93,16
213215,172,164,94,16
213216,172,164,95,16
213217,172,164,96,16
213218,172,164,97,5
213219,172,164,98,5
213220,172,164,99,5
213221,172,164,100,15
213222,172,164,101,15
213223,172,164,102,5
213224,172,164,103,14
213225,172,164,104,7
213226,172,164,105,7
213227,172,164,106,7
213228,172,164,107,7
213229,172,165,92,16
213230,172,165,93,16
213231,172,165,94,16
213232,172,165,95,16
213233,172,165,96,5
213234,172,165,97,5
213235,172,165,98,5
213236,172,165,99,5
213237,172,165,100,15
213238,172,165,101,15
213239,172,165,102,5
213240,172,165,103,14
213241,172,165,104,14
213242,172,165,105,7
213243,172,165,106,7
213244,172,165,107,9
213245,172,166,92,16
213246,172,166,93,16
213247,172,166,94,16
213248,172,166,95,16
213249,172,166,96,5
213250,172,166,97,5
213251,172,166,98,5
213252,172,166,99,5
213253,172,166,100,15
213254,172,166,101,15
213255,172,166,102,14
213256,172,166,103,14
213257,172,166,104,14
213258,172,166,105,14
213259,172,166,106,7
213260,172,167,91,16
213261,172,167,92,16
213262,172,167,93,16
213263,172,167,94,16
213264,172,167,95,16
213265,172,167,96,5
213266,172,167,97,5
213267,172,167,98,5
213268,172,167,99,5
213269,172,167,100,5
213270,172,167,101,5
213271,172,167,102,14
213272,172,167,103,14
213273,172,167,104,14
213274,172,167,105,14
213275,172,167,106,9
213276,172,168,91,5
213277,172,168,92,5
213278,172,168,93,5
213279,172,168,94,5
213280,172,168,95,5
213281,172,168,96,15
213282,172,168,97,5
213283,172,168,98,5
213284,172,168,99,5
213285,172,168,100,5
213286,172,168,101,5
213287,172,168,102,14
213288,172,168,103,14
213289,172,168,104,14
213290,172,168,105,2
213291,172,169,90,5
213292,172,169,91,5
213293,172,169,92,5
213294,172,169,93,5
213295,172,169,94,5
213296,172,169,95,15
213297,172,169,96,15
213298,172,169,97,5
213299,172,169,98,5
213300,172,169,99,15
213301,172,169,100,5
213302,172,169,101,5
213303,172,169,102,14
213304,172,169,103,14
213305,172,169,104,16
213306,172,170,89,16
213307,172,170,90,16
213308,172,170,91,5
213309,172,170,92,5
213310,172,170,93,5
213311,172,170,94,5
213312,172,170,95,5
213313,172,170,96,5
213314,172,170,97,5
213315,172,170,98,5
213316,172,170,99,15
213317,172,170,100,5
213318,172,170,101,14
213319,172,170,102,14
213320,172,170,103,16
213321,172,171,89,16
213322,172,171,90,16
213323,172,171,91,5
213324,172,171,92,5
213325,172,171,93,5
213326,172,171,94,5
213327,172,171,95,5
213328,172,171,96,5
213329,172,171,97,5
213330,172,171,98,5
213331,172,171,99,5
213332,172,171,100,14
213333,172,171,101,14
213334,172,171,102,14
213335,172,171,103,16
213336,172,172,89,16
213337,172,172,90,16
213338,172,172,91,5
213339,172,172,92,5
213340,172,172,93,5
213341,172,172,94,5
213342,172,172,95,5
213343,172,172,96,5
213344,172,172,97,5
213345,172,172,98,5
213346,172,172,99,14
213347,172,172,100,14
213348,172,172,101,14
213349,172,172,102,16
213350,172,172,103,9
213351,172,173,88,16
213352,172,173,89,16
213353,172,173,90,16
213354,172,173,91,5
213355,172,173,92,5
213356,172,173,93,5
213357,172,173,94,5
213358,172,173,95,5
213359,172,173,96,5
213360,172,173,97,5
213361,172,173,98,14
213362,172,173,99,14
213363,172,173,100,14
213364,172,173,101,16
213365,172,173,102,9
213366,172,174,87,16
213367,172,174,88,16
213368,172,174,89,8
213369,172,174,90,16
213370,172,174,91,5
213371,172,174,92,5
213372,172,174,93,5
213373,172,174,94,5
213374,172,174,95,14
213375,172,174,96,14
213376,172,174,97,14
213377,172,174,98,14
213378,172,174,99,14
213379,172,174,100,16
213380,172,174,101,9
213381,172,175,86,16
213382,172,175,87,16
213383,172,175,88,16
213384,172,175,89,16
213385,172,175,90,5
213386,172,175,91,14
213387,172,175,92,5
213388,172,175,93,5
213389,172,175,94,5
213390,172,175,95,14
213391,172,175,96,14
213392,172,175,97,14
213393,172,175,98,14
213394,172,175,99,2
213395,172,176,86,16
213396,172,176,87,16
213397,172,176,88,16
213398,172,176,89,14
213399,172,176,90,14
213400,172,176,91,14
213401,172,176,92,5
213402,172,176,93,5
213403,172,176,94,14
213404,172,176,95,14
213405,172,176,96,14
213406,172,176,97,14
213407,172,176,98,14
213408,172,177,86,16
213409,172,177,87,15
213410,172,177,88,5
213411,172,177,89,14
213412,172,177,90,14
213413,172,177,91,14
213414,172,177,92,14
213415,172,177,93,14
213416,172,177,94,14
213417,172,177,95,14
213418,172,177,96,14
213419,172,178,86,16
213420,172,178,87,16
213421,172,178,88,5
213422,172,178,89,5
213423,172,178,90,14
213424,172,178,92,14
213425,172,178,93,14
213426,172,178,94,14
213427,172,178,95,16
213428,172,179,92,14
213429,172,179,93,16
213430,172,179,94,16
213431,173,159,98,3
213432,173,159,101,2
213433,173,159,102,2
213434,173,159,103,2
213435,173,159,104,2
213436,173,160,97,7
213437,173,160,98,15
213438,173,160,99,15
213439,173,160,101,2
213440,173,160,102,15
213441,173,160,103,15
213442,173,160,104,2
213443,173,160,105,7
213444,173,161,97,7
213445,173,161,98,7
213446,173,161,99,5
213447,173,161,100,5
213448,173,161,101,5
213449,173,161,102,5
213450,173,161,103,7
213451,173,161,104,7
213452,173,161,105,7
213453,173,162,98,7
213454,173,162,99,14
213455,173,162,100,5
213456,173,162,101,5
213457,173,162,102,5
213458,173,162,103,7
213459,173,162,104,7
213460,173,162,105,7
213461,173,163,98,16
213462,173,163,99,14
213463,173,163,100,5
213464,173,163,101,5
213465,173,163,102,7
213466,173,163,103,7
213467,173,163,104,7
213468,173,163,105,7
213469,173,163,106,13
213470,173,164,98,16
213471,173,164,99,16
213472,173,164,100,5
213473,173,164,101,5
213474,173,164,102,7
213475,173,164,103,7
213476,173,164,104,7
213477,173,164,105,7
213478,173,165,93,16
213479,173,165,94,16
213480,173,165,98,16
213481,173,165,99,16
213482,173,165,100,16
213483,173,165,101,14
213484,173,165,102,14
213485,173,165,103,14
213486,173,165,104,7
213487,173,165,105,7
213488,173,166,93,16
213489,173,166,94,16
213490,173,166,97,16
213491,173,166,98,16
213492,173,166,99,16
213493,173,166,100,16
213494,173,166,101,14
213495,173,166,102,14
213496,173,166,103,14
213497,173,166,104,14
213498,173,167,93,16
213499,173,167,94,16
213500,173,167,95,16
213501,173,167,96,16
213502,173,167,97,16
213503,173,167,98,16
213504,173,167,99,5
213505,173,167,100,5
213506,173,167,101,14
213507,173,167,102,14
213508,173,167,103,14
213509,173,168,93,16
213510,173,168,94,16
213511,173,168,95,16
213512,173,168,96,16
213513,173,168,97,16
213514,173,168,98,5
213515,173,168,99,5
213516,173,168,100,5
213517,173,168,101,14
213518,173,168,102,14
213519,173,168,103,14
213520,173,169,91,16
213521,173,169,92,16
213522,173,169,93,16
213523,173,169,94,16
213524,173,169,95,16
213525,173,169,96,5
213526,173,169,97,5
213527,173,169,98,5
213528,173,169,99,15
213529,173,169,100,2
213530,173,169,101,14
213531,173,169,102,16
213532,173,170,90,16
213533,173,170,91,16
213534,173,170,92,16
213535,173,170,93,16
213536,173,170,94,16
213537,173,170,95,5
213538,173,170,96,5
213539,173,170,97,5
213540,173,170,98,5
213541,173,170,99,2
213542,173,170,100,2
213543,173,170,101,16
213544,173,170,102,2
213545,173,171,90,16
213546,173,171,91,16
213547,173,171,92,16
213548,173,171,93,5
213549,173,171,94,5
213550,173,171,95,5
213551,173,171,96,5
213552,173,171,97,5
213553,173,171,98,14
213554,173,171,99,14
213555,173,171,100,16
213556,173,171,101,16
213557,173,172,88,16
213558,173,172,89,16
213559,173,172,90,16
213560,173,172,91,16
213561,173,172,92,5
213562,173,172,93,5
213563,173,172,94,5
213564,173,172,95,5
213565,173,172,96,5
213566,173,172,97,14
213567,173,172,98,14
213568,173,172,99,16
213569,173,172,100,16
213570,173,172,101,2
213571,173,173,86,16
213572,173,173,87,16
213573,173,173,88,16
213574,173,173,89,16
213575,173,173,90,5
213576,173,173,91,15
213577,173,173,92,15
213578,173,173,93,5
213579,173,173,94,5
213580,173,173,95,14
213581,173,173,96,14
213582,173,173,97,14
213583,173,173,98,14
213584,173,173,99,16
213585,173,173,100,2
213586,173,174,86,16
213587,173,174,87,16
213588,173,174,88,16
213589,173,174,89,5
213590,173,174,90,5
213591,173,174,91,5
213592,173,174,92,15
213593,173,174,93,5
213594,173,174,94,14
213595,173,174,95,14
213596,173,174,96,14
213597,173,174,97,14
213598,173,174,98,16
213599,173,174,99,9
213600,173,175,86,16
213601,173,175,87,16
213602,173,175,88,14
213603,173,175,89,5
213604,173,175,90,5
213605,173,175,91,14
213606,173,175,92,14
213607,173,175,93,14
213608,173,175,94,14
213609,173,175,95,14
213610,173,175,96,16
213611,173,175,97,2
213612,173,176,86,16
213613,173,176,87,5
213614,173,176,88,14
213615,173,176,89,14
213616,173,176,90,5
213617,173,176,91,14
213618,173,176,92,14
213619,173,176,93,14
213620,173,176,94,14
213621,173,177,92,14
213622,173,177,94,16
213623,173,178,93,16
213624,174,159,98,3
213625,174,159,102,3
213626,174,159,103,2
213627,174,160,98,15
213628,174,160,101,3
213629,174,160,102,15
213630,174,160,103,7
213631,174,160,105,7
213632,174,161,97,7
213633,174,161,98,7
213634,174,161,101,5
213635,174,161,102,7
213636,174,161,103,7
213637,174,161,104,7
213638,174,161,105,7
213639,174,162,98,7
213640,174,162,101,7
213641,174,162,102,7
213642,174,162,103,7
213643,174,162,104,7
213644,174,162,105,9
213645,174,162,106,9
213646,174,163,98,7
213647,174,163,99,7
213648,174,163,100,7
213649,174,163,101,7
213650,174,163,102,7
213651,174,163,103,7
213652,174,163,104,7
213653,174,164,99,7
213654,174,164,100,14
213655,174,164,101,7
213656,174,164,102,7
213657,174,164,103,7
213658,174,165,99,5
213659,174,165,100,14
213660,174,165,101,14
213661,174,165,102,14
213662,174,166,99,14
213663,174,166,100,14
213664,174,166,101,14
213665,174,166,102,14
213666,174,167,98,16
213667,174,167,99,14
213668,174,167,100,14
213669,174,167,101,14
213670,174,167,102,2
213671,174,168,96,16
213672,174,168,97,5
213673,174,168,98,16
213674,174,168,99,16
213675,174,168,100,16
213676,174,168,101,16
213677,174,169,96,5
213678,174,169,97,14
213679,174,169,98,16
213680,174,169,99,16
213681,174,169,100,16
213682,174,169,101,2
213683,174,170,92,16
213684,174,170,93,5
213685,174,170,94,5
213686,174,170,95,5
213687,174,170,96,14
213688,174,170,97,14
213689,174,170,98,16
213690,174,170,99,16
213691,174,170,100,2
213692,174,170,101,2
213693,174,171,87,16
213694,174,171,88,16
213695,174,171,90,5
213696,174,171,91,5
213697,174,171,92,5
213698,174,171,93,5
213699,174,171,94,5
213700,174,171,95,16
213701,174,171,96,14
213702,174,171,97,14
213703,174,171,98,16
213704,174,171,99,2
213705,174,171,100,2
213706,174,172,86,14
213707,174,172,87,14
213708,174,172,88,16
213709,174,172,89,5
213710,174,172,90,5
213711,174,172,91,5
213712,174,172,92,15
213713,174,172,93,5
213714,174,172,94,16
213715,174,172,95,16
213716,174,172,96,16
213717,174,172,97,16
213718,174,172,98,16
213719,174,172,99,2
213720,174,173,86,14
213721,174,173,87,14
213722,174,173,88,14
213723,174,173,89,5
213724,174,173,90,5
213725,174,173,91,5
213726,174,173,92,14
213727,174,173,93,16
213728,174,173,94,16
213729,174,173,95,16
213730,174,173,96,16
213731,174,173,98,9
213732,174,174,86,5
213733,174,174,87,14
213734,174,174,88,14
213735,174,174,89,5
213736,174,174,90,5
213737,174,174,91,14
213738,174,174,92,14
213739,174,174,93,16
213740,174,174,95,16
213741,174,175,85,16
213742,174,175,86,16
213743,175,160,98,3
213744,175,161,98,7
213745,175,161,105,9
213746,175,162,98,7
213747,175,165,99,7
213748,175,166,99,14
213749,175,167,99,14
213750,175,168,98,14
213751,175,168,99,14
213752,175,168,100,6
213753,175,169,98,16
213754,175,169,99,2
213755,175,170,92,14
213756,175,170,93,14
213757,175,170,98,9
213758,175,171,91,14
213759,175,171,92,16
213760,175,172,95,16
