label,MRI,,,UPENNModuleClustering
213761,140,153,67,3
213762,141,152,67,3
213763,141,153,65,3
213764,142,146,59,3
213765,142,146,60,12
213766,142,146,61,12
213767,142,146,62,15
213768,142,146,63,14
213769,142,147,58,3
213770,142,147,59,3
213771,142,147,60,12
213772,142,147,61,12
213773,142,147,62,3
213774,142,147,63,14
213775,142,148,54,14
213776,142,148,55,14
213777,142,148,56,14
213778,142,148,58,3
213779,142,148,59,3
213780,142,148,60,3
213781,142,148,61,12
213782,142,148,62,3
213783,142,148,63,14
213784,142,149,53,14
213785,142,149,54,14
213786,142,149,55,14
213787,142,149,56,14
213788,142,149,57,3
213789,142,149,58,3
213790,142,149,59,3
213791,142,149,60,3
213792,142,149,61,3
213793,142,149,62,3
213794,142,150,53,3
213795,142,150,54,3
213796,142,150,55,14
213797,142,150,56,14
213798,142,150,57,3
213799,142,150,58,3
213800,142,150,59,3
213801,142,150,60,3
213802,142,150,61,3
213803,142,150,62,3
213804,142,150,64,14
213805,142,150,65,14
213806,142,150,66,14
213807,142,150,67,14
213808,142,151,52,3
213809,142,151,53,3
213810,142,151,54,3
213811,142,151,55,3
213812,142,151,56,3
213813,142,151,57,3
213814,142,151,58,3
213815,142,151,59,3
213816,142,151,60,3
213817,142,151,61,3
213818,142,151,63,3
213819,142,151,64,3
213820,142,151,65,3
213821,142,151,66,3
213822,142,152,52,3
213823,142,152,55,3
213824,142,152,56,3
213825,142,152,57,3
213826,142,152,63,3
213827,142,152,64,3
213828,142,152,65,3
213829,142,153,64,3
213830,143,144,61,14
213831,143,144,62,14
213832,143,144,63,14
213833,143,144,64,14
213834,143,145,59,3
213835,143,145,60,12
213836,143,145,61,14
213837,143,145,62,14
213838,143,145,63,14
213839,143,146,58,3
213840,143,146,59,3
213841,143,146,60,12
213842,143,146,61,12
213843,143,146,62,14
213844,143,146,63,14
213845,143,147,53,14
213846,143,147,54,14
213847,143,147,55,14
213848,143,147,56,14
213849,143,147,58,3
213850,143,147,59,3
213851,143,147,60,12
213852,143,147,61,12
213853,143,147,62,3
213854,143,147,63,14
213855,143,148,53,14
213856,143,148,54,14
213857,143,148,55,14
213858,143,148,56,14
213859,143,148,57,3
213860,143,148,58,3
213861,143,148,59,3
213862,143,148,60,3
213863,143,148,61,12
213864,143,148,62,12
213865,143,148,63,14
213866,143,148,64,14
213867,143,148,65,14
213868,143,149,52,3
213869,143,149,53,3
213870,143,149,54,3
213871,143,149,55,14
213872,143,149,56,3
213873,143,149,57,3
213874,143,149,58,3
213875,143,149,59,3
213876,143,149,60,3
213877,143,149,61,3
213878,143,149,62,3
213879,143,149,63,3
213880,143,149,64,14
213881,143,149,65,14
213882,143,149,66,3
213883,143,150,52,3
213884,143,150,53,3
213885,143,150,54,3
213886,143,150,55,3
213887,143,150,56,3
213888,143,150,57,3
213889,143,150,58,3
213890,143,150,59,3
213891,143,150,60,3
213892,143,150,61,3
213893,143,150,62,3
213894,143,150,63,3
213895,143,150,64,3
213896,143,150,65,3
213897,143,150,66,3
213898,143,150,67,3
213899,143,151,51,3
213900,143,151,52,3
213901,143,151,53,3
213902,143,151,54,3
213903,143,151,55,3
213904,143,151,56,3
213905,143,151,57,3
213906,143,151,58,3
213907,143,151,59,3
213908,143,151,60,3
213909,143,151,61,3
213910,143,151,62,3
213911,143,151,63,3
213912,143,151,64,3
213913,143,151,65,3
213914,143,151,66,3
213915,143,151,67,3
213916,143,152,51,3
213917,143,152,52,3
213918,143,152,53,3
213919,143,152,54,3
213920,143,152,55,3
213921,143,152,56,3
213922,143,152,57,3
213923,143,152,58,3
213924,143,152,59,3
213925,143,152,62,3
213926,143,152,63,3
213927,143,152,64,3
213928,143,152,65,3
213929,143,152,66,3
213930,143,153,51,3
213931,143,153,63,3
213932,143,153,64,3
213933,143,153,65,6
213934,143,154,63,3
213935,143,154,64,12
213936,143,162,79,12
213937,143,163,79,12
213938,144,141,51,14
213939,144,141,52,14
213940,144,143,62,14
213941,144,144,61,14
213942,144,144,62,14
213943,144,144,63,14
213944,144,144,64,14
213945,144,145,59,3
213946,144,145,60,12
213947,144,145,61,14
213948,144,145,62,14
213949,144,145,63,14
213950,144,145,64,14
213951,144,146,57,14
213952,144,146,58,3
213953,144,146,59,3
213954,144,146,60,12
213955,144,146,61,12
213956,144,146,62,14
213957,144,146,63,14
213958,144,146,64,14
213959,144,146,65,14
213960,144,147,51,14
213961,144,147,52,14
213962,144,147,53,14
213963,144,147,54,14
213964,144,147,55,14
213965,144,147,56,14
213966,144,147,57,3
213967,144,147,58,3
213968,144,147,59,3
213969,144,147,60,12
213970,144,147,61,12
213971,144,147,62,3
213972,144,147,63,14
213973,144,147,64,14
213974,144,147,65,14
213975,144,147,66,14
213976,144,148,51,3
213977,144,148,52,3
213978,144,148,53,3
213979,144,148,54,14
213980,144,148,55,14
213981,144,148,56,3
213982,144,148,57,3
213983,144,148,58,3
213984,144,148,59,3
213985,144,148,60,3
213986,144,148,61,12
213987,144,148,62,12
213988,144,148,63,3
213989,144,148,64,14
213990,144,148,65,14
213991,144,148,66,14
213992,144,148,73,12
213993,144,149,51,3
213994,144,149,52,3
213995,144,149,53,3
213996,144,149,54,3
213997,144,149,55,3
213998,144,149,56,3
213999,144,149,57,3
214000,144,149,58,6
214001,144,149,59,6
214002,144,149,60,6
214003,144,149,61,12
214004,144,149,62,12
214005,144,149,63,3
214006,144,149,64,14
214007,144,149,65,14
214008,144,149,66,3
214009,144,149,67,14
214010,144,150,51,3
214011,144,150,52,3
214012,144,150,53,3
214013,144,150,54,3
214014,144,150,55,3
214015,144,150,56,3
214016,144,150,57,3
214017,144,150,58,6
214018,144,150,59,6
214019,144,150,60,6
214020,144,150,61,3
214021,144,150,62,3
214022,144,150,63,3
214023,144,150,64,3
214024,144,150,65,3
214025,144,150,66,3
214026,144,150,67,3
214027,144,151,51,3
214028,144,151,52,3
214029,144,151,53,3
214030,144,151,54,3
214031,144,151,55,3
214032,144,151,56,3
214033,144,151,57,3
214034,144,151,58,3
214035,144,151,59,6
214036,144,151,60,3
214037,144,151,61,3
214038,144,151,62,3
214039,144,151,63,3
214040,144,151,64,3
214041,144,151,65,3
214042,144,151,66,3
214043,144,152,51,3
214044,144,152,52,3
214045,144,152,53,3
214046,144,152,54,3
214047,144,152,55,3
214048,144,152,56,3
214049,144,152,57,3
214050,144,152,58,3
214051,144,152,59,3
214052,144,152,60,3
214053,144,152,61,3
214054,144,152,62,3
214055,144,152,63,3
214056,144,152,64,3
214057,144,152,65,6
214058,144,153,52,3
214059,144,153,53,3
214060,144,153,54,3
214061,144,153,55,3
214062,144,153,58,3
214063,144,153,59,3
214064,144,153,60,3
214065,144,153,61,3
214066,144,153,62,3
214067,144,153,63,3
214068,144,153,64,12
214069,144,153,65,7
214070,144,154,62,3
214071,144,154,63,3
214072,144,154,64,7
214073,144,155,63,3
214074,144,161,79,12
214075,144,161,80,12
214076,144,162,79,12
214077,144,162,80,15
214078,144,163,79,15
214079,144,163,80,2
214080,144,165,81,2
214081,144,166,80,2
214082,144,166,81,2
214083,144,166,82,15
214084,144,167,80,2
214085,144,167,81,15
214086,144,167,82,15
214087,144,168,80,15
214088,144,170,61,12
214089,144,171,61,12
214090,145,143,61,14
214091,145,143,62,14
214092,145,143,63,14
214093,145,143,64,14
214094,145,144,60,14
214095,145,144,61,14
214096,145,144,62,14
214097,145,144,63,14
214098,145,144,64,14
214099,145,145,59,3
214100,145,145,60,3
214101,145,145,61,3
214102,145,145,62,14
214103,145,145,63,14
214104,145,145,64,14
214105,145,145,65,14
214106,145,146,58,3
214107,145,146,59,3
214108,145,146,60,3
214109,145,146,61,3
214110,145,146,62,3
214111,145,146,63,14
214112,145,146,64,14
214113,145,146,65,14
214114,145,147,53,14
214115,145,147,54,14
214116,145,147,55,14
214117,145,147,56,3
214118,145,147,57,3
214119,145,147,58,3
214120,145,147,59,3
214121,145,147,60,3
214122,145,147,61,12
214123,145,147,62,3
214124,145,147,63,14
214125,145,147,64,14
214126,145,147,65,14
214127,145,147,66,14
214128,145,148,51,3
214129,145,148,52,3
214130,145,148,53,3
214131,145,148,54,3
214132,145,148,55,3
214133,145,148,56,3
214134,145,148,57,3
214135,145,148,58,3
214136,145,148,59,3
214137,145,148,60,3
214138,145,148,61,3
214139,145,148,62,3
214140,145,148,63,3
214141,145,148,64,14
214142,145,148,65,14
214143,145,148,66,14
214144,145,148,71,12
214145,145,148,72,12
214146,145,148,73,12
214147,145,149,51,3
214148,145,149,52,3
214149,145,149,53,3
214150,145,149,54,3
214151,145,149,55,3
214152,145,149,56,3
214153,145,149,57,3
214154,145,149,58,3
214155,145,149,59,6
214156,145,149,60,3
214157,145,149,61,3
214158,145,149,62,3
214159,145,149,63,3
214160,145,149,64,3
214161,145,149,65,3
214162,145,149,66,3
214163,145,149,67,3
214164,145,150,51,3
214165,145,150,52,3
214166,145,150,53,3
214167,145,150,54,3
214168,145,150,55,3
214169,145,150,56,3
214170,145,150,57,3
214171,145,150,58,6
214172,145,150,59,6
214173,145,150,60,6
214174,145,150,61,3
214175,145,150,62,3
214176,145,150,63,3
214177,145,150,64,3
214178,145,150,65,3
214179,145,150,66,3
214180,145,150,67,3
214181,145,151,51,3
214182,145,151,52,3
214183,145,151,53,6
214184,145,151,54,6
214185,145,151,55,3
214186,145,151,56,3
214187,145,151,57,3
214188,145,151,58,6
214189,145,151,59,6
214190,145,151,60,6
214191,145,151,61,3
214192,145,151,62,3
214193,145,151,63,12
214194,145,151,64,3
214195,145,151,65,6
214196,145,151,66,3
214197,145,152,51,3
214198,145,152,52,3
214199,145,152,53,3
214200,145,152,54,6
214201,145,152,55,3
214202,145,152,56,3
214203,145,152,57,3
214204,145,152,58,3
214205,145,152,59,3
214206,145,152,60,3
214207,145,152,61,3
214208,145,152,62,3
214209,145,152,63,12
214210,145,152,64,6
214211,145,153,52,3
214212,145,153,53,3
214213,145,153,54,3
214214,145,153,55,3
214215,145,153,56,3
214216,145,153,57,3
214217,145,153,58,3
214218,145,153,59,3
214219,145,153,60,3
214220,145,153,61,3
214221,145,153,62,6
214222,145,153,63,6
214223,145,153,64,7
214224,145,154,60,3
214225,145,154,61,3
214226,145,154,62,3
214227,145,154,63,6
214228,145,154,64,7
214229,145,154,65,7
214230,145,155,61,3
214231,145,155,62,3
214232,145,155,63,6
214233,145,155,64,7
214234,145,156,61,3
214235,145,156,62,3
214236,145,156,63,6
214237,145,157,62,3
214238,145,158,62,3
214239,145,159,62,3
214240,145,159,78,12
214241,145,159,79,12
214242,145,160,62,3
214243,145,160,77,7
214244,145,160,78,12
214245,145,160,79,12
214246,145,161,61,3
214247,145,161,62,3
214248,145,161,77,12
214249,145,161,78,12
214250,145,161,79,12
214251,145,161,80,12
214252,145,162,77,12
214253,145,162,78,12
214254,145,162,79,12
214255,145,162,80,2
214256,145,163,77,12
214257,145,163,78,15
214258,145,163,79,2
214259,145,163,80,2
214260,145,163,81,2
214261,145,164,76,12
214262,145,164,77,15
214263,145,164,78,15
214264,145,164,79,2
214265,145,164,80,2
214266,145,164,81,2
214267,145,165,75,12
214268,145,165,76,12
214269,145,165,77,15
214270,145,165,80,2
214271,145,165,81,2
214272,145,165,82,2
214273,145,166,75,12
214274,145,166,80,2
214275,145,166,81,15
214276,145,166,82,15
214277,145,167,79,2
214278,145,167,80,15
214279,145,167,81,15
214280,145,167,82,15
214281,145,168,79,15
214282,145,168,80,15
214283,145,170,61,2
214284,145,170,62,12
214285,145,171,60,2
214286,145,171,61,2
214287,145,171,62,2
214288,145,172,60,2
214289,145,172,61,2
214290,145,172,62,2
214291,145,173,60,2
214292,146,139,50,14
214293,146,139,51,14
214294,146,140,49,14
214295,146,140,50,14
214296,146,140,51,14
214297,146,140,52,14
214298,146,141,48,14
214299,146,141,49,14
214300,146,141,50,14
214301,146,141,51,14
214302,146,142,48,14
214303,146,142,49,14
214304,146,142,50,14
214305,146,142,51,14
214306,146,143,63,14
214307,146,143,64,14
214308,146,143,65,14
214309,146,144,61,14
214310,146,144,62,14
214311,146,144,63,14
214312,146,144,64,14
214313,146,144,65,14
214314,146,144,66,14
214315,146,145,60,3
214316,146,145,61,3
214317,146,145,62,14
214318,146,145,63,14
214319,146,145,64,14
214320,146,145,65,14
214321,146,146,58,3
214322,146,146,59,3
214323,146,146,60,12
214324,146,146,61,3
214325,146,146,62,3
214326,146,146,63,14
214327,146,146,64,14
214328,146,146,65,14
214329,146,146,71,12
214330,146,146,72,15
214331,146,147,53,14
214332,146,147,54,14
214333,146,147,55,14
214334,146,147,56,3
214335,146,147,57,3
214336,146,147,58,12
214337,146,147,59,12
214338,146,147,60,12
214339,146,147,61,12
214340,146,147,62,3
214341,146,147,63,14
214342,146,147,64,14
214343,146,147,65,14
214344,146,147,66,14
214345,146,147,71,12
214346,146,147,72,12
214347,146,148,52,3
214348,146,148,53,3
214349,146,148,54,3
214350,146,148,55,3
214351,146,148,56,3
214352,146,148,57,12
214353,146,148,58,12
214354,146,148,59,12
214355,146,148,60,3
214356,146,148,61,3
214357,146,148,62,3
214358,146,148,63,3
214359,146,148,64,14
214360,146,148,65,14
214361,146,148,66,14
214362,146,148,72,12
214363,146,148,73,12
214364,146,149,50,3
214365,146,149,51,3
214366,146,149,52,3
214367,146,149,53,3
214368,146,149,54,3
214369,146,149,55,3
214370,146,149,56,12
214371,146,149,57,12
214372,146,149,58,12
214373,146,149,59,12
214374,146,149,60,3
214375,146,149,61,3
214376,146,149,62,3
214377,146,149,63,3
214378,146,149,64,3
214379,146,149,65,3
214380,146,149,66,3
214381,146,149,72,12
214382,146,150,50,3
214383,146,150,51,3
214384,146,150,52,3
214385,146,150,53,3
214386,146,150,54,3
214387,146,150,55,3
214388,146,150,56,12
214389,146,150,57,12
214390,146,150,58,3
214391,146,150,59,3
214392,146,150,60,3
214393,146,150,61,3
214394,146,150,62,3
214395,146,150,63,3
214396,146,150,64,3
214397,146,151,51,3
214398,146,151,52,3
214399,146,151,53,6
214400,146,151,54,6
214401,146,151,55,6
214402,146,151,56,12
214403,146,151,57,3
214404,146,151,58,3
214405,146,151,59,12
214406,146,151,60,6
214407,146,151,61,6
214408,146,151,62,6
214409,146,151,63,12
214410,146,151,64,6
214411,146,151,75,12
214412,146,152,51,3
214413,146,152,52,3
214414,146,152,53,6
214415,146,152,54,6
214416,146,152,55,6
214417,146,152,56,3
214418,146,152,57,3
214419,146,152,58,3
214420,146,152,59,12
214421,146,152,60,12
214422,146,152,61,6
214423,146,152,62,6
214424,146,152,63,6
214425,146,152,64,7
214426,146,153,51,3
214427,146,153,52,3
214428,146,153,53,3
214429,146,153,54,3
214430,146,153,55,3
214431,146,153,56,3
214432,146,153,57,3
214433,146,153,58,3
214434,146,153,59,3
214435,146,153,60,3
214436,146,153,61,6
214437,146,153,62,6
214438,146,153,63,7
214439,146,153,64,7
214440,146,154,51,3
214441,146,154,52,3
214442,146,154,53,3
214443,146,154,54,3
214444,146,154,55,3
214445,146,154,56,3
214446,146,154,59,3
214447,146,154,60,3
214448,146,154,61,3
214449,146,154,62,6
214450,146,154,63,7
214451,146,154,64,7
214452,146,155,59,3
214453,146,155,60,3
214454,146,155,61,3
214455,146,155,62,6
214456,146,155,63,6
214457,146,155,64,7
214458,146,155,76,2
214459,146,155,77,2
214460,146,156,60,3
214461,146,156,61,3
214462,146,156,62,6
214463,146,156,63,6
214464,146,156,64,7
214465,146,156,76,12
214466,146,156,77,2
214467,146,157,61,3
214468,146,157,62,3
214469,146,157,63,12
214470,146,157,75,7
214471,146,157,76,12
214472,146,157,77,2
214473,146,157,78,2
214474,146,158,61,3
214475,146,158,62,3
214476,146,158,63,12
214477,146,158,75,7
214478,146,158,76,12
214479,146,158,77,12
214480,146,158,78,2
214481,146,159,62,3
214482,146,159,63,6
214483,146,159,75,7
214484,146,159,76,12
214485,146,159,77,12
214486,146,159,78,12
214487,146,159,79,2
214488,146,160,62,3
214489,146,160,63,7
214490,146,160,74,7
214491,146,160,75,7
214492,146,160,76,12
214493,146,160,77,12
214494,146,160,78,12
214495,146,160,79,2
214496,146,161,62,3
214497,146,161,74,7
214498,146,161,75,12
214499,146,161,76,12
214500,146,161,77,12
214501,146,161,78,12
214502,146,161,79,2
214503,146,161,80,2
214504,146,162,74,7
214505,146,162,75,12
214506,146,162,76,12
214507,146,162,77,12
214508,146,162,78,2
214509,146,162,79,2
214510,146,162,80,2
214511,146,163,73,7
214512,146,163,74,7
214513,146,163,75,12
214514,146,163,76,12
214515,146,163,77,2
214516,146,163,78,2
214517,146,163,79,2
214518,146,163,80,2
214519,146,163,81,2
214520,146,164,73,7
214521,146,164,74,12
214522,146,164,75,12
214523,146,164,76,2
214524,146,164,77,2
214525,146,164,78,2
214526,146,164,79,2
214527,146,164,80,2
214528,146,164,81,2
214529,146,165,72,7
214530,146,165,73,12
214531,146,165,74,12
214532,146,165,75,12
214533,146,165,76,2
214534,146,165,77,2
214535,146,165,78,2
214536,146,165,79,2
214537,146,165,80,2
214538,146,165,81,15
214539,146,166,62,12
214540,146,166,63,7
214541,146,166,71,7
214542,146,166,72,7
214543,146,166,73,12
214544,146,166,74,12
214545,146,166,75,2
214546,146,166,76,2
214547,146,166,77,2
214548,146,166,78,2
214549,146,166,79,2
214550,146,166,80,15
214551,146,166,81,15
214552,146,167,61,3
214553,146,167,62,12
214554,146,167,63,12
214555,146,167,71,7
214556,146,167,72,12
214557,146,167,73,15
214558,146,167,74,2
214559,146,167,75,2
214560,146,167,76,2
214561,146,167,77,2
214562,146,167,78,2
214563,146,167,79,15
214564,146,167,80,15
214565,146,168,61,2
214566,146,168,62,2
214567,146,168,63,12
214568,146,168,64,7
214569,146,168,70,7
214570,146,168,71,12
214571,146,168,72,15
214572,146,168,73,2
214573,146,168,74,2
214574,146,168,75,2
214575,146,168,76,2
214576,146,168,77,15
214577,146,168,78,15
214578,146,169,61,2
214579,146,169,62,2
214580,146,169,63,12
214581,146,169,64,12
214582,146,169,65,7
214583,146,169,70,3
214584,146,169,71,15
214585,146,169,72,15
214586,146,169,74,2
214587,146,169,75,15
214588,146,169,76,15
214589,146,169,77,15
214590,146,170,61,2
214591,146,170,62,2
214592,146,170,63,2
214593,146,170,64,12
214594,146,170,65,12
214595,146,170,66,7
214596,146,170,70,15
214597,146,170,74,15
214598,146,171,60,2
214599,146,171,61,2
214600,146,171,62,2
214601,146,171,63,2
214602,146,171,64,2
214603,146,171,65,12
214604,146,171,66,12
214605,146,172,60,2
214606,146,172,61,2
214607,146,172,62,2
214608,146,172,63,2
214609,146,172,64,2
214610,146,173,60,2
214611,146,173,61,2
214612,146,173,62,2
214613,147,139,49,14
214614,147,139,50,14
214615,147,139,51,14
214616,147,140,48,14
214617,147,140,49,14
214618,147,140,50,14
214619,147,140,51,14
214620,147,140,52,14
214621,147,141,48,14
214622,147,141,49,14
214623,147,141,50,14
214624,147,141,51,14
214625,147,141,52,14
214626,147,142,48,14
214627,147,142,49,14
214628,147,142,50,14
214629,147,142,51,14
214630,147,143,49,14
214631,147,143,50,14
214632,147,143,63,14
214633,147,143,64,14
214634,147,144,60,2
214635,147,144,61,14
214636,147,144,62,14
214637,147,144,63,14
214638,147,144,64,14
214639,147,145,58,14
214640,147,145,59,2
214641,147,145,60,2
214642,147,145,61,12
214643,147,145,62,14
214644,147,145,63,14
214645,147,145,64,14
214646,147,145,71,15
214647,147,145,72,15
214648,147,146,49,14
214649,147,146,50,14
214650,147,146,51,14
214651,147,146,52,14
214652,147,146,56,14
214653,147,146,57,14
214654,147,146,58,14
214655,147,146,59,3
214656,147,146,60,12
214657,147,146,61,12
214658,147,146,62,3
214659,147,146,63,14
214660,147,146,64,14
214661,147,146,65,14
214662,147,146,70,12
214663,147,146,71,12
214664,147,146,72,15
214665,147,147,48,14
214666,147,147,49,14
214667,147,147,50,14
214668,147,147,51,14
214669,147,147,52,14
214670,147,147,54,14
214671,147,147,55,14
214672,147,147,56,14
214673,147,147,57,3
214674,147,147,58,12
214675,147,147,59,12
214676,147,147,60,12
214677,147,147,61,12
214678,147,147,62,12
214679,147,147,63,3
214680,147,147,64,14
214681,147,147,65,14
214682,147,147,66,3
214683,147,147,71,12
214684,147,147,72,15
214685,147,147,73,15
214686,147,148,47,14
214687,147,148,48,3
214688,147,148,49,3
214689,147,148,50,3
214690,147,148,51,3
214691,147,148,52,3
214692,147,148,53,3
214693,147,148,54,3
214694,147,148,55,3
214695,147,148,56,8
214696,147,148,57,8
214697,147,148,58,8
214698,147,148,59,12
214699,147,148,60,12
214700,147,148,61,12
214701,147,148,62,12
214702,147,148,63,3
214703,147,148,64,3
214704,147,148,65,3
214705,147,148,68,12
214706,147,148,69,12
214707,147,148,71,12
214708,147,148,72,15
214709,147,148,73,15
214710,147,149,48,3
214711,147,149,49,3
214712,147,149,50,3
214713,147,149,51,3
214714,147,149,52,3
214715,147,149,53,3
214716,147,149,54,3
214717,147,149,55,10
214718,147,149,56,8
214719,147,149,57,8
214720,147,149,58,10
214721,147,149,59,10
214722,147,149,60,12
214723,147,149,61,12
214724,147,149,62,12
214725,147,149,63,3
214726,147,149,64,3
214727,147,149,70,12
214728,147,149,71,12
214729,147,149,72,12
214730,147,149,73,12
214731,147,149,74,15
214732,147,150,49,3
214733,147,150,50,3
214734,147,150,51,3
214735,147,150,52,3
214736,147,150,53,3
214737,147,150,54,3
214738,147,150,55,10
214739,147,150,56,10
214740,147,150,57,10
214741,147,150,58,10
214742,147,150,59,12
214743,147,150,60,12
214744,147,150,61,10
214745,147,150,62,3
214746,147,150,63,3
214747,147,150,70,7
214748,147,150,71,6
214749,147,150,72,12
214750,147,150,73,12
214751,147,150,74,15
214752,147,151,50,3
214753,147,151,51,3
214754,147,151,52,3
214755,147,151,53,3
214756,147,151,54,3
214757,147,151,55,3
214758,147,151,56,3
214759,147,151,57,10
214760,147,151,58,12
214761,147,151,59,12
214762,147,151,60,12
214763,147,151,61,12
214764,147,151,62,6
214765,147,151,63,6
214766,147,151,70,7
214767,147,151,71,7
214768,147,151,72,12
214769,147,151,73,12
214770,147,151,74,2
214771,147,151,75,15
214772,147,152,51,3
214773,147,152,52,3
214774,147,152,53,3
214775,147,152,54,3
214776,147,152,55,12
214777,147,152,56,3
214778,147,152,57,3
214779,147,152,58,12
214780,147,152,59,12
214781,147,152,60,12
214782,147,152,61,12
214783,147,152,62,12
214784,147,152,63,6
214785,147,152,64,7
214786,147,152,71,7
214787,147,152,72,12
214788,147,152,73,12
214789,147,152,74,2
214790,147,152,75,2
214791,147,153,51,3
214792,147,153,52,3
214793,147,153,53,3
214794,147,153,54,12
214795,147,153,55,3
214796,147,153,56,3
214797,147,153,57,3
214798,147,153,58,3
214799,147,153,59,3
214800,147,153,60,3
214801,147,153,61,12
214802,147,153,62,6
214803,147,153,63,7
214804,147,153,64,7
214805,147,153,73,12
214806,147,153,74,2
214807,147,153,75,2
214808,147,153,76,2
214809,147,154,51,3
214810,147,154,52,3
214811,147,154,53,3
214812,147,154,54,3
214813,147,154,55,3
214814,147,154,56,3
214815,147,154,57,3
214816,147,154,58,3
214817,147,154,59,3
214818,147,154,60,3
214819,147,154,61,3
214820,147,154,62,6
214821,147,154,63,6
214822,147,154,64,7
214823,147,154,74,2
214824,147,154,75,2
214825,147,154,76,2
214826,147,155,52,3
214827,147,155,53,3
214828,147,155,58,3
214829,147,155,59,3
214830,147,155,60,3
214831,147,155,61,3
214832,147,155,62,6
214833,147,155,63,6
214834,147,155,64,7
214835,147,155,74,12
214836,147,155,75,2
214837,147,155,76,2
214838,147,155,77,2
214839,147,156,58,3
214840,147,156,59,3
214841,147,156,60,3
214842,147,156,61,3
214843,147,156,62,12
214844,147,156,63,6
214845,147,156,75,2
214846,147,156,76,2
214847,147,156,77,2
214848,147,157,58,3
214849,147,157,59,3
214850,147,157,60,3
214851,147,157,61,3
214852,147,157,62,12
214853,147,157,63,12
214854,147,157,75,12
214855,147,157,76,2
214856,147,157,77,2
214857,147,157,78,2
214858,147,158,59,3
214859,147,158,60,3
214860,147,158,61,3
214861,147,158,62,3
214862,147,158,63,12
214863,147,158,74,12
214864,147,158,75,12
214865,147,158,76,12
214866,147,158,77,2
214867,147,158,78,2
214868,147,159,61,3
214869,147,159,62,3
214870,147,159,63,12
214871,147,159,74,12
214872,147,159,75,12
214873,147,159,76,12
214874,147,159,77,12
214875,147,159,78,2
214876,147,159,79,2
214877,147,160,61,3
214878,147,160,62,3
214879,147,160,63,6
214880,147,160,64,7
214881,147,160,74,12
214882,147,160,75,12
214883,147,160,76,12
214884,147,160,77,12
214885,147,160,78,2
214886,147,160,79,2
214887,147,161,62,3
214888,147,161,63,12
214889,147,161,73,12
214890,147,161,74,12
214891,147,161,75,12
214892,147,161,76,12
214893,147,161,77,12
214894,147,161,78,2
214895,147,161,79,2
214896,147,161,80,2
214897,147,162,62,12
214898,147,162,73,12
214899,147,162,74,12
214900,147,162,75,12
214901,147,162,76,12
214902,147,162,77,2
214903,147,162,78,2
214904,147,162,79,2
214905,147,162,80,2
214906,147,163,62,12
214907,147,163,72,7
214908,147,163,73,12
214909,147,163,74,12
214910,147,163,75,12
214911,147,163,76,2
214912,147,163,77,2
214913,147,163,78,2
214914,147,163,79,2
214915,147,163,80,2
214916,147,163,81,15
214917,147,164,62,12
214918,147,164,63,12
214919,147,164,72,12
214920,147,164,73,12
214921,147,164,74,12
214922,147,164,75,2
214923,147,164,76,2
214924,147,164,77,2
214925,147,164,78,2
214926,147,164,79,2
214927,147,164,80,15
214928,147,164,81,15
214929,147,165,62,12
214930,147,165,63,12
214931,147,165,71,12
214932,147,165,72,12
214933,147,165,73,12
214934,147,165,74,12
214935,147,165,75,2
214936,147,165,76,2
214937,147,165,77,2
214938,147,165,78,2
214939,147,165,79,15
214940,147,165,80,15
214941,147,165,81,2
214942,147,166,62,12
214943,147,166,63,12
214944,147,166,64,7
214945,147,166,70,12
214946,147,166,71,12
214947,147,166,72,12
214948,147,166,73,15
214949,147,166,74,2
214950,147,166,75,2
214951,147,166,76,2
214952,147,166,77,15
214953,147,166,78,15
214954,147,166,79,15
214955,147,166,80,2
214956,147,167,61,2
214957,147,167,62,2
214958,147,167,63,12
214959,147,167,64,12
214960,147,167,65,12
214961,147,167,66,7
214962,147,167,67,7
214963,147,167,68,7
214964,147,167,69,12
214965,147,167,70,12
214966,147,167,71,12
214967,147,167,72,15
214968,147,167,73,15
214969,147,167,74,15
214970,147,167,75,15
214971,147,167,76,15
214972,147,167,77,15
214973,147,167,78,15
214974,147,168,61,2
214975,147,168,62,2
214976,147,168,63,12
214977,147,168,64,12
214978,147,168,65,12
214979,147,168,66,12
214980,147,168,67,12
214981,147,168,68,12
214982,147,168,69,12
214983,147,168,70,3
214984,147,168,71,15
214985,147,168,72,15
214986,147,168,73,15
214987,147,168,74,15
214988,147,168,75,15
214989,147,168,76,15
214990,147,168,77,15
214991,147,169,61,2
214992,147,169,62,2
214993,147,169,63,2
214994,147,169,64,2
214995,147,169,65,12
214996,147,169,66,12
214997,147,169,67,12
214998,147,169,68,12
214999,147,169,69,3
215000,147,169,70,15
215001,147,169,71,15
215002,147,169,72,15
215003,147,169,73,15
215004,147,169,74,15
215005,147,170,60,2
215006,147,170,61,2
215007,147,170,62,2
215008,147,170,63,2
215009,147,170,64,2
215010,147,170,65,2
215011,147,170,66,2
215012,147,170,67,2
215013,147,170,68,15
215014,147,170,69,15
215015,147,170,70,15
215016,147,170,71,15
215017,147,170,72,15
215018,147,171,60,2
215019,147,171,61,2
215020,147,171,62,2
215021,147,171,63,2
215022,147,171,64,2
215023,147,171,65,2
215024,147,171,66,2
215025,147,171,67,2
215026,147,171,68,2
215027,147,172,60,2
215028,147,172,61,2
215029,147,172,62,2
215030,147,172,63,2
215031,147,172,64,2
215032,147,174,69,2
215033,148,141,47,14
215034,148,141,48,14
215035,148,141,49,14
215036,148,141,50,14
215037,148,141,51,14
215038,148,142,47,14
215039,148,142,48,14
215040,148,142,49,14
215041,148,142,50,14
215042,148,142,51,14
215043,148,143,47,14
215044,148,143,48,14
215045,148,143,49,14
215046,148,143,50,14
215047,148,143,60,14
215048,148,143,61,14
215049,148,143,62,14
215050,148,143,63,14
215051,148,143,64,14
215052,148,144,47,14
215053,148,144,48,14
215054,148,144,49,14
215055,148,144,50,14
215056,148,144,53,14
215057,148,144,54,14
215058,148,144,55,14
215059,148,144,56,14
215060,148,144,58,14
215061,148,144,59,2
215062,148,144,60,2
215063,148,144,61,14
215064,148,144,62,14
215065,148,144,63,14
215066,148,144,64,14
215067,148,145,47,14
215068,148,145,48,14
215069,148,145,49,14
215070,148,145,50,14
215071,148,145,51,14
215072,148,145,52,14
215073,148,145,53,14
215074,148,145,54,14
215075,148,145,55,14
215076,148,145,56,14
215077,148,145,57,14
215078,148,145,58,14
215079,148,145,59,2
215080,148,145,60,2
215081,148,145,61,12
215082,148,145,62,3
215083,148,145,63,14
215084,148,145,64,14
215085,148,145,65,14
215086,148,146,47,14
215087,148,146,48,14
215088,148,146,49,14
215089,148,146,50,14
215090,148,146,51,14
215091,148,146,52,14
215092,148,146,53,14
215093,148,146,54,14
215094,148,146,55,14
215095,148,146,56,14
215096,148,146,57,8
215097,148,146,58,8
215098,148,146,59,8
215099,148,146,60,8
215100,148,146,61,8
215101,148,146,62,12
215102,148,146,63,3
215103,148,146,64,14
215104,148,146,65,3
215105,148,147,48,14
215106,148,147,49,3
215107,148,147,50,3
215108,148,147,51,14
215109,148,147,52,14
215110,148,147,53,14
215111,148,147,54,14
215112,148,147,55,14
215113,148,147,56,8
215114,148,147,57,8
215115,148,147,58,8
215116,148,147,59,8
215117,148,147,60,8
215118,148,147,61,8
215119,148,147,62,8
215120,148,147,63,3
215121,148,147,64,3
215122,148,147,65,3
215123,148,147,66,12
215124,148,147,67,12
215125,148,147,71,15
215126,148,147,72,15
215127,148,147,73,15
215128,148,148,48,3
215129,148,148,49,3
215130,148,148,50,3
215131,148,148,51,3
215132,148,148,52,3
215133,148,148,53,3
215134,148,148,54,8
215135,148,148,55,8
215136,148,148,56,8
215137,148,148,57,8
215138,148,148,58,10
215139,148,148,59,10
215140,148,148,60,8
215141,148,148,61,8
215142,148,148,62,8
215143,148,148,63,12
215144,148,148,64,3
215145,148,148,65,6
215146,148,148,66,12
215147,148,148,67,12
215148,148,148,70,12
215149,148,148,71,12
215150,148,148,72,15
215151,148,148,73,15
215152,148,149,47,3
215153,148,149,48,3
215154,148,149,49,3
215155,148,149,50,3
215156,148,149,51,3
215157,148,149,52,3
215158,148,149,53,10
215159,148,149,54,10
215160,148,149,55,10
215161,148,149,56,10
215162,148,149,57,10
215163,148,149,58,10
215164,148,149,59,10
215165,148,149,60,8
215166,148,149,61,8
215167,148,149,62,10
215168,148,149,63,12
215169,148,149,64,3
215170,148,149,65,6
215171,148,149,66,7
215172,148,149,67,7
215173,148,149,70,12
215174,148,149,71,12
215175,148,149,72,12
215176,148,149,73,15
215177,148,149,74,15
215178,148,150,47,14
215179,148,150,48,3
215180,148,150,49,3
215181,148,150,50,3
215182,148,150,51,3
215183,148,150,52,3
215184,148,150,53,10
215185,148,150,54,10
215186,148,150,55,10
215187,148,150,56,10
215188,148,150,57,10
215189,148,150,58,10
215190,148,150,59,10
215191,148,150,60,10
215192,148,150,61,10
215193,148,150,62,10
215194,148,150,63,12
215195,148,150,64,6
215196,148,150,65,7
215197,148,150,67,7
215198,148,150,69,7
215199,148,150,70,12
215200,148,150,71,12
215201,148,150,72,12
215202,148,150,73,15
215203,148,150,74,15
215204,148,151,47,14
215205,148,151,48,3
215206,148,151,49,3
215207,148,151,50,3
215208,148,151,51,3
215209,148,151,52,3
215210,148,151,53,10
215211,148,151,54,10
215212,148,151,55,10
215213,148,151,56,10
215214,148,151,57,8
215215,148,151,58,10
215216,148,151,59,10
215217,148,151,60,8
215218,148,151,61,10
215219,148,151,62,10
215220,148,151,63,12
215221,148,151,64,6
215222,148,151,65,7
215223,148,151,69,7
215224,148,151,70,12
215225,148,151,71,12
215226,148,151,72,12
215227,148,151,73,12
215228,148,151,74,15
215229,148,151,75,15
215230,148,152,50,3
215231,148,152,51,3
215232,148,152,52,3
215233,148,152,53,10
215234,148,152,54,10
215235,148,152,55,10
215236,148,152,56,10
215237,148,152,57,8
215238,148,152,58,10
215239,148,152,59,10
215240,148,152,60,10
215241,148,152,61,10
215242,148,152,62,10
215243,148,152,63,12
215244,148,152,64,7
215245,148,152,65,7
215246,148,152,69,7
215247,148,152,70,12
215248,148,152,71,12
215249,148,152,72,12
215250,148,152,73,12
215251,148,152,74,15
215252,148,152,75,15
215253,148,153,52,3
215254,148,153,53,3
215255,148,153,54,10
215256,148,153,55,8
215257,148,153,56,10
215258,148,153,57,10
215259,148,153,58,10
215260,148,153,59,10
215261,148,153,60,10
215262,148,153,61,3
215263,148,153,62,12
215264,148,153,63,6
215265,148,153,64,7
215266,148,153,65,7
215267,148,153,71,12
215268,148,153,72,12
215269,148,153,73,12
215270,148,153,74,2
215271,148,153,75,2
215272,148,153,76,2
215273,148,154,52,3
215274,148,154,53,3
215275,148,154,54,3
215276,148,154,55,8
215277,148,154,56,10
215278,148,154,57,10
215279,148,154,58,10
215280,148,154,59,10
215281,148,154,60,10
215282,148,154,61,3
215283,148,154,62,3
215284,148,154,63,6
215285,148,154,64,7
215286,148,154,65,7
215287,148,154,72,12
215288,148,154,73,12
215289,148,154,74,2
215290,148,154,75,2
215291,148,154,76,2
215292,148,155,52,3
215293,148,155,53,3
215294,148,155,54,3
215295,148,155,55,3
215296,148,155,56,3
215297,148,155,57,3
215298,148,155,58,3
215299,148,155,59,3
215300,148,155,60,3
215301,148,155,61,3
215302,148,155,62,3
215303,148,155,63,6
215304,148,155,64,7
215305,148,155,65,7
215306,148,155,72,12
215307,148,155,73,12
215308,148,155,74,2
215309,148,155,75,2
215310,148,155,76,2
215311,148,155,77,2
215312,148,156,52,3
215313,148,156,53,3
215314,148,156,54,3
215315,148,156,57,3
215316,148,156,58,3
215317,148,156,59,3
215318,148,156,60,3
215319,148,156,61,3
215320,148,156,62,3
215321,148,156,63,12
215322,148,156,64,7
215323,148,156,72,12
215324,148,156,73,12
215325,148,156,74,2
215326,148,156,75,2
215327,148,156,76,2
215328,148,156,77,2
215329,148,157,58,3
215330,148,157,59,3
215331,148,157,60,3
215332,148,157,61,3
215333,148,157,62,3
215334,148,157,63,12
215335,148,157,64,7
215336,148,157,72,12
215337,148,157,73,12
215338,148,157,74,12
215339,148,157,75,2
215340,148,157,76,2
215341,148,157,77,2
215342,148,157,78,15
215343,148,158,58,3
215344,148,158,59,3
215345,148,158,60,3
215346,148,158,61,3
215347,148,158,62,12
215348,148,158,63,12
215349,148,158,64,7
215350,148,158,65,7
215351,148,158,72,12
215352,148,158,73,12
215353,148,158,74,12
215354,148,158,75,2
215355,148,158,76,2
215356,148,158,77,2
215357,148,158,78,2
215358,148,159,58,3
215359,148,159,59,3
215360,148,159,60,3
215361,148,159,61,3
215362,148,159,62,3
215363,148,159,63,12
215364,148,159,64,7
215365,148,159,65,7
215366,148,159,72,12
215367,148,159,73,12
215368,148,159,74,12
215369,148,159,75,2
215370,148,159,76,2
215371,148,159,77,2
215372,148,159,78,2
215373,148,159,79,2
215374,148,160,59,3
215375,148,160,60,3
215376,148,160,61,3
215377,148,160,62,3
215378,148,160,63,12
215379,148,160,64,7
215380,148,160,65,7
215381,148,160,72,12
215382,148,160,73,12
215383,148,160,74,2
215384,148,160,75,2
215385,148,160,76,2
215386,148,160,77,2
215387,148,160,78,2
215388,148,160,79,2
215389,148,161,62,3
215390,148,161,63,12
215391,148,161,64,7
215392,148,161,71,12
215393,148,161,72,12
215394,148,161,73,12
215395,148,161,74,2
215396,148,161,75,2
215397,148,161,76,2
215398,148,161,77,2
215399,148,161,78,2
215400,148,161,79,2
215401,148,161,80,15
215402,148,162,61,3
215403,148,162,62,3
215404,148,162,63,12
215405,148,162,64,7
215406,148,162,65,7
215407,148,162,70,12
215408,148,162,71,12
215409,148,162,72,12
215410,148,162,73,12
215411,148,162,74,2
215412,148,162,75,2
215413,148,162,76,2
215414,148,162,77,2
215415,148,162,78,2
215416,148,162,79,2
215417,148,162,80,15
215418,148,162,81,15
215419,148,163,60,3
215420,148,163,61,3
215421,148,163,62,3
215422,148,163,63,12
215423,148,163,64,6
215424,148,163,65,7
215425,148,163,66,7
215426,148,163,68,7
215427,148,163,69,12
215428,148,163,70,12
215429,148,163,71,12
215430,148,163,72,12
215431,148,163,73,12
215432,148,163,74,2
215433,148,163,75,2
215434,148,163,76,2
215435,148,163,77,2
215436,148,163,78,2
215437,148,163,79,15
215438,148,163,80,15
215439,148,164,60,3
215440,148,164,61,3
215441,148,164,62,3
215442,148,164,63,12
215443,148,164,64,12
215444,148,164,65,7
215445,148,164,66,7
215446,148,164,67,7
215447,148,164,68,12
215448,148,164,69,12
215449,148,164,70,12
215450,148,164,71,12
215451,148,164,72,12
215452,148,164,73,2
215453,148,164,74,2
215454,148,164,75,2
215455,148,164,76,2
215456,148,164,77,2
215457,148,164,78,15
215458,148,164,79,15
215459,148,165,61,2
215460,148,165,62,2
215461,148,165,63,12
215462,148,165,64,12
215463,148,165,65,12
215464,148,165,66,12
215465,148,165,67,12
215466,148,165,68,12
215467,148,165,69,12
215468,148,165,70,12
215469,148,165,71,12
215470,148,165,72,2
215471,148,165,73,2
215472,148,165,74,2
215473,148,165,75,2
215474,148,165,76,2
215475,148,165,77,2
215476,148,165,78,15
215477,148,165,79,15
215478,148,166,61,2
215479,148,166,62,2
215480,148,166,63,2
215481,148,166,64,12
215482,148,166,65,12
215483,148,166,66,12
215484,148,166,67,12
215485,148,166,68,12
215486,148,166,69,12
215487,148,166,70,12
215488,148,166,71,2
215489,148,166,72,2
215490,148,166,73,2
215491,148,166,74,2
215492,148,166,75,2
215493,148,166,76,2
215494,148,166,77,15
215495,148,166,78,2
215496,148,166,79,2
215497,148,167,60,2
215498,148,167,61,2
215499,148,167,62,2
215500,148,167,63,2
215501,148,167,64,2
215502,148,167,65,12
215503,148,167,66,12
215504,148,167,67,12
215505,148,167,68,12
215506,148,167,69,15
215507,148,167,70,15
215508,148,167,71,15
215509,148,167,72,15
215510,148,167,73,2
215511,148,167,74,2
215512,148,167,75,2
215513,148,167,76,2
215514,148,167,77,2
215515,148,167,78,2
215516,148,167,79,2
215517,148,168,59,2
215518,148,168,60,2
215519,148,168,61,2
215520,148,168,62,2
215521,148,168,63,2
215522,148,168,64,2
215523,148,168,65,2
215524,148,168,66,2
215525,148,168,67,2
215526,148,168,68,2
215527,148,168,69,2
215528,148,168,70,2
215529,148,168,71,15
215530,148,168,72,15
215531,148,168,73,15
215532,148,168,74,2
215533,148,168,78,2
215534,148,168,79,2
215535,148,169,59,2
215536,148,169,60,2
215537,148,169,61,2
215538,148,169,62,2
215539,148,169,63,2
215540,148,169,64,2
215541,148,169,65,2
215542,148,169,66,2
215543,148,169,67,2
215544,148,169,68,2
215545,148,169,69,2
215546,148,169,70,2
215547,148,169,71,2
215548,148,169,72,2
215549,148,169,78,2
215550,148,169,79,2
215551,148,170,60,2
215552,148,170,61,2
215553,148,170,62,2
215554,148,170,63,2
215555,148,170,64,2
215556,148,170,65,2
215557,148,170,66,2
215558,148,170,67,2
215559,148,170,68,2
215560,148,170,69,2
215561,148,170,70,2
215562,148,170,71,2
215563,148,170,78,2
215564,148,171,60,2
215565,148,171,61,2
215566,148,171,62,2
215567,148,171,63,2
215568,148,171,64,2
215569,148,171,65,2
215570,148,171,66,2
215571,148,171,67,2
215572,148,171,68,2
215573,148,171,69,2
215574,148,171,70,2
215575,148,172,62,2
215576,148,172,68,2
215577,148,172,69,2
215578,149,141,47,14
215579,149,141,48,14
215580,149,142,47,14
215581,149,142,48,14
215582,149,142,49,14
215583,149,142,50,14
215584,149,142,51,14
215585,149,142,56,14
215586,149,142,57,14
215587,149,142,58,14
215588,149,142,60,14
215589,149,142,61,14
215590,149,142,62,16
215591,149,142,63,14
215592,149,143,46,14
215593,149,143,47,14
215594,149,143,48,14
215595,149,143,49,14
215596,149,143,50,14
215597,149,143,51,14
215598,149,143,52,14
215599,149,143,53,14
215600,149,143,54,14
215601,149,143,55,14
215602,149,143,56,14
215603,149,143,57,14
215604,149,143,58,14
215605,149,143,59,14
215606,149,143,60,14
215607,149,143,61,14
215608,149,143,62,14
215609,149,143,63,14
215610,149,143,64,14
215611,149,143,65,15
215612,149,143,68,12
215613,149,143,69,12
215614,149,143,70,15
215615,149,143,71,16
215616,149,144,46,14
215617,149,144,47,14
215618,149,144,48,14
215619,149,144,49,14
215620,149,144,50,14
215621,149,144,51,14
215622,149,144,52,14
215623,149,144,53,14
215624,149,144,54,14
215625,149,144,55,14
215626,149,144,56,8
215627,149,144,57,8
215628,149,144,58,8
215629,149,144,59,8
215630,149,144,60,8
215631,149,144,61,8
215632,149,144,62,14
215633,149,144,63,14
215634,149,144,64,3
215635,149,144,65,15
215636,149,144,66,12
215637,149,144,67,12
215638,149,144,68,12
215639,149,144,69,12
215640,149,144,70,15
215641,149,144,71,16
215642,149,145,47,14
215643,149,145,48,14
215644,149,145,49,14
215645,149,145,50,14
215646,149,145,51,14
215647,149,145,52,14
215648,149,145,54,14
215649,149,145,55,8
215650,149,145,56,8
215651,149,145,57,8
215652,149,145,58,8
215653,149,145,59,8
215654,149,145,60,8
215655,149,145,61,8
215656,149,145,62,8
215657,149,145,63,8
215658,149,145,64,3
215659,149,145,65,12
215660,149,145,66,12
215661,149,145,67,12
215662,149,145,69,12
215663,149,145,70,12
215664,149,145,71,15
215665,149,145,72,15
215666,149,146,47,14
215667,149,146,48,14
215668,149,146,49,14
215669,149,146,50,14
215670,149,146,51,14
215671,149,146,52,14
215672,149,146,53,14
215673,149,146,54,8
215674,149,146,55,8
215675,149,146,56,8
215676,149,146,57,8
215677,149,146,58,10
215678,149,146,59,10
215679,149,146,60,8
215680,149,146,61,8
215681,149,146,62,8
215682,149,146,63,8
215683,149,146,64,12
215684,149,146,65,6
215685,149,146,66,12
215686,149,146,67,12
215687,149,146,69,6
215688,149,146,70,12
215689,149,146,71,15
215690,149,146,72,15
215691,149,146,73,15
215692,149,147,47,3
215693,149,147,48,3
215694,149,147,49,3
215695,149,147,50,3
215696,149,147,51,3
215697,149,147,52,3
215698,149,147,53,8
215699,149,147,54,8
215700,149,147,55,8
215701,149,147,56,10
215702,149,147,57,10
215703,149,147,58,10
215704,149,147,59,10
215705,149,147,60,10
215706,149,147,61,8
215707,149,147,62,8
215708,149,147,63,8
215709,149,147,64,10
215710,149,147,65,6
215711,149,147,66,6
215712,149,147,69,6
215713,149,147,70,12
215714,149,147,71,3
215715,149,147,72,15
215716,149,147,73,15
215717,149,148,47,3
215718,149,148,48,3
215719,149,148,49,3
215720,149,148,50,3
215721,149,148,51,3
215722,149,148,52,3
215723,149,148,53,8
215724,149,148,54,10
215725,149,148,55,10
215726,149,148,56,10
215727,149,148,57,10
215728,149,148,58,10
215729,149,148,59,10
215730,149,148,60,10
215731,149,148,61,10
215732,149,148,62,8
215733,149,148,63,10
215734,149,148,64,10
215735,149,148,65,7
215736,149,148,66,7
215737,149,148,69,12
215738,149,148,70,12
215739,149,148,71,12
215740,149,148,72,15
215741,149,148,73,15
215742,149,149,47,3
215743,149,149,48,3
215744,149,149,49,3
215745,149,149,50,3
215746,149,149,51,3
215747,149,149,52,3
215748,149,149,53,10
215749,149,149,54,10
215750,149,149,55,10
215751,149,149,56,10
215752,149,149,57,6
215753,149,149,58,6
215754,149,149,59,10
215755,149,149,60,10
215756,149,149,61,12
215757,149,149,62,8
215758,149,149,63,10
215759,149,149,64,10
215760,149,149,65,7
215761,149,149,66,7
215762,149,149,70,12
215763,149,149,71,12
215764,149,149,72,3
215765,149,149,73,15
215766,149,149,74,15
215767,149,150,46,14
215768,149,150,47,14
215769,149,150,48,3
215770,149,150,49,3
215771,149,150,50,3
215772,149,150,51,3
215773,149,150,52,10
215774,149,150,53,10
215775,149,150,54,10
215776,149,150,55,6
215777,149,150,56,6
215778,149,150,57,6
215779,149,150,58,10
215780,149,150,59,10
215781,149,150,60,10
215782,149,150,61,10
215783,149,150,62,10
215784,149,150,63,10
215785,149,150,64,10
215786,149,150,69,12
215787,149,150,70,12
215788,149,150,71,12
215789,149,150,72,12
215790,149,150,73,15
215791,149,150,74,15
215792,149,151,45,3
215793,149,151,46,14
215794,149,151,47,14
215795,149,151,48,3
215796,149,151,49,3
215797,149,151,50,3
215798,149,151,51,3
215799,149,151,52,10
215800,149,151,53,10
215801,149,151,54,10
215802,149,151,55,10
215803,149,151,56,10
215804,149,151,57,10
215805,149,151,58,10
215806,149,151,59,10
215807,149,151,60,10
215808,149,151,61,10
215809,149,151,62,10
215810,149,151,63,10
215811,149,151,64,10
215812,149,151,65,7
215813,149,151,69,7
215814,149,151,70,12
215815,149,151,71,12
215816,149,151,72,12
215817,149,151,73,15
215818,149,151,74,15
215819,149,151,75,15
215820,149,152,46,14
215821,149,152,47,14
215822,149,152,48,3
215823,149,152,49,3
215824,149,152,50,3
215825,149,152,51,3
215826,149,152,52,10
215827,149,152,53,10
215828,149,152,54,10
215829,149,152,55,10
215830,149,152,56,10
215831,149,152,57,10
215832,149,152,58,10
215833,149,152,59,10
215834,149,152,60,10
215835,149,152,61,10
215836,149,152,62,10
215837,149,152,63,10
215838,149,152,64,6
215839,149,152,65,7
215840,149,152,69,7
215841,149,152,70,12
215842,149,152,71,12
215843,149,152,72,12
215844,149,152,73,15
215845,149,152,74,15
215846,149,152,75,15
215847,149,153,51,3
215848,149,153,52,3
215849,149,153,53,8
215850,149,153,54,10
215851,149,153,55,10
215852,149,153,56,10
215853,149,153,57,10
215854,149,153,58,10
215855,149,153,59,10
215856,149,153,60,10
215857,149,153,61,8
215858,149,153,62,10
215859,149,153,63,12
215860,149,153,64,6
215861,149,153,65,7
215862,149,153,66,7
215863,149,153,70,12
215864,149,153,71,12
215865,149,153,72,12
215866,149,153,73,12
215867,149,153,74,15
215868,149,153,75,15
215869,149,153,76,2
215870,149,154,51,3
215871,149,154,52,3
215872,149,154,53,8
215873,149,154,54,10
215874,149,154,55,10
215875,149,154,56,10
215876,149,154,57,10
215877,149,154,58,10
215878,149,154,59,10
215879,149,154,60,10
215880,149,154,61,8
215881,149,154,62,10
215882,149,154,63,12
215883,149,154,64,6
215884,149,154,65,7
215885,149,154,66,7
215886,149,154,70,12
215887,149,154,71,12
215888,149,154,72,12
215889,149,154,73,2
215890,149,154,74,15
215891,149,154,75,15
215892,149,154,76,2
215893,149,155,52,3
215894,149,155,53,3
215895,149,155,54,8
215896,149,155,55,8
215897,149,155,56,10
215898,149,155,57,10
215899,149,155,58,10
215900,149,155,59,10
215901,149,155,60,10
215902,149,155,61,10
215903,149,155,62,3
215904,149,155,63,12
215905,149,155,64,6
215906,149,155,65,7
215907,149,155,66,7
215908,149,155,70,12
215909,149,155,71,12
215910,149,155,72,12
215911,149,155,73,2
215912,149,155,74,2
215913,149,155,75,15
215914,149,155,76,15
215915,149,155,77,2
215916,149,156,52,3
215917,149,156,53,3
215918,149,156,54,8
215919,149,156,55,8
215920,149,156,56,8
215921,149,156,57,8
215922,149,156,58,8
215923,149,156,59,10
215924,149,156,60,10
215925,149,156,61,3
215926,149,156,62,3
215927,149,156,63,12
215928,149,156,64,12
215929,149,156,65,7
215930,149,156,71,12
215931,149,156,72,12
215932,149,156,73,2
215933,149,156,74,2
215934,149,156,75,15
215935,149,156,76,15
215936,149,156,77,2
215937,149,157,54,3
215938,149,157,55,3
215939,149,157,56,3
215940,149,157,57,3
215941,149,157,58,3
215942,149,157,59,3
215943,149,157,60,3
215944,149,157,61,3
215945,149,157,62,3
215946,149,157,63,12
215947,149,157,64,12
215948,149,157,70,12
215949,149,157,71,12
215950,149,157,72,12
215951,149,157,73,2
215952,149,157,74,2
215953,149,157,75,15
215954,149,157,76,15
215955,149,157,77,15
215956,149,157,78,2
215957,149,158,56,3
215958,149,158,57,3
215959,149,158,58,3
215960,149,158,59,3
215961,149,158,60,3
215962,149,158,61,3
215963,149,158,62,3
215964,149,158,63,12
215965,149,158,64,12
215966,149,158,67,7
215967,149,158,68,7
215968,149,158,69,12
215969,149,158,70,12
215970,149,158,71,12
215971,149,158,72,12
215972,149,158,73,2
215973,149,158,74,2
215974,149,158,75,2
215975,149,158,76,15
215976,149,158,77,15
215977,149,158,78,2
215978,149,158,79,2
215979,149,158,80,2
215980,149,159,56,3
215981,149,159,57,3
215982,149,159,58,3
215983,149,159,59,3
215984,149,159,60,3
215985,149,159,61,3
215986,149,159,62,3
215987,149,159,63,12
215988,149,159,64,12
215989,149,159,65,7
215990,149,159,66,7
215991,149,159,67,7
215992,149,159,68,7
215993,149,159,69,12
215994,149,159,70,12
215995,149,159,71,12
215996,149,159,72,2
215997,149,159,73,2
215998,149,159,74,2
215999,149,159,75,2
216000,149,159,76,2
216001,149,159,77,2
216002,149,159,78,2
216003,149,159,79,2
216004,149,159,80,2
216005,149,160,56,3
216006,149,160,57,3
216007,149,160,58,3
216008,149,160,59,3
216009,149,160,60,3
216010,149,160,61,3
216011,149,160,62,3
216012,149,160,63,12
216013,149,160,64,12
216014,149,160,65,7
216015,149,160,66,7
216016,149,160,67,7
216017,149,160,68,12
216018,149,160,69,12
216019,149,160,70,12
216020,149,160,71,12
216021,149,160,72,2
216022,149,160,73,2
216023,149,160,74,2
216024,149,160,75,2
216025,149,160,76,2
216026,149,160,77,2
216027,149,160,78,2
216028,149,160,79,2
216029,149,160,80,2
216030,149,161,59,3
216031,149,161,60,3
216032,149,161,61,3
216033,149,161,62,3
216034,149,161,63,12
216035,149,161,64,12
216036,149,161,65,7
216037,149,161,66,6
216038,149,161,67,12
216039,149,161,68,12
216040,149,161,69,12
216041,149,161,70,12
216042,149,161,71,12
216043,149,161,72,2
216044,149,161,73,2
216045,149,161,74,2
216046,149,161,75,2
216047,149,161,76,2
216048,149,161,77,2
216049,149,161,78,2
216050,149,161,79,2
216051,149,161,80,2
216052,149,162,59,3
216053,149,162,60,3
216054,149,162,61,3
216055,149,162,62,3
216056,149,162,63,12
216057,149,162,64,12
216058,149,162,65,12
216059,149,162,66,12
216060,149,162,67,12
216061,149,162,68,12
216062,149,162,69,12
216063,149,162,70,12
216064,149,162,71,2
216065,149,162,72,2
216066,149,162,73,2
216067,149,162,74,2
216068,149,162,75,2
216069,149,162,76,2
216070,149,162,77,2
216071,149,162,78,2
216072,149,162,79,2
216073,149,162,80,2
216074,149,163,58,3
216075,149,163,59,3
216076,149,163,60,3
216077,149,163,61,3
216078,149,163,62,3
216079,149,163,63,3
216080,149,163,64,12
216081,149,163,65,12
216082,149,163,66,12
216083,149,163,67,12
216084,149,163,68,12
216085,149,163,69,12
216086,149,163,70,2
216087,149,163,71,2
216088,149,163,72,2
216089,149,163,73,2
216090,149,163,74,2
216091,149,163,75,2
216092,149,163,76,2
216093,149,163,77,2
216094,149,163,78,2
216095,149,163,79,2
216096,149,163,80,2
216097,149,164,58,3
216098,149,164,59,3
216099,149,164,60,2
216100,149,164,61,2
216101,149,164,62,2
216102,149,164,63,2
216103,149,164,64,12
216104,149,164,65,12
216105,149,164,66,12
216106,149,164,67,12
216107,149,164,68,2
216108,149,164,69,2
216109,149,164,70,2
216110,149,164,71,2
216111,149,164,72,2
216112,149,164,73,2
216113,149,164,74,2
216114,149,164,75,2
216115,149,164,76,2
216116,149,164,77,2
216117,149,164,78,2
216118,149,164,79,2
216119,149,165,58,3
216120,149,165,59,3
216121,149,165,60,2
216122,149,165,61,2
216123,149,165,62,2
216124,149,165,63,2
216125,149,165,64,2
216126,149,165,65,3
216127,149,165,66,3
216128,149,165,67,15
216129,149,165,68,2
216130,149,165,69,2
216131,149,165,70,2
216132,149,165,71,2
216133,149,165,72,2
216134,149,165,73,2
216135,149,165,74,2
216136,149,165,75,2
216137,149,165,76,2
216138,149,165,77,2
216139,149,165,78,2
216140,149,165,79,2
216141,149,166,57,3
216142,149,166,58,3
216143,149,166,59,3
216144,149,166,60,2
216145,149,166,61,2
216146,149,166,62,2
216147,149,166,63,2
216148,149,166,64,2
216149,149,166,65,2
216150,149,166,66,2
216151,149,166,67,2
216152,149,166,68,2
216153,149,166,69,2
216154,149,166,70,2
216155,149,166,71,2
216156,149,166,72,2
216157,149,166,73,2
216158,149,166,74,2
216159,149,166,75,2
216160,149,166,76,2
216161,149,166,77,2
216162,149,166,78,2
216163,149,166,79,2
216164,149,167,57,3
216165,149,167,58,3
216166,149,167,59,3
216167,149,167,60,2
216168,149,167,61,2
216169,149,167,62,2
216170,149,167,63,2
216171,149,167,64,2
216172,149,167,65,2
216173,149,167,66,2
216174,149,167,67,2
216175,149,167,68,2
216176,149,167,69,2
216177,149,167,70,2
216178,149,167,71,2
216179,149,167,72,2
216180,149,167,73,2
216181,149,167,74,2
216182,149,167,75,2
216183,149,167,76,2
216184,149,167,77,2
216185,149,167,78,2
216186,149,167,79,2
216187,149,167,80,2
216188,149,167,81,2
216189,149,168,60,2
216190,149,168,61,2
216191,149,168,62,2
216192,149,168,63,2
216193,149,168,64,2
216194,149,168,65,2
216195,149,168,66,2
216196,149,168,67,2
216197,149,168,68,2
216198,149,168,69,2
216199,149,168,70,2
216200,149,168,71,2
216201,149,168,72,2
216202,149,168,73,2
216203,149,168,74,2
216204,149,168,75,2
216205,149,168,76,2
216206,149,168,77,2
216207,149,168,78,2
216208,149,168,79,2
216209,149,168,80,2
216210,149,168,81,2
216211,149,169,59,3
216212,149,169,60,3
216213,149,169,61,2
216214,149,169,62,2
216215,149,169,63,2
216216,149,169,64,2
216217,149,169,65,2
216218,149,169,66,2
216219,149,169,67,2
216220,149,169,68,2
216221,149,169,69,2
216222,149,169,70,2
216223,149,169,71,2
216224,149,169,72,2
216225,149,169,73,2
216226,149,169,74,2
216227,149,169,75,2
216228,149,169,76,2
216229,149,169,77,2
216230,149,169,78,2
216231,149,169,79,2
216232,149,169,80,2
216233,149,170,62,2
216234,149,170,64,2
216235,149,170,65,2
216236,149,170,66,2
216237,149,170,67,2
216238,149,170,68,2
216239,149,170,69,2
216240,149,170,70,2
216241,149,170,71,2
216242,149,170,72,2
216243,149,170,73,2
216244,149,170,74,2
216245,149,170,75,2
216246,149,170,76,2
216247,149,170,77,2
216248,149,170,78,2
216249,149,170,79,2
216250,149,170,80,2
216251,149,171,64,2
216252,149,171,65,2
216253,149,171,66,2
216254,149,171,67,2
216255,149,171,68,2
216256,149,171,69,2
216257,149,171,70,2
216258,149,171,71,2
216259,149,171,76,2
216260,149,171,77,2
216261,149,171,78,2
216262,149,171,79,2
216263,149,171,80,2
216264,149,172,64,2
216265,149,172,65,2
216266,149,172,66,2
216267,149,172,67,2
216268,149,172,68,2
216269,149,172,69,2
216270,149,172,77,2
216271,149,172,78,2
216272,149,172,79,2
216273,149,172,80,2
216274,149,172,81,2
216275,149,173,65,2
216276,149,173,76,2
216277,149,173,77,2
216278,149,173,78,2
216279,149,173,79,2
216280,149,173,80,2
216281,149,173,81,2
216282,149,174,76,2
216283,149,174,77,15
216284,149,174,78,15
216285,149,174,79,15
216286,149,174,80,15
216287,149,175,76,15
216288,149,175,77,15
216289,149,175,78,15
216290,150,139,66,2
216291,150,139,67,2
216292,150,140,49,14
216293,150,140,50,14
216294,150,140,65,15
216295,150,140,66,2
216296,150,140,67,2
216297,150,140,68,2
216298,150,140,69,16
216299,150,141,47,14
216300,150,141,48,14
216301,150,141,49,14
216302,150,141,50,14
216303,150,141,56,14
216304,150,141,58,14
216305,150,141,59,14
216306,150,141,61,14
216307,150,141,62,14
216308,150,141,63,14
216309,150,141,64,15
216310,150,141,65,15
216311,150,141,66,12
216312,150,141,67,12
216313,150,141,68,12
216314,150,141,69,2
216315,150,141,70,16
216316,150,142,47,14
216317,150,142,48,14
216318,150,142,49,14
216319,150,142,50,14
216320,150,142,51,14
216321,150,142,52,14
216322,150,142,53,14
216323,150,142,54,14
216324,150,142,55,14
216325,150,142,56,14
216326,150,142,57,14
216327,150,142,58,8
216328,150,142,59,8
216329,150,142,60,8
216330,150,142,61,12
216331,150,142,62,12
216332,150,142,63,12
216333,150,142,64,12
216334,150,142,65,12
216335,150,142,66,12
216336,150,142,68,12
216337,150,142,69,12
216338,150,142,70,16
216339,150,142,71,15
216340,150,143,46,14
216341,150,143,47,14
216342,150,143,48,14
216343,150,143,49,14
216344,150,143,50,14
216345,150,143,51,14
216346,150,143,52,14
216347,150,143,53,14
216348,150,143,54,8
216349,150,143,55,8
216350,150,143,56,8
216351,150,143,57,8
216352,150,143,58,8
216353,150,143,59,8
216354,150,143,60,8
216355,150,143,61,8
216356,150,143,62,12
216357,150,143,63,12
216358,150,143,64,12
216359,150,143,65,12
216360,150,143,66,12
216361,150,143,68,12
216362,150,143,69,12
216363,150,143,70,15
216364,150,143,71,15
216365,150,143,72,2
216366,150,144,46,14
216367,150,144,47,14
216368,150,144,48,14
216369,150,144,49,14
216370,150,144,50,14
216371,150,144,51,14
216372,150,144,52,14
216373,150,144,53,8
216374,150,144,54,8
216375,150,144,55,8
216376,150,144,56,8
216377,150,144,57,8
216378,150,144,58,8
216379,150,144,59,10
216380,150,144,60,8
216381,150,144,61,8
216382,150,144,62,8
216383,150,144,63,12
216384,150,144,64,12
216385,150,144,65,12
216386,150,144,68,6
216387,150,144,69,12
216388,150,144,70,15
216389,150,144,71,15
216390,150,144,72,15
216391,150,145,46,14
216392,150,145,47,14
216393,150,145,48,14
216394,150,145,49,14
216395,150,145,50,14
216396,150,145,51,14
216397,150,145,52,8
216398,150,145,53,8
216399,150,145,54,8
216400,150,145,55,10
216401,150,145,56,10
216402,150,145,57,10
216403,150,145,58,10
216404,150,145,59,10
216405,150,145,60,10
216406,150,145,61,10
216407,150,145,62,8
216408,150,145,63,10
216409,150,145,64,10
216410,150,145,65,6
216411,150,145,68,6
216412,150,145,69,6
216413,150,145,70,12
216414,150,145,71,15
216415,150,145,72,15
216416,150,145,73,2
216417,150,146,46,14
216418,150,146,47,14
216419,150,146,48,14
216420,150,146,49,14
216421,150,146,50,14
216422,150,146,51,3
216423,150,146,52,8
216424,150,146,53,8
216425,150,146,54,10
216426,150,146,55,10
216427,150,146,56,10
216428,150,146,57,10
216429,150,146,58,10
216430,150,146,59,10
216431,150,146,60,6
216432,150,146,61,10
216433,150,146,62,10
216434,150,146,63,10
216435,150,146,64,10
216436,150,146,65,10
216437,150,146,68,7
216438,150,146,69,6
216439,150,146,70,12
216440,150,146,71,15
216441,150,146,72,15
216442,150,146,73,15
216443,150,147,46,14
216444,150,147,47,14
216445,150,147,48,14
216446,150,147,49,14
216447,150,147,50,3
216448,150,147,51,3
216449,150,147,52,8
216450,150,147,53,8
216451,150,147,54,10
216452,150,147,55,10
216453,150,147,56,10
216454,150,147,57,10
216455,150,147,58,10
216456,150,147,59,6
216457,150,147,60,6
216458,150,147,61,6
216459,150,147,62,3
216460,150,147,63,10
216461,150,147,64,10
216462,150,147,65,7
216463,150,147,68,7
216464,150,147,69,6
216465,150,147,70,12
216466,150,147,71,3
216467,150,147,72,15
216468,150,147,73,15
216469,150,148,45,14
216470,150,148,46,3
216471,150,148,47,3
216472,150,148,48,14
216473,150,148,49,3
216474,150,148,50,3
216475,150,148,51,8
216476,150,148,52,8
216477,150,148,53,10
216478,150,148,54,10
216479,150,148,55,10
216480,150,148,56,10
216481,150,148,57,6
216482,150,148,58,6
216483,150,148,59,6
216484,150,148,60,6
216485,150,148,61,6
216486,150,148,62,3
216487,150,148,63,10
216488,150,148,64,10
216489,150,148,65,7
216490,150,148,68,6
216491,150,148,69,12
216492,150,148,70,12
216493,150,148,71,12
216494,150,148,72,15
216495,150,148,73,15
216496,150,149,45,3
216497,150,149,46,14
216498,150,149,47,3
216499,150,149,48,14
216500,150,149,49,3
216501,150,149,50,3
216502,150,149,51,8
216503,150,149,52,10
216504,150,149,53,10
216505,150,149,54,10
216506,150,149,55,10
216507,150,149,56,10
216508,150,149,57,6
216509,150,149,58,6
216510,150,149,59,6
216511,150,149,60,6
216512,150,149,61,6
216513,150,149,62,6
216514,150,149,63,10
216515,150,149,64,10
216516,150,149,65,10
216517,150,149,66,10
216518,150,149,68,6
216519,150,149,69,12
216520,150,149,70,12
216521,150,149,71,12
216522,150,149,72,3
216523,150,149,73,15
216524,150,149,74,15
216525,150,150,45,3
216526,150,150,46,14
216527,150,150,47,14
216528,150,150,48,14
216529,150,150,49,3
216530,150,150,50,3
216531,150,150,51,8
216532,150,150,52,8
216533,150,150,53,8
216534,150,150,54,10
216535,150,150,55,10
216536,150,150,56,6
216537,150,150,57,6
216538,150,150,58,6
216539,150,150,59,6
216540,150,150,60,6
216541,150,150,61,6
216542,150,150,62,12
216543,150,150,63,8
216544,150,150,64,10
216545,150,150,65,10
216546,150,150,66,10
216547,150,150,69,12
216548,150,150,70,12
216549,150,150,71,12
216550,150,150,72,3
216551,150,150,73,15
216552,150,150,74,15
216553,150,151,45,14
216554,150,151,46,14
216555,150,151,47,14
216556,150,151,48,14
216557,150,151,49,3
216558,150,151,50,3
216559,150,151,51,8
216560,150,151,52,8
216561,150,151,53,10
216562,150,151,54,10
216563,150,151,55,10
216564,150,151,56,6
216565,150,151,57,6
216566,150,151,58,6
216567,150,151,59,6
216568,150,151,60,6
216569,150,151,61,6
216570,150,151,62,12
216571,150,151,63,10
216572,150,151,64,10
216573,150,151,65,10
216574,150,151,69,12
216575,150,151,70,12
216576,150,151,71,12
216577,150,151,72,12
216578,150,151,73,15
216579,150,151,74,15
216580,150,151,75,2
216581,150,152,46,14
216582,150,152,47,14
216583,150,152,48,3
216584,150,152,49,3
216585,150,152,50,3
216586,150,152,51,10
216587,150,152,52,10
216588,150,152,53,10
216589,150,152,54,10
216590,150,152,55,10
216591,150,152,56,10
216592,150,152,57,6
216593,150,152,58,6
216594,150,152,59,6
216595,150,152,60,6
216596,150,152,61,6
216597,150,152,62,10
216598,150,152,63,10
216599,150,152,64,10
216600,150,152,65,10
216601,150,152,69,12
216602,150,152,70,12
216603,150,152,71,12
216604,150,152,72,12
216605,150,152,73,15
216606,150,152,74,15
216607,150,152,75,2
216608,150,152,76,2
216609,150,152,77,2
216610,150,153,46,14
216611,150,153,47,14
216612,150,153,49,3
216613,150,153,50,3
216614,150,153,51,8
216615,150,153,52,8
216616,150,153,53,10
216617,150,153,54,10
216618,150,153,55,10
216619,150,153,56,10
216620,150,153,57,10
216621,150,153,58,6
216622,150,153,59,6
216623,150,153,60,6
216624,150,153,61,10
216625,150,153,62,10
216626,150,153,63,10
216627,150,153,64,10
216628,150,153,65,10
216629,150,153,66,10
216630,150,153,68,7
216631,150,153,69,12
216632,150,153,70,12
216633,150,153,71,12
216634,150,153,72,12
216635,150,153,73,15
216636,150,153,74,15
216637,150,153,75,2
216638,150,153,76,2
216639,150,153,77,2
216640,150,154,50,3
216641,150,154,51,3
216642,150,154,52,8
216643,150,154,53,10
216644,150,154,54,10
216645,150,154,55,10
216646,150,154,56,10
216647,150,154,57,10
216648,150,154,58,10
216649,150,154,59,6
216650,150,154,60,10
216651,150,154,61,10
216652,150,154,62,10
216653,150,154,63,10
216654,150,154,64,12
216655,150,154,65,12
216656,150,154,66,7
216657,150,154,67,7
216658,150,154,68,7
216659,150,154,69,12
216660,150,154,70,12
216661,150,154,71,12
216662,150,154,72,12
216663,150,154,73,15
216664,150,154,74,15
216665,150,154,75,2
216666,150,154,76,2
216667,150,154,77,2
216668,150,154,78,2
216669,150,155,51,3
216670,150,155,52,8
216671,150,155,53,10
216672,150,155,54,10
216673,150,155,55,10
216674,150,155,56,10
216675,150,155,57,10
216676,150,155,58,10
216677,150,155,59,10
216678,150,155,60,10
216679,150,155,61,10
216680,150,155,62,10
216681,150,155,63,12
216682,150,155,64,12
216683,150,155,65,7
216684,150,155,66,7
216685,150,155,67,7
216686,150,155,68,7
216687,150,155,70,12
216688,150,155,71,12
216689,150,155,72,12
216690,150,155,73,15
216691,150,155,74,15
216692,150,155,75,15
216693,150,155,76,2
216694,150,155,77,2
216695,150,155,78,2
216696,150,156,51,3
216697,150,156,52,3
216698,150,156,53,10
216699,150,156,54,10
216700,150,156,55,10
216701,150,156,56,10
216702,150,156,57,10
216703,150,156,58,10
216704,150,156,59,10
216705,150,156,60,10
216706,150,156,61,10
216707,150,156,62,10
216708,150,156,63,12
216709,150,156,64,12
216710,150,156,65,7
216711,150,156,66,7
216712,150,156,67,7
216713,150,156,68,6
216714,150,156,69,12
216715,150,156,70,12
216716,150,156,71,12
216717,150,156,72,12
216718,150,156,73,15
216719,150,156,74,15
216720,150,156,75,15
216721,150,156,76,2
216722,150,156,77,2
216723,150,156,78,2
216724,150,156,79,2
216725,150,156,80,2
216726,150,157,52,3
216727,150,157,53,8
216728,150,157,54,8
216729,150,157,55,8
216730,150,157,56,10
216731,150,157,57,10
216732,150,157,58,10
216733,150,157,59,10
216734,150,157,60,10
216735,150,157,61,3
216736,150,157,62,3
216737,150,157,63,12
216738,150,157,64,12
216739,150,157,65,12
216740,150,157,66,7
216741,150,157,67,7
216742,150,157,68,12
216743,150,157,69,12
216744,150,157,70,12
216745,150,157,71,12
216746,150,157,72,12
216747,150,157,73,2
216748,150,157,74,15
216749,150,157,75,2
216750,150,157,76,2
216751,150,157,77,2
216752,150,157,78,2
216753,150,157,79,2
216754,150,157,80,2
216755,150,158,52,3
216756,150,158,53,3
216757,150,158,54,3
216758,150,158,55,3
216759,150,158,56,3
216760,150,158,57,3
216761,150,158,58,3
216762,150,158,59,3
216763,150,158,60,3
216764,150,158,61,3
216765,150,158,62,3
216766,150,158,63,12
216767,150,158,64,12
216768,150,158,65,12
216769,150,158,66,12
216770,150,158,67,12
216771,150,158,68,12
216772,150,158,69,12
216773,150,158,70,12
216774,150,158,71,12
216775,150,158,72,2
216776,150,158,73,2
216777,150,158,74,2
216778,150,158,75,2
216779,150,158,76,2
216780,150,158,77,2
216781,150,158,78,2
216782,150,158,79,2
216783,150,158,80,2
216784,150,159,53,3
216785,150,159,54,3
216786,150,159,55,3
216787,150,159,56,3
216788,150,159,57,3
216789,150,159,58,3
216790,150,159,59,3
216791,150,159,60,3
216792,150,159,61,3
216793,150,159,62,3
216794,150,159,63,12
216795,150,159,64,12
216796,150,159,65,12
216797,150,159,66,12
216798,150,159,67,12
216799,150,159,68,12
216800,150,159,69,12
216801,150,159,70,12
216802,150,159,71,2
216803,150,159,72,2
216804,150,159,73,2
216805,150,159,74,2
216806,150,159,75,2
216807,150,159,76,2
216808,150,159,77,2
216809,150,159,78,2
216810,150,159,79,2
216811,150,159,80,2
216812,150,160,55,3
216813,150,160,56,3
216814,150,160,57,3
216815,150,160,58,3
216816,150,160,59,3
216817,150,160,60,3
216818,150,160,61,3
216819,150,160,62,3
216820,150,160,63,3
216821,150,160,64,12
216822,150,160,65,12
216823,150,160,66,12
216824,150,160,67,12
216825,150,160,68,12
216826,150,160,69,12
216827,150,160,70,2
216828,150,160,71,2
216829,150,160,72,2
216830,150,160,73,2
216831,150,160,74,2
216832,150,160,75,2
216833,150,160,76,2
216834,150,160,77,2
216835,150,160,78,2
216836,150,160,79,2
216837,150,160,80,2
216838,150,160,81,2
216839,150,161,56,3
216840,150,161,57,3
216841,150,161,58,3
216842,150,161,59,3
216843,150,161,60,3
216844,150,161,61,3
216845,150,161,62,3
216846,150,161,63,3
216847,150,161,64,12
216848,150,161,65,12
216849,150,161,66,12
216850,150,161,67,12
216851,150,161,68,12
216852,150,161,69,2
216853,150,161,70,2
216854,150,161,71,2
216855,150,161,72,2
216856,150,161,73,2
216857,150,161,74,2
216858,150,161,75,2
216859,150,161,76,2
216860,150,161,77,2
216861,150,161,78,2
216862,150,161,79,2
216863,150,162,56,3
216864,150,162,57,3
216865,150,162,58,3
216866,150,162,59,3
216867,150,162,60,3
216868,150,162,61,3
216869,150,162,62,3
216870,150,162,63,3
216871,150,162,64,12
216872,150,162,65,12
216873,150,162,66,12
216874,150,162,67,12
216875,150,162,68,12
216876,150,162,69,2
216877,150,162,70,2
216878,150,162,71,2
216879,150,162,72,2
216880,150,162,73,2
216881,150,162,74,2
216882,150,162,75,2
216883,150,162,76,2
216884,150,162,77,2
216885,150,162,78,2
216886,150,162,79,2
216887,150,162,81,2
216888,150,163,56,3
216889,150,163,57,3
216890,150,163,58,3
216891,150,163,59,3
216892,150,163,60,15
216893,150,163,61,3
216894,150,163,62,2
216895,150,163,63,2
216896,150,163,64,12
216897,150,163,65,12
216898,150,163,66,12
216899,150,163,67,3
216900,150,163,68,2
216901,150,163,69,2
216902,150,163,70,2
216903,150,163,71,2
216904,150,163,72,2
216905,150,163,73,2
216906,150,163,74,2
216907,150,163,75,2
216908,150,163,76,2
216909,150,163,77,2
216910,150,163,78,2
216911,150,163,79,2
216912,150,163,80,2
216913,150,163,81,2
216914,150,164,56,3
216915,150,164,57,3
216916,150,164,58,3
216917,150,164,59,3
216918,150,164,60,2
216919,150,164,61,2
216920,150,164,62,2
216921,150,164,63,2
216922,150,164,64,2
216923,150,164,65,2
216924,150,164,66,2
216925,150,164,67,2
216926,150,164,68,2
216927,150,164,69,2
216928,150,164,70,2
216929,150,164,71,2
216930,150,164,72,2
216931,150,164,73,2
216932,150,164,74,2
216933,150,164,75,2
216934,150,164,76,2
216935,150,164,77,2
216936,150,164,78,2
216937,150,164,80,2
216938,150,164,81,2
216939,150,165,55,3
216940,150,165,56,3
216941,150,165,57,3
216942,150,165,58,3
216943,150,165,59,3
216944,150,165,60,2
216945,150,165,61,2
216946,150,165,62,2
216947,150,165,63,2
216948,150,165,64,2
216949,150,165,65,2
216950,150,165,66,2
216951,150,165,67,2
216952,150,165,68,2
216953,150,165,69,2
216954,150,165,70,2
216955,150,165,71,2
216956,150,165,72,2
216957,150,165,73,2
216958,150,165,74,2
216959,150,165,75,2
216960,150,165,76,2
216961,150,165,77,2
216962,150,165,78,2
216963,150,165,79,2
216964,150,165,80,2
216965,150,165,81,2
216966,150,166,55,3
216967,150,166,56,3
216968,150,166,57,3
216969,150,166,58,3
216970,150,166,59,3
216971,150,166,60,2
216972,150,166,61,2
216973,150,166,62,2
216974,150,166,63,2
216975,150,166,64,2
216976,150,166,65,2
216977,150,166,66,2
216978,150,166,67,2
216979,150,166,68,2
216980,150,166,69,2
216981,150,166,70,2
216982,150,166,71,2
216983,150,166,72,2
216984,150,166,73,2
216985,150,166,74,2
216986,150,166,75,2
216987,150,166,76,2
216988,150,166,77,2
216989,150,166,78,2
216990,150,166,79,2
216991,150,166,80,2
216992,150,166,81,2
216993,150,167,56,3
216994,150,167,57,3
216995,150,167,58,3
216996,150,167,59,3
216997,150,167,60,3
216998,150,167,61,2
216999,150,167,62,2
217000,150,167,63,2
217001,150,167,64,2
217002,150,167,65,2
217003,150,167,66,2
217004,150,167,67,2
217005,150,167,68,2
217006,150,167,69,2
217007,150,167,70,2
217008,150,167,71,2
217009,150,167,72,2
217010,150,167,73,2
217011,150,167,74,2
217012,150,167,75,2
217013,150,167,76,2
217014,150,167,77,2
217015,150,167,78,2
217016,150,167,79,2
217017,150,167,80,2
217018,150,167,81,2
217019,150,167,82,2
217020,150,168,58,3
217021,150,168,59,3
217022,150,168,60,3
217023,150,168,61,2
217024,150,168,62,2
217025,150,168,63,2
217026,150,168,64,2
217027,150,168,65,2
217028,150,168,66,2
217029,150,168,67,2
217030,150,168,68,2
217031,150,168,69,2
217032,150,168,70,2
217033,150,168,71,2
217034,150,168,72,2
217035,150,168,73,2
217036,150,168,74,2
217037,150,168,75,2
217038,150,168,76,2
217039,150,168,77,2
217040,150,168,78,2
217041,150,168,79,2
217042,150,168,80,2
217043,150,168,81,2
217044,150,168,82,2
217045,150,169,63,2
217046,150,169,64,2
217047,150,169,65,2
217048,150,169,66,2
217049,150,169,67,2
217050,150,169,68,2
217051,150,169,69,2
217052,150,169,70,2
217053,150,169,71,2
217054,150,169,72,2
217055,150,169,73,2
217056,150,169,74,2
217057,150,169,75,2
217058,150,169,76,2
217059,150,169,77,2
217060,150,169,78,2
217061,150,169,79,2
217062,150,169,80,2
217063,150,169,81,2
217064,150,169,82,2
217065,150,170,64,2
217066,150,170,65,2
217067,150,170,66,2
217068,150,170,67,2
217069,150,170,68,2
217070,150,170,69,2
217071,150,170,70,2
217072,150,170,71,2
217073,150,170,72,2
217074,150,170,73,2
217075,150,170,74,2
217076,150,170,75,2
217077,150,170,76,2
217078,150,170,77,2
217079,150,170,78,2
217080,150,170,79,2
217081,150,170,80,15
217082,150,170,81,15
217083,150,170,82,15
217084,150,171,65,2
217085,150,171,66,2
217086,150,171,67,2
217087,150,171,68,2
217088,150,171,69,2
217089,150,171,70,2
217090,150,171,71,2
217091,150,171,72,2
217092,150,171,73,2
217093,150,171,74,2
217094,150,171,75,2
217095,150,171,76,2
217096,150,171,77,2
217097,150,171,78,2
217098,150,171,79,15
217099,150,171,80,15
217100,150,171,81,15
217101,150,171,82,15
217102,150,172,64,2
217103,150,172,65,2
217104,150,172,66,2
217105,150,172,67,2
217106,150,172,68,2
217107,150,172,69,2
217108,150,172,70,2
217109,150,172,71,2
217110,150,172,72,2
217111,150,172,73,2
217112,150,172,74,2
217113,150,172,75,2
217114,150,172,76,2
217115,150,172,77,15
217116,150,172,78,15
217117,150,172,79,15
217118,150,172,80,15
217119,150,172,81,15
217120,150,172,82,15
217121,150,173,64,2
217122,150,173,65,2
217123,150,173,66,2
217124,150,173,67,2
217125,150,173,68,2
217126,150,173,69,2
217127,150,173,70,2
217128,150,173,71,2
217129,150,173,72,2
217130,150,173,73,2
217131,150,173,74,15
217132,150,173,75,15
217133,150,173,76,15
217134,150,173,77,15
217135,150,173,78,15
217136,150,173,79,15
217137,150,173,80,15
217138,150,174,64,2
217139,150,174,65,2
217140,150,174,66,2
217141,150,174,67,2
217142,150,174,68,2
217143,150,174,69,2
217144,150,174,70,2
217145,150,174,71,2
217146,150,174,72,2
217147,150,174,73,15
217148,150,174,74,15
217149,150,174,75,15
217150,150,174,76,15
217151,150,174,77,15
217152,150,174,78,15
217153,150,175,69,15
217154,150,175,70,15
217155,150,175,71,15
217156,150,175,72,15
217157,151,137,67,16
217158,151,138,67,2
217159,151,139,58,14
217160,151,139,59,14
217161,151,139,60,14
217162,151,139,61,14
217163,151,139,62,14
217164,151,139,63,14
217165,151,139,66,12
217166,151,139,67,12
217167,151,139,68,16
217168,151,139,69,16
217169,151,140,50,14
217170,151,140,56,14
217171,151,140,57,14
217172,151,140,58,14
217173,151,140,59,14
217174,151,140,60,14
217175,151,140,61,12
217176,151,140,62,12
217177,151,140,63,12
217178,151,140,64,12
217179,151,140,65,12
217180,151,140,66,12
217181,151,140,67,12
217182,151,140,68,15
217183,151,140,69,16
217184,151,140,70,16
217185,151,141,48,14
217186,151,141,49,14
217187,151,141,50,14
217188,151,141,51,14
217189,151,141,53,14
217190,151,141,54,14
217191,151,141,55,8
217192,151,141,56,8
217193,151,141,57,8
217194,151,141,58,8
217195,151,141,59,8
217196,151,141,60,8
217197,151,141,61,8
217198,151,141,62,12
217199,151,141,63,12
217200,151,141,64,12
217201,151,141,65,12
217202,151,141,66,12
217203,151,141,67,12
217204,151,141,68,12
217205,151,141,69,16
217206,151,141,70,16
217207,151,142,46,14
217208,151,142,47,14
217209,151,142,48,14
217210,151,142,49,14
217211,151,142,50,14
217212,151,142,51,14
217213,151,142,52,14
217214,151,142,53,14
217215,151,142,54,8
217216,151,142,55,8
217217,151,142,56,8
217218,151,142,57,8
217219,151,142,58,8
217220,151,142,59,8
217221,151,142,60,8
217222,151,142,61,8
217223,151,142,62,12
217224,151,142,63,12
217225,151,142,64,12
217226,151,142,65,12
217227,151,142,67,6
217228,151,142,68,12
217229,151,142,69,15
217230,151,142,70,16
217231,151,143,46,14
217232,151,143,47,14
217233,151,143,48,14
217234,151,143,49,14
217235,151,143,50,14
217236,151,143,51,14
217237,151,143,52,8
217238,151,143,53,8
217239,151,143,54,8
217240,151,143,55,8
217241,151,143,56,8
217242,151,143,57,8
217243,151,143,58,10
217244,151,143,59,10
217245,151,143,60,10
217246,151,143,61,8
217247,151,143,62,8
217248,151,143,63,10
217249,151,143,64,10
217250,151,143,65,6
217251,151,143,67,6
217252,151,143,68,6
217253,151,143,69,3
217254,151,143,70,16
217255,151,143,71,15
217256,151,143,72,2
217257,151,144,46,14
217258,151,144,47,14
217259,151,144,48,14
217260,151,144,49,14
217261,151,144,50,14
217262,151,144,51,8
217263,151,144,52,8
217264,151,144,53,8
217265,151,144,54,10
217266,151,144,55,10
217267,151,144,56,10
217268,151,144,57,10
217269,151,144,58,10
217270,151,144,59,10
217271,151,144,60,10
217272,151,144,61,8
217273,151,144,62,10
217274,151,144,63,10
217275,151,144,64,10
217276,151,144,65,10
217277,151,144,66,10
217278,151,144,68,6
217279,151,144,69,12
217280,151,144,70,15
217281,151,144,71,15
217282,151,144,72,15
217283,151,145,45,3
217284,151,145,46,14
217285,151,145,47,14
217286,151,145,48,14
217287,151,145,49,14
217288,151,145,50,14
217289,151,145,51,8
217290,151,145,52,8
217291,151,145,53,10
217292,151,145,54,10
217293,151,145,55,10
217294,151,145,56,10
217295,151,145,57,6
217296,151,145,58,6
217297,151,145,59,10
217298,151,145,60,10
217299,151,145,61,10
217300,151,145,62,10
217301,151,145,63,10
217302,151,145,64,10
217303,151,145,65,10
217304,151,145,66,10
217305,151,145,68,6
217306,151,145,69,6
217307,151,145,70,12
217308,151,145,71,15
217309,151,145,72,15
217310,151,145,73,2
217311,151,146,45,3
217312,151,146,46,14
217313,151,146,47,14
217314,151,146,48,14
217315,151,146,49,14
217316,151,146,50,14
217317,151,146,51,8
217318,151,146,52,10
217319,151,146,53,10
217320,151,146,54,10
217321,151,146,55,10
217322,151,146,56,6
217323,151,146,57,6
217324,151,146,58,6
217325,151,146,59,6
217326,151,146,60,6
217327,151,146,61,6
217328,151,146,62,6
217329,151,146,63,10
217330,151,146,64,10
217331,151,146,65,10
217332,151,146,66,10
217333,151,146,67,7
217334,151,146,68,6
217335,151,146,69,6
217336,151,146,70,12
217337,151,146,71,12
217338,151,146,72,15
217339,151,146,73,15
217340,151,146,74,2
217341,151,147,45,3
217342,151,147,46,14
217343,151,147,47,14
217344,151,147,48,14
217345,151,147,49,14
217346,151,147,50,3
217347,151,147,51,8
217348,151,147,52,10
217349,151,147,53,10
217350,151,147,54,10
217351,151,147,55,10
217352,151,147,56,6
217353,151,147,57,6
217354,151,147,58,6
217355,151,147,59,6
217356,151,147,60,6
217357,151,147,61,6
217358,151,147,62,6
217359,151,147,63,6
217360,151,147,64,10
217361,151,147,65,10
217362,151,147,66,10
217363,151,147,68,6
217364,151,147,69,12
217365,151,147,70,12
217366,151,147,71,3
217367,151,147,72,15
217368,151,147,73,15
217369,151,147,74,2
217370,151,148,45,14
217371,151,148,46,14
217372,151,148,47,14
217373,151,148,48,14
217374,151,148,49,14
217375,151,148,50,3
217376,151,148,51,8
217377,151,148,52,10
217378,151,148,53,10
217379,151,148,54,10
217380,151,148,55,10
217381,151,148,56,6
217382,151,148,57,6
217383,151,148,58,6
217384,151,148,59,6
217385,151,148,60,6
217386,151,148,61,6
217387,151,148,62,6
217388,151,148,63,6
217389,151,148,64,10
217390,151,148,65,10
217391,151,148,66,10
217392,151,148,68,12
217393,151,148,69,12
217394,151,148,70,12
217395,151,148,71,3
217396,151,148,72,15
217397,151,148,73,15
217398,151,148,74,2
217399,151,148,75,2
217400,151,149,45,14
217401,151,149,46,14
217402,151,149,47,14
217403,151,149,48,14
217404,151,149,49,14
217405,151,149,50,3
217406,151,149,51,8
217407,151,149,52,10
217408,151,149,53,10
217409,151,149,54,10
217410,151,149,55,10
217411,151,149,56,10
217412,151,149,57,6
217413,151,149,58,7
217414,151,149,59,7
217415,151,149,60,6
217416,151,149,61,6
217417,151,149,62,6
217418,151,149,63,10
217419,151,149,64,10
217420,151,149,65,10
217421,151,149,66,10
217422,151,149,68,6
217423,151,149,69,12
217424,151,149,70,12
217425,151,149,71,12
217426,151,149,72,15
217427,151,149,73,15
217428,151,149,74,2
217429,151,149,75,2
217430,151,150,45,14
217431,151,150,46,14
217432,151,150,47,14
217433,151,150,48,14
217434,151,150,49,14
217435,151,150,50,3
217436,151,150,51,8
217437,151,150,52,8
217438,151,150,53,10
217439,151,150,54,10
217440,151,150,55,10
217441,151,150,56,10
217442,151,150,57,6
217443,151,150,58,6
217444,151,150,59,6
217445,151,150,60,6
217446,151,150,61,6
217447,151,150,62,6
217448,151,150,63,10
217449,151,150,64,10
217450,151,150,65,10
217451,151,150,66,10
217452,151,150,67,7
217453,151,150,68,6
217454,151,150,69,12
217455,151,150,70,12
217456,151,150,71,12
217457,151,150,72,15
217458,151,150,73,15
217459,151,150,74,2
217460,151,150,75,2
217461,151,150,76,2
217462,151,151,45,14
217463,151,151,46,14
217464,151,151,47,14
217465,151,151,48,14
217466,151,151,49,14
217467,151,151,50,3
217468,151,151,51,10
217469,151,151,52,8
217470,151,151,53,10
217471,151,151,54,10
217472,151,151,55,10
217473,151,151,56,10
217474,151,151,57,10
217475,151,151,58,6
217476,151,151,59,6
217477,151,151,60,6
217478,151,151,61,6
217479,151,151,62,6
217480,151,151,63,10
217481,151,151,64,10
217482,151,151,65,10
217483,151,151,66,10
217484,151,151,67,7
217485,151,151,68,12
217486,151,151,69,12
217487,151,151,70,12
217488,151,151,71,12
217489,151,151,72,15
217490,151,151,73,15
217491,151,151,74,2
217492,151,151,75,2
217493,151,151,76,2
217494,151,151,77,2
217495,151,152,46,14
217496,151,152,47,14
217497,151,152,48,14
217498,151,152,49,3
217499,151,152,50,3
217500,151,152,51,10
217501,151,152,52,10
217502,151,152,53,10
217503,151,152,54,10
217504,151,152,55,10
217505,151,152,56,10
217506,151,152,57,10
217507,151,152,58,6
217508,151,152,59,6
217509,151,152,60,6
217510,151,152,61,6
217511,151,152,62,10
217512,151,152,63,10
217513,151,152,64,10
217514,151,152,65,10
217515,151,152,67,7
217516,151,152,68,12
217517,151,152,69,12
217518,151,152,70,12
217519,151,152,71,12
217520,151,152,72,15
217521,151,152,73,15
217522,151,152,74,2
217523,151,152,75,2
217524,151,152,76,2
217525,151,152,77,2
217526,151,152,78,2
217527,151,153,46,14
217528,151,153,47,14
217529,151,153,48,14
217530,151,153,49,3
217531,151,153,50,3
217532,151,153,51,8
217533,151,153,52,10
217534,151,153,53,10
217535,151,153,54,10
217536,151,153,55,10
217537,151,153,56,10
217538,151,153,57,10
217539,151,153,58,6
217540,151,153,59,6
217541,151,153,60,6
217542,151,153,61,6
217543,151,153,62,10
217544,151,153,63,10
217545,151,153,64,10
217546,151,153,65,10
217547,151,153,66,10
217548,151,153,68,12
217549,151,153,69,12
217550,151,153,70,12
217551,151,153,71,12
217552,151,153,72,15
217553,151,153,73,15
217554,151,153,74,15
217555,151,153,75,2
217556,151,153,76,2
217557,151,153,77,2
217558,151,153,78,2
217559,151,154,49,3
217560,151,154,50,3
217561,151,154,51,8
217562,151,154,52,10
217563,151,154,53,10
217564,151,154,54,10
217565,151,154,55,10
217566,151,154,56,10
217567,151,154,57,10
217568,151,154,58,6
217569,151,154,59,6
217570,151,154,60,6
217571,151,154,61,6
217572,151,154,62,10
217573,151,154,63,10
217574,151,154,64,10
217575,151,154,65,12
217576,151,154,66,12
217577,151,154,67,12
217578,151,154,68,12
217579,151,154,69,12
217580,151,154,70,12
217581,151,154,71,12
217582,151,154,72,15
217583,151,154,73,15
217584,151,154,74,15
217585,151,154,75,2
217586,151,154,76,2
217587,151,154,77,2
217588,151,154,78,2
217589,151,154,79,2
217590,151,154,80,2
217591,151,154,81,2
217592,151,155,50,3
217593,151,155,51,8
217594,151,155,52,10
217595,151,155,53,10
217596,151,155,54,10
217597,151,155,55,10
217598,151,155,56,10
217599,151,155,57,10
217600,151,155,58,6
217601,151,155,59,6
217602,151,155,60,6
217603,151,155,61,10
217604,151,155,62,10
217605,151,155,63,10
217606,151,155,64,12
217607,151,155,65,12
217608,151,155,66,12
217609,151,155,67,12
217610,151,155,68,12
217611,151,155,69,12
217612,151,155,70,12
217613,151,155,71,12
217614,151,155,72,15
217615,151,155,73,15
217616,151,155,74,15
217617,151,155,75,2
217618,151,155,76,2
217619,151,155,77,2
217620,151,155,78,2
217621,151,155,79,2
217622,151,155,80,2
217623,151,155,81,2
217624,151,156,50,3
217625,151,156,51,8
217626,151,156,52,8
217627,151,156,53,10
217628,151,156,54,10
217629,151,156,55,10
217630,151,156,56,10
217631,151,156,57,10
217632,151,156,58,10
217633,151,156,59,6
217634,151,156,60,10
217635,151,156,61,10
217636,151,156,62,3
217637,151,156,63,12
217638,151,156,64,12
217639,151,156,65,12
217640,151,156,66,12
217641,151,156,67,12
217642,151,156,68,12
217643,151,156,69,12
217644,151,156,70,12
217645,151,156,71,12
217646,151,156,72,15
217647,151,156,73,15
217648,151,156,74,15
217649,151,156,75,2
217650,151,156,76,2
217651,151,156,77,2
217652,151,156,78,2
217653,151,156,79,2
217654,151,156,80,2
217655,151,157,51,3
217656,151,157,52,8
217657,151,157,53,10
217658,151,157,54,10
217659,151,157,55,10
217660,151,157,56,10
217661,151,157,57,10
217662,151,157,58,10
217663,151,157,59,10
217664,151,157,60,10
217665,151,157,61,3
217666,151,157,62,3
217667,151,157,63,3
217668,151,157,64,12
217669,151,157,65,12
217670,151,157,66,12
217671,151,157,67,12
217672,151,157,68,12
217673,151,157,69,12
217674,151,157,70,12
217675,151,157,71,12
217676,151,157,72,15
217677,151,157,73,15
217678,151,157,74,2
217679,151,157,75,2
217680,151,157,76,2
217681,151,157,77,2
217682,151,157,78,2
217683,151,157,79,2
217684,151,157,80,2
217685,151,158,51,3
217686,151,158,52,3
217687,151,158,53,3
217688,151,158,54,10
217689,151,158,55,10
217690,151,158,56,10
217691,151,158,57,10
217692,151,158,58,10
217693,151,158,59,10
217694,151,158,60,3
217695,151,158,61,3
217696,151,158,62,3
217697,151,158,63,3
217698,151,158,64,12
217699,151,158,65,12
217700,151,158,66,12
217701,151,158,67,12
217702,151,158,68,12
217703,151,158,69,12
217704,151,158,70,2
217705,151,158,71,2
217706,151,158,72,2
217707,151,158,73,2
217708,151,158,74,2
217709,151,158,75,2
217710,151,158,76,2
217711,151,158,77,2
217712,151,158,78,2
217713,151,158,79,2
217714,151,158,80,2
217715,151,158,81,2
217716,151,158,82,2
217717,151,158,83,2
217718,151,159,52,3
217719,151,159,53,3
217720,151,159,54,3
217721,151,159,55,3
217722,151,159,56,3
217723,151,159,57,10
217724,151,159,58,3
217725,151,159,59,3
217726,151,159,60,3
217727,151,159,61,3
217728,151,159,62,3
217729,151,159,63,3
217730,151,159,64,12
217731,151,159,65,12
217732,151,159,66,12
217733,151,159,67,12
217734,151,159,68,2
217735,151,159,69,2
217736,151,159,70,2
217737,151,159,71,2
217738,151,159,72,2
217739,151,159,73,2
217740,151,159,74,2
217741,151,159,75,2
217742,151,159,76,2
217743,151,159,77,2
217744,151,159,78,2
217745,151,159,79,2
217746,151,159,80,2
217747,151,159,81,2
217748,151,159,82,2
217749,151,159,83,2
217750,151,160,52,3
217751,151,160,53,3
217752,151,160,54,3
217753,151,160,55,3
217754,151,160,56,3
217755,151,160,57,3
217756,151,160,58,3
217757,151,160,59,3
217758,151,160,60,3
217759,151,160,61,3
217760,151,160,62,3
217761,151,160,63,3
217762,151,160,64,3
217763,151,160,65,12
217764,151,160,66,12
217765,151,160,67,2
217766,151,160,68,2
217767,151,160,69,2
217768,151,160,70,2
217769,151,160,71,2
217770,151,160,72,2
217771,151,160,73,2
217772,151,160,74,2
217773,151,160,75,2
217774,151,160,76,2
217775,151,160,77,2
217776,151,160,78,2
217777,151,160,79,2
217778,151,160,80,2
217779,151,160,81,2
217780,151,160,82,2
217781,151,160,83,2
217782,151,161,55,3
217783,151,161,56,3
217784,151,161,57,3
217785,151,161,58,3
217786,151,161,59,3
217787,151,161,60,3
217788,151,161,61,3
217789,151,161,62,3
217790,151,161,63,3
217791,151,161,64,3
217792,151,161,65,3
217793,151,161,66,12
217794,151,161,67,2
217795,151,161,68,2
217796,151,161,69,2
217797,151,161,70,2
217798,151,161,71,2
217799,151,161,72,2
217800,151,161,73,2
217801,151,161,74,2
217802,151,161,75,2
217803,151,161,76,2
217804,151,161,77,2
217805,151,161,78,2
217806,151,161,79,2
217807,151,161,80,2
217808,151,161,81,2
217809,151,161,82,2
217810,151,162,56,3
217811,151,162,57,3
217812,151,162,58,3
217813,151,162,59,3
217814,151,162,60,3
217815,151,162,61,3
217816,151,162,62,2
217817,151,162,63,2
217818,151,162,64,12
217819,151,162,65,2
217820,151,162,66,2
217821,151,162,67,2
217822,151,162,68,2
217823,151,162,69,2
217824,151,162,70,2
217825,151,162,71,2
217826,151,162,72,2
217827,151,162,73,2
217828,151,162,74,2
217829,151,162,75,2
217830,151,162,76,2
217831,151,162,77,2
217832,151,162,78,2
217833,151,162,79,2
217834,151,162,80,2
217835,151,162,81,2
217836,151,162,82,2
217837,151,163,56,3
217838,151,163,57,3
217839,151,163,58,3
217840,151,163,59,3
217841,151,163,60,2
217842,151,163,61,2
217843,151,163,62,2
217844,151,163,63,2
217845,151,163,64,2
217846,151,163,65,2
217847,151,163,66,2
217848,151,163,67,2
217849,151,163,68,2
217850,151,163,69,2
217851,151,163,70,2
217852,151,163,71,2
217853,151,163,72,2
217854,151,163,73,2
217855,151,163,74,2
217856,151,163,75,2
217857,151,163,76,2
217858,151,163,77,2
217859,151,163,78,2
217860,151,163,79,2
217861,151,163,80,2
217862,151,163,81,2
217863,151,163,82,2
217864,151,164,55,3
217865,151,164,56,3
217866,151,164,57,3
217867,151,164,58,3
217868,151,164,59,3
217869,151,164,60,2
217870,151,164,61,2
217871,151,164,62,2
217872,151,164,63,2
217873,151,164,64,2
217874,151,164,65,2
217875,151,164,66,2
217876,151,164,67,2
217877,151,164,68,2
217878,151,164,69,2
217879,151,164,70,2
217880,151,164,71,2
217881,151,164,72,2
217882,151,164,73,2
217883,151,164,74,2
217884,151,164,75,2
217885,151,164,76,2
217886,151,164,77,2
217887,151,164,78,2
217888,151,164,79,2
217889,151,164,80,2
217890,151,164,81,2
217891,151,164,82,2
217892,151,164,83,2
217893,151,165,54,3
217894,151,165,55,3
217895,151,165,56,3
217896,151,165,57,3
217897,151,165,58,3
217898,151,165,59,3
217899,151,165,60,2
217900,151,165,61,2
217901,151,165,62,2
217902,151,165,63,2
217903,151,165,64,2
217904,151,165,65,2
217905,151,165,66,2
217906,151,165,67,2
217907,151,165,68,2
217908,151,165,69,2
217909,151,165,70,2
217910,151,165,71,2
217911,151,165,72,2
217912,151,165,73,2
217913,151,165,74,2
217914,151,165,75,2
217915,151,165,76,2
217916,151,165,77,2
217917,151,165,78,2
217918,151,165,79,2
217919,151,165,80,2
217920,151,165,81,2
217921,151,165,82,2
217922,151,165,83,2
217923,151,165,84,2
217924,151,166,54,3
217925,151,166,55,3
217926,151,166,56,3
217927,151,166,57,3
217928,151,166,58,3
217929,151,166,59,3
217930,151,166,60,3
217931,151,166,61,2
217932,151,166,62,2
217933,151,166,63,2
217934,151,166,64,2
217935,151,166,65,2
217936,151,166,66,2
217937,151,166,67,2
217938,151,166,68,2
217939,151,166,69,2
217940,151,166,70,2
217941,151,166,71,2
217942,151,166,72,2
217943,151,166,73,2
217944,151,166,74,2
217945,151,166,75,2
217946,151,166,76,2
217947,151,166,77,2
217948,151,166,78,2
217949,151,166,79,2
217950,151,166,80,2
217951,151,166,81,2
217952,151,166,82,2
217953,151,166,83,2
217954,151,167,56,3
217955,151,167,57,3
217956,151,167,58,3
217957,151,167,59,3
217958,151,167,60,3
217959,151,167,61,2
217960,151,167,62,2
217961,151,167,63,2
217962,151,167,64,2
217963,151,167,65,2
217964,151,167,66,2
217965,151,167,67,2
217966,151,167,68,2
217967,151,167,69,2
217968,151,167,70,2
217969,151,167,71,2
217970,151,167,72,2
217971,151,167,73,2
217972,151,167,74,2
217973,151,167,75,2
217974,151,167,76,2
217975,151,167,77,2
217976,151,167,78,2
217977,151,167,79,2
217978,151,167,80,2
217979,151,167,81,2
217980,151,167,82,2
217981,151,167,83,2
217982,151,168,59,3
217983,151,168,60,3
217984,151,168,61,2
217985,151,168,62,2
217986,151,168,63,2
217987,151,168,64,2
217988,151,168,65,2
217989,151,168,66,2
217990,151,168,67,2
217991,151,168,68,2
217992,151,168,69,2
217993,151,168,70,2
217994,151,168,71,2
217995,151,168,72,2
217996,151,168,73,2
217997,151,168,74,2
217998,151,168,75,2
217999,151,168,76,2
218000,151,168,77,2
218001,151,168,78,2
218002,151,168,79,2
218003,151,168,80,15
218004,151,168,81,15
218005,151,168,82,2
218006,151,168,83,2
218007,151,169,62,2
218008,151,169,63,2
218009,151,169,64,2
218010,151,169,65,2
218011,151,169,66,2
218012,151,169,67,2
218013,151,169,68,2
218014,151,169,69,2
218015,151,169,70,2
218016,151,169,71,2
218017,151,169,72,2
218018,151,169,73,2
218019,151,169,74,2
218020,151,169,75,2
218021,151,169,76,2
218022,151,169,77,2
218023,151,169,78,15
218024,151,169,79,15
218025,151,169,80,15
218026,151,169,81,15
218027,151,169,82,15
218028,151,169,83,15
218029,151,170,63,2
218030,151,170,64,2
218031,151,170,65,2
218032,151,170,66,2
218033,151,170,67,2
218034,151,170,68,2
218035,151,170,69,2
218036,151,170,70,2
218037,151,170,71,2
218038,151,170,72,2
218039,151,170,73,2
218040,151,170,74,2
218041,151,170,75,2
218042,151,170,76,2
218043,151,170,77,15
218044,151,170,78,15
218045,151,170,79,15
218046,151,170,80,15
218047,151,170,81,15
218048,151,170,82,15
218049,151,170,83,15
218050,151,171,63,3
218051,151,171,64,2
218052,151,171,65,2
218053,151,171,66,2
218054,151,171,67,2
218055,151,171,68,2
218056,151,171,69,2
218057,151,171,70,2
218058,151,171,71,2
218059,151,171,72,2
218060,151,171,73,2
218061,151,171,74,15
218062,151,171,75,15
218063,151,171,76,15
218064,151,171,77,15
218065,151,171,78,15
218066,151,171,79,15
218067,151,171,80,15
218068,151,171,81,15
218069,151,171,82,15
218070,151,172,64,2
218071,151,172,65,2
218072,151,172,66,2
218073,151,172,67,2
218074,151,172,68,2
218075,151,172,69,2
218076,151,172,70,2
218077,151,172,71,2
218078,151,172,72,2
218079,151,172,73,15
218080,151,172,74,15
218081,151,172,75,15
218082,151,172,76,15
218083,151,172,77,15
218084,151,172,78,15
218085,151,172,79,15
218086,151,172,80,15
218087,151,172,81,15
218088,151,173,64,15
218089,151,173,65,15
218090,151,173,66,15
218091,151,173,67,15
218092,151,173,68,15
218093,151,173,69,15
218094,151,173,70,15
218095,151,173,71,15
218096,151,173,72,2
218097,151,173,73,15
218098,151,173,74,15
218099,151,173,75,15
218100,151,173,76,15
218101,151,173,77,15
218102,151,173,78,15
218103,151,174,65,15
218104,151,174,66,15
218105,151,174,67,15
218106,151,174,68,15
218107,151,174,69,15
218108,151,174,70,15
218109,151,174,71,15
218110,151,174,72,15
218111,151,174,73,15
218112,151,174,74,15
218113,151,175,67,15
218114,151,175,68,15
218115,151,175,69,15
218116,151,175,70,15
218117,151,175,71,15
218118,151,175,72,15
218119,152,120,66,16
218120,152,121,65,16
218121,152,121,66,16
218122,152,122,65,16
218123,152,122,66,16
218124,152,122,67,16
218125,152,123,64,16
218126,152,123,65,16
218127,152,123,66,16
218128,152,123,67,16
218129,152,124,64,16
218130,152,124,65,16
218131,152,124,66,16
218132,152,124,67,16
218133,152,125,65,16
218134,152,125,66,16
218135,152,125,67,16
218136,152,126,65,16
218137,152,126,66,16
218138,152,126,67,16
218139,152,131,69,2
218140,152,132,63,2
218141,152,133,63,16
218142,152,133,64,2
218143,152,133,65,16
218144,152,134,62,14
218145,152,134,63,16
218146,152,134,64,14
218147,152,134,65,2
218148,152,135,62,14
218149,152,135,63,14
218150,152,135,64,16
218151,152,135,65,12
218152,152,135,66,16
218153,152,135,67,16
218154,152,136,61,14
218155,152,136,62,14
218156,152,136,63,15
218157,152,136,64,9
218158,152,136,65,12
218159,152,136,66,16
218160,152,136,67,16
218161,152,137,57,14
218162,152,137,58,14
218163,152,137,60,14
218164,152,137,61,14
218165,152,137,62,12
218166,152,137,63,12
218167,152,137,64,12
218168,152,137,66,12
218169,152,137,67,16
218170,152,137,68,16
218171,152,138,57,14
218172,152,138,58,14
218173,152,138,59,14
218174,152,138,60,14
218175,152,138,61,12
218176,152,138,62,12
218177,152,138,63,12
218178,152,138,64,12
218179,152,138,66,12
218180,152,138,67,16
218181,152,138,68,16
218182,152,139,54,14
218183,152,139,55,14
218184,152,139,56,14
218185,152,139,57,8
218186,152,139,58,8
218187,152,139,59,8
218188,152,139,60,8
218189,152,139,61,8
218190,152,139,62,12
218191,152,139,63,12
218192,152,139,64,12
218193,152,139,66,12
218194,152,139,67,3
218195,152,139,68,16
218196,152,139,69,16
218197,152,140,52,14
218198,152,140,53,8
218199,152,140,54,8
218200,152,140,55,8
218201,152,140,56,8
218202,152,140,57,8
218203,152,140,58,8
218204,152,140,59,8
218205,152,140,60,8
218206,152,140,61,8
218207,152,140,62,8
218208,152,140,63,12
218209,152,140,64,12
218210,152,140,66,12
218211,152,140,67,12
218212,152,140,68,16
218213,152,140,69,16
218214,152,141,48,14
218215,152,141,49,14
218216,152,141,50,14
218217,152,141,51,14
218218,152,141,52,8
218219,152,141,53,8
218220,152,141,54,8
218221,152,141,55,8
218222,152,141,56,8
218223,152,141,57,8
218224,152,141,58,8
218225,152,141,59,8
218226,152,141,60,8
218227,152,141,61,8
218228,152,141,62,8
218229,152,141,63,12
218230,152,141,64,4
218231,152,141,66,6
218232,152,141,67,6
218233,152,141,68,3
218234,152,141,69,16
218235,152,141,70,16
218236,152,142,48,14
218237,152,142,49,14
218238,152,142,50,14
218239,152,142,51,8
218240,152,142,52,8
218241,152,142,53,8
218242,152,142,54,8
218243,152,142,55,8
218244,152,142,56,10
218245,152,142,57,10
218246,152,142,58,10
218247,152,142,59,10
218248,152,142,60,10
218249,152,142,61,8
218250,152,142,62,8
218251,152,142,63,10
218252,152,142,64,10
218253,152,142,65,10
218254,152,142,67,6
218255,152,142,68,12
218256,152,142,69,15
218257,152,142,70,16
218258,152,142,71,15
218259,152,142,72,2
218260,152,143,47,14
218261,152,143,48,14
218262,152,143,49,14
218263,152,143,50,14
218264,152,143,51,8
218265,152,143,52,8
218266,152,143,53,10
218267,152,143,54,10
218268,152,143,55,10
218269,152,143,56,10
218270,152,143,57,10
218271,152,143,58,10
218272,152,143,59,10
218273,152,143,60,10
218274,152,143,61,8
218275,152,143,62,8
218276,152,143,63,8
218277,152,143,64,10
218278,152,143,65,10
218279,152,143,67,6
218280,152,143,68,6
218281,152,143,69,12
218282,152,143,70,16
218283,152,143,71,15
218284,152,143,72,15
218285,152,144,47,14
218286,152,144,48,14
218287,152,144,49,14
218288,152,144,50,14
218289,152,144,51,8
218290,152,144,52,8
218291,152,144,53,10
218292,152,144,54,10
218293,152,144,55,10
218294,152,144,56,10
218295,152,144,57,10
218296,152,144,58,10
218297,152,144,59,10
218298,152,144,60,10
218299,152,144,61,10
218300,152,144,62,10
218301,152,144,63,10
218302,152,144,64,10
218303,152,144,65,10
218304,152,144,66,10
218305,152,144,67,7
218306,152,144,68,6
218307,152,144,69,12
218308,152,144,70,15
218309,152,144,71,15
218310,152,144,72,15
218311,152,144,73,2
218312,152,144,74,2
218313,152,145,46,14
218314,152,145,47,14
218315,152,145,48,14
218316,152,145,49,14
218317,152,145,50,14
218318,152,145,51,8
218319,152,145,52,10
218320,152,145,53,10
218321,152,145,54,6
218322,152,145,55,6
218323,152,145,56,10
218324,152,145,57,6
218325,152,145,58,6
218326,152,145,59,10
218327,152,145,60,10
218328,152,145,61,10
218329,152,145,62,10
218330,152,145,63,10
218331,152,145,64,10
218332,152,145,65,10
218333,152,145,66,10
218334,152,145,67,7
218335,152,145,68,4
218336,152,145,69,12
218337,152,145,70,12
218338,152,145,71,15
218339,152,145,72,15
218340,152,145,73,2
218341,152,145,74,2
218342,152,146,45,3
218343,152,146,46,14
218344,152,146,47,14
218345,152,146,48,14
218346,152,146,49,14
218347,152,146,50,14
218348,152,146,51,8
218349,152,146,52,10
218350,152,146,53,10
218351,152,146,54,6
218352,152,146,55,6
218353,152,146,56,6
218354,152,146,57,6
218355,152,146,58,6
218356,152,146,59,6
218357,152,146,60,6
218358,152,146,61,6
218359,152,146,62,6
218360,152,146,63,10
218361,152,146,64,10
218362,152,146,65,10
218363,152,146,66,10
218364,152,146,67,6
218365,152,146,68,12
218366,152,146,69,12
218367,152,146,70,12
218368,152,146,71,15
218369,152,146,72,15
218370,152,146,73,15
218371,152,146,74,2
218372,152,147,44,3
218373,152,147,45,14
218374,152,147,46,14
218375,152,147,47,14
218376,152,147,48,14
218377,152,147,49,14
218378,152,147,50,14
218379,152,147,51,8
218380,152,147,52,10
218381,152,147,53,10
218382,152,147,54,10
218383,152,147,55,6
218384,152,147,56,6
218385,152,147,57,6
218386,152,147,58,7
218387,152,147,59,7
218388,152,147,60,6
218389,152,147,61,6
218390,152,147,62,6
218391,152,147,63,6
218392,152,147,64,10
218393,152,147,65,10
218394,152,147,66,10
218395,152,147,67,6
218396,152,147,68,12
218397,152,147,69,12
218398,152,147,70,12
218399,152,147,71,12
218400,152,147,72,15
218401,152,147,73,15
218402,152,147,74,2
218403,152,147,75,2
218404,152,148,44,3
218405,152,148,45,14
218406,152,148,46,14
218407,152,148,47,14
218408,152,148,48,14
218409,152,148,49,14
218410,152,148,50,14
218411,152,148,51,8
218412,152,148,52,10
218413,152,148,53,10
218414,152,148,54,10
218415,152,148,55,6
218416,152,148,56,6
218417,152,148,57,6
218418,152,148,58,7
218419,152,148,59,7
218420,152,148,60,6
218421,152,148,61,6
218422,152,148,62,6
218423,152,148,63,6
218424,152,148,64,10
218425,152,148,65,10
218426,152,148,66,10
218427,152,148,67,6
218428,152,148,68,12
218429,152,148,69,12
218430,152,148,70,12
218431,152,148,71,12
218432,152,148,72,15
218433,152,148,73,15
218434,152,148,74,2
218435,152,148,75,2
218436,152,148,76,2
218437,152,149,44,3
218438,152,149,45,14
218439,152,149,46,14
218440,152,149,47,14
218441,152,149,48,14
218442,152,149,49,14
218443,152,149,50,14
218444,152,149,51,8
218445,152,149,52,10
218446,152,149,53,10
218447,152,149,54,10
218448,152,149,55,10
218449,152,149,56,10
218450,152,149,57,6
218451,152,149,58,6
218452,152,149,59,7
218453,152,149,60,6
218454,152,149,61,6
218455,152,149,62,6
218456,152,149,63,10
218457,152,149,64,10
218458,152,149,65,10
218459,152,149,66,10
218460,152,149,67,6
218461,152,149,68,12
218462,152,149,69,12
218463,152,149,70,12
218464,152,149,71,12
218465,152,149,72,15
218466,152,149,73,15
218467,152,149,74,2
218468,152,149,75,2
218469,152,149,76,2
218470,152,149,77,2
218471,152,149,78,2
218472,152,150,45,14
218473,152,150,46,14
218474,152,150,47,14
218475,152,150,48,14
218476,152,150,49,14
218477,152,150,50,14
218478,152,150,51,8
218479,152,150,52,8
218480,152,150,53,10
218481,152,150,54,10
218482,152,150,55,10
218483,152,150,56,10
218484,152,150,57,6
218485,152,150,58,6
218486,152,150,59,6
218487,152,150,60,6
218488,152,150,61,6
218489,152,150,62,6
218490,152,150,63,10
218491,152,150,64,10
218492,152,150,65,10
218493,152,150,66,10
218494,152,150,67,7
218495,152,150,68,12
218496,152,150,69,12
218497,152,150,70,12
218498,152,150,71,12
218499,152,150,72,15
218500,152,150,73,15
218501,152,150,74,2
218502,152,150,75,2
218503,152,150,76,2
218504,152,150,77,2
218505,152,150,78,2
218506,152,151,47,14
218507,152,151,48,14
218508,152,151,49,14
218509,152,151,50,3
218510,152,151,51,8
218511,152,151,52,10
218512,152,151,53,10
218513,152,151,54,10
218514,152,151,55,10
218515,152,151,56,10
218516,152,151,57,10
218517,152,151,58,6
218518,152,151,59,6
218519,152,151,60,7
218520,152,151,61,6
218521,152,151,62,6
218522,152,151,63,10
218523,152,151,64,10
218524,152,151,65,10
218525,152,151,66,10
218526,152,151,67,6
218527,152,151,68,12
218528,152,151,69,12
218529,152,151,70,12
218530,152,151,71,12
218531,152,151,72,15
218532,152,151,73,15
218533,152,151,74,2
218534,152,151,75,2
218535,152,151,76,2
218536,152,151,77,2
218537,152,151,78,2
218538,152,151,79,2
218539,152,152,47,14
218540,152,152,48,14
218541,152,152,49,14
218542,152,152,50,3
218543,152,152,51,8
218544,152,152,52,10
218545,152,152,53,10
218546,152,152,54,10
218547,152,152,55,10
218548,152,152,56,10
218549,152,152,57,10
218550,152,152,58,6
218551,152,152,59,6
218552,152,152,60,6
218553,152,152,61,6
218554,152,152,62,10
218555,152,152,63,10
218556,152,152,64,10
218557,152,152,65,10
218558,152,152,66,10
218559,152,152,67,12
218560,152,152,68,12
218561,152,152,69,12
218562,152,152,70,12
218563,152,152,71,3
218564,152,152,72,15
218565,152,152,73,15
218566,152,152,74,2
218567,152,152,75,2
218568,152,152,76,2
218569,152,152,77,2
218570,152,152,78,2
218571,152,152,79,2
218572,152,152,85,15
218573,152,152,86,15
218574,152,152,87,2
218575,152,153,47,14
218576,152,153,48,14
218577,152,153,49,14
218578,152,153,50,3
218579,152,153,51,8
218580,152,153,52,10
218581,152,153,53,10
218582,152,153,54,10
218583,152,153,55,10
218584,152,153,56,10
218585,152,153,57,6
218586,152,153,58,6
218587,152,153,59,6
218588,152,153,60,6
218589,152,153,61,6
218590,152,153,62,10
218591,152,153,63,10
218592,152,153,64,10
218593,152,153,65,10
218594,152,153,66,10
218595,152,153,67,12
218596,152,153,68,12
218597,152,153,69,12
218598,152,153,70,12
218599,152,153,71,12
218600,152,153,72,15
218601,152,153,73,2
218602,152,153,74,2
218603,152,153,75,2
218604,152,153,76,2
218605,152,153,77,2
218606,152,153,78,2
218607,152,153,79,2
218608,152,153,80,2
218609,152,153,81,15
218610,152,153,82,15
218611,152,153,83,15
218612,152,153,85,15
218613,152,153,86,15
218614,152,153,87,2
218615,152,154,49,3
218616,152,154,50,3
218617,152,154,51,10
218618,152,154,52,10
218619,152,154,53,10
218620,152,154,54,10
218621,152,154,55,10
218622,152,154,56,10
218623,152,154,57,6
218624,152,154,58,6
218625,152,154,59,6
218626,152,154,60,6
218627,152,154,61,6
218628,152,154,62,10
218629,152,154,63,10
218630,152,154,64,10
218631,152,154,65,10
218632,152,154,66,12
218633,152,154,67,12
218634,152,154,68,12
218635,152,154,69,12
218636,152,154,70,12
218637,152,154,71,15
218638,152,154,72,2
218639,152,154,73,2
218640,152,154,74,2
218641,152,154,75,2
218642,152,154,76,2
218643,152,154,77,2
218644,152,154,78,2
218645,152,154,79,2
218646,152,154,80,2
218647,152,154,81,15
218648,152,154,82,15
218649,152,154,83,15
218650,152,154,84,15
218651,152,154,85,15
218652,152,154,86,15
218653,152,155,49,3
218654,152,155,50,3
218655,152,155,51,8
218656,152,155,52,10
218657,152,155,53,10
218658,152,155,54,10
218659,152,155,55,10
218660,152,155,56,10
218661,152,155,57,10
218662,152,155,58,6
218663,152,155,59,6
218664,152,155,60,6
218665,152,155,61,6
218666,152,155,62,10
218667,152,155,63,8
218668,152,155,64,10
218669,152,155,65,12
218670,152,155,66,12
218671,152,155,67,12
218672,152,155,68,12
218673,152,155,69,12
218674,152,155,70,12
218675,152,155,71,15
218676,152,155,72,2
218677,152,155,73,2
218678,152,155,74,2
218679,152,155,75,2
218680,152,155,76,2
218681,152,155,77,2
218682,152,155,78,2
218683,152,155,79,2
218684,152,155,80,2
218685,152,155,81,2
218686,152,155,82,15
218687,152,155,83,15
218688,152,155,84,15
218689,152,155,85,15
218690,152,156,50,3
218691,152,156,51,3
218692,152,156,52,10
218693,152,156,53,10
218694,152,156,54,10
218695,152,156,55,10
218696,152,156,56,10
218697,152,156,57,10
218698,152,156,58,6
218699,152,156,59,6
218700,152,156,60,6
218701,152,156,61,10
218702,152,156,62,8
218703,152,156,63,12
218704,152,156,64,12
218705,152,156,65,12
218706,152,156,66,12
218707,152,156,67,12
218708,152,156,68,12
218709,152,156,69,12
218710,152,156,70,12
218711,152,156,71,15
218712,152,156,72,2
218713,152,156,73,2
218714,152,156,74,2
218715,152,156,75,2
218716,152,156,76,2
218717,152,156,77,2
218718,152,156,78,2
218719,152,156,79,2
218720,152,156,80,2
218721,152,156,81,2
218722,152,156,82,2
218723,152,156,83,15
218724,152,156,84,15
218725,152,156,85,15
218726,152,157,51,3
218727,152,157,52,10
218728,152,157,53,10
218729,152,157,54,10
218730,152,157,55,10
218731,152,157,56,10
218732,152,157,57,10
218733,152,157,58,10
218734,152,157,59,10
218735,152,157,60,10
218736,152,157,61,8
218737,152,157,62,8
218738,152,157,63,12
218739,152,157,64,12
218740,152,157,65,12
218741,152,157,66,12
218742,152,157,67,12
218743,152,157,68,12
218744,152,157,69,12
218745,152,157,70,12
218746,152,157,71,2
218747,152,157,72,2
218748,152,157,73,2
218749,152,157,74,2
218750,152,157,75,2
218751,152,157,76,2
218752,152,157,77,2
218753,152,157,78,2
218754,152,157,79,2
218755,152,157,80,2
218756,152,157,81,2
218757,152,157,82,2
218758,152,157,83,15
218759,152,157,84,15
218760,152,158,51,3
218761,152,158,52,3
218762,152,158,53,10
218763,152,158,54,10
218764,152,158,55,10
218765,152,158,56,10
218766,152,158,57,10
218767,152,158,58,10
218768,152,158,59,10
218769,152,158,60,10
218770,152,158,61,3
218771,152,158,62,3
218772,152,158,63,3
218773,152,158,64,12
218774,152,158,65,12
218775,152,158,66,12
218776,152,158,67,12
218777,152,158,68,12
218778,152,158,69,12
218779,152,158,70,2
218780,152,158,71,2
218781,152,158,72,2
218782,152,158,73,2
218783,152,158,74,2
218784,152,158,75,2
218785,152,158,76,2
218786,152,158,77,2
218787,152,158,78,2
218788,152,158,79,2
218789,152,158,80,2
218790,152,158,81,2
218791,152,158,82,2
218792,152,158,83,2
218793,152,159,52,3
218794,152,159,53,3
218795,152,159,54,3
218796,152,159,55,10
218797,152,159,56,10
218798,152,159,57,10
218799,152,159,58,10
218800,152,159,59,3
218801,152,159,60,3
218802,152,159,61,3
218803,152,159,62,3
218804,152,159,63,3
218805,152,159,64,12
218806,152,159,65,12
218807,152,159,66,12
218808,152,159,67,12
218809,152,159,68,12
218810,152,159,69,2
218811,152,159,70,2
218812,152,159,71,2
218813,152,159,72,2
218814,152,159,73,2
218815,152,159,74,2
218816,152,159,75,2
218817,152,159,76,2
218818,152,159,77,2
218819,152,159,78,2
218820,152,159,79,2
218821,152,159,80,2
218822,152,159,81,2
218823,152,159,82,2
218824,152,159,83,2
218825,152,160,53,3
218826,152,160,54,3
218827,152,160,55,3
218828,152,160,56,3
218829,152,160,57,3
218830,152,160,58,3
218831,152,160,59,3
218832,152,160,60,3
218833,152,160,61,3
218834,152,160,62,3
218835,152,160,63,3
218836,152,160,64,12
218837,152,160,65,12
218838,152,160,66,12
218839,152,160,67,15
218840,152,160,68,15
218841,152,160,69,2
218842,152,160,70,2
218843,152,160,71,2
218844,152,160,72,2
218845,152,160,73,2
218846,152,160,74,2
218847,152,160,75,2
218848,152,160,76,2
218849,152,160,77,2
218850,152,160,78,2
218851,152,160,79,2
218852,152,160,80,2
218853,152,160,81,2
218854,152,160,82,2
218855,152,160,83,2
218856,152,160,84,15
218857,152,161,55,3
218858,152,161,56,3
218859,152,161,57,3
218860,152,161,58,3
218861,152,161,59,3
218862,152,161,60,3
218863,152,161,61,15
218864,152,161,62,2
218865,152,161,63,2
218866,152,161,64,2
218867,152,161,65,2
218868,152,161,66,2
218869,152,161,67,2
218870,152,161,68,2
218871,152,161,69,2
218872,152,161,70,2
218873,152,161,71,2
218874,152,161,72,2
218875,152,161,73,2
218876,152,161,74,2
218877,152,161,75,2
218878,152,161,76,2
218879,152,161,77,2
218880,152,161,78,2
218881,152,161,79,2
218882,152,161,80,2
218883,152,161,81,2
218884,152,161,82,2
218885,152,161,83,2
218886,152,161,84,15
218887,152,162,56,3
218888,152,162,57,3
218889,152,162,58,3
218890,152,162,59,3
218891,152,162,60,15
218892,152,162,61,2
218893,152,162,62,2
218894,152,162,63,2
218895,152,162,64,2
218896,152,162,65,2
218897,152,162,66,2
218898,152,162,67,2
218899,152,162,68,2
218900,152,162,69,2
218901,152,162,70,2
218902,152,162,71,2
218903,152,162,72,2
218904,152,162,73,2
218905,152,162,74,2
218906,152,162,75,2
218907,152,162,76,2
218908,152,162,77,2
218909,152,162,78,2
218910,152,162,79,2
218911,152,162,80,2
218912,152,162,81,2
218913,152,162,82,2
218914,152,162,83,2
218915,152,162,84,15
218916,152,163,56,3
218917,152,163,57,3
218918,152,163,58,3
218919,152,163,59,3
218920,152,163,60,2
218921,152,163,61,2
218922,152,163,62,2
218923,152,163,63,2
218924,152,163,64,2
218925,152,163,65,2
218926,152,163,66,2
218927,152,163,67,2
218928,152,163,68,2
218929,152,163,69,2
218930,152,163,70,2
218931,152,163,71,2
218932,152,163,72,2
218933,152,163,73,2
218934,152,163,74,2
218935,152,163,75,2
218936,152,163,76,2
218937,152,163,77,2
218938,152,163,78,2
218939,152,163,79,2
218940,152,163,80,2
218941,152,163,81,2
218942,152,163,82,2
218943,152,163,83,15
218944,152,163,84,15
218945,152,164,55,3
218946,152,164,56,3
218947,152,164,57,3
218948,152,164,58,3
218949,152,164,59,3
218950,152,164,60,2
218951,152,164,61,2
218952,152,164,62,2
218953,152,164,63,2
218954,152,164,64,2
218955,152,164,65,2
218956,152,164,66,2
218957,152,164,67,2
218958,152,164,68,2
218959,152,164,69,2
218960,152,164,70,2
218961,152,164,71,2
218962,152,164,72,2
218963,152,164,73,2
218964,152,164,74,2
218965,152,164,75,2
218966,152,164,76,2
218967,152,164,77,2
218968,152,164,78,2
218969,152,164,79,2
218970,152,164,80,2
218971,152,164,81,2
218972,152,164,82,2
218973,152,164,83,15
218974,152,164,84,2
218975,152,165,55,3
218976,152,165,56,3
218977,152,165,57,3
218978,152,165,58,3
218979,152,165,59,3
218980,152,165,60,3
218981,152,165,61,2
218982,152,165,62,2
218983,152,165,63,2
218984,152,165,64,2
218985,152,165,65,2
218986,152,165,66,2
218987,152,165,67,2
218988,152,165,68,2
218989,152,165,69,2
218990,152,165,70,2
218991,152,165,71,2
218992,152,165,72,2
218993,152,165,73,2
218994,152,165,74,2
218995,152,165,75,2
218996,152,165,76,2
218997,152,165,77,2
218998,152,165,78,2
218999,152,165,79,2
219000,152,165,80,2
219001,152,165,81,2
219002,152,165,82,15
219003,152,165,83,15
219004,152,165,84,2
219005,152,166,57,3
219006,152,166,58,3
219007,152,166,59,3
219008,152,166,60,3
219009,152,166,61,2
219010,152,166,62,2
219011,152,166,63,2
219012,152,166,64,2
219013,152,166,65,2
219014,152,166,66,2
219015,152,166,67,2
219016,152,166,68,2
219017,152,166,69,2
219018,152,166,70,2
219019,152,166,71,2
219020,152,166,72,2
219021,152,166,73,2
219022,152,166,74,2
219023,152,166,75,2
219024,152,166,76,2
219025,152,166,77,2
219026,152,166,78,2
219027,152,166,79,2
219028,152,166,80,15
219029,152,166,81,15
219030,152,166,82,15
219031,152,166,83,15
219032,152,166,84,15
219033,152,167,58,3
219034,152,167,60,3
219035,152,167,61,3
219036,152,167,62,2
219037,152,167,63,2
219038,152,167,64,2
219039,152,167,65,2
219040,152,167,66,2
219041,152,167,67,2
219042,152,167,68,2
219043,152,167,69,2
219044,152,167,70,2
219045,152,167,71,2
219046,152,167,72,2
219047,152,167,73,2
219048,152,167,74,2
219049,152,167,75,2
219050,152,167,76,2
219051,152,167,77,2
219052,152,167,78,15
219053,152,167,79,15
219054,152,167,80,15
219055,152,167,81,15
219056,152,167,82,15
219057,152,167,83,15
219058,152,167,84,15
219059,152,168,61,3
219060,152,168,62,3
219061,152,168,63,2
219062,152,168,64,2
219063,152,168,65,2
219064,152,168,66,2
219065,152,168,67,2
219066,152,168,68,2
219067,152,168,69,2
219068,152,168,70,2
219069,152,168,71,2
219070,152,168,72,2
219071,152,168,73,2
219072,152,168,74,2
219073,152,168,75,2
219074,152,168,76,2
219075,152,168,77,15
219076,152,168,78,15
219077,152,168,79,15
219078,152,168,80,15
219079,152,168,81,15
219080,152,168,82,15
219081,152,168,83,15
219082,152,169,62,3
219083,152,169,63,3
219084,152,169,64,15
219085,152,169,65,2
219086,152,169,66,2
219087,152,169,67,2
219088,152,169,68,2
219089,152,169,69,2
219090,152,169,70,2
219091,152,169,71,2
219092,152,169,72,2
219093,152,169,73,15
219094,152,169,74,15
219095,152,169,75,15
219096,152,169,76,15
219097,152,169,77,15
219098,152,169,78,15
219099,152,169,79,15
219100,152,169,80,15
219101,152,169,81,15
219102,152,169,82,15
219103,152,169,83,15
219104,152,170,62,3
219105,152,170,63,3
219106,152,170,64,3
219107,152,170,65,3
219108,152,170,66,2
219109,152,170,67,2
219110,152,170,68,2
219111,152,170,69,2
219112,152,170,70,2
219113,152,170,71,2
219114,152,170,72,15
219115,152,170,73,15
219116,152,170,74,15
219117,152,170,75,15
219118,152,170,76,15
219119,152,170,77,15
219120,152,170,78,15
219121,152,170,79,15
219122,152,170,80,15
219123,152,170,81,15
219124,152,170,82,15
219125,152,171,63,3
219126,152,171,64,3
219127,152,171,65,3
219128,152,171,66,3
219129,152,171,67,15
219130,152,171,68,15
219131,152,171,69,15
219132,152,171,70,15
219133,152,171,71,15
219134,152,171,72,15
219135,152,171,73,15
219136,152,171,74,15
219137,152,171,75,15
219138,152,171,76,15
219139,152,171,77,15
219140,152,171,78,15
219141,152,171,79,15
219142,152,171,80,15
219143,152,172,64,3
219144,152,172,65,3
219145,152,172,66,3
219146,152,172,67,3
219147,152,172,68,15
219148,152,172,69,15
219149,152,172,70,15
219150,152,172,71,15
219151,152,172,72,15
219152,152,172,73,15
219153,152,172,74,15
219154,152,172,75,15
219155,152,172,76,15
219156,152,172,77,15
219157,152,172,78,15
219158,152,172,79,15
219159,152,173,65,3
219160,152,173,66,3
219161,152,173,67,3
219162,152,173,68,15
219163,152,173,69,15
219164,152,173,70,15
219165,152,173,71,15
219166,152,173,72,15
219167,152,173,73,15
219168,152,173,74,15
219169,152,173,75,15
219170,152,173,76,15
219171,152,174,68,15
219172,152,174,69,15
219173,152,174,70,15
219174,152,174,71,15
219175,152,174,72,15
219176,152,174,73,15
219177,152,174,74,15
219178,153,118,63,16
219179,153,118,64,16
219180,153,118,66,16
219181,153,119,64,2
219182,153,119,66,16
219183,153,120,63,9
219184,153,120,64,16
219185,153,120,65,2
219186,153,120,66,16
219187,153,120,67,16
219188,153,121,64,9
219189,153,121,65,2
219190,153,121,66,16
219191,153,121,67,16
219192,153,122,64,12
219193,153,122,65,2
219194,153,122,66,2
219195,153,122,67,16
219196,153,122,68,16
219197,153,123,64,12
219198,153,123,65,12
219199,153,123,66,2
219200,153,123,67,16
219201,153,123,68,16
219202,153,124,63,9
219203,153,124,64,12
219204,153,124,65,12
219205,153,124,66,2
219206,153,124,67,16
219207,153,124,68,16
219208,153,124,69,16
219209,153,125,63,9
219210,153,125,64,12
219211,153,125,65,12
219212,153,125,66,5
219213,153,125,67,16
219214,153,125,68,16
219215,153,125,69,16
219216,153,126,63,9
219217,153,126,64,12
219218,153,126,65,12
219219,153,126,66,12
219220,153,126,67,16
219221,153,126,68,16
219222,153,126,69,16
219223,153,127,62,2
219224,153,127,63,9
219225,153,127,64,9
219226,153,127,65,12
219227,153,127,66,12
219228,153,127,67,16
219229,153,127,68,16
219230,153,127,69,16
219231,153,128,62,2
219232,153,128,63,16
219233,153,128,64,16
219234,153,128,65,9
219235,153,128,66,12
219236,153,128,67,5
219237,153,128,68,16
219238,153,128,69,16
219239,153,128,70,16
219240,153,129,61,16
219241,153,129,62,2
219242,153,129,63,16
219243,153,129,64,16
219244,153,129,65,16
219245,153,129,66,12
219246,153,129,67,12
219247,153,129,68,16
219248,153,129,69,16
219249,153,129,70,16
219250,153,130,61,16
219251,153,130,62,16
219252,153,130,63,2
219253,153,130,64,9
219254,153,130,65,16
219255,153,130,66,9
219256,153,130,67,12
219257,153,130,68,12
219258,153,130,69,16
219259,153,130,70,16
219260,153,130,71,16
219261,153,131,61,16
219262,153,131,62,16
219263,153,131,65,9
219264,153,131,66,9
219265,153,131,67,12
219266,153,131,68,12
219267,153,131,69,16
219268,153,131,70,16
219269,153,131,71,16
219270,153,132,61,14
219271,153,132,62,14
219272,153,132,65,9
219273,153,132,66,16
219274,153,132,67,12
219275,153,132,68,2
219276,153,132,69,2
219277,153,132,70,16
219278,153,132,71,16
219279,153,133,50,14
219280,153,133,51,14
219281,153,133,60,14
219282,153,133,61,14
219283,153,133,62,14
219284,153,133,65,16
219285,153,133,66,16
219286,153,133,67,16
219287,153,133,68,2
219288,153,133,69,2
219289,153,133,70,2
219290,153,133,71,16
219291,153,134,50,14
219292,153,134,51,14
219293,153,134,52,14
219294,153,134,53,14
219295,153,134,60,14
219296,153,134,61,14
219297,153,134,62,14
219298,153,134,65,16
219299,153,134,66,16
219300,153,134,67,16
219301,153,134,68,2
219302,153,134,69,2
219303,153,134,70,2
219304,153,134,71,2
219305,153,134,72,2
219306,153,135,50,14
219307,153,135,51,14
219308,153,135,60,14
219309,153,135,61,12
219310,153,135,62,12
219311,153,135,65,12
219312,153,135,66,16
219313,153,135,67,16
219314,153,135,68,16
219315,153,135,69,2
219316,153,135,70,2
219317,153,135,71,2
219318,153,135,72,2
219319,153,136,58,14
219320,153,136,60,9
219321,153,136,61,12
219322,153,136,62,12
219323,153,136,63,12
219324,153,136,65,12
219325,153,136,66,16
219326,153,136,67,16
219327,153,136,68,16
219328,153,136,69,2
219329,153,136,70,2
219330,153,136,71,2
219331,153,136,72,2
219332,153,137,57,14
219333,153,137,58,9
219334,153,137,59,9
219335,153,137,60,12
219336,153,137,61,12
219337,153,137,62,4
219338,153,137,63,4
219339,153,137,65,12
219340,153,137,66,5
219341,153,137,67,16
219342,153,137,68,16
219343,153,137,69,12
219344,153,137,70,2
219345,153,137,71,2
219346,153,137,72,2
219347,153,138,52,14
219348,153,138,53,8
219349,153,138,54,8
219350,153,138,55,14
219351,153,138,56,14
219352,153,138,57,8
219353,153,138,58,8
219354,153,138,59,8
219355,153,138,60,8
219356,153,138,61,8
219357,153,138,62,12
219358,153,138,63,4
219359,153,138,64,4
219360,153,138,65,12
219361,153,138,66,12
219362,153,138,67,5
219363,153,138,68,16
219364,153,138,69,15
219365,153,138,70,2
219366,153,138,71,2
219367,153,139,51,14
219368,153,139,52,8
219369,153,139,53,8
219370,153,139,54,8
219371,153,139,55,8
219372,153,139,56,8
219373,153,139,57,8
219374,153,139,58,8
219375,153,139,59,8
219376,153,139,60,8
219377,153,139,61,8
219378,153,139,62,8
219379,153,139,63,4
219380,153,139,65,4
219381,153,139,66,4
219382,153,139,67,12
219383,153,139,68,5
219384,153,139,69,15
219385,153,139,70,15
219386,153,139,74,2
219387,153,139,75,16
219388,153,140,49,14
219389,153,140,50,14
219390,153,140,51,8
219391,153,140,52,8
219392,153,140,53,8
219393,153,140,54,8
219394,153,140,55,8
219395,153,140,56,8
219396,153,140,57,8
219397,153,140,58,10
219398,153,140,59,10
219399,153,140,60,10
219400,153,140,61,8
219401,153,140,62,8
219402,153,140,63,10
219403,153,140,64,10
219404,153,140,66,4
219405,153,140,67,4
219406,153,140,68,5
219407,153,140,69,5
219408,153,140,70,15
219409,153,140,71,2
219410,153,140,74,2
219411,153,140,75,16
219412,153,141,48,14
219413,153,141,49,14
219414,153,141,50,14
219415,153,141,51,8
219416,153,141,52,8
219417,153,141,53,8
219418,153,141,54,10
219419,153,141,55,8
219420,153,141,56,8
219421,153,141,57,10
219422,153,141,58,10
219423,153,141,59,6
219424,153,141,60,6
219425,153,141,61,10
219426,153,141,62,8
219427,153,141,63,10
219428,153,141,64,10
219429,153,141,65,4
219430,153,141,66,6
219431,153,141,67,4
219432,153,141,68,12
219433,153,141,69,5
219434,153,141,70,15
219435,153,141,71,2
219436,153,142,48,14
219437,153,142,49,14
219438,153,142,50,14
219439,153,142,51,8
219440,153,142,52,8
219441,153,142,53,10
219442,153,142,54,10
219443,153,142,55,10
219444,153,142,56,10
219445,153,142,57,10
219446,153,142,58,10
219447,153,142,59,10
219448,153,142,60,10
219449,153,142,61,10
219450,153,142,62,10
219451,153,142,63,8
219452,153,142,64,10
219453,153,142,65,10
219454,153,142,66,4
219455,153,142,67,6
219456,153,142,68,12
219457,153,142,69,12
219458,153,142,70,15
219459,153,142,71,15
219460,153,142,72,2
219461,153,142,74,2
219462,153,142,75,2
219463,153,143,46,14
219464,153,143,47,14
219465,153,143,48,14
219466,153,143,49,14
219467,153,143,50,14
219468,153,143,51,8
219469,153,143,52,10
219470,153,143,53,10
219471,153,143,54,10
219472,153,143,55,10
219473,153,143,56,10
219474,153,143,57,10
219475,153,143,58,10
219476,153,143,59,10
219477,153,143,60,10
219478,153,143,61,10
219479,153,143,62,10
219480,153,143,63,10
219481,153,143,64,10
219482,153,143,65,10
219483,153,143,66,4
219484,153,143,67,6
219485,153,143,68,12
219486,153,143,69,12
219487,153,143,70,15
219488,153,143,71,15
219489,153,143,72,15
219490,153,143,73,2
219491,153,143,74,2
219492,153,143,75,2
219493,153,143,76,2
219494,153,144,46,14
219495,153,144,47,14
219496,153,144,48,14
219497,153,144,49,14
219498,153,144,50,8
219499,153,144,51,8
219500,153,144,52,10
219501,153,144,53,10
219502,153,144,54,6
219503,153,144,55,6
219504,153,144,56,10
219505,153,144,57,10
219506,153,144,58,10
219507,153,144,59,10
219508,153,144,60,10
219509,153,144,61,10
219510,153,144,62,6
219511,153,144,63,4
219512,153,144,64,10
219513,153,144,65,10
219514,153,144,66,10
219515,153,144,67,4
219516,153,144,68,12
219517,153,144,69,12
219518,153,144,70,15
219519,153,144,71,15
219520,153,144,72,15
219521,153,144,73,2
219522,153,144,74,2
219523,153,144,75,2
219524,153,144,76,2
219525,153,145,46,14
219526,153,145,47,14
219527,153,145,48,14
219528,153,145,49,14
219529,153,145,50,8
219530,153,145,51,8
219531,153,145,52,10
219532,153,145,53,10
219533,153,145,54,6
219534,153,145,55,6
219535,153,145,56,6
219536,153,145,57,6
219537,153,145,58,6
219538,153,145,59,6
219539,153,145,60,6
219540,153,145,61,6
219541,153,145,62,6
219542,153,145,63,6
219543,153,145,64,10
219544,153,145,65,10
219545,153,145,66,4
219546,153,145,67,4
219547,153,145,68,12
219548,153,145,69,12
219549,153,145,70,15
219550,153,145,71,15
219551,153,145,72,15
219552,153,145,73,2
219553,153,145,74,2
219554,153,145,75,2
219555,153,145,76,2
219556,153,145,77,2
219557,153,146,45,14
219558,153,146,46,14
219559,153,146,47,14
219560,153,146,48,14
219561,153,146,49,14
219562,153,146,50,14
219563,153,146,51,8
219564,153,146,52,10
219565,153,146,53,10
219566,153,146,54,6
219567,153,146,55,7
219568,153,146,56,7
219569,153,146,57,7
219570,153,146,58,7
219571,153,146,59,7
219572,153,146,60,6
219573,153,146,61,6
219574,153,146,62,6
219575,153,146,63,6
219576,153,146,64,6
219577,153,146,65,10
219578,153,146,66,10
219579,153,146,67,12
219580,153,146,68,12
219581,153,146,69,12
219582,153,146,70,12
219583,153,146,71,15
219584,153,146,72,15
219585,153,146,73,15
219586,153,146,74,2
219587,153,146,75,2
219588,153,146,76,2
219589,153,147,45,14
219590,153,147,46,14
219591,153,147,47,14
219592,153,147,48,14
219593,153,147,49,14
219594,153,147,50,14
219595,153,147,51,8
219596,153,147,52,10
219597,153,147,53,10
219598,153,147,54,6
219599,153,147,55,7
219600,153,147,56,7
219601,153,147,57,7
219602,153,147,58,7
219603,153,147,59,7
219604,153,147,60,7
219605,153,147,61,6
219606,153,147,62,6
219607,153,147,63,6
219608,153,147,64,10
219609,153,147,65,10
219610,153,147,66,10
219611,153,147,67,12
219612,153,147,68,12
219613,153,147,69,12
219614,153,147,70,12
219615,153,147,71,15
219616,153,147,72,15
219617,153,147,73,15
219618,153,147,74,2
219619,153,147,75,2
219620,153,147,76,2
219621,153,148,45,14
219622,153,148,46,14
219623,153,148,47,14
219624,153,148,48,14
219625,153,148,49,14
219626,153,148,50,14
219627,153,148,51,8
219628,153,148,52,10
219629,153,148,53,10
219630,153,148,54,10
219631,153,148,55,10
219632,153,148,56,10
219633,153,148,57,10
219634,153,148,58,6
219635,153,148,59,7
219636,153,148,60,6
219637,153,148,61,6
219638,153,148,62,6
219639,153,148,63,6
219640,153,148,64,10
219641,153,148,65,10
219642,153,148,66,10
219643,153,148,67,12
219644,153,148,68,12
219645,153,148,69,12
219646,153,148,70,12
219647,153,148,71,15
219648,153,148,72,15
219649,153,148,73,15
219650,153,148,74,2
219651,153,148,75,2
219652,153,148,76,2
219653,153,148,77,2
219654,153,149,45,14
219655,153,149,46,14
219656,153,149,47,14
219657,153,149,48,14
219658,153,149,49,14
219659,153,149,50,14
219660,153,149,51,8
219661,153,149,52,8
219662,153,149,53,10
219663,153,149,54,10
219664,153,149,55,10
219665,153,149,56,10
219666,153,149,57,10
219667,153,149,58,6
219668,153,149,59,7
219669,153,149,60,6
219670,153,149,61,6
219671,153,149,62,6
219672,153,149,63,6
219673,153,149,64,10
219674,153,149,65,10
219675,153,149,66,10
219676,153,149,67,12
219677,153,149,68,12
219678,153,149,69,12
219679,153,149,70,12
219680,153,149,71,15
219681,153,149,72,15
219682,153,149,73,15
219683,153,149,74,2
219684,153,149,75,2
219685,153,149,76,2
219686,153,149,77,2
219687,153,149,78,2
219688,153,149,79,2
219689,153,149,80,2
219690,153,150,45,14
219691,153,150,46,14
219692,153,150,47,14
219693,153,150,48,14
219694,153,150,49,14
219695,153,150,50,14
219696,153,150,51,8
219697,153,150,52,8
219698,153,150,53,10
219699,153,150,54,10
219700,153,150,55,10
219701,153,150,56,10
219702,153,150,57,10
219703,153,150,58,6
219704,153,150,59,6
219705,153,150,60,7
219706,153,150,61,6
219707,153,150,62,6
219708,153,150,63,10
219709,153,150,64,10
219710,153,150,65,10
219711,153,150,66,10
219712,153,150,67,12
219713,153,150,68,12
219714,153,150,69,12
219715,153,150,70,12
219716,153,150,71,15
219717,153,150,72,15
219718,153,150,73,15
219719,153,150,74,2
219720,153,150,75,2
219721,153,150,76,2
219722,153,150,77,2
219723,153,150,78,2
219724,153,150,79,2
219725,153,150,80,2
219726,153,150,83,15
219727,153,150,84,15
219728,153,151,46,14
219729,153,151,47,14
219730,153,151,48,14
219731,153,151,49,14
219732,153,151,50,14
219733,153,151,51,8
219734,153,151,52,8
219735,153,151,53,10
219736,153,151,54,10
219737,153,151,55,10
219738,153,151,56,10
219739,153,151,57,10
219740,153,151,58,6
219741,153,151,59,6
219742,153,151,60,6
219743,153,151,61,6
219744,153,151,62,6
219745,153,151,63,10
219746,153,151,64,10
219747,153,151,65,10
219748,153,151,66,10
219749,153,151,67,12
219750,153,151,68,12
219751,153,151,69,12
219752,153,151,70,12
219753,153,151,71,12
219754,153,151,72,15
219755,153,151,73,2
219756,153,151,74,2
219757,153,151,75,2
219758,153,151,76,2
219759,153,151,77,2
219760,153,151,78,2
219761,153,151,79,2
219762,153,151,80,15
219763,153,151,81,15
219764,153,151,82,15
219765,153,151,83,15
219766,153,151,84,15
219767,153,151,85,15
219768,153,151,86,15
219769,153,151,87,2
219770,153,152,46,14
219771,153,152,47,14
219772,153,152,48,14
219773,153,152,49,14
219774,153,152,50,3
219775,153,152,51,8
219776,153,152,52,10
219777,153,152,53,10
219778,153,152,54,10
219779,153,152,55,6
219780,153,152,56,10
219781,153,152,57,10
219782,153,152,58,6
219783,153,152,59,6
219784,153,152,60,6
219785,153,152,61,6
219786,153,152,62,6
219787,153,152,63,10
219788,153,152,64,10
219789,153,152,65,8
219790,153,152,66,10
219791,153,152,67,12
219792,153,152,68,12
219793,153,152,69,12
219794,153,152,70,12
219795,153,152,71,12
219796,153,152,72,2
219797,153,152,73,2
219798,153,152,74,2
219799,153,152,75,2
219800,153,152,76,2
219801,153,152,77,2
219802,153,152,78,2
219803,153,152,79,15
219804,153,152,80,15
219805,153,152,81,15
219806,153,152,82,15
219807,153,152,83,15
219808,153,152,84,15
219809,153,152,85,2
219810,153,152,86,2
219811,153,152,87,2
219812,153,153,47,14
219813,153,153,48,14
219814,153,153,49,14
219815,153,153,50,3
219816,153,153,51,8
219817,153,153,52,10
219818,153,153,53,10
219819,153,153,54,10
219820,153,153,55,6
219821,153,153,56,6
219822,153,153,57,6
219823,153,153,58,6
219824,153,153,59,6
219825,153,153,60,6
219826,153,153,61,6
219827,153,153,62,10
219828,153,153,63,10
219829,153,153,64,10
219830,153,153,65,10
219831,153,153,66,10
219832,153,153,67,12
219833,153,153,68,12
219834,153,153,69,12
219835,153,153,70,12
219836,153,153,71,12
219837,153,153,72,2
219838,153,153,73,2
219839,153,153,74,2
219840,153,153,75,2
219841,153,153,76,2
219842,153,153,77,2
219843,153,153,78,2
219844,153,153,79,2
219845,153,153,80,15
219846,153,153,81,15
219847,153,153,82,15
219848,153,153,83,15
219849,153,153,84,15
219850,153,153,85,2
219851,153,153,86,2
219852,153,153,87,2
219853,153,154,49,14
219854,153,154,50,3
219855,153,154,51,10
219856,153,154,52,10
219857,153,154,53,10
219858,153,154,54,10
219859,153,154,55,10
219860,153,154,56,6
219861,153,154,57,6
219862,153,154,58,6
219863,153,154,59,6
219864,153,154,60,6
219865,153,154,61,10
219866,153,154,62,10
219867,153,154,63,8
219868,153,154,64,10
219869,153,154,65,10
219870,153,154,66,12
219871,153,154,67,12
219872,153,154,68,12
219873,153,154,69,12
219874,153,154,70,12
219875,153,154,71,2
219876,153,154,72,2
219877,153,154,73,2
219878,153,154,74,2
219879,153,154,75,2
219880,153,154,76,2
219881,153,154,77,2
219882,153,154,78,2
219883,153,154,79,2
219884,153,154,80,2
219885,153,154,81,15
219886,153,154,82,15
219887,153,154,83,15
219888,153,154,84,15
219889,153,154,85,2
219890,153,154,86,2
219891,153,154,87,2
219892,153,155,49,14
219893,153,155,50,3
219894,153,155,51,10
219895,153,155,52,10
219896,153,155,53,10
219897,153,155,54,10
219898,153,155,55,10
219899,153,155,56,10
219900,153,155,57,10
219901,153,155,58,10
219902,153,155,59,6
219903,153,155,60,6
219904,153,155,61,10
219905,153,155,62,10
219906,153,155,63,8
219907,153,155,64,10
219908,153,155,65,10
219909,153,155,66,12
219910,153,155,67,12
219911,153,155,68,12
219912,153,155,69,12
219913,153,155,70,12
219914,153,155,71,2
219915,153,155,72,2
219916,153,155,73,2
219917,153,155,74,2
219918,153,155,75,2
219919,153,155,76,2
219920,153,155,77,2
219921,153,155,78,2
219922,153,155,79,2
219923,153,155,80,2
219924,153,155,81,15
219925,153,155,82,15
219926,153,155,83,15
219927,153,155,84,15
219928,153,155,85,2
219929,153,155,86,2
219930,153,155,87,2
219931,153,156,49,3
219932,153,156,50,3
219933,153,156,51,3
219934,153,156,52,10
219935,153,156,53,10
219936,153,156,54,10
219937,153,156,55,10
219938,153,156,56,10
219939,153,156,57,10
219940,153,156,58,10
219941,153,156,59,10
219942,153,156,60,6
219943,153,156,61,10
219944,153,156,62,8
219945,153,156,63,8
219946,153,156,64,12
219947,153,156,65,12
219948,153,156,66,12
219949,153,156,67,12
219950,153,156,68,12
219951,153,156,69,12
219952,153,156,70,12
219953,153,156,71,2
219954,153,156,72,2
219955,153,156,73,2
219956,153,156,74,2
219957,153,156,75,2
219958,153,156,76,2
219959,153,156,77,2
219960,153,156,78,2
219961,153,156,79,2
219962,153,156,80,2
219963,153,156,81,15
219964,153,156,82,15
219965,153,156,83,15
219966,153,156,84,15
219967,153,156,85,15
219968,153,156,86,2
219969,153,157,50,3
219970,153,157,51,3
219971,153,157,52,10
219972,153,157,53,10
219973,153,157,54,10
219974,153,157,55,10
219975,153,157,56,10
219976,153,157,57,10
219977,153,157,58,10
219978,153,157,59,10
219979,153,157,60,10
219980,153,157,61,8
219981,153,157,62,8
219982,153,157,63,12
219983,153,157,64,12
219984,153,157,65,12
219985,153,157,66,12
219986,153,157,67,12
219987,153,157,68,12
219988,153,157,69,12
219989,153,157,70,2
219990,153,157,71,2
219991,153,157,72,2
219992,153,157,73,2
219993,153,157,74,2
219994,153,157,75,2
219995,153,157,76,2
219996,153,157,77,2
219997,153,157,78,2
219998,153,157,79,2
219999,153,157,80,2
220000,153,157,81,2
220001,153,157,82,15
220002,153,157,83,15
220003,153,157,84,15
220004,153,157,85,15
220005,153,158,51,3
220006,153,158,52,3
220007,153,158,53,10
220008,153,158,54,10
220009,153,158,55,10
220010,153,158,56,10
220011,153,158,57,10
220012,153,158,58,10
220013,153,158,59,10
220014,153,158,60,8
220015,153,158,61,8
220016,153,158,62,3
220017,153,158,63,12
220018,153,158,64,12
220019,153,158,65,12
220020,153,158,66,3
220021,153,158,67,3
220022,153,158,68,3
220023,153,158,69,2
220024,153,158,70,2
220025,153,158,71,2
220026,153,158,72,2
220027,153,158,73,2
220028,153,158,74,2
220029,153,158,75,2
220030,153,158,76,2
220031,153,158,77,2
220032,153,158,78,2
220033,153,158,79,2
220034,153,158,80,2
220035,153,158,81,2
220036,153,158,82,15
220037,153,158,83,15
220038,153,158,84,15
220039,153,158,85,15
220040,153,159,52,3
220041,153,159,53,3
220042,153,159,54,10
220043,153,159,55,10
220044,153,159,56,10
220045,153,159,57,10
220046,153,159,58,10
220047,153,159,59,10
220048,153,159,60,3
220049,153,159,61,15
220050,153,159,62,2
220051,153,159,63,2
220052,153,159,64,2
220053,153,159,65,2
220054,153,159,66,2
220055,153,159,67,15
220056,153,159,68,15
220057,153,159,69,2
220058,153,159,70,2
220059,153,159,71,2
220060,153,159,72,2
220061,153,159,73,2
220062,153,159,74,2
220063,153,159,75,2
220064,153,159,76,2
220065,153,159,77,2
220066,153,159,78,2
220067,153,159,79,2
220068,153,159,80,2
220069,153,159,81,2
220070,153,159,82,2
220071,153,159,83,15
220072,153,159,84,15
220073,153,160,53,3
220074,153,160,54,3
220075,153,160,55,3
220076,153,160,56,10
220077,153,160,57,10
220078,153,160,58,3
220079,153,160,59,3
220080,153,160,60,3
220081,153,160,61,2
220082,153,160,62,2
220083,153,160,63,2
220084,153,160,64,2
220085,153,160,65,2
220086,153,160,66,2
220087,153,160,67,2
220088,153,160,68,2
220089,153,160,69,2
220090,153,160,70,2
220091,153,160,71,2
220092,153,160,72,2
220093,153,160,73,2
220094,153,160,74,2
220095,153,160,75,2
220096,153,160,76,2
220097,153,160,77,2
220098,153,160,78,2
220099,153,160,79,2
220100,153,160,80,2
220101,153,160,81,2
220102,153,160,82,2
220103,153,160,83,15
220104,153,160,84,15
220105,153,161,53,3
220106,153,161,55,3
220107,153,161,56,3
220108,153,161,57,3
220109,153,161,58,3
220110,153,161,59,3
220111,153,161,60,3
220112,153,161,61,2
220113,153,161,62,2
220114,153,161,63,2
220115,153,161,64,2
220116,153,161,65,2
220117,153,161,66,2
220118,153,161,67,2
220119,153,161,68,2
220120,153,161,69,2
220121,153,161,70,2
220122,153,161,71,2
220123,153,161,72,2
220124,153,161,73,2
220125,153,161,74,2
220126,153,161,75,2
220127,153,161,76,2
220128,153,161,77,2
220129,153,161,78,2
220130,153,161,79,2
220131,153,161,80,2
220132,153,161,81,2
220133,153,161,82,15
220134,153,161,83,15
220135,153,161,84,15
220136,153,162,57,3
220137,153,162,58,3
220138,153,162,59,3
220139,153,162,60,3
220140,153,162,61,2
220141,153,162,62,2
220142,153,162,63,2
220143,153,162,64,2
220144,153,162,65,2
220145,153,162,66,2
220146,153,162,67,2
220147,153,162,68,2
220148,153,162,69,2
220149,153,162,70,2
220150,153,162,71,2
220151,153,162,72,2
220152,153,162,73,2
220153,153,162,74,2
220154,153,162,75,2
220155,153,162,76,2
220156,153,162,77,2
220157,153,162,78,2
220158,153,162,79,2
220159,153,162,80,2
220160,153,162,81,15
220161,153,162,82,15
220162,153,162,83,15
220163,153,162,84,15
220164,153,163,57,3
220165,153,163,58,3
220166,153,163,59,3
220167,153,163,60,3
220168,153,163,61,2
220169,153,163,62,2
220170,153,163,63,2
220171,153,163,64,2
220172,153,163,65,2
220173,153,163,66,2
220174,153,163,67,2
220175,153,163,68,2
220176,153,163,69,2
220177,153,163,70,2
220178,153,163,71,2
220179,153,163,72,2
220180,153,163,73,2
220181,153,163,74,2
220182,153,163,75,2
220183,153,163,76,2
220184,153,163,77,2
220185,153,163,78,2
220186,153,163,79,2
220187,153,163,80,2
220188,153,163,81,15
220189,153,163,82,15
220190,153,163,83,15
220191,153,163,84,15
220192,153,164,56,3
220193,153,164,57,3
220194,153,164,58,3
220195,153,164,59,3
220196,153,164,60,3
220197,153,164,61,3
220198,153,164,62,2
220199,153,164,63,2
220200,153,164,64,2
220201,153,164,65,2
220202,153,164,66,2
220203,153,164,67,2
220204,153,164,68,2
220205,153,164,69,2
220206,153,164,70,2
220207,153,164,71,2
220208,153,164,72,2
220209,153,164,73,2
220210,153,164,74,2
220211,153,164,75,2
220212,153,164,76,2
220213,153,164,77,2
220214,153,164,78,2
220215,153,164,79,2
220216,153,164,80,15
220217,153,164,81,15
220218,153,164,82,15
220219,153,164,83,15
220220,153,164,84,15
220221,153,165,57,3
220222,153,165,58,3
220223,153,165,59,3
220224,153,165,60,3
220225,153,165,61,3
220226,153,165,62,2
220227,153,165,63,2
220228,153,165,64,2
220229,153,165,65,2
220230,153,165,66,2
220231,153,165,67,2
220232,153,165,68,2
220233,153,165,69,2
220234,153,165,70,2
220235,153,165,71,2
220236,153,165,72,2
220237,153,165,73,2
220238,153,165,74,2
220239,153,165,75,2
220240,153,165,76,2
220241,153,165,77,2
220242,153,165,78,2
220243,153,165,79,15
220244,153,165,80,15
220245,153,165,81,15
220246,153,165,82,15
220247,153,165,83,15
220248,153,165,84,15
220249,153,166,59,3
220250,153,166,60,3
220251,153,166,61,3
220252,153,166,62,3
220253,153,166,63,2
220254,153,166,64,2
220255,153,166,65,2
220256,153,166,66,2
220257,153,166,67,2
220258,153,166,68,2
220259,153,166,69,2
220260,153,166,70,2
220261,153,166,71,2
220262,153,166,72,2
220263,153,166,73,2
220264,153,166,74,2
220265,153,166,75,2
220266,153,166,76,2
220267,153,166,77,2
220268,153,166,78,15
220269,153,166,79,15
220270,153,166,80,15
220271,153,166,81,15
220272,153,166,82,15
220273,153,166,83,15
220274,153,166,84,15
220275,153,167,61,3
220276,153,167,62,3
220277,153,167,63,3
220278,153,167,64,2
220279,153,167,65,2
220280,153,167,66,2
220281,153,167,67,2
220282,153,167,68,2
220283,153,167,69,2
220284,153,167,70,2
220285,153,167,71,2
220286,153,167,72,2
220287,153,167,73,2
220288,153,167,74,2
220289,153,167,75,2
220290,153,167,76,15
220291,153,167,77,15
220292,153,167,78,15
220293,153,167,79,15
220294,153,167,80,15
220295,153,167,81,15
220296,153,167,82,15
220297,153,167,83,15
220298,153,167,84,15
220299,153,168,61,3
220300,153,168,62,3
220301,153,168,63,3
220302,153,168,64,3
220303,153,168,65,2
220304,153,168,66,2
220305,153,168,67,2
220306,153,168,68,2
220307,153,168,69,2
220308,153,168,70,2
220309,153,168,71,2
220310,153,168,72,15
220311,153,168,73,15
220312,153,168,74,15
220313,153,168,75,15
220314,153,168,76,15
220315,153,168,77,15
220316,153,168,78,15
220317,153,168,79,15
220318,153,168,80,15
220319,153,168,81,15
220320,153,168,82,15
220321,153,168,83,15
220322,153,169,62,3
220323,153,169,63,3
220324,153,169,64,3
220325,153,169,65,3
220326,153,169,66,15
220327,153,169,67,15
220328,153,169,68,15
220329,153,169,69,15
220330,153,169,70,15
220331,153,169,71,15
220332,153,169,72,15
220333,153,169,73,15
220334,153,169,74,15
220335,153,169,75,15
220336,153,169,76,15
220337,153,169,77,15
220338,153,169,78,15
220339,153,169,79,15
220340,153,169,80,15
220341,153,169,81,15
220342,153,169,82,15
220343,153,169,83,15
220344,153,170,64,3
220345,153,170,65,3
220346,153,170,66,3
220347,153,170,67,3
220348,153,170,68,15
220349,153,170,69,15
220350,153,170,70,15
220351,153,170,71,15
220352,153,170,72,15
220353,153,170,73,15
220354,153,170,74,15
220355,153,170,75,15
220356,153,170,76,15
220357,153,170,77,15
220358,153,170,78,15
220359,153,170,79,15
220360,153,170,80,15
220361,153,170,81,15
220362,153,170,82,15
220363,153,171,65,3
220364,153,171,66,3
220365,153,171,67,3
220366,153,171,68,15
220367,153,171,69,3
220368,153,171,70,15
220369,153,171,71,15
220370,153,171,72,15
220371,153,171,73,15
220372,153,171,74,15
220373,153,171,75,15
220374,153,171,76,15
220375,153,171,77,15
220376,153,171,78,15
220377,153,171,79,15
220378,153,171,80,15
220379,153,172,66,3
220380,153,172,69,15
220381,153,172,70,15
220382,153,172,71,15
220383,153,172,72,15
220384,153,172,73,15
220385,153,172,74,15
220386,153,172,75,15
220387,153,172,76,15
220388,153,172,77,15
220389,153,172,78,15
220390,153,173,69,3
220391,153,173,70,15
220392,153,173,71,15
220393,153,173,72,15
220394,153,173,73,15
220395,153,173,74,15
220396,153,174,70,3
220397,153,174,71,15
220398,153,174,72,15
220399,154,116,63,16
220400,154,116,64,16
220401,154,116,65,16
220402,154,117,63,16
220403,154,117,64,16
220404,154,117,65,16
220405,154,118,61,9
220406,154,118,62,9
220407,154,118,63,16
220408,154,118,64,16
220409,154,118,65,16
220410,154,118,66,16
220411,154,119,57,2
220412,154,119,61,9
220413,154,119,62,9
220414,154,119,63,5
220415,154,119,64,2
220416,154,119,65,16
220417,154,119,66,16
220418,154,120,57,2
220419,154,120,61,9
220420,154,120,62,9
220421,154,120,63,5
220422,154,120,64,5
220423,154,120,65,2
220424,154,120,66,16
220425,154,120,67,16
220426,154,121,61,9
220427,154,121,62,12
220428,154,121,63,12
220429,154,121,64,5
220430,154,121,65,2
220431,154,121,66,16
220432,154,121,67,16
220433,154,122,60,9
220434,154,122,61,9
220435,154,122,62,4
220436,154,122,63,4
220437,154,122,64,12
220438,154,122,65,5
220439,154,122,66,2
220440,154,122,67,16
220441,154,122,68,16
220442,154,123,58,16
220443,154,123,59,2
220444,154,123,60,9
220445,154,123,61,9
220446,154,123,62,12
220447,154,123,63,4
220448,154,123,64,12
220449,154,123,65,12
220450,154,123,66,16
220451,154,123,67,16
220452,154,123,68,16
220453,154,123,69,16
220454,154,124,61,9
220455,154,124,62,9
220456,154,124,63,4
220457,154,124,64,4
220458,154,124,65,12
220459,154,124,66,16
220460,154,124,67,16
220461,154,124,68,16
220462,154,125,61,9
220463,154,125,62,9
220464,154,125,63,12
220465,154,125,64,4
220466,154,125,65,12
220467,154,125,66,5
220468,154,125,67,16
220469,154,125,68,16
220470,154,126,62,9
220471,154,126,63,12
220472,154,126,64,12
220473,154,126,65,12
220474,154,126,66,12
220475,154,126,67,16
220476,154,126,68,16
220477,154,126,69,16
220478,154,127,61,2
220479,154,127,62,9
220480,154,127,63,9
220481,154,127,64,12
220482,154,127,65,12
220483,154,127,66,12
220484,154,127,67,16
220485,154,127,68,16
220486,154,127,69,16
220487,154,128,61,9
220488,154,128,62,2
220489,154,128,63,9
220490,154,128,64,5
220491,154,128,65,12
220492,154,128,66,12
220493,154,128,67,5
220494,154,128,68,16
220495,154,128,69,16
220496,154,128,70,16
220497,154,129,61,9
220498,154,129,62,12
220499,154,129,63,9
220500,154,129,64,9
220501,154,129,65,12
220502,154,129,66,12
220503,154,129,67,12
220504,154,129,68,16
220505,154,129,69,16
220506,154,129,70,16
220507,154,129,71,16
220508,154,130,60,14
220509,154,130,61,12
220510,154,130,62,12
220511,154,130,63,9
220512,154,130,64,9
220513,154,130,65,5
220514,154,130,66,12
220515,154,130,67,12
220516,154,130,68,5
220517,154,130,69,16
220518,154,130,70,16
220519,154,130,71,16
220520,154,130,72,16
220521,154,131,60,5
220522,154,131,61,12
220523,154,131,62,12
220524,154,131,63,12
220525,154,131,64,9
220526,154,131,65,9
220527,154,131,66,12
220528,154,131,67,12
220529,154,131,68,12
220530,154,131,69,16
220531,154,131,70,16
220532,154,131,71,16
220533,154,131,72,16
220534,154,132,51,14
220535,154,132,52,14
220536,154,132,53,14
220537,154,132,59,9
220538,154,132,60,12
220539,154,132,61,12
220540,154,132,62,12
220541,154,132,63,12
220542,154,132,64,9
220543,154,132,65,9
220544,154,132,66,5
220545,154,132,67,12
220546,154,132,68,12
220547,154,132,69,12
220548,154,132,70,16
220549,154,132,71,16
220550,154,132,72,16
220551,154,133,50,14
220552,154,133,51,14
220553,154,133,52,14
220554,154,133,53,14
220555,154,133,54,14
220556,154,133,59,9
220557,154,133,60,12
220558,154,133,61,4
220559,154,133,62,12
220560,154,133,63,9
220561,154,133,64,9
220562,154,133,65,16
220563,154,133,66,5
220564,154,133,67,12
220565,154,133,68,12
220566,154,133,69,12
220567,154,133,70,2
220568,154,133,71,16
220569,154,133,72,16
220570,154,133,73,16
220571,154,134,49,14
220572,154,134,50,14
220573,154,134,51,14
220574,154,134,52,14
220575,154,134,53,14
220576,154,134,54,14
220577,154,134,55,14
220578,154,134,58,9
220579,154,134,59,9
220580,154,134,60,12
220581,154,134,61,4
220582,154,134,62,4
220583,154,134,63,4
220584,154,134,64,12
220585,154,134,65,9
220586,154,134,66,16
220587,154,134,67,12
220588,154,134,68,12
220589,154,134,69,2
220590,154,134,70,2
220591,154,134,71,2
220592,154,134,72,16
220593,154,134,73,16
220594,154,135,49,14
220595,154,135,50,14
220596,154,135,51,14
220597,154,135,52,14
220598,154,135,53,14
220599,154,135,54,14
220600,154,135,55,14
220601,154,135,58,9
220602,154,135,59,9
220603,154,135,60,12
220604,154,135,61,4
220605,154,135,62,6
220606,154,135,63,4
220607,154,135,64,12
220608,154,135,65,12
220609,154,135,66,16
220610,154,135,67,9
220611,154,135,68,12
220612,154,135,69,2
220613,154,135,70,2
220614,154,135,71,2
220615,154,135,72,2
220616,154,135,73,16
220617,154,136,51,14
220618,154,136,52,14
220619,154,136,53,14
220620,154,136,54,14
220621,154,136,55,14
220622,154,136,56,14
220623,154,136,57,8
220624,154,136,58,9
220625,154,136,59,9
220626,154,136,60,12
220627,154,136,61,4
220628,154,136,62,6
220629,154,136,63,6
220630,154,136,64,4
220631,154,136,65,12
220632,154,136,66,5
220633,154,136,67,16
220634,154,136,68,12
220635,154,136,69,2
220636,154,136,70,2
220637,154,136,71,2
220638,154,136,72,2
220639,154,136,73,16
220640,154,137,52,14
220641,154,137,53,14
220642,154,137,54,14
220643,154,137,55,8
220644,154,137,56,8
220645,154,137,57,8
220646,154,137,58,8
220647,154,137,59,8
220648,154,137,60,8
220649,154,137,61,12
220650,154,137,62,4
220651,154,137,63,6
220652,154,137,66,3
220653,154,137,67,15
220654,154,137,68,5
220655,154,137,69,12
220656,154,137,70,2
220657,154,137,71,2
220658,154,137,72,2
220659,154,137,73,16
220660,154,137,74,16
220661,154,137,75,16
220662,154,138,51,14
220663,154,138,52,8
220664,154,138,53,8
220665,154,138,54,8
220666,154,138,55,8
220667,154,138,56,8
220668,154,138,57,8
220669,154,138,58,8
220670,154,138,59,8
220671,154,138,60,8
220672,154,138,61,8
220673,154,138,62,12
220674,154,138,63,4
220675,154,138,64,6
220676,154,138,65,12
220677,154,138,66,12
220678,154,138,67,5
220679,154,138,68,5
220680,154,138,69,12
220681,154,138,70,12
220682,154,138,71,2
220683,154,138,72,2
220684,154,138,73,15
220685,154,138,74,16
220686,154,138,75,16
220687,154,139,47,14
220688,154,139,48,14
220689,154,139,49,14
220690,154,139,50,14
220691,154,139,51,8
220692,154,139,52,8
220693,154,139,53,8
220694,154,139,54,8
220695,154,139,55,10
220696,154,139,56,10
220697,154,139,57,10
220698,154,139,58,4
220699,154,139,59,4
220700,154,139,60,10
220701,154,139,61,8
220702,154,139,62,8
220703,154,139,63,4
220704,154,139,64,4
220705,154,139,65,4
220706,154,139,66,4
220707,154,139,67,12
220708,154,139,68,5
220709,154,139,69,12
220710,154,139,70,12
220711,154,139,71,2
220712,154,139,72,2
220713,154,139,73,15
220714,154,139,74,16
220715,154,139,75,16
220716,154,140,47,14
220717,154,140,48,14
220718,154,140,49,14
220719,154,140,50,14
220720,154,140,51,8
220721,154,140,52,8
220722,154,140,53,8
220723,154,140,54,10
220724,154,140,55,10
220725,154,140,56,10
220726,154,140,57,6
220727,154,140,58,6
220728,154,140,59,6
220729,154,140,60,10
220730,154,140,61,10
220731,154,140,62,8
220732,154,140,63,10
220733,154,140,64,10
220734,154,140,65,4
220735,154,140,66,4
220736,154,140,67,4
220737,154,140,68,12
220738,154,140,69,12
220739,154,140,70,12
220740,154,140,71,2
220741,154,140,72,2
220742,154,140,73,15
220743,154,140,74,15
220744,154,140,75,15
220745,154,141,47,14
220746,154,141,48,14
220747,154,141,49,14
220748,154,141,50,14
220749,154,141,51,8
220750,154,141,52,8
220751,154,141,53,10
220752,154,141,54,10
220753,154,141,55,6
220754,154,141,56,6
220755,154,141,57,10
220756,154,141,58,10
220757,154,141,59,6
220758,154,141,60,6
220759,154,141,61,6
220760,154,141,62,10
220761,154,141,63,10
220762,154,141,64,10
220763,154,141,65,4
220764,154,141,66,4
220765,154,141,67,12
220766,154,141,68,12
220767,154,141,69,12
220768,154,141,70,12
220769,154,141,71,12
220770,154,141,72,2
220771,154,141,73,2
220772,154,141,74,15
220773,154,141,75,15
220774,154,141,76,15
220775,154,142,47,14
220776,154,142,48,14
220777,154,142,49,14
220778,154,142,50,14
220779,154,142,51,8
220780,154,142,52,10
220781,154,142,53,10
220782,154,142,54,10
220783,154,142,55,6
220784,154,142,56,6
220785,154,142,57,10
220786,154,142,58,6
220787,154,142,59,6
220788,154,142,60,6
220789,154,142,61,6
220790,154,142,62,10
220791,154,142,63,10
220792,154,142,64,10
220793,154,142,65,10
220794,154,142,66,4
220795,154,142,67,12
220796,154,142,68,12
220797,154,142,69,12
220798,154,142,70,12
220799,154,142,71,15
220800,154,142,72,2
220801,154,142,73,2
220802,154,142,74,2
220803,154,142,75,15
220804,154,142,76,2
220805,154,143,47,14
220806,154,143,48,14
220807,154,143,49,14
220808,154,143,50,14
220809,154,143,51,8
220810,154,143,52,10
220811,154,143,53,10
220812,154,143,54,6
220813,154,143,55,6
220814,154,143,56,6
220815,154,143,57,7
220816,154,143,58,7
220817,154,143,59,6
220818,154,143,60,6
220819,154,143,61,6
220820,154,143,62,6
220821,154,143,63,6
220822,154,143,64,10
220823,154,143,65,10
220824,154,143,66,4
220825,154,143,67,12
220826,154,143,68,12
220827,154,143,69,12
220828,154,143,70,15
220829,154,143,71,15
220830,154,143,72,15
220831,154,143,73,2
220832,154,143,74,2
220833,154,143,75,2
220834,154,143,76,2
220835,154,143,77,2
220836,154,144,47,14
220837,154,144,48,14
220838,154,144,49,14
220839,154,144,50,8
220840,154,144,51,8
220841,154,144,52,10
220842,154,144,53,6
220843,154,144,54,6
220844,154,144,55,6
220845,154,144,56,7
220846,154,144,57,7
220847,154,144,58,7
220848,154,144,59,7
220849,154,144,60,6
220850,154,144,61,6
220851,154,144,62,6
220852,154,144,63,6
220853,154,144,64,10
220854,154,144,65,10
220855,154,144,66,4
220856,154,144,67,12
220857,154,144,68,12
220858,154,144,69,12
220859,154,144,70,15
220860,154,144,71,15
220861,154,144,72,15
220862,154,144,73,2
220863,154,144,74,2
220864,154,144,75,2
220865,154,144,76,2
220866,154,144,77,2
220867,154,145,47,14
220868,154,145,48,14
220869,154,145,49,14
220870,154,145,50,8
220871,154,145,51,8
220872,154,145,52,10
220873,154,145,53,6
220874,154,145,54,7
220875,154,145,55,7
220876,154,145,56,7
220877,154,145,57,7
220878,154,145,58,7
220879,154,145,59,7
220880,154,145,60,7
220881,154,145,61,6
220882,154,145,62,6
220883,154,145,63,10
220884,154,145,64,10
220885,154,145,65,8
220886,154,145,66,12
220887,154,145,67,12
220888,154,145,68,12
220889,154,145,69,12
220890,154,145,70,12
220891,154,145,71,15
220892,154,145,72,15
220893,154,145,73,2
220894,154,145,74,2
220895,154,145,75,2
220896,154,145,76,2
220897,154,145,77,2
220898,154,145,78,2
220899,154,146,48,14
220900,154,146,49,14
220901,154,146,50,14
220902,154,146,51,8
220903,154,146,52,10
220904,154,146,53,6
220905,154,146,54,6
220906,154,146,55,7
220907,154,146,56,7
220908,154,146,57,7
220909,154,146,58,7
220910,154,146,59,7
220911,154,146,60,7
220912,154,146,61,6
220913,154,146,62,6
220914,154,146,63,10
220915,154,146,64,10
220916,154,146,65,10
220917,154,146,66,10
220918,154,146,67,12
220919,154,146,68,12
220920,154,146,69,12
220921,154,146,70,12
220922,154,146,71,12
220923,154,146,72,12
220924,154,146,73,2
220925,154,146,74,2
220926,154,146,75,2
220927,154,146,76,2
220928,154,146,77,2
220929,154,146,78,2
220930,154,147,48,14
220931,154,147,49,14
220932,154,147,50,14
220933,154,147,51,8
220934,154,147,52,10
220935,154,147,53,10
220936,154,147,54,10
220937,154,147,55,10
220938,154,147,56,10
220939,154,147,57,7
220940,154,147,58,7
220941,154,147,59,7
220942,154,147,60,7
220943,154,147,61,6
220944,154,147,62,6
220945,154,147,63,6
220946,154,147,64,10
220947,154,147,65,10
220948,154,147,66,10
220949,154,147,67,12
220950,154,147,68,12
220951,154,147,69,12
220952,154,147,70,12
220953,154,147,71,12
220954,154,147,72,12
220955,154,147,73,12
220956,154,147,74,2
220957,154,147,75,2
220958,154,147,76,2
220959,154,147,77,2
220960,154,147,78,2
220961,154,148,46,14
220962,154,148,47,14
220963,154,148,48,14
220964,154,148,49,14
220965,154,148,50,14
220966,154,148,51,8
220967,154,148,52,8
220968,154,148,53,10
220969,154,148,54,10
220970,154,148,55,10
220971,154,148,56,10
220972,154,148,57,10
220973,154,148,58,6
220974,154,148,59,7
220975,154,148,60,7
220976,154,148,61,6
220977,154,148,62,6
220978,154,148,63,6
220979,154,148,64,10
220980,154,148,65,10
220981,154,148,66,10
220982,154,148,67,10
220983,154,148,68,12
220984,154,148,69,12
220985,154,148,70,12
220986,154,148,71,15
220987,154,148,72,12
220988,154,148,73,12
220989,154,148,74,2
220990,154,148,75,2
220991,154,148,76,2
220992,154,148,77,2
220993,154,148,78,15
220994,154,148,79,15
220995,154,149,46,14
220996,154,149,47,14
220997,154,149,48,14
220998,154,149,49,14
220999,154,149,50,14
221000,154,149,51,8
221001,154,149,52,8
221002,154,149,53,10
221003,154,149,54,10
221004,154,149,55,10
221005,154,149,56,8
221006,154,149,57,10
221007,154,149,58,6
221008,154,149,59,7
221009,154,149,60,7
221010,154,149,61,6
221011,154,149,62,6
221012,154,149,63,10
221013,154,149,64,10
221014,154,149,65,10
221015,154,149,66,10
221016,154,149,67,12
221017,154,149,68,12
221018,154,149,69,12
221019,154,149,70,12
221020,154,149,71,15
221021,154,149,72,15
221022,154,149,73,2
221023,154,149,74,2
221024,154,149,75,2
221025,154,149,76,2
221026,154,149,77,2
221027,154,149,78,15
221028,154,149,79,15
221029,154,149,80,15
221030,154,150,47,14
221031,154,150,48,14
221032,154,150,49,14
221033,154,150,50,14
221034,154,150,51,8
221035,154,150,52,8
221036,154,150,53,10
221037,154,150,54,10
221038,154,150,55,10
221039,154,150,56,10
221040,154,150,57,10
221041,154,150,58,6
221042,154,150,59,6
221043,154,150,60,7
221044,154,150,61,6
221045,154,150,62,6
221046,154,150,63,10
221047,154,150,64,10
221048,154,150,65,10
221049,154,150,66,10
221050,154,150,67,12
221051,154,150,68,12
221052,154,150,69,12
221053,154,150,70,12
221054,154,150,71,12
221055,154,150,72,2
221056,154,150,73,2
221057,154,150,74,2
221058,154,150,75,2
221059,154,150,76,2
221060,154,150,77,2
221061,154,150,78,2
221062,154,150,79,15
221063,154,150,80,2
221064,154,150,81,15
221065,154,150,82,15
221066,154,151,48,14
221067,154,151,49,3
221068,154,151,50,3
221069,154,151,51,8
221070,154,151,52,8
221071,154,151,53,10
221072,154,151,54,10
221073,154,151,55,10
221074,154,151,56,10
221075,154,151,57,10
221076,154,151,58,6
221077,154,151,59,6
221078,154,151,60,6
221079,154,151,61,6
221080,154,151,62,10
221081,154,151,63,10
221082,154,151,64,10
221083,154,151,65,8
221084,154,151,66,10
221085,154,151,67,12
221086,154,151,68,12
221087,154,151,69,12
221088,154,151,70,12
221089,154,151,71,2
221090,154,151,72,2
221091,154,151,73,2
221092,154,151,74,2
221093,154,151,75,2
221094,154,151,76,2
221095,154,151,77,2
221096,154,151,78,2
221097,154,151,79,15
221098,154,151,80,15
221099,154,151,81,2
221100,154,151,82,15
221101,154,151,83,15
221102,154,151,84,15
221103,154,151,85,15
221104,154,152,48,14
221105,154,152,49,3
221106,154,152,50,3
221107,154,152,51,8
221108,154,152,52,10
221109,154,152,53,10
221110,154,152,54,10
221111,154,152,55,6
221112,154,152,56,10
221113,154,152,57,6
221114,154,152,58,6
221115,154,152,59,6
221116,154,152,60,6
221117,154,152,61,6
221118,154,152,62,10
221119,154,152,63,10
221120,154,152,64,10
221121,154,152,65,10
221122,154,152,66,10
221123,154,152,67,12
221124,154,152,68,12
221125,154,152,69,12
221126,154,152,70,12
221127,154,152,71,2
221128,154,152,72,2
221129,154,152,73,2
221130,154,152,74,2
221131,154,152,75,2
221132,154,152,76,2
221133,154,152,77,2
221134,154,152,78,2
221135,154,152,79,15
221136,154,152,80,15
221137,154,152,81,15
221138,154,152,82,15
221139,154,152,83,15
221140,154,152,84,15
221141,154,152,85,15
221142,154,153,49,14
221143,154,153,50,3
221144,154,153,51,8
221145,154,153,52,10
221146,154,153,53,10
221147,154,153,54,10
221148,154,153,55,6
221149,154,153,56,6
221150,154,153,57,6
221151,154,153,58,6
221152,154,153,59,6
221153,154,153,60,6
221154,154,153,61,6
221155,154,153,62,3
221156,154,153,63,10
221157,154,153,64,10
221158,154,153,65,10
221159,154,153,66,10
221160,154,153,67,12
221161,154,153,68,12
221162,154,153,69,12
221163,154,153,70,12
221164,154,153,71,2
221165,154,153,72,2
221166,154,153,73,2
221167,154,153,74,2
221168,154,153,75,2
221169,154,153,76,2
221170,154,153,77,2
221171,154,153,78,2
221172,154,153,79,15
221173,154,153,80,15
221174,154,153,81,15
221175,154,153,82,15
221176,154,153,83,15
221177,154,153,84,15
221178,154,153,85,2
221179,154,153,86,2
221180,154,154,50,3
221181,154,154,51,8
221182,154,154,52,10
221183,154,154,53,10
221184,154,154,54,10
221185,154,154,55,6
221186,154,154,56,6
221187,154,154,57,6
221188,154,154,58,6
221189,154,154,59,6
221190,154,154,60,6
221191,154,154,61,6
221192,154,154,62,10
221193,154,154,63,10
221194,154,154,64,10
221195,154,154,65,10
221196,154,154,66,12
221197,154,154,67,12
221198,154,154,68,12
221199,154,154,69,12
221200,154,154,70,12
221201,154,154,71,2
221202,154,154,72,2
221203,154,154,73,2
221204,154,154,74,2
221205,154,154,75,2
221206,154,154,76,2
221207,154,154,77,2
221208,154,154,78,2
221209,154,154,79,2
221210,154,154,80,15
221211,154,154,81,15
221212,154,154,82,15
221213,154,154,83,15
221214,154,154,84,2
221215,154,154,85,2
221216,154,154,86,2
221217,154,155,50,3
221218,154,155,51,8
221219,154,155,52,10
221220,154,155,53,10
221221,154,155,54,10
221222,154,155,55,10
221223,154,155,56,10
221224,154,155,57,10
221225,154,155,58,10
221226,154,155,59,6
221227,154,155,60,6
221228,154,155,61,10
221229,154,155,62,10
221230,154,155,63,10
221231,154,155,64,10
221232,154,155,65,10
221233,154,155,66,12
221234,154,155,67,12
221235,154,155,68,12
221236,154,155,69,12
221237,154,155,70,2
221238,154,155,71,2
221239,154,155,72,2
221240,154,155,73,2
221241,154,155,74,2
221242,154,155,75,2
221243,154,155,76,2
221244,154,155,77,2
221245,154,155,78,2
221246,154,155,79,2
221247,154,155,80,15
221248,154,155,81,15
221249,154,155,82,15
221250,154,155,83,15
221251,154,155,84,2
221252,154,155,85,2
221253,154,155,86,2
221254,154,156,50,3
221255,154,156,51,3
221256,154,156,52,10
221257,154,156,53,10
221258,154,156,54,10
221259,154,156,55,10
221260,154,156,56,10
221261,154,156,57,10
221262,154,156,58,10
221263,154,156,59,10
221264,154,156,60,10
221265,154,156,61,10
221266,154,156,62,10
221267,154,156,63,8
221268,154,156,64,12
221269,154,156,65,12
221270,154,156,66,12
221271,154,156,67,12
221272,154,156,68,12
221273,154,156,69,2
221274,154,156,70,2
221275,154,156,71,2
221276,154,156,72,2
221277,154,156,73,2
221278,154,156,74,2
221279,154,156,75,2
221280,154,156,76,2
221281,154,156,77,2
221282,154,156,78,2
221283,154,156,79,15
221284,154,156,80,15
221285,154,156,81,15
221286,154,156,82,15
221287,154,156,83,15
221288,154,156,84,15
221289,154,156,85,2
221290,154,156,86,2
221291,154,157,50,3
221292,154,157,51,3
221293,154,157,52,10
221294,154,157,53,10
221295,154,157,54,10
221296,154,157,55,10
221297,154,157,56,10
221298,154,157,57,10
221299,154,157,58,10
221300,154,157,59,10
221301,154,157,60,10
221302,154,157,61,8
221303,154,157,62,8
221304,154,157,63,12
221305,154,157,64,12
221306,154,157,65,12
221307,154,157,66,12
221308,154,157,67,12
221309,154,157,68,12
221310,154,157,69,2
221311,154,157,70,2
221312,154,157,71,2
221313,154,157,72,2
221314,154,157,73,2
221315,154,157,74,2
221316,154,157,75,2
221317,154,157,76,2
221318,154,157,77,2
221319,154,157,78,2
221320,154,157,79,15
221321,154,157,80,15
221322,154,157,81,15
221323,154,157,82,15
221324,154,157,83,15
221325,154,157,84,15
221326,154,157,85,2
221327,154,158,51,3
221328,154,158,52,3
221329,154,158,53,10
221330,154,158,54,10
221331,154,158,55,10
221332,154,158,56,10
221333,154,158,57,10
221334,154,158,58,10
221335,154,158,59,10
221336,154,158,60,8
221337,154,158,61,8
221338,154,158,62,3
221339,154,158,63,2
221340,154,158,64,2
221341,154,158,65,12
221342,154,158,66,12
221343,154,158,67,2
221344,154,158,68,2
221345,154,158,69,2
221346,154,158,70,2
221347,154,158,71,2
221348,154,158,72,2
221349,154,158,73,2
221350,154,158,74,2
221351,154,158,75,2
221352,154,158,76,2
221353,154,158,77,2
221354,154,158,78,2
221355,154,158,79,2
221356,154,158,80,15
221357,154,158,81,15
221358,154,158,82,15
221359,154,158,83,15
221360,154,158,84,15
221361,154,158,85,2
221362,154,159,51,3
221363,154,159,52,3
221364,154,159,53,3
221365,154,159,54,10
221366,154,159,55,10
221367,154,159,56,10
221368,154,159,57,10
221369,154,159,58,10
221370,154,159,59,8
221371,154,159,60,3
221372,154,159,61,3
221373,154,159,62,2
221374,154,159,63,2
221375,154,159,64,2
221376,154,159,65,2
221377,154,159,66,2
221378,154,159,67,2
221379,154,159,68,2
221380,154,159,69,2
221381,154,159,70,2
221382,154,159,71,2
221383,154,159,72,2
221384,154,159,73,2
221385,154,159,74,2
221386,154,159,75,2
221387,154,159,76,2
221388,154,159,77,2
221389,154,159,78,2
221390,154,159,79,15
221391,154,159,80,15
221392,154,159,81,15
221393,154,159,82,15
221394,154,159,83,15
221395,154,159,84,15
221396,154,159,85,2
221397,154,160,53,3
221398,154,160,54,3
221399,154,160,55,10
221400,154,160,56,8
221401,154,160,57,8
221402,154,160,58,3
221403,154,160,59,3
221404,154,160,60,3
221405,154,160,61,2
221406,154,160,62,2
221407,154,160,63,2
221408,154,160,64,2
221409,154,160,65,2
221410,154,160,66,2
221411,154,160,67,2
221412,154,160,68,2
221413,154,160,69,2
221414,154,160,70,2
221415,154,160,71,2
221416,154,160,72,2
221417,154,160,73,2
221418,154,160,74,2
221419,154,160,75,2
221420,154,160,76,2
221421,154,160,77,2
221422,154,160,78,2
221423,154,160,79,15
221424,154,160,80,15
221425,154,160,81,15
221426,154,160,82,15
221427,154,160,83,15
221428,154,160,84,15
221429,154,161,55,3
221430,154,161,56,3
221431,154,161,57,3
221432,154,161,58,3
221433,154,161,59,3
221434,154,161,60,3
221435,154,161,61,2
221436,154,161,62,2
221437,154,161,63,2
221438,154,161,64,2
221439,154,161,65,2
221440,154,161,66,2
221441,154,161,67,2
221442,154,161,68,2
221443,154,161,69,2
221444,154,161,70,2
221445,154,161,71,2
221446,154,161,72,2
221447,154,161,73,2
221448,154,161,74,2
221449,154,161,75,2
221450,154,161,76,2
221451,154,161,77,2
221452,154,161,78,15
221453,154,161,79,15
221454,154,161,80,15
221455,154,161,81,15
221456,154,161,82,15
221457,154,161,83,15
221458,154,161,84,15
221459,154,162,58,3
221460,154,162,59,3
221461,154,162,60,3
221462,154,162,61,2
221463,154,162,62,2
221464,154,162,63,2
221465,154,162,64,2
221466,154,162,65,2
221467,154,162,66,2
221468,154,162,67,2
221469,154,162,68,2
221470,154,162,69,2
221471,154,162,70,2
221472,154,162,71,2
221473,154,162,72,2
221474,154,162,73,2
221475,154,162,74,2
221476,154,162,75,2
221477,154,162,76,2
221478,154,162,77,2
221479,154,162,78,15
221480,154,162,79,15
221481,154,162,80,15
221482,154,162,81,15
221483,154,162,82,15
221484,154,162,83,15
221485,154,162,84,15
221486,154,163,58,3
221487,154,163,59,3
221488,154,163,60,3
221489,154,163,61,3
221490,154,163,62,2
221491,154,163,63,2
221492,154,163,64,2
221493,154,163,65,2
221494,154,163,66,2
221495,154,163,67,2
221496,154,163,68,2
221497,154,163,69,2
221498,154,163,70,2
221499,154,163,71,2
221500,154,163,72,2
221501,154,163,73,2
221502,154,163,74,2
221503,154,163,75,2
221504,154,163,76,2
221505,154,163,77,2
221506,154,163,78,15
221507,154,163,79,15
221508,154,163,80,15
221509,154,163,81,15
221510,154,163,82,15
221511,154,163,83,15
221512,154,163,84,15
221513,154,164,58,3
221514,154,164,59,3
221515,154,164,60,3
221516,154,164,61,3
221517,154,164,62,2
221518,154,164,63,2
221519,154,164,64,2
221520,154,164,65,2
221521,154,164,66,2
221522,154,164,67,2
221523,154,164,68,2
221524,154,164,69,2
221525,154,164,70,2
221526,154,164,71,2
221527,154,164,72,2
221528,154,164,73,2
221529,154,164,74,2
221530,154,164,75,2
221531,154,164,76,2
221532,154,164,77,15
221533,154,164,78,15
221534,154,164,79,15
221535,154,164,80,15
221536,154,164,81,15
221537,154,164,82,15
221538,154,164,83,15
221539,154,164,84,15
221540,154,165,59,3
221541,154,165,60,3
221542,154,165,61,3
221543,154,165,62,3
221544,154,165,63,2
221545,154,165,64,2
221546,154,165,65,2
221547,154,165,66,2
221548,154,165,67,2
221549,154,165,68,2
221550,154,165,69,2
221551,154,165,70,2
221552,154,165,71,2
221553,154,165,72,2
221554,154,165,73,2
221555,154,165,74,2
221556,154,165,75,2
221557,154,165,76,15
221558,154,165,77,15
221559,154,165,78,15
221560,154,165,79,15
221561,154,165,80,15
221562,154,165,81,15
221563,154,165,82,15
221564,154,165,83,15
221565,154,165,84,15
221566,154,166,59,3
221567,154,166,60,3
221568,154,166,61,3
221569,154,166,62,3
221570,154,166,63,3
221571,154,166,64,2
221572,154,166,65,2
221573,154,166,66,2
221574,154,166,67,2
221575,154,166,68,2
221576,154,166,69,2
221577,154,166,70,2
221578,154,166,71,2
221579,154,166,72,2
221580,154,166,73,2
221581,154,166,74,15
221582,154,166,75,15
221583,154,166,76,15
221584,154,166,77,15
221585,154,166,78,15
221586,154,166,79,15
221587,154,166,80,15
221588,154,166,81,15
221589,154,166,82,15
221590,154,166,83,15
221591,154,166,84,15
221592,154,167,61,3
221593,154,167,62,3
221594,154,167,63,3
221595,154,167,64,3
221596,154,167,65,2
221597,154,167,66,2
221598,154,167,67,2
221599,154,167,68,2
221600,154,167,69,2
221601,154,167,70,2
221602,154,167,71,15
221603,154,167,72,15
221604,154,167,73,15
221605,154,167,74,15
221606,154,167,75,15
221607,154,167,76,15
221608,154,167,77,15
221609,154,167,78,15
221610,154,167,79,2
221611,154,167,80,15
221612,154,167,81,15
221613,154,167,82,15
221614,154,167,83,15
221615,154,168,61,3
221616,154,168,62,3
221617,154,168,63,3
221618,154,168,64,3
221619,154,168,65,3
221620,154,168,66,3
221621,154,168,67,15
221622,154,168,68,15
221623,154,168,69,15
221624,154,168,70,15
221625,154,168,71,15
221626,154,168,72,15
221627,154,168,73,15
221628,154,168,74,15
221629,154,168,75,15
221630,154,168,76,15
221631,154,168,77,15
221632,154,168,78,15
221633,154,168,79,2
221634,154,168,80,15
221635,154,168,81,15
221636,154,168,82,15
221637,154,169,62,3
221638,154,169,63,3
221639,154,169,64,3
221640,154,169,65,3
221641,154,169,66,3
221642,154,169,67,3
221643,154,169,68,3
221644,154,169,69,3
221645,154,169,70,3
221646,154,169,71,15
221647,154,169,72,15
221648,154,169,73,15
221649,154,169,74,15
221650,154,169,75,15
221651,154,169,76,15
221652,154,169,77,15
221653,154,169,78,15
221654,154,169,79,15
221655,154,169,80,15
221656,154,169,81,15
221657,154,170,64,3
221658,154,170,65,3
221659,154,170,66,3
221660,154,170,67,3
221661,154,170,68,3
221662,154,170,69,3
221663,154,170,70,15
221664,154,170,71,15
221665,154,170,72,15
221666,154,170,73,15
221667,154,170,74,15
221668,154,170,75,15
221669,154,170,76,15
221670,154,170,77,15
221671,154,170,78,15
221672,154,170,79,15
221673,154,170,80,15
221674,154,171,65,3
221675,154,171,66,3
221676,154,171,67,3
221677,154,171,68,15
221678,154,171,69,15
221679,154,171,70,15
221680,154,171,71,15
221681,154,171,72,15
221682,154,171,73,15
221683,154,171,74,15
221684,154,171,75,15
221685,154,171,76,15
221686,154,171,77,15
221687,154,171,78,15
221688,154,172,69,15
221689,154,172,70,15
221690,154,172,71,15
221691,154,172,72,15
221692,154,172,73,15
221693,154,172,74,15
221694,154,172,75,15
221695,154,173,71,15
221696,154,173,72,15
221697,155,115,63,16
221698,155,116,61,16
221699,155,116,62,16
221700,155,116,63,16
221701,155,116,64,16
221702,155,116,65,16
221703,155,117,61,9
221704,155,117,62,16
221705,155,117,63,16
221706,155,117,64,16
221707,155,117,65,16
221708,155,118,59,9
221709,155,118,60,9
221710,155,118,61,9
221711,155,118,62,5
221712,155,118,63,16
221713,155,118,64,16
221714,155,118,65,16
221715,155,118,66,16
221716,155,119,55,16
221717,155,119,56,14
221718,155,119,57,9
221719,155,119,58,9
221720,155,119,59,9
221721,155,119,60,9
221722,155,119,61,4
221723,155,119,62,4
221724,155,119,63,5
221725,155,119,64,2
221726,155,119,65,16
221727,155,119,66,16
221728,155,120,56,16
221729,155,120,57,9
221730,155,120,58,9
221731,155,120,59,9
221732,155,120,60,9
221733,155,120,61,4
221734,155,120,62,12
221735,155,120,63,12
221736,155,120,64,2
221737,155,120,65,2
221738,155,120,66,16
221739,155,120,67,16
221740,155,121,56,14
221741,155,121,57,9
221742,155,121,58,9
221743,155,121,59,9
221744,155,121,60,9
221745,155,121,61,4
221746,155,121,62,4
221747,155,121,63,12
221748,155,121,64,5
221749,155,121,65,2
221750,155,121,66,16
221751,155,121,67,16
221752,155,121,68,16
221753,155,122,57,16
221754,155,122,58,9
221755,155,122,59,9
221756,155,122,60,9
221757,155,122,61,4
221758,155,122,62,4
221759,155,122,63,4
221760,155,122,64,5
221761,155,122,65,5
221762,155,122,66,16
221763,155,122,67,16
221764,155,122,68,16
221765,155,123,57,14
221766,155,123,58,9
221767,155,123,59,9
221768,155,123,60,9
221769,155,123,61,4
221770,155,123,62,4
221771,155,123,63,4
221772,155,123,64,12
221773,155,123,65,5
221774,155,123,66,16
221775,155,123,67,16
221776,155,123,68,16
221777,155,123,69,16
221778,155,124,57,14
221779,155,124,58,9
221780,155,124,59,9
221781,155,124,60,9
221782,155,124,61,9
221783,155,124,62,4
221784,155,124,63,4
221785,155,124,64,12
221786,155,124,65,5
221787,155,124,66,16
221788,155,124,67,16
221789,155,124,68,16
221790,155,124,69,16
221791,155,125,58,9
221792,155,125,59,12
221793,155,125,60,9
221794,155,125,61,9
221795,155,125,62,4
221796,155,125,63,4
221797,155,125,64,4
221798,155,125,65,12
221799,155,125,66,5
221800,155,125,67,16
221801,155,125,68,16
221802,155,125,69,16
221803,155,125,70,16
221804,155,126,57,14
221805,155,126,58,9
221806,155,126,59,12
221807,155,126,60,12
221808,155,126,61,12
221809,155,126,62,12
221810,155,126,63,4
221811,155,126,64,4
221812,155,126,65,12
221813,155,126,66,12
221814,155,126,67,16
221815,155,126,68,16
221816,155,126,69,16
221817,155,126,70,16
221818,155,127,57,14
221819,155,127,58,9
221820,155,127,59,12
221821,155,127,60,12
221822,155,127,61,12
221823,155,127,62,9
221824,155,127,63,4
221825,155,127,64,4
221826,155,127,65,12
221827,155,127,66,12
221828,155,127,67,5
221829,155,127,68,16
221830,155,127,69,16
221831,155,127,70,16
221832,155,127,71,16
221833,155,128,60,12
221834,155,128,61,12
221835,155,128,62,12
221836,155,128,63,12
221837,155,128,64,4
221838,155,128,65,12
221839,155,128,66,12
221840,155,128,67,12
221841,155,128,68,16
221842,155,128,69,16
221843,155,128,70,16
221844,155,128,71,16
221845,155,128,72,16
221846,155,129,60,12
221847,155,129,61,12
221848,155,129,62,12
221849,155,129,63,12
221850,155,129,64,12
221851,155,129,65,12
221852,155,129,66,12
221853,155,129,67,12
221854,155,129,68,16
221855,155,129,69,16
221856,155,129,70,16
221857,155,129,71,16
221858,155,129,72,16
221859,155,130,52,14
221860,155,130,53,14
221861,155,130,54,14
221862,155,130,60,4
221863,155,130,61,4
221864,155,130,62,12
221865,155,130,63,12
221866,155,130,64,12
221867,155,130,65,4
221868,155,130,66,12
221869,155,130,67,12
221870,155,130,68,12
221871,155,130,69,16
221872,155,130,70,16
221873,155,130,71,16
221874,155,130,72,16
221875,155,131,51,14
221876,155,131,52,14
221877,155,131,53,14
221878,155,131,54,14
221879,155,131,55,14
221880,155,131,59,12
221881,155,131,60,6
221882,155,131,61,6
221883,155,131,62,4
221884,155,131,63,12
221885,155,131,64,12
221886,155,131,65,12
221887,155,131,66,12
221888,155,131,67,12
221889,155,131,68,12
221890,155,131,69,12
221891,155,131,70,16
221892,155,131,71,16
221893,155,131,72,16
221894,155,131,73,16
221895,155,132,50,14
221896,155,132,51,14
221897,155,132,52,14
221898,155,132,53,14
221899,155,132,54,14
221900,155,132,55,14
221901,155,132,56,14
221902,155,132,58,9
221903,155,132,59,12
221904,155,132,60,6
221905,155,132,61,6
221906,155,132,62,4
221907,155,132,63,4
221908,155,132,64,12
221909,155,132,65,5
221910,155,132,66,12
221911,155,132,67,12
221912,155,132,68,12
221913,155,132,69,12
221914,155,132,70,16
221915,155,132,71,16
221916,155,132,72,16
221917,155,132,73,16
221918,155,133,48,14
221919,155,133,49,14
221920,155,133,50,14
221921,155,133,51,14
221922,155,133,52,14
221923,155,133,53,14
221924,155,133,54,14
221925,155,133,55,14
221926,155,133,58,9
221927,155,133,59,12
221928,155,133,60,4
221929,155,133,61,6
221930,155,133,62,6
221931,155,133,63,4
221932,155,133,64,4
221933,155,133,65,5
221934,155,133,66,12
221935,155,133,67,12
221936,155,133,68,12
221937,155,133,69,12
221938,155,133,70,12
221939,155,133,71,16
221940,155,133,72,16
221941,155,133,73,16
221942,155,134,48,14
221943,155,134,49,14
221944,155,134,50,14
221945,155,134,51,14
221946,155,134,52,14
221947,155,134,53,14
221948,155,134,54,14
221949,155,134,55,14
221950,155,134,57,9
221951,155,134,58,12
221952,155,134,59,12
221953,155,134,60,4
221954,155,134,61,6
221955,155,134,62,6
221956,155,134,63,6
221957,155,134,64,4
221958,155,134,65,5
221959,155,134,66,5
221960,155,134,67,12
221961,155,134,68,12
221962,155,134,69,12
221963,155,134,70,12
221964,155,134,71,2
221965,155,134,72,16
221966,155,134,73,16
221967,155,135,49,14
221968,155,135,50,14
221969,155,135,51,14
221970,155,135,52,14
221971,155,135,53,14
221972,155,135,54,14
221973,155,135,55,14
221974,155,135,56,14
221975,155,135,57,9
221976,155,135,58,12
221977,155,135,59,12
221978,155,135,60,4
221979,155,135,61,6
221980,155,135,62,6
221981,155,135,63,6
221982,155,135,64,4
221983,155,135,65,4
221984,155,135,66,5
221985,155,135,67,12
221986,155,135,68,12
221987,155,135,69,12
221988,155,135,70,12
221989,155,135,71,2
221990,155,135,72,16
221991,155,135,73,16
221992,155,135,74,16
221993,155,136,49,14
221994,155,136,50,14
221995,155,136,51,14
221996,155,136,52,14
221997,155,136,53,14
221998,155,136,54,8
221999,155,136,55,8
222000,155,136,56,8
222001,155,136,57,8
222002,155,136,58,8
222003,155,136,59,12
222004,155,136,60,12
222005,155,136,61,4
222006,155,136,62,6
222007,155,136,63,6
222008,155,136,64,4
222009,155,136,65,4
222010,155,136,66,12
222011,155,136,67,12
222012,155,136,68,12
222013,155,136,69,12
222014,155,136,70,12
222015,155,136,71,12
222016,155,136,72,15
222017,155,136,73,16
222018,155,136,74,16
222019,155,136,75,16
222020,155,137,49,14
222021,155,137,50,14
222022,155,137,51,14
222023,155,137,52,8
222024,155,137,53,8
222025,155,137,54,8
222026,155,137,55,8
222027,155,137,56,8
222028,155,137,57,8
222029,155,137,58,8
222030,155,137,59,8
222031,155,137,60,8
222032,155,137,61,12
222033,155,137,62,12
222034,155,137,63,6
222035,155,137,64,6
222036,155,137,65,4
222037,155,137,66,12
222038,155,137,67,12
222039,155,137,68,12
222040,155,137,69,12
222041,155,137,70,12
222042,155,137,71,12
222043,155,137,72,12
222044,155,137,73,15
222045,155,137,74,16
222046,155,137,75,16
222047,155,138,48,14
222048,155,138,49,14
222049,155,138,50,14
222050,155,138,51,8
222051,155,138,52,8
222052,155,138,53,8
222053,155,138,54,8
222054,155,138,55,8
222055,155,138,56,10
222056,155,138,57,10
222057,155,138,58,10
222058,155,138,59,10
222059,155,138,60,8
222060,155,138,61,8
222061,155,138,62,12
222062,155,138,63,10
222063,155,138,64,6
222064,155,138,65,12
222065,155,138,66,12
222066,155,138,67,12
222067,155,138,68,12
222068,155,138,69,12
222069,155,138,70,12
222070,155,138,71,12
222071,155,138,72,12
222072,155,138,73,15
222073,155,138,74,15
222074,155,138,75,16
222075,155,138,76,16
222076,155,139,47,14
222077,155,139,48,14
222078,155,139,49,14
222079,155,139,50,14
222080,155,139,51,8
222081,155,139,52,8
222082,155,139,53,8
222083,155,139,54,10
222084,155,139,55,10
222085,155,139,56,10
222086,155,139,57,10
222087,155,139,58,6
222088,155,139,59,6
222089,155,139,60,6
222090,155,139,61,8
222091,155,139,62,8
222092,155,139,63,12
222093,155,139,64,4
222094,155,139,65,12
222095,155,139,66,12
222096,155,139,67,12
222097,155,139,68,12
222098,155,139,69,12
222099,155,139,70,12
222100,155,139,71,12
222101,155,139,72,12
222102,155,139,73,15
222103,155,139,74,15
222104,155,139,75,15
222105,155,139,76,16
222106,155,140,45,14
222107,155,140,46,14
222108,155,140,47,14
222109,155,140,48,14
222110,155,140,49,14
222111,155,140,50,14
222112,155,140,51,8
222113,155,140,52,8
222114,155,140,53,10
222115,155,140,54,10
222116,155,140,55,10
222117,155,140,56,10
222118,155,140,57,10
222119,155,140,58,7
222120,155,140,59,6
222121,155,140,60,6
222122,155,140,61,6
222123,155,140,62,10
222124,155,140,63,8
222125,155,140,64,10
222126,155,140,65,12
222127,155,140,66,12
222128,155,140,67,12
222129,155,140,68,12
222130,155,140,69,12
222131,155,140,70,12
222132,155,140,71,12
222133,155,140,72,12
222134,155,140,73,12
222135,155,140,74,15
222136,155,140,75,15
222137,155,140,76,15
222138,155,141,45,14
222139,155,141,46,14
222140,155,141,47,14
222141,155,141,48,14
222142,155,141,49,14
222143,155,141,50,8
222144,155,141,51,8
222145,155,141,52,10
222146,155,141,53,10
222147,155,141,54,10
222148,155,141,55,6
222149,155,141,56,6
222150,155,141,57,7
222151,155,141,58,7
222152,155,141,59,7
222153,155,141,60,6
222154,155,141,61,6
222155,155,141,62,10
222156,155,141,63,10
222157,155,141,64,10
222158,155,141,67,12
222159,155,141,68,12
222160,155,141,69,12
222161,155,141,70,12
222162,155,141,71,12
222163,155,141,72,12
222164,155,141,73,12
222165,155,141,74,15
222166,155,141,75,15
222167,155,141,76,15
222168,155,142,47,14
222169,155,142,48,14
222170,155,142,49,14
222171,155,142,50,8
222172,155,142,51,8
222173,155,142,52,10
222174,155,142,53,10
222175,155,142,54,10
222176,155,142,55,6
222177,155,142,56,7
222178,155,142,57,7
222179,155,142,58,7
222180,155,142,59,7
222181,155,142,60,6
222182,155,142,61,6
222183,155,142,62,6
222184,155,142,63,6
222185,155,142,64,10
222186,155,142,65,10
222187,155,142,66,12
222188,155,142,67,12
222189,155,142,68,12
222190,155,142,69,12
222191,155,142,70,12
222192,155,142,71,12
222193,155,142,72,12
222194,155,142,73,2
222195,155,142,74,15
222196,155,142,75,15
222197,155,142,76,15
222198,155,143,48,14
222199,155,143,49,14
222200,155,143,50,8
222201,155,143,51,8
222202,155,143,52,10
222203,155,143,53,10
222204,155,143,54,6
222205,155,143,55,7
222206,155,143,56,7
222207,155,143,57,7
222208,155,143,58,7
222209,155,143,59,7
222210,155,143,60,7
222211,155,143,61,6
222212,155,143,62,6
222213,155,143,63,6
222214,155,143,64,10
222215,155,143,65,10
222216,155,143,66,12
222217,155,143,67,12
222218,155,143,68,12
222219,155,143,69,12
222220,155,143,70,12
222221,155,143,71,12
222222,155,143,72,12
222223,155,143,73,2
222224,155,143,74,2
222225,155,143,75,15
222226,155,143,76,15
222227,155,143,77,15
222228,155,144,47,14
222229,155,144,48,14
222230,155,144,49,14
222231,155,144,50,8
222232,155,144,51,8
222233,155,144,52,10
222234,155,144,53,6
222235,155,144,54,6
222236,155,144,55,7
222237,155,144,56,7
222238,155,144,57,7
222239,155,144,58,7
222240,155,144,59,7
222241,155,144,60,7
222242,155,144,61,6
222243,155,144,62,6
222244,155,144,63,6
222245,155,144,64,10
222246,155,144,65,8
222247,155,144,66,12
222248,155,144,67,12
222249,155,144,68,12
222250,155,144,69,12
222251,155,144,70,12
222252,155,144,71,15
222253,155,144,72,15
222254,155,144,73,2
222255,155,144,74,2
222256,155,144,75,2
222257,155,144,76,15
222258,155,144,77,15
222259,155,145,47,14
222260,155,145,48,14
222261,155,145,49,14
222262,155,145,50,14
222263,155,145,51,8
222264,155,145,52,10
222265,155,145,53,6
222266,155,145,54,7
222267,155,145,55,7
222268,155,145,56,7
222269,155,145,57,7
222270,155,145,58,7
222271,155,145,59,7
222272,155,145,60,7
222273,155,145,61,6
222274,155,145,62,6
222275,155,145,63,6
222276,155,145,64,10
222277,155,145,65,8
222278,155,145,66,12
222279,155,145,67,12
222280,155,145,68,12
222281,155,145,69,3
222282,155,145,70,12
222283,155,145,71,15
222284,155,145,72,15
222285,155,145,73,2
222286,155,145,74,2
222287,155,145,75,2
222288,155,145,76,15
222289,155,145,77,15
222290,155,145,78,2
222291,155,146,48,14
222292,155,146,49,14
222293,155,146,50,14
222294,155,146,51,8
222295,155,146,52,10
222296,155,146,53,6
222297,155,146,54,6
222298,155,146,55,7
222299,155,146,56,7
222300,155,146,57,7
222301,155,146,58,7
222302,155,146,59,7
222303,155,146,60,7
222304,155,146,61,6
222305,155,146,62,6
222306,155,146,63,10
222307,155,146,64,10
222308,155,146,65,8
222309,155,146,66,8
222310,155,146,67,12
222311,155,146,68,12
222312,155,146,69,12
222313,155,146,70,12
222314,155,146,71,12
222315,155,146,72,12
222316,155,146,73,2
222317,155,146,74,2
222318,155,146,75,2
222319,155,146,76,2
222320,155,146,77,15
222321,155,146,78,2
222322,155,147,49,14
222323,155,147,50,14
222324,155,147,51,8
222325,155,147,52,10
222326,155,147,53,10
222327,155,147,54,10
222328,155,147,55,10
222329,155,147,56,6
222330,155,147,57,7
222331,155,147,58,7
222332,155,147,59,7
222333,155,147,60,7
222334,155,147,61,6
222335,155,147,62,6
222336,155,147,63,10
222337,155,147,64,10
222338,155,147,65,10
222339,155,147,66,10
222340,155,147,67,12
222341,155,147,68,12
222342,155,147,69,12
222343,155,147,70,12
222344,155,147,71,12
222345,155,147,72,12
222346,155,147,73,2
222347,155,147,74,2
222348,155,147,75,2
222349,155,147,76,2
222350,155,147,77,2
222351,155,147,78,15
222352,155,148,49,14
222353,155,148,50,14
222354,155,148,51,8
222355,155,148,52,8
222356,155,148,53,8
222357,155,148,54,10
222358,155,148,55,10
222359,155,148,56,10
222360,155,148,57,10
222361,155,148,58,6
222362,155,148,59,7
222363,155,148,60,7
222364,155,148,61,6
222365,155,148,62,6
222366,155,148,63,10
222367,155,148,64,10
222368,155,148,65,10
222369,155,148,66,10
222370,155,148,67,10
222371,155,148,68,12
222372,155,148,69,12
222373,155,148,70,12
222374,155,148,71,15
222375,155,148,72,12
222376,155,148,73,2
222377,155,148,74,2
222378,155,148,75,2
222379,155,148,76,2
222380,155,148,77,2
222381,155,148,78,15
222382,155,149,49,14
222383,155,149,50,3
222384,155,149,51,8
222385,155,149,52,8
222386,155,149,53,8
222387,155,149,54,10
222388,155,149,55,10
222389,155,149,56,10
222390,155,149,57,10
222391,155,149,58,6
222392,155,149,59,6
222393,155,149,60,6
222394,155,149,61,6
222395,155,149,62,10
222396,155,149,63,10
222397,155,149,64,8
222398,155,149,65,10
222399,155,149,66,10
222400,155,149,67,12
222401,155,149,68,12
222402,155,149,69,12
222403,155,149,70,15
222404,155,149,71,12
222405,155,149,72,2
222406,155,149,73,2
222407,155,149,74,2
222408,155,149,75,2
222409,155,149,76,2
222410,155,149,77,2
222411,155,149,78,15
222412,155,149,79,16
222413,155,150,49,3
222414,155,150,50,3
222415,155,150,51,8
222416,155,150,52,8
222417,155,150,53,8
222418,155,150,54,10
222419,155,150,55,10
222420,155,150,56,10
222421,155,150,57,10
222422,155,150,58,6
222423,155,150,59,6
222424,155,150,60,6
222425,155,150,61,6
222426,155,150,62,10
222427,155,150,63,8
222428,155,150,64,8
222429,155,150,65,8
222430,155,150,66,10
222431,155,150,67,12
222432,155,150,68,12
222433,155,150,69,12
222434,155,150,70,12
222435,155,150,71,2
222436,155,150,72,2
222437,155,150,73,2
222438,155,150,74,2
222439,155,150,75,2
222440,155,150,76,2
222441,155,150,77,2
222442,155,150,78,15
222443,155,150,79,15
222444,155,151,49,3
222445,155,151,50,3
222446,155,151,51,8
222447,155,151,52,8
222448,155,151,53,10
222449,155,151,54,10
222450,155,151,55,10
222451,155,151,56,10
222452,155,151,57,6
222453,155,151,58,6
222454,155,151,59,6
222455,155,151,60,6
222456,155,151,61,6
222457,155,151,62,10
222458,155,151,63,8
222459,155,151,64,10
222460,155,151,65,8
222461,155,151,66,10
222462,155,151,67,12
222463,155,151,68,12
222464,155,151,69,12
222465,155,151,70,12
222466,155,151,71,2
222467,155,151,72,2
222468,155,151,73,2
222469,155,151,74,2
222470,155,151,75,2
222471,155,151,76,2
222472,155,151,77,2
222473,155,151,78,15
222474,155,151,79,15
222475,155,151,80,15
222476,155,151,81,2
222477,155,152,49,3
222478,155,152,50,8
222479,155,152,51,8
222480,155,152,52,10
222481,155,152,53,10
222482,155,152,54,6
222483,155,152,55,6
222484,155,152,56,6
222485,155,152,57,6
222486,155,152,58,6
222487,155,152,59,6
222488,155,152,60,6
222489,155,152,61,6
222490,155,152,62,10
222491,155,152,63,10
222492,155,152,64,10
222493,155,152,65,8
222494,155,152,66,10
222495,155,152,67,12
222496,155,152,68,12
222497,155,152,69,12
222498,155,152,70,12
222499,155,152,71,2
222500,155,152,72,2
222501,155,152,73,2
222502,155,152,74,2
222503,155,152,75,2
222504,155,152,76,2
222505,155,152,77,2
222506,155,152,78,15
222507,155,152,79,15
222508,155,152,80,15
222509,155,152,81,2
222510,155,152,82,2
222511,155,152,83,15
222512,155,152,84,15
222513,155,152,85,15
222514,155,153,49,3
222515,155,153,50,8
222516,155,153,51,8
222517,155,153,52,10
222518,155,153,53,10
222519,155,153,54,6
222520,155,153,55,6
222521,155,153,56,6
222522,155,153,57,6
222523,155,153,58,6
222524,155,153,59,6
222525,155,153,60,6
222526,155,153,61,10
222527,155,153,62,10
222528,155,153,63,10
222529,155,153,64,10
222530,155,153,65,10
222531,155,153,66,12
222532,155,153,67,12
222533,155,153,68,12
222534,155,153,69,12
222535,155,153,70,12
222536,155,153,71,2
222537,155,153,72,2
222538,155,153,73,2
222539,155,153,74,2
222540,155,153,75,2
222541,155,153,76,2
222542,155,153,77,2
222543,155,153,78,15
222544,155,153,79,15
222545,155,153,80,15
222546,155,153,81,15
222547,155,153,82,2
222548,155,153,83,2
222549,155,153,84,2
222550,155,153,85,2
222551,155,154,50,3
222552,155,154,51,8
222553,155,154,52,8
222554,155,154,53,10
222555,155,154,54,10
222556,155,154,55,6
222557,155,154,56,6
222558,155,154,57,6
222559,155,154,58,10
222560,155,154,59,6
222561,155,154,60,6
222562,155,154,61,10
222563,155,154,62,10
222564,155,154,63,10
222565,155,154,64,10
222566,155,154,65,10
222567,155,154,66,12
222568,155,154,67,12
222569,155,154,68,12
222570,155,154,69,12
222571,155,154,70,2
222572,155,154,71,2
222573,155,154,72,2
222574,155,154,73,2
222575,155,154,74,2
222576,155,154,75,2
222577,155,154,76,2
222578,155,154,77,2
222579,155,154,78,15
222580,155,154,79,15
222581,155,154,80,15
222582,155,154,81,15
222583,155,154,82,2
222584,155,154,83,2
222585,155,154,84,2
222586,155,154,85,2
222587,155,154,86,2
222588,155,155,50,14
222589,155,155,51,8
222590,155,155,52,8
222591,155,155,53,10
222592,155,155,54,10
222593,155,155,55,10
222594,155,155,56,10
222595,155,155,57,6
222596,155,155,58,10
222597,155,155,59,6
222598,155,155,60,10
222599,155,155,61,10
222600,155,155,62,10
222601,155,155,63,10
222602,155,155,64,10
222603,155,155,65,12
222604,155,155,66,12
222605,155,155,67,12
222606,155,155,68,12
222607,155,155,69,2
222608,155,155,70,2
222609,155,155,71,2
222610,155,155,72,2
222611,155,155,73,2
222612,155,155,74,2
222613,155,155,75,2
222614,155,155,76,2
222615,155,155,77,2
222616,155,155,78,15
222617,155,155,79,15
222618,155,155,80,15
222619,155,155,81,15
222620,155,155,82,15
222621,155,155,83,2
222622,155,155,84,2
222623,155,155,85,2
222624,155,155,86,2
222625,155,156,51,3
222626,155,156,52,8
222627,155,156,53,8
222628,155,156,54,10
222629,155,156,55,10
222630,155,156,56,10
222631,155,156,57,10
222632,155,156,58,10
222633,155,156,59,10
222634,155,156,60,10
222635,155,156,61,10
222636,155,156,62,10
222637,155,156,63,8
222638,155,156,64,10
222639,155,156,65,12
222640,155,156,66,12
222641,155,156,67,12
222642,155,156,68,2
222643,155,156,69,2
222644,155,156,70,2
222645,155,156,71,2
222646,155,156,72,2
222647,155,156,73,2
222648,155,156,74,2
222649,155,156,75,2
222650,155,156,76,2
222651,155,156,77,2
222652,155,156,78,15
222653,155,156,79,15
222654,155,156,80,15
222655,155,156,81,15
222656,155,156,82,15
222657,155,156,83,15
222658,155,156,84,2
222659,155,156,85,2
222660,155,157,51,3
222661,155,157,52,10
222662,155,157,53,10
222663,155,157,54,10
222664,155,157,55,10
222665,155,157,56,10
222666,155,157,57,10
222667,155,157,58,10
222668,155,157,59,10
222669,155,157,60,10
222670,155,157,61,8
222671,155,157,62,8
222672,155,157,63,3
222673,155,157,64,2
222674,155,157,65,2
222675,155,157,66,2
222676,155,157,67,2
222677,155,157,68,2
222678,155,157,69,2
222679,155,157,70,2
222680,155,157,71,2
222681,155,157,72,2
222682,155,157,73,2
222683,155,157,74,2
222684,155,157,75,2
222685,155,157,76,2
222686,155,157,77,2
222687,155,157,78,15
222688,155,157,79,15
222689,155,157,80,15
222690,155,157,81,15
222691,155,157,82,15
222692,155,157,83,15
222693,155,157,84,2
222694,155,157,85,2
222695,155,158,51,3
222696,155,158,52,3
222697,155,158,53,8
222698,155,158,54,10
222699,155,158,55,10
222700,155,158,56,10
222701,155,158,57,10
222702,155,158,58,10
222703,155,158,59,10
222704,155,158,60,8
222705,155,158,61,8
222706,155,158,62,3
222707,155,158,63,2
222708,155,158,64,2
222709,155,158,65,2
222710,155,158,66,2
222711,155,158,67,2
222712,155,158,68,2
222713,155,158,69,2
222714,155,158,70,2
222715,155,158,71,2
222716,155,158,72,2
222717,155,158,73,2
222718,155,158,74,2
222719,155,158,75,2
222720,155,158,76,2
222721,155,158,77,2
222722,155,158,78,15
222723,155,158,79,15
222724,155,158,80,15
222725,155,158,81,15
222726,155,158,82,15
222727,155,158,83,15
222728,155,158,84,15
222729,155,158,85,2
222730,155,159,51,3
222731,155,159,52,3
222732,155,159,53,8
222733,155,159,54,8
222734,155,159,55,10
222735,155,159,56,8
222736,155,159,57,8
222737,155,159,58,8
222738,155,159,59,8
222739,155,159,60,8
222740,155,159,61,3
222741,155,159,62,2
222742,155,159,63,2
222743,155,159,64,2
222744,155,159,65,2
222745,155,159,66,2
222746,155,159,67,2
222747,155,159,68,2
222748,155,159,69,2
222749,155,159,70,2
222750,155,159,71,2
222751,155,159,72,2
222752,155,159,73,2
222753,155,159,74,2
222754,155,159,75,2
222755,155,159,76,2
222756,155,159,77,2
222757,155,159,78,15
222758,155,159,79,15
222759,155,159,80,15
222760,155,159,81,15
222761,155,159,82,15
222762,155,159,83,15
222763,155,159,84,15
222764,155,159,85,2
222765,155,160,53,3
222766,155,160,54,3
222767,155,160,55,3
222768,155,160,56,8
222769,155,160,57,8
222770,155,160,58,8
222771,155,160,59,3
222772,155,160,60,3
222773,155,160,61,2
222774,155,160,62,2
222775,155,160,63,2
222776,155,160,64,2
222777,155,160,65,2
222778,155,160,66,2
222779,155,160,67,2
222780,155,160,68,2
222781,155,160,69,2
222782,155,160,70,2
222783,155,160,71,2
222784,155,160,72,2
222785,155,160,73,2
222786,155,160,74,2
222787,155,160,75,2
222788,155,160,76,2
222789,155,160,77,15
222790,155,160,78,15
222791,155,160,79,15
222792,155,160,80,15
222793,155,160,81,15
222794,155,160,82,15
222795,155,160,83,15
222796,155,160,84,15
222797,155,160,85,15
222798,155,161,56,3
222799,155,161,57,3
222800,155,161,58,3
222801,155,161,59,3
222802,155,161,60,3
222803,155,161,61,2
222804,155,161,62,2
222805,155,161,63,2
222806,155,161,64,2
222807,155,161,65,2
222808,155,161,66,2
222809,155,161,67,2
222810,155,161,68,2
222811,155,161,69,2
222812,155,161,70,2
222813,155,161,71,2
222814,155,161,72,2
222815,155,161,73,2
222816,155,161,74,2
222817,155,161,75,2
222818,155,161,76,2
222819,155,161,77,15
222820,155,161,78,15
222821,155,161,79,15
222822,155,161,80,15
222823,155,161,81,15
222824,155,161,82,15
222825,155,161,83,15
222826,155,162,57,3
222827,155,162,58,3
222828,155,162,59,3
222829,155,162,60,3
222830,155,162,61,3
222831,155,162,62,2
222832,155,162,63,2
222833,155,162,64,2
222834,155,162,65,2
222835,155,162,66,2
222836,155,162,67,2
222837,155,162,68,2
222838,155,162,69,2
222839,155,162,70,2
222840,155,162,71,2
222841,155,162,72,2
222842,155,162,73,2
222843,155,162,74,2
222844,155,162,75,2
222845,155,162,76,15
222846,155,162,77,15
222847,155,162,78,15
222848,155,162,79,15
222849,155,162,80,15
222850,155,162,81,15
222851,155,162,82,15
222852,155,163,58,3
222853,155,163,59,3
222854,155,163,60,3
222855,155,163,61,3
222856,155,163,62,2
222857,155,163,63,2
222858,155,163,64,2
222859,155,163,65,2
222860,155,163,66,2
222861,155,163,67,2
222862,155,163,68,2
222863,155,163,69,2
222864,155,163,70,2
222865,155,163,71,2
222866,155,163,72,2
222867,155,163,73,2
222868,155,163,74,2
222869,155,163,75,2
222870,155,163,76,15
222871,155,163,77,3
222872,155,163,78,15
222873,155,163,79,15
222874,155,164,59,3
222875,155,164,60,3
222876,155,164,61,3
222877,155,164,62,3
222878,155,164,63,2
222879,155,164,64,2
222880,155,164,65,2
222881,155,164,66,2
222882,155,164,67,2
222883,155,164,68,2
222884,155,164,69,2
222885,155,164,70,2
222886,155,164,71,2
222887,155,164,72,2
222888,155,164,73,2
222889,155,164,74,2
222890,155,164,75,15
222891,155,164,76,15
222892,155,164,77,15
222893,155,164,78,15
222894,155,165,59,3
222895,155,165,60,3
222896,155,165,61,3
222897,155,165,62,3
222898,155,165,63,2
222899,155,165,64,2
222900,155,165,65,2
222901,155,165,66,2
222902,155,165,67,2
222903,155,165,68,2
222904,155,165,69,2
222905,155,165,70,2
222906,155,165,71,2
222907,155,165,72,2
222908,155,165,73,15
222909,155,165,74,15
222910,155,165,75,15
222911,155,165,76,15
222912,155,165,77,15
222913,155,165,78,15
222914,155,165,80,15
222915,155,165,81,15
222916,155,165,82,15
222917,155,165,83,15
222918,155,166,60,3
222919,155,166,61,3
222920,155,166,62,3
222921,155,166,63,3
222922,155,166,64,2
222923,155,166,65,2
222924,155,166,66,2
222925,155,166,67,2
222926,155,166,68,2
222927,155,166,69,2
222928,155,166,70,15
222929,155,166,71,15
222930,155,166,72,15
222931,155,166,73,15
222932,155,166,74,15
222933,155,166,75,15
222934,155,166,76,15
222935,155,166,77,15
222936,155,166,78,2
222937,155,166,79,2
222938,155,166,80,15
222939,155,166,81,15
222940,155,166,82,15
222941,155,166,83,15
222942,155,167,60,3
222943,155,167,61,3
222944,155,167,62,3
222945,155,167,63,3
222946,155,167,64,3
222947,155,167,65,3
222948,155,167,66,3
222949,155,167,67,3
222950,155,167,68,3
222951,155,167,69,15
222952,155,167,70,15
222953,155,167,71,15
222954,155,167,72,15
222955,155,167,73,15
222956,155,167,74,15
222957,155,167,75,15
222958,155,167,76,15
222959,155,167,77,2
222960,155,167,78,2
222961,155,167,79,2
222962,155,167,80,15
222963,155,167,81,15
222964,155,167,82,15
222965,155,168,60,3
222966,155,168,61,3
222967,155,168,62,3
222968,155,168,63,3
222969,155,168,64,3
222970,155,168,65,3
222971,155,168,66,3
222972,155,168,67,3
222973,155,168,68,3
222974,155,168,69,3
222975,155,168,70,3
222976,155,168,71,15
222977,155,168,72,15
222978,155,168,73,15
222979,155,168,74,15
222980,155,168,75,15
222981,155,168,76,15
222982,155,168,77,15
222983,155,168,78,15
222984,155,168,79,2
222985,155,168,80,15
222986,155,169,62,3
222987,155,169,63,3
222988,155,169,64,3
222989,155,169,65,3
222990,155,169,66,3
222991,155,169,67,3
222992,155,169,68,3
222993,155,169,69,3
222994,155,169,70,15
222995,155,169,71,15
222996,155,169,72,15
222997,155,169,73,15
222998,155,169,74,15
222999,155,169,75,15
223000,155,169,76,15
223001,155,169,77,15
223002,155,169,78,15
223003,155,170,64,3
223004,155,170,65,3
223005,155,170,66,3
223006,155,170,67,3
223007,155,170,68,3
223008,155,170,69,15
223009,155,170,70,15
223010,155,170,71,15
223011,155,170,72,15
223012,155,170,73,15
223013,155,170,74,15
223014,155,170,75,15
223015,155,170,76,15
223016,155,170,77,15
223017,155,171,65,3
223018,155,171,66,3
223019,155,171,67,3
223020,155,171,68,3
223021,155,171,69,3
223022,155,171,70,15
223023,155,171,71,15
223024,155,171,72,15
223025,155,171,73,15
223026,155,171,74,15
223027,155,171,75,15
223028,155,171,76,15
223029,155,172,69,15
223030,155,172,70,15
223031,155,172,71,15
223032,155,172,72,15
223033,155,172,73,15
223034,155,172,74,15
223035,155,173,73,15
223036,156,114,63,16
223037,156,115,59,9
223038,156,115,60,16
223039,156,115,61,16
223040,156,115,62,16
223041,156,115,63,16
223042,156,115,64,16
223043,156,116,58,9
223044,156,116,59,9
223045,156,116,60,9
223046,156,116,61,9
223047,156,116,62,16
223048,156,116,63,16
223049,156,116,64,16
223050,156,116,65,16
223051,156,117,58,9
223052,156,117,59,9
223053,156,117,60,9
223054,156,117,61,5
223055,156,117,62,16
223056,156,117,63,16
223057,156,117,64,16
223058,156,117,65,16
223059,156,117,66,16
223060,156,118,58,9
223061,156,118,59,9
223062,156,118,60,9
223063,156,118,61,4
223064,156,118,62,5
223065,156,118,63,16
223066,156,118,64,16
223067,156,118,65,16
223068,156,118,66,16
223069,156,119,58,9
223070,156,119,59,9
223071,156,119,60,4
223072,156,119,61,4
223073,156,119,62,4
223074,156,119,63,5
223075,156,119,64,16
223076,156,119,65,16
223077,156,119,66,16
223078,156,119,67,16
223079,156,120,58,9
223080,156,120,59,9
223081,156,120,60,4
223082,156,120,61,4
223083,156,120,62,4
223084,156,120,63,12
223085,156,120,64,5
223086,156,120,65,16
223087,156,120,66,16
223088,156,120,67,16
223089,156,120,68,16
223090,156,121,41,14
223091,156,121,42,14
223092,156,121,57,4
223093,156,121,58,9
223094,156,121,59,9
223095,156,121,60,4
223096,156,121,61,4
223097,156,121,62,4
223098,156,121,63,4
223099,156,121,64,5
223100,156,121,65,16
223101,156,121,66,16
223102,156,121,67,16
223103,156,121,68,16
223104,156,122,42,14
223105,156,122,56,9
223106,156,122,57,4
223107,156,122,58,4
223108,156,122,59,9
223109,156,122,60,9
223110,156,122,61,4
223111,156,122,62,4
223112,156,122,63,4
223113,156,122,64,5
223114,156,122,65,5
223115,156,122,66,16
223116,156,122,67,16
223117,156,122,68,16
223118,156,123,56,9
223119,156,123,57,12
223120,156,123,58,4
223121,156,123,59,9
223122,156,123,60,4
223123,156,123,61,4
223124,156,123,62,4
223125,156,123,63,4
223126,156,123,64,12
223127,156,123,65,5
223128,156,123,66,16
223129,156,123,67,16
223130,156,123,68,16
223131,156,123,69,16
223132,156,123,72,16
223133,156,124,55,9
223134,156,124,56,9
223135,156,124,57,12
223136,156,124,58,4
223137,156,124,59,4
223138,156,124,60,4
223139,156,124,61,4
223140,156,124,62,4
223141,156,124,63,4
223142,156,124,64,12
223143,156,124,65,5
223144,156,124,66,16
223145,156,124,67,16
223146,156,124,68,16
223147,156,124,69,16
223148,156,125,54,16
223149,156,125,55,9
223150,156,125,56,9
223151,156,125,57,12
223152,156,125,58,4
223153,156,125,59,4
223154,156,125,60,4
223155,156,125,61,4
223156,156,125,62,4
223157,156,125,63,4
223158,156,125,64,12
223159,156,125,65,12
223160,156,125,66,5
223161,156,125,67,16
223162,156,125,68,16
223163,156,125,69,16
223164,156,125,70,16
223165,156,126,55,9
223166,156,126,56,9
223167,156,126,57,12
223168,156,126,58,4
223169,156,126,59,4
223170,156,126,60,4
223171,156,126,61,4
223172,156,126,62,4
223173,156,126,63,4
223174,156,126,64,4
223175,156,126,65,12
223176,156,126,66,12
223177,156,126,67,16
223178,156,126,68,16
223179,156,126,69,16
223180,156,126,70,16
223181,156,127,56,9
223182,156,127,57,9
223183,156,127,58,4
223184,156,127,59,6
223185,156,127,60,4
223186,156,127,61,4
223187,156,127,62,4
223188,156,127,63,4
223189,156,127,64,4
223190,156,127,65,12
223191,156,127,66,12
223192,156,127,67,5
223193,156,127,68,16
223194,156,127,69,16
223195,156,127,70,16
223196,156,127,71,16
223197,156,128,56,9
223198,156,128,57,9
223199,156,128,58,12
223200,156,128,59,6
223201,156,128,60,4
223202,156,128,61,4
223203,156,128,62,4
223204,156,128,63,4
223205,156,128,64,4
223206,156,128,65,12
223207,156,128,66,12
223208,156,128,67,12
223209,156,128,68,16
223210,156,128,69,16
223211,156,128,70,16
223212,156,128,71,16
223213,156,128,72,16
223214,156,129,54,14
223215,156,129,55,14
223216,156,129,57,9
223217,156,129,58,12
223218,156,129,59,6
223219,156,129,60,6
223220,156,129,61,4
223221,156,129,62,4
223222,156,129,63,4
223223,156,129,64,4
223224,156,129,65,12
223225,156,129,66,12
223226,156,129,67,12
223227,156,129,68,5
223228,156,129,69,16
223229,156,129,70,16
223230,156,129,71,16
223231,156,129,72,16
223232,156,130,52,14
223233,156,130,53,14
223234,156,130,54,14
223235,156,130,55,14
223236,156,130,56,9
223237,156,130,57,9
223238,156,130,58,12
223239,156,130,59,6
223240,156,130,60,6
223241,156,130,61,6
223242,156,130,62,4
223243,156,130,63,4
223244,156,130,64,4
223245,156,130,65,12
223246,156,130,66,12
223247,156,130,67,12
223248,156,130,68,12
223249,156,130,69,16
223250,156,130,70,16
223251,156,130,71,16
223252,156,130,72,16
223253,156,131,50,14
223254,156,131,51,14
223255,156,131,52,14
223256,156,131,53,14
223257,156,131,54,14
223258,156,131,55,14
223259,156,131,56,9
223260,156,131,57,9
223261,156,131,58,12
223262,156,131,59,4
223263,156,131,60,6
223264,156,131,61,6
223265,156,131,62,4
223266,156,131,63,4
223267,156,131,64,4
223268,156,131,65,4
223269,156,131,66,12
223270,156,131,67,12
223271,156,131,68,12
223272,156,131,69,12
223273,156,131,70,16
223274,156,131,71,16
223275,156,131,72,16
223276,156,131,73,16
223277,156,132,48,14
223278,156,132,49,14
223279,156,132,50,14
223280,156,132,51,14
223281,156,132,52,14
223282,156,132,53,14
223283,156,132,54,14
223284,156,132,55,14
223285,156,132,56,14
223286,156,132,57,9
223287,156,132,58,12
223288,156,132,59,4
223289,156,132,60,6
223290,156,132,61,6
223291,156,132,62,6
223292,156,132,63,4
223293,156,132,64,4
223294,156,132,65,12
223295,156,132,66,12
223296,156,132,67,12
223297,156,132,68,12
223298,156,132,69,12
223299,156,132,70,5
223300,156,132,71,16
223301,156,132,72,16
223302,156,132,73,16
223303,156,133,48,9
223304,156,133,49,3
223305,156,133,50,14
223306,156,133,51,14
223307,156,133,52,14
223308,156,133,53,14
223309,156,133,54,14
223310,156,133,55,14
223311,156,133,56,14
223312,156,133,57,12
223313,156,133,58,12
223314,156,133,59,4
223315,156,133,60,4
223316,156,133,61,6
223317,156,133,62,6
223318,156,133,63,4
223319,156,133,64,4
223320,156,133,65,12
223321,156,133,66,12
223322,156,133,67,12
223323,156,133,68,12
223324,156,133,69,12
223325,156,133,70,12
223326,156,133,71,16
223327,156,133,72,16
223328,156,133,73,16
223329,156,134,48,3
223330,156,134,49,3
223331,156,134,50,3
223332,156,134,51,14
223333,156,134,52,14
223334,156,134,53,14
223335,156,134,54,14
223336,156,134,55,14
223337,156,134,56,9
223338,156,134,57,12
223339,156,134,58,12
223340,156,134,59,4
223341,156,134,60,4
223342,156,134,61,6
223343,156,134,62,6
223344,156,134,63,6
223345,156,134,64,4
223346,156,134,65,12
223347,156,134,66,12
223348,156,134,67,12
223349,156,134,68,12
223350,156,134,69,12
223351,156,134,70,12
223352,156,134,71,5
223353,156,134,72,16
223354,156,134,73,16
223355,156,135,49,14
223356,156,135,50,14
223357,156,135,51,14
223358,156,135,52,14
223359,156,135,53,14
223360,156,135,54,14
223361,156,135,55,8
223362,156,135,56,8
223363,156,135,57,8
223364,156,135,58,12
223365,156,135,59,12
223366,156,135,60,4
223367,156,135,61,4
223368,156,135,62,6
223369,156,135,63,6
223370,156,135,64,4
223371,156,135,65,4
223372,156,135,66,5
223373,156,135,67,12
223374,156,135,68,12
223375,156,135,69,12
223376,156,135,70,12
223377,156,135,71,12
223378,156,135,72,16
223379,156,135,73,16
223380,156,135,74,16
223381,156,136,49,14
223382,156,136,50,14
223383,156,136,51,14
223384,156,136,52,8
223385,156,136,53,8
223386,156,136,54,8
223387,156,136,55,8
223388,156,136,56,8
223389,156,136,57,8
223390,156,136,58,8
223391,156,136,59,8
223392,156,136,60,12
223393,156,136,61,12
223394,156,136,62,6
223395,156,136,63,6
223396,156,136,64,4
223397,156,136,65,4
223398,156,136,66,12
223399,156,136,67,12
223400,156,136,68,12
223401,156,136,69,12
223402,156,136,70,12
223403,156,136,71,12
223404,156,136,72,15
223405,156,136,73,16
223406,156,136,74,16
223407,156,137,48,14
223408,156,137,49,14
223409,156,137,50,14
223410,156,137,51,14
223411,156,137,52,8
223412,156,137,53,8
223413,156,137,54,8
223414,156,137,55,8
223415,156,137,56,8
223416,156,137,57,10
223417,156,137,58,10
223418,156,137,59,10
223419,156,137,60,8
223420,156,137,61,8
223421,156,137,62,10
223422,156,137,63,4
223423,156,137,64,4
223424,156,137,65,4
223425,156,137,66,12
223426,156,137,67,12
223427,156,137,68,12
223428,156,137,69,12
223429,156,137,70,12
223430,156,137,71,12
223431,156,137,72,12
223432,156,137,73,15
223433,156,137,74,16
223434,156,137,75,16
223435,156,138,47,14
223436,156,138,48,14
223437,156,138,49,14
223438,156,138,50,14
223439,156,138,51,8
223440,156,138,52,8
223441,156,138,53,8
223442,156,138,54,10
223443,156,138,55,10
223444,156,138,56,10
223445,156,138,57,10
223446,156,138,58,10
223447,156,138,59,10
223448,156,138,60,8
223449,156,138,61,8
223450,156,138,62,8
223451,156,138,63,12
223452,156,138,64,4
223453,156,138,65,12
223454,156,138,66,4
223455,156,138,67,12
223456,156,138,68,12
223457,156,138,69,12
223458,156,138,70,12
223459,156,138,71,12
223460,156,138,72,12
223461,156,138,73,5
223462,156,138,74,15
223463,156,138,75,16
223464,156,138,76,16
223465,156,138,77,16
223466,156,139,45,14
223467,156,139,46,14
223468,156,139,47,14
223469,156,139,48,14
223470,156,139,49,14
223471,156,139,50,14
223472,156,139,51,8
223473,156,139,52,8
223474,156,139,53,10
223475,156,139,54,10
223476,156,139,55,10
223477,156,139,56,10
223478,156,139,57,10
223479,156,139,58,10
223480,156,139,59,6
223481,156,139,60,10
223482,156,139,61,8
223483,156,139,62,8
223484,156,139,63,8
223485,156,139,64,12
223486,156,139,65,12
223487,156,139,66,12
223488,156,139,67,12
223489,156,139,68,12
223490,156,139,69,12
223491,156,139,70,12
223492,156,139,71,12
223493,156,139,72,12
223494,156,139,73,12
223495,156,139,74,15
223496,156,139,75,15
223497,156,139,76,16
223498,156,140,45,14
223499,156,140,46,14
223500,156,140,47,14
223501,156,140,48,14
223502,156,140,49,14
223503,156,140,50,8
223504,156,140,51,8
223505,156,140,52,10
223506,156,140,53,10
223507,156,140,54,10
223508,156,140,55,6
223509,156,140,56,6
223510,156,140,57,10
223511,156,140,58,7
223512,156,140,59,7
223513,156,140,60,6
223514,156,140,61,6
223515,156,140,62,10
223516,156,140,63,8
223517,156,140,64,8
223518,156,140,65,12
223519,156,140,66,12
223520,156,140,67,12
223521,156,140,68,12
223522,156,140,69,12
223523,156,140,70,12
223524,156,140,71,12
223525,156,140,72,12
223526,156,140,73,12
223527,156,140,74,15
223528,156,140,75,15
223529,156,140,76,15
223530,156,141,45,14
223531,156,141,46,14
223532,156,141,47,14
223533,156,141,48,14
223534,156,141,49,14
223535,156,141,50,8
223536,156,141,51,8
223537,156,141,52,10
223538,156,141,53,10
223539,156,141,54,10
223540,156,141,55,6
223541,156,141,56,7
223542,156,141,57,7
223543,156,141,58,7
223544,156,141,59,7
223545,156,141,60,6
223546,156,141,61,6
223547,156,141,62,6
223548,156,141,63,10
223549,156,141,64,8
223550,156,141,65,8
223551,156,141,66,12
223552,156,141,67,12
223553,156,141,68,12
223554,156,141,69,12
223555,156,141,70,12
223556,156,141,71,12
223557,156,141,72,12
223558,156,141,73,12
223559,156,141,74,12
223560,156,141,75,15
223561,156,141,76,15
223562,156,141,77,15
223563,156,142,45,14
223564,156,142,46,14
223565,156,142,49,14
223566,156,142,50,8
223567,156,142,51,8
223568,156,142,52,10
223569,156,142,53,10
223570,156,142,54,6
223571,156,142,55,6
223572,156,142,56,7
223573,156,142,57,7
223574,156,142,58,7
223575,156,142,59,7
223576,156,142,60,7
223577,156,142,61,6
223578,156,142,62,6
223579,156,142,63,6
223580,156,142,64,10
223581,156,142,65,8
223582,156,142,66,12
223583,156,142,67,12
223584,156,142,68,12
223585,156,142,69,12
223586,156,142,70,12
223587,156,142,71,12
223588,156,142,72,12
223589,156,142,73,12
223590,156,142,74,15
223591,156,142,75,15
223592,156,142,76,15
223593,156,142,77,15
223594,156,143,48,14
223595,156,143,49,14
223596,156,143,50,8
223597,156,143,51,8
223598,156,143,52,10
223599,156,143,53,10
223600,156,143,54,6
223601,156,143,55,6
223602,156,143,56,7
223603,156,143,57,7
223604,156,143,58,7
223605,156,143,59,7
223606,156,143,60,7
223607,156,143,61,6
223608,156,143,62,6
223609,156,143,63,6
223610,156,143,64,10
223611,156,143,65,12
223612,156,143,66,12
223613,156,143,67,12
223614,156,143,68,12
223615,156,143,69,12
223616,156,143,70,12
223617,156,143,71,12
223618,156,143,72,12
223619,156,143,73,2
223620,156,143,74,12
223621,156,143,75,15
223622,156,143,76,15
223623,156,143,77,15
223624,156,144,45,14
223625,156,144,46,14
223626,156,144,47,14
223627,156,144,48,14
223628,156,144,49,14
223629,156,144,50,8
223630,156,144,51,8
223631,156,144,52,10
223632,156,144,53,6
223633,156,144,54,6
223634,156,144,55,7
223635,156,144,56,7
223636,156,144,57,7
223637,156,144,58,7
223638,156,144,59,7
223639,156,144,60,7
223640,156,144,61,6
223641,156,144,62,6
223642,156,144,63,6
223643,156,144,64,10
223644,156,144,65,10
223645,156,144,66,12
223646,156,144,67,12
223647,156,144,68,12
223648,156,144,69,12
223649,156,144,70,12
223650,156,144,71,12
223651,156,144,72,12
223652,156,144,73,2
223653,156,144,74,2
223654,156,144,75,15
223655,156,144,76,15
223656,156,144,77,15
223657,156,145,44,14
223658,156,145,45,14
223659,156,145,46,14
223660,156,145,47,14
223661,156,145,48,14
223662,156,145,49,14
223663,156,145,50,8
223664,156,145,51,8
223665,156,145,52,10
223666,156,145,53,6
223667,156,145,54,6
223668,156,145,55,7
223669,156,145,56,7
223670,156,145,57,7
223671,156,145,58,7
223672,156,145,59,7
223673,156,145,60,7
223674,156,145,61,6
223675,156,145,62,6
223676,156,145,63,6
223677,156,145,64,10
223678,156,145,65,10
223679,156,145,66,10
223680,156,145,67,12
223681,156,145,68,12
223682,156,145,69,12
223683,156,145,70,12
223684,156,145,71,2
223685,156,145,72,2
223686,156,145,73,2
223687,156,145,74,2
223688,156,145,75,2
223689,156,145,76,15
223690,156,145,77,15
223691,156,146,44,14
223692,156,146,45,14
223693,156,146,49,14
223694,156,146,50,8
223695,156,146,51,8
223696,156,146,52,10
223697,156,146,53,6
223698,156,146,54,6
223699,156,146,55,6
223700,156,146,56,7
223701,156,146,57,7
223702,156,146,58,7
223703,156,146,59,7
223704,156,146,60,7
223705,156,146,61,6
223706,156,146,62,6
223707,156,146,63,10
223708,156,146,64,10
223709,156,146,65,10
223710,156,146,66,10
223711,156,146,67,12
223712,156,146,68,12
223713,156,146,69,12
223714,156,146,70,12
223715,156,146,71,12
223716,156,146,72,2
223717,156,146,73,12
223718,156,146,74,2
223719,156,146,75,2
223720,156,146,76,15
223721,156,146,77,15
223722,156,147,49,8
223723,156,147,50,8
223724,156,147,51,8
223725,156,147,52,8
223726,156,147,53,10
223727,156,147,54,10
223728,156,147,55,6
223729,156,147,56,7
223730,156,147,57,7
223731,156,147,58,7
223732,156,147,59,7
223733,156,147,60,7
223734,156,147,61,6
223735,156,147,62,10
223736,156,147,63,10
223737,156,147,64,10
223738,156,147,65,10
223739,156,147,66,10
223740,156,147,67,10
223741,156,147,68,12
223742,156,147,69,12
223743,156,147,70,12
223744,156,147,71,12
223745,156,147,72,12
223746,156,147,73,2
223747,156,147,74,2
223748,156,147,75,2
223749,156,147,76,2
223750,156,147,77,15
223751,156,147,78,16
223752,156,148,49,8
223753,156,148,50,8
223754,156,148,51,8
223755,156,148,52,8
223756,156,148,53,10
223757,156,148,54,10
223758,156,148,55,10
223759,156,148,56,10
223760,156,148,57,6
223761,156,148,58,7
223762,156,148,59,7
223763,156,148,60,6
223764,156,148,61,6
223765,156,148,62,10
223766,156,148,63,10
223767,156,148,64,10
223768,156,148,65,10
223769,156,148,66,10
223770,156,148,67,10
223771,156,148,68,12
223772,156,148,69,12
223773,156,148,70,12
223774,156,148,71,2
223775,156,148,72,2
223776,156,148,73,2
223777,156,148,74,2
223778,156,148,75,2
223779,156,148,76,2
223780,156,148,77,15
223781,156,148,78,15
223782,156,149,49,8
223783,156,149,50,8
223784,156,149,51,8
223785,156,149,52,8
223786,156,149,53,8
223787,156,149,54,10
223788,156,149,55,10
223789,156,149,56,10
223790,156,149,57,10
223791,156,149,58,6
223792,156,149,59,6
223793,156,149,60,6
223794,156,149,61,6
223795,156,149,62,10
223796,156,149,63,10
223797,156,149,64,10
223798,156,149,65,10
223799,156,149,66,10
223800,156,149,67,10
223801,156,149,68,12
223802,156,149,69,12
223803,156,149,70,2
223804,156,149,71,2
223805,156,149,72,2
223806,156,149,73,2
223807,156,149,74,2
223808,156,149,75,2
223809,156,149,76,2
223810,156,149,77,15
223811,156,149,78,15
223812,156,149,79,16
223813,156,150,49,3
223814,156,150,50,8
223815,156,150,51,8
223816,156,150,52,8
223817,156,150,53,8
223818,156,150,54,10
223819,156,150,55,10
223820,156,150,56,10
223821,156,150,57,10
223822,156,150,58,10
223823,156,150,59,6
223824,156,150,60,6
223825,156,150,61,6
223826,156,150,62,10
223827,156,150,63,10
223828,156,150,64,10
223829,156,150,65,10
223830,156,150,66,10
223831,156,150,67,12
223832,156,150,68,12
223833,156,150,69,12
223834,156,150,70,2
223835,156,150,71,2
223836,156,150,72,2
223837,156,150,73,2
223838,156,150,74,2
223839,156,150,75,2
223840,156,150,76,2
223841,156,150,77,15
223842,156,150,78,15
223843,156,150,79,15
223844,156,151,49,3
223845,156,151,50,3
223846,156,151,51,8
223847,156,151,52,8
223848,156,151,53,10
223849,156,151,54,10
223850,156,151,55,6
223851,156,151,56,6
223852,156,151,57,6
223853,156,151,58,6
223854,156,151,59,6
223855,156,151,60,6
223856,156,151,61,10
223857,156,151,62,8
223858,156,151,63,8
223859,156,151,64,10
223860,156,151,65,10
223861,156,151,66,10
223862,156,151,67,12
223863,156,151,68,12
223864,156,151,69,12
223865,156,151,70,2
223866,156,151,71,2
223867,156,151,72,2
223868,156,151,73,2
223869,156,151,74,2
223870,156,151,75,2
223871,156,151,76,15
223872,156,151,77,15
223873,156,151,78,15
223874,156,151,79,15
223875,156,151,80,15
223876,156,151,81,15
223877,156,152,49,8
223878,156,152,50,8
223879,156,152,51,8
223880,156,152,52,10
223881,156,152,53,10
223882,156,152,54,10
223883,156,152,55,6
223884,156,152,56,6
223885,156,152,57,6
223886,156,152,58,6
223887,156,152,59,6
223888,156,152,60,10
223889,156,152,61,10
223890,156,152,62,8
223891,156,152,63,10
223892,156,152,64,10
223893,156,152,65,8
223894,156,152,66,12
223895,156,152,67,12
223896,156,152,68,12
223897,156,152,69,12
223898,156,152,70,2
223899,156,152,71,2
223900,156,152,72,2
223901,156,152,73,2
223902,156,152,74,2
223903,156,152,75,2
223904,156,152,76,15
223905,156,152,77,15
223906,156,152,78,15
223907,156,152,79,15
223908,156,152,80,15
223909,156,152,81,2
223910,156,152,82,2
223911,156,152,83,2
223912,156,152,84,16
223913,156,153,49,8
223914,156,153,50,8
223915,156,153,51,8
223916,156,153,52,10
223917,156,153,53,10
223918,156,153,54,10
223919,156,153,55,7
223920,156,153,56,6
223921,156,153,57,6
223922,156,153,58,10
223923,156,153,59,10
223924,156,153,60,10
223925,156,153,61,10
223926,156,153,62,10
223927,156,153,63,10
223928,156,153,64,8
223929,156,153,65,8
223930,156,153,66,12
223931,156,153,67,12
223932,156,153,68,12
223933,156,153,69,2
223934,156,153,70,2
223935,156,153,71,2
223936,156,153,72,2
223937,156,153,73,2
223938,156,153,74,2
223939,156,153,75,2
223940,156,153,76,2
223941,156,153,77,15
223942,156,153,78,15
223943,156,153,79,15
223944,156,153,80,15
223945,156,153,81,2
223946,156,153,82,2
223947,156,153,83,2
223948,156,153,84,2
223949,156,154,50,3
223950,156,154,51,8
223951,156,154,52,8
223952,156,154,53,10
223953,156,154,54,10
223954,156,154,55,10
223955,156,154,56,10
223956,156,154,57,6
223957,156,154,58,10
223958,156,154,59,10
223959,156,154,60,10
223960,156,154,61,10
223961,156,154,62,10
223962,156,154,63,8
223963,156,154,64,8
223964,156,154,65,10
223965,156,154,66,12
223966,156,154,67,12
223967,156,154,68,12
223968,156,154,69,2
223969,156,154,70,2
223970,156,154,71,2
223971,156,154,72,2
223972,156,154,73,2
223973,156,154,74,2
223974,156,154,75,2
223975,156,154,76,2
223976,156,154,77,15
223977,156,154,78,15
223978,156,154,79,15
223979,156,154,80,15
223980,156,154,81,15
223981,156,154,82,2
223982,156,154,83,2
223983,156,154,84,2
223984,156,155,50,3
223985,156,155,51,8
223986,156,155,52,8
223987,156,155,53,10
223988,156,155,54,10
223989,156,155,55,10
223990,156,155,56,10
223991,156,155,57,10
223992,156,155,58,10
223993,156,155,59,6
223994,156,155,60,10
223995,156,155,61,10
223996,156,155,62,10
223997,156,155,63,10
223998,156,155,64,8
223999,156,155,65,12
224000,156,155,66,12
224001,156,155,67,2
224002,156,155,68,2
224003,156,155,69,2
224004,156,155,70,2
224005,156,155,71,2
224006,156,155,72,2
224007,156,155,73,2
224008,156,155,74,2
224009,156,155,75,2
224010,156,155,76,2
224011,156,155,77,15
224012,156,155,78,15
224013,156,155,79,15
224014,156,155,80,15
224015,156,155,81,15
224016,156,155,82,15
224017,156,155,83,2
224018,156,155,84,2
224019,156,156,51,3
224020,156,156,52,8
224021,156,156,53,8
224022,156,156,54,10
224023,156,156,55,10
224024,156,156,56,10
224025,156,156,57,10
224026,156,156,58,10
224027,156,156,59,10
224028,156,156,60,10
224029,156,156,61,10
224030,156,156,62,8
224031,156,156,63,8
224032,156,156,64,12
224033,156,156,65,2
224034,156,156,66,2
224035,156,156,67,2
224036,156,156,68,2
224037,156,156,69,2
224038,156,156,70,2
224039,156,156,71,2
224040,156,156,72,2
224041,156,156,73,2
224042,156,156,74,2
224043,156,156,75,2
224044,156,156,76,15
224045,156,156,77,15
224046,156,156,78,15
224047,156,156,79,15
224048,156,156,80,15
224049,156,156,81,15
224050,156,156,82,15
224051,156,156,83,15
224052,156,156,84,2
224053,156,156,85,2
224054,156,157,51,3
224055,156,157,52,3
224056,156,157,53,8
224057,156,157,54,10
224058,156,157,55,10
224059,156,157,56,10
224060,156,157,57,10
224061,156,157,58,10
224062,156,157,59,10
224063,156,157,60,10
224064,156,157,61,8
224065,156,157,62,8
224066,156,157,63,8
224067,156,157,64,2
224068,156,157,65,2
224069,156,157,66,2
224070,156,157,67,2
224071,156,157,68,2
224072,156,157,69,2
224073,156,157,70,2
224074,156,157,71,2
224075,156,157,72,2
224076,156,157,73,2
224077,156,157,74,2
224078,156,157,75,2
224079,156,157,76,15
224080,156,157,77,15
224081,156,157,78,15
224082,156,157,79,15
224083,156,157,80,15
224084,156,157,81,15
224085,156,157,82,15
224086,156,157,83,15
224087,156,157,84,2
224088,156,157,85,2
224089,156,158,52,3
224090,156,158,53,10
224091,156,158,54,10
224092,156,158,55,10
224093,156,158,56,10
224094,156,158,57,10
224095,156,158,58,8
224096,156,158,59,10
224097,156,158,60,8
224098,156,158,61,8
224099,156,158,62,8
224100,156,158,63,2
224101,156,158,64,2
224102,156,158,65,2
224103,156,158,66,2
224104,156,158,67,2
224105,156,158,68,2
224106,156,158,69,2
224107,156,158,70,2
224108,156,158,71,2
224109,156,158,72,2
224110,156,158,73,2
224111,156,158,74,2
224112,156,158,75,2
224113,156,158,76,15
224114,156,158,77,15
224115,156,158,78,15
224116,156,158,79,15
224117,156,158,80,15
224118,156,158,81,15
224119,156,158,82,15
224120,156,158,83,15
224121,156,158,84,2
224122,156,158,85,2
224123,156,158,86,2
224124,156,159,52,3
224125,156,159,53,3
224126,156,159,54,8
224127,156,159,55,8
224128,156,159,56,8
224129,156,159,57,8
224130,156,159,58,8
224131,156,159,59,8
224132,156,159,60,8
224133,156,159,61,8
224134,156,159,62,2
224135,156,159,63,2
224136,156,159,64,2
224137,156,159,65,2
224138,156,159,66,2
224139,156,159,67,2
224140,156,159,68,2
224141,156,159,69,2
224142,156,159,70,2
224143,156,159,71,2
224144,156,159,72,2
224145,156,159,73,2
224146,156,159,74,2
224147,156,159,75,2
224148,156,159,76,15
224149,156,159,77,15
224150,156,159,78,15
224151,156,159,79,15
224152,156,159,80,15
224153,156,159,81,15
224154,156,159,82,15
224155,156,159,83,15
224156,156,159,84,15
224157,156,159,85,2
224158,156,159,86,2
224159,156,160,53,3
224160,156,160,54,3
224161,156,160,55,3
224162,156,160,56,8
224163,156,160,57,8
224164,156,160,58,8
224165,156,160,59,8
224166,156,160,60,3
224167,156,160,61,2
224168,156,160,62,2
224169,156,160,63,2
224170,156,160,64,2
224171,156,160,65,2
224172,156,160,66,2
224173,156,160,67,2
224174,156,160,68,2
224175,156,160,69,2
224176,156,160,70,2
224177,156,160,71,2
224178,156,160,72,2
224179,156,160,73,2
224180,156,160,74,2
224181,156,160,75,15
224182,156,160,76,15
224183,156,160,77,15
224184,156,160,78,15
224185,156,160,79,15
224186,156,160,80,15
224187,156,160,81,15
224188,156,160,82,15
224189,156,160,83,15
224190,156,160,84,15
224191,156,160,85,15
224192,156,161,53,14
224193,156,161,56,3
224194,156,161,57,3
224195,156,161,58,3
224196,156,161,59,3
224197,156,161,60,3
224198,156,161,61,2
224199,156,161,62,2
224200,156,161,63,2
224201,156,161,64,2
224202,156,161,65,2
224203,156,161,66,2
224204,156,161,67,2
224205,156,161,68,2
224206,156,161,69,2
224207,156,161,70,2
224208,156,161,71,2
224209,156,161,72,2
224210,156,161,73,2
224211,156,161,74,2
224212,156,161,75,15
224213,156,161,76,15
224214,156,161,77,15
224215,156,161,78,15
224216,156,161,79,15
224217,156,161,80,15
224218,156,161,81,15
224219,156,161,82,15
224220,156,161,83,15
224221,156,162,57,3
224222,156,162,58,3
224223,156,162,59,3
224224,156,162,60,3
224225,156,162,61,3
224226,156,162,62,2
224227,156,162,63,2
224228,156,162,64,2
224229,156,162,65,2
224230,156,162,66,2
224231,156,162,67,2
224232,156,162,68,2
224233,156,162,69,2
224234,156,162,70,2
224235,156,162,71,2
224236,156,162,72,2
224237,156,162,73,2
224238,156,162,74,15
224239,156,162,75,15
224240,156,162,76,15
224241,156,162,77,15
224242,156,162,78,15
224243,156,162,79,15
224244,156,162,80,15
224245,156,162,81,15
224246,156,162,82,15
224247,156,163,59,3
224248,156,163,60,3
224249,156,163,61,3
224250,156,163,62,2
224251,156,163,63,2
224252,156,163,64,2
224253,156,163,65,2
224254,156,163,66,2
224255,156,163,67,2
224256,156,163,68,2
224257,156,163,69,2
224258,156,163,70,2
224259,156,163,71,2
224260,156,163,72,2
224261,156,163,73,15
224262,156,163,74,15
224263,156,163,75,15
224264,156,163,76,15
224265,156,163,77,15
224266,156,163,78,15
224267,156,164,59,3
224268,156,164,60,3
224269,156,164,61,3
224270,156,164,62,3
224271,156,164,63,2
224272,156,164,64,2
224273,156,164,65,2
224274,156,164,66,2
224275,156,164,67,2
224276,156,164,68,2
224277,156,164,69,2
224278,156,164,70,2
224279,156,164,71,2
224280,156,164,72,15
224281,156,164,73,15
224282,156,164,74,15
224283,156,164,75,15
224284,156,164,76,15
224285,156,164,77,15
224286,156,165,60,3
224287,156,165,61,3
224288,156,165,62,3
224289,156,165,63,3
224290,156,165,64,2
224291,156,165,65,2
224292,156,165,66,2
224293,156,165,67,2
224294,156,165,68,2
224295,156,165,69,2
224296,156,165,70,15
224297,156,165,71,15
224298,156,165,72,15
224299,156,165,73,15
224300,156,165,74,15
224301,156,165,75,15
224302,156,166,60,3
224303,156,166,61,3
224304,156,166,62,3
224305,156,166,63,3
224306,156,166,64,3
224307,156,166,65,3
224308,156,166,66,3
224309,156,166,67,3
224310,156,166,68,15
224311,156,166,69,15
224312,156,166,70,15
224313,156,166,71,15
224314,156,166,72,15
224315,156,166,73,15
224316,156,166,74,15
224317,156,167,60,3
224318,156,167,61,3
224319,156,167,62,3
224320,156,167,63,3
224321,156,167,64,3
224322,156,167,65,3
224323,156,167,66,3
224324,156,167,67,3
224325,156,167,68,3
224326,156,167,69,3
224327,156,167,70,15
224328,156,167,71,15
224329,156,167,72,15
224330,156,167,73,15
224331,156,167,74,15
224332,156,167,75,15
224333,156,167,76,2
224334,156,168,61,3
224335,156,168,62,3
224336,156,168,63,3
224337,156,168,64,3
224338,156,168,65,3
224339,156,168,66,3
224340,156,168,67,3
224341,156,168,68,3
224342,156,168,69,3
224343,156,168,70,15
224344,156,168,71,15
224345,156,168,72,15
224346,156,168,73,15
224347,156,168,74,15
224348,156,168,75,2
224349,156,168,76,2
224350,156,169,62,3
224351,156,169,63,3
224352,156,169,64,3
224353,156,169,65,3
224354,156,169,66,3
224355,156,169,67,3
224356,156,169,68,3
224357,156,169,69,3
224358,156,169,70,15
224359,156,169,71,15
224360,156,169,72,15
224361,156,169,73,15
224362,156,169,74,15
224363,156,169,75,15
224364,156,169,76,15
224365,156,170,64,3
224366,156,170,65,3
224367,156,170,66,3
224368,156,170,67,3
224369,156,170,68,3
224370,156,170,69,3
224371,156,170,70,15
224372,156,170,71,15
224373,156,170,72,15
224374,156,170,73,15
224375,156,170,74,15
224376,156,170,75,15
224377,156,171,67,3
224378,156,171,68,3
224379,156,171,69,3
224380,156,171,70,15
224381,156,171,71,15
224382,156,171,72,15
224383,156,171,73,15
224384,156,171,74,15
224385,156,171,75,15
224386,156,172,69,15
224387,156,172,70,15
224388,156,172,71,15
224389,156,172,72,15
224390,156,172,73,15
224391,156,172,74,15
224392,157,107,64,16
224393,157,108,63,16
224394,157,108,64,16
224395,157,108,65,16
224396,157,109,65,16
224397,157,112,68,16
224398,157,113,68,16
224399,157,114,60,16
224400,157,114,61,16
224401,157,114,62,16
224402,157,114,63,16
224403,157,114,64,16
224404,157,115,58,9
224405,157,115,59,9
224406,157,115,60,16
224407,157,115,61,16
224408,157,115,62,16
224409,157,115,63,16
224410,157,115,64,16
224411,157,115,65,16
224412,157,115,67,16
224413,157,116,57,9
224414,157,116,58,9
224415,157,116,59,9
224416,157,116,60,9
224417,157,116,61,16
224418,157,116,62,16
224419,157,116,63,16
224420,157,116,64,16
224421,157,116,65,16
224422,157,116,67,16
224423,157,117,57,9
224424,157,117,58,9
224425,157,117,59,9
224426,157,117,60,4
224427,157,117,61,5
224428,157,117,62,16
224429,157,117,63,16
224430,157,117,64,16
224431,157,117,65,16
224432,157,117,66,16
224433,157,118,47,14
224434,157,118,57,9
224435,157,118,58,9
224436,157,118,59,9
224437,157,118,60,4
224438,157,118,61,4
224439,157,118,62,5
224440,157,118,63,16
224441,157,118,64,16
224442,157,118,65,16
224443,157,118,66,16
224444,157,119,47,14
224445,157,119,57,9
224446,157,119,58,9
224447,157,119,59,9
224448,157,119,60,4
224449,157,119,61,4
224450,157,119,62,4
224451,157,119,63,5
224452,157,119,64,16
224453,157,119,65,16
224454,157,119,66,16
224455,157,119,67,16
224456,157,120,47,14
224457,157,120,48,14
224458,157,120,56,6
224459,157,120,57,4
224460,157,120,58,9
224461,157,120,59,9
224462,157,120,60,4
224463,157,120,61,4
224464,157,120,62,4
224465,157,120,63,4
224466,157,120,64,5
224467,157,120,65,16
224468,157,120,66,16
224469,157,120,67,16
224470,157,121,42,14
224471,157,121,43,14
224472,157,121,47,14
224473,157,121,56,4
224474,157,121,57,4
224475,157,121,58,4
224476,157,121,59,9
224477,157,121,60,4
224478,157,121,61,4
224479,157,121,62,4
224480,157,121,63,4
224481,157,121,64,5
224482,157,121,65,16
224483,157,121,66,16
224484,157,121,67,16
224485,157,121,68,16
224486,157,122,42,14
224487,157,122,43,14
224488,157,122,55,4
224489,157,122,56,4
224490,157,122,57,4
224491,157,122,58,4
224492,157,122,59,4
224493,157,122,60,4
224494,157,122,61,4
224495,157,122,62,4
224496,157,122,63,4
224497,157,122,64,5
224498,157,122,65,5
224499,157,122,66,16
224500,157,122,67,16
224501,157,122,68,16
224502,157,123,43,14
224503,157,123,54,9
224504,157,123,55,9
224505,157,123,56,4
224506,157,123,57,4
224507,157,123,58,4
224508,157,123,59,4
224509,157,123,60,4
224510,157,123,61,4
224511,157,123,62,4
224512,157,123,63,4
224513,157,123,64,4
224514,157,123,65,5
224515,157,123,66,16
224516,157,123,67,16
224517,157,123,68,16
224518,157,123,69,16
224519,157,124,54,9
224520,157,124,55,9
224521,157,124,56,4
224522,157,124,57,4
224523,157,124,58,4
224524,157,124,59,4
224525,157,124,60,4
224526,157,124,61,4
224527,157,124,62,4
224528,157,124,63,4
224529,157,124,64,12
224530,157,124,65,5
224531,157,124,66,16
224532,157,124,67,16
224533,157,124,68,16
224534,157,124,69,16
224535,157,125,45,14
224536,157,125,53,14
224537,157,125,54,16
224538,157,125,55,9
224539,157,125,56,9
224540,157,125,57,4
224541,157,125,58,6
224542,157,125,59,4
224543,157,125,60,4
224544,157,125,61,4
224545,157,125,62,4
224546,157,125,63,4
224547,157,125,64,4
224548,157,125,65,12
224549,157,125,66,5
224550,157,125,67,16
224551,157,125,68,16
224552,157,125,69,16
224553,157,125,70,16
224554,157,126,53,14
224555,157,126,54,14
224556,157,126,55,9
224557,157,126,56,9
224558,157,126,57,4
224559,157,126,58,6
224560,157,126,59,4
224561,157,126,60,4
224562,157,126,61,4
224563,157,126,62,4
224564,157,126,63,4
224565,157,126,64,4
224566,157,126,65,12
224567,157,126,66,5
224568,157,126,67,16
224569,157,126,68,16
224570,157,126,69,16
224571,157,126,70,16
224572,157,127,55,14
224573,157,127,56,9
224574,157,127,57,4
224575,157,127,58,4
224576,157,127,59,4
224577,157,127,60,4
224578,157,127,61,4
224579,157,127,62,4
224580,157,127,63,4
224581,157,127,64,4
224582,157,127,65,12
224583,157,127,66,12
224584,157,127,67,5
224585,157,127,68,16
224586,157,127,69,16
224587,157,127,70,16
224588,157,127,71,16
224589,157,128,57,9
224590,157,128,58,4
224591,157,128,59,4
224592,157,128,60,4
224593,157,128,61,4
224594,157,128,62,4
224595,157,128,63,4
224596,157,128,64,4
224597,157,128,65,12
224598,157,128,66,12
224599,157,128,67,5
224600,157,128,68,16
224601,157,128,69,16
224602,157,128,70,16
224603,157,128,71,16
224604,157,129,51,14
224605,157,129,52,14
224606,157,129,53,14
224607,157,129,54,14
224608,157,129,55,14
224609,157,129,56,9
224610,157,129,57,9
224611,157,129,58,4
224612,157,129,59,4
224613,157,129,60,4
224614,157,129,61,4
224615,157,129,62,4
224616,157,129,63,4
224617,157,129,64,4
224618,157,129,65,4
224619,157,129,66,12
224620,157,129,67,12
224621,157,129,68,5
224622,157,129,69,16
224623,157,129,70,16
224624,157,129,71,16
224625,157,129,72,16
224626,157,130,50,14
224627,157,130,51,14
224628,157,130,52,14
224629,157,130,53,14
224630,157,130,54,14
224631,157,130,55,14
224632,157,130,56,9
224633,157,130,57,9
224634,157,130,58,4
224635,157,130,59,4
224636,157,130,60,4
224637,157,130,61,4
224638,157,130,62,4
224639,157,130,63,4
224640,157,130,64,4
224641,157,130,65,4
224642,157,130,66,12
224643,157,130,67,12
224644,157,130,68,12
224645,157,130,69,16
224646,157,130,70,16
224647,157,130,71,16
224648,157,130,72,16
224649,157,131,49,14
224650,157,131,50,14
224651,157,131,51,14
224652,157,131,52,14
224653,157,131,53,14
224654,157,131,54,14
224655,157,131,55,14
224656,157,131,56,9
224657,157,131,57,9
224658,157,131,58,4
224659,157,131,59,4
224660,157,131,60,4
224661,157,131,61,4
224662,157,131,62,4
224663,157,131,63,4
224664,157,131,64,4
224665,157,131,65,4
224666,157,131,66,12
224667,157,131,67,12
224668,157,131,68,12
224669,157,131,69,5
224670,157,131,70,16
224671,157,131,71,16
224672,157,131,72,16
224673,157,132,49,14
224674,157,132,50,14
224675,157,132,51,14
224676,157,132,52,14
224677,157,132,53,14
224678,157,132,54,14
224679,157,132,55,14
224680,157,132,56,9
224681,157,132,57,12
224682,157,132,58,4
224683,157,132,59,4
224684,157,132,60,6
224685,157,132,61,4
224686,157,132,62,4
224687,157,132,63,4
224688,157,132,64,4
224689,157,132,65,4
224690,157,132,66,12
224691,157,132,67,12
224692,157,132,68,12
224693,157,132,69,12
224694,157,132,70,5
224695,157,132,71,16
224696,157,132,72,16
224697,157,133,48,9
224698,157,133,49,3
224699,157,133,50,3
224700,157,133,51,14
224701,157,133,52,14
224702,157,133,53,14
224703,157,133,54,14
224704,157,133,55,14
224705,157,133,56,9
224706,157,133,57,12
224707,157,133,58,4
224708,157,133,59,4
224709,157,133,60,4
224710,157,133,61,4
224711,157,133,62,4
224712,157,133,63,4
224713,157,133,64,4
224714,157,133,65,4
224715,157,133,66,12
224716,157,133,67,12
224717,157,133,68,12
224718,157,133,69,12
224719,157,133,70,12
224720,157,133,71,16
224721,157,133,72,16
224722,157,133,73,16
224723,157,134,48,3
224724,157,134,49,3
224725,157,134,50,3
224726,157,134,51,3
224727,157,134,52,5
224728,157,134,53,14
224729,157,134,54,14
224730,157,134,55,14
224731,157,134,56,9
224732,157,134,57,12
224733,157,134,58,12
224734,157,134,59,4
224735,157,134,60,4
224736,157,134,61,4
224737,157,134,62,4
224738,157,134,63,4
224739,157,134,64,4
224740,157,134,65,12
224741,157,134,66,12
224742,157,134,67,12
224743,157,134,68,12
224744,157,134,69,12
224745,157,134,70,12
224746,157,134,71,5
224747,157,134,72,16
224748,157,134,73,16
224749,157,135,48,14
224750,157,135,49,3
224751,157,135,50,3
224752,157,135,51,3
224753,157,135,52,14
224754,157,135,53,8
224755,157,135,54,8
224756,157,135,55,8
224757,157,135,56,8
224758,157,135,57,8
224759,157,135,58,12
224760,157,135,59,12
224761,157,135,60,12
224762,157,135,61,4
224763,157,135,62,4
224764,157,135,63,4
224765,157,135,64,4
224766,157,135,65,12
224767,157,135,66,12
224768,157,135,67,12
224769,157,135,68,12
224770,157,135,69,12
224771,157,135,70,12
224772,157,135,71,12
224773,157,135,72,16
224774,157,135,73,16
224775,157,135,74,16
224776,157,136,48,14
224777,157,136,49,14
224778,157,136,50,14
224779,157,136,51,14
224780,157,136,52,8
224781,157,136,53,8
224782,157,136,54,8
224783,157,136,55,8
224784,157,136,56,8
224785,157,136,57,8
224786,157,136,58,8
224787,157,136,59,8
224788,157,136,60,8
224789,157,136,61,10
224790,157,136,62,12
224791,157,136,63,4
224792,157,136,64,4
224793,157,136,65,12
224794,157,136,66,12
224795,157,136,67,12
224796,157,136,68,12
224797,157,136,69,12
224798,157,136,70,12
224799,157,136,71,12
224800,157,136,72,5
224801,157,136,73,16
224802,157,136,74,16
224803,157,137,50,9
224804,157,137,51,8
224805,157,137,52,8
224806,157,137,53,8
224807,157,137,54,10
224808,157,137,55,10
224809,157,137,56,10
224810,157,137,57,8
224811,157,137,58,8
224812,157,137,59,8
224813,157,137,60,8
224814,157,137,61,8
224815,157,137,62,8
224816,157,137,63,8
224817,157,137,64,12
224818,157,137,65,12
224819,157,137,66,12
224820,157,137,67,12
224821,157,137,68,12
224822,157,137,69,12
224823,157,137,70,12
224824,157,137,71,12
224825,157,137,72,12
224826,157,137,73,16
224827,157,137,74,16
224828,157,137,75,16
224829,157,138,49,14
224830,157,138,50,14
224831,157,138,51,8
224832,157,138,52,8
224833,157,138,53,8
224834,157,138,54,10
224835,157,138,55,10
224836,157,138,56,10
224837,157,138,57,10
224838,157,138,58,10
224839,157,138,59,10
224840,157,138,60,10
224841,157,138,61,8
224842,157,138,62,8
224843,157,138,63,8
224844,157,138,64,12
224845,157,138,65,12
224846,157,138,66,12
224847,157,138,67,12
224848,157,138,68,12
224849,157,138,69,12
224850,157,138,70,12
224851,157,138,71,12
224852,157,138,72,12
224853,157,138,73,15
224854,157,138,74,15
224855,157,138,75,16
224856,157,138,76,16
224857,157,138,77,16
224858,157,139,46,14
224859,157,139,47,14
224860,157,139,48,14
224861,157,139,49,14
224862,157,139,50,8
224863,157,139,51,8
224864,157,139,52,8
224865,157,139,53,10
224866,157,139,54,10
224867,157,139,55,6
224868,157,139,56,7
224869,157,139,57,6
224870,157,139,58,6
224871,157,139,59,6
224872,157,139,60,6
224873,157,139,61,10
224874,157,139,62,8
224875,157,139,63,8
224876,157,139,64,8
224877,157,139,65,12
224878,157,139,66,12
224879,157,139,67,12
224880,157,139,68,12
224881,157,139,69,12
224882,157,139,70,12
224883,157,139,71,12
224884,157,139,72,12
224885,157,139,73,12
224886,157,139,74,15
224887,157,139,75,15
224888,157,139,76,16
224889,157,139,77,16
224890,157,139,78,16
224891,157,140,45,14
224892,157,140,46,14
224893,157,140,47,14
224894,157,140,48,14
224895,157,140,49,14
224896,157,140,50,8
224897,157,140,51,8
224898,157,140,52,10
224899,157,140,53,10
224900,157,140,54,6
224901,157,140,55,7
224902,157,140,56,7
224903,157,140,57,7
224904,157,140,58,7
224905,157,140,59,7
224906,157,140,60,6
224907,157,140,61,6
224908,157,140,62,10
224909,157,140,63,8
224910,157,140,64,8
224911,157,140,65,12
224912,157,140,66,12
224913,157,140,67,12
224914,157,140,68,12
224915,157,140,69,12
224916,157,140,70,12
224917,157,140,71,12
224918,157,140,72,12
224919,157,140,73,12
224920,157,140,74,15
224921,157,140,75,15
224922,157,140,76,15
224923,157,140,77,16
224924,157,140,78,16
224925,157,141,45,14
224926,157,141,46,14
224927,157,141,47,14
224928,157,141,48,14
224929,157,141,49,14
224930,157,141,50,8
224931,157,141,51,8
224932,157,141,52,10
224933,157,141,53,10
224934,157,141,54,6
224935,157,141,55,7
224936,157,141,56,7
224937,157,141,57,7
224938,157,141,58,7
224939,157,141,59,7
224940,157,141,60,7
224941,157,141,61,6
224942,157,141,62,6
224943,157,141,63,8
224944,157,141,64,8
224945,157,141,65,8
224946,157,141,66,12
224947,157,141,67,12
224948,157,141,68,12
224949,157,141,69,12
224950,157,141,70,12
224951,157,141,71,12
224952,157,141,72,12
224953,157,141,73,12
224954,157,141,74,12
224955,157,141,75,15
224956,157,141,76,15
224957,157,141,77,15
224958,157,141,78,16
224959,157,142,44,14
224960,157,142,45,14
224961,157,142,46,14
224962,157,142,47,14
224963,157,142,48,14
224964,157,142,49,14
224965,157,142,50,8
224966,157,142,51,8
224967,157,142,52,10
224968,157,142,53,10
224969,157,142,54,6
224970,157,142,55,7
224971,157,142,56,7
224972,157,142,57,7
224973,157,142,58,7
224974,157,142,59,7
224975,157,142,60,7
224976,157,142,61,6
224977,157,142,62,6
224978,157,142,63,12
224979,157,142,64,10
224980,157,142,65,8
224981,157,142,66,12
224982,157,142,67,12
224983,157,142,68,12
224984,157,142,69,12
224985,157,142,70,12
224986,157,142,71,12
224987,157,142,72,12
224988,157,142,73,12
224989,157,142,74,12
224990,157,142,75,15
224991,157,142,76,15
224992,157,142,77,15
224993,157,143,43,14
224994,157,143,44,14
224995,157,143,45,14
224996,157,143,46,14
224997,157,143,47,14
224998,157,143,48,14
224999,157,143,49,14
225000,157,143,50,8
225001,157,143,51,8
225002,157,143,52,8
225003,157,143,53,10
225004,157,143,54,6
225005,157,143,55,6
225006,157,143,56,7
225007,157,143,57,7
225008,157,143,58,7
225009,157,143,59,7
225010,157,143,60,7
225011,157,143,61,6
225012,157,143,62,6
225013,157,143,63,6
225014,157,143,64,10
225015,157,143,65,8
225016,157,143,66,12
225017,157,143,67,12
225018,157,143,68,12
225019,157,143,69,12
225020,157,143,70,12
225021,157,143,71,12
225022,157,143,72,12
225023,157,143,73,12
225024,157,143,74,12
225025,157,143,75,15
225026,157,143,76,15
225027,157,143,77,15
225028,157,144,43,14
225029,157,144,44,14
225030,157,144,45,14
225031,157,144,46,14
225032,157,144,47,14
225033,157,144,48,14
225034,157,144,49,14
225035,157,144,50,8
225036,157,144,51,8
225037,157,144,52,10
225038,157,144,53,6
225039,157,144,54,6
225040,157,144,55,6
225041,157,144,56,7
225042,157,144,57,7
225043,157,144,58,7
225044,157,144,59,7
225045,157,144,60,7
225046,157,144,61,6
225047,157,144,62,6
225048,157,144,63,6
225049,157,144,64,10
225050,157,144,65,8
225051,157,144,66,8
225052,157,144,67,12
225053,157,144,68,12
225054,157,144,69,12
225055,157,144,70,12
225056,157,144,71,12
225057,157,144,72,12
225058,157,144,73,12
225059,157,144,74,12
225060,157,144,75,15
225061,157,144,76,15
225062,157,144,77,15
225063,157,144,78,16
225064,157,145,44,14
225065,157,145,45,14
225066,157,145,46,14
225067,157,145,47,14
225068,157,145,48,14
225069,157,145,49,8
225070,157,145,50,8
225071,157,145,51,8
225072,157,145,52,10
225073,157,145,53,6
225074,157,145,54,6
225075,157,145,55,7
225076,157,145,56,7
225077,157,145,57,7
225078,157,145,58,7
225079,157,145,59,7
225080,157,145,60,7
225081,157,145,61,6
225082,157,145,62,6
225083,157,145,63,6
225084,157,145,64,10
225085,157,145,65,10
225086,157,145,66,10
225087,157,145,67,12
225088,157,145,68,12
225089,157,145,69,12
225090,157,145,70,12
225091,157,145,71,2
225092,157,145,72,2
225093,157,145,73,12
225094,157,145,74,15
225095,157,145,75,15
225096,157,145,76,15
225097,157,145,77,15
225098,157,145,78,16
225099,157,146,44,14
225100,157,146,45,14
225101,157,146,46,14
225102,157,146,48,14
225103,157,146,49,8
225104,157,146,50,8
225105,157,146,51,8
225106,157,146,52,10
225107,157,146,53,6
225108,157,146,54,6
225109,157,146,55,6
225110,157,146,56,7
225111,157,146,57,7
225112,157,146,58,7
225113,157,146,59,7
225114,157,146,60,7
225115,157,146,61,6
225116,157,146,62,6
225117,157,146,63,10
225118,157,146,64,10
225119,157,146,65,10
225120,157,146,66,10
225121,157,146,67,12
225122,157,146,68,12
225123,157,146,69,12
225124,157,146,70,12
225125,157,146,71,12
225126,157,146,72,2
225127,157,146,73,2
225128,157,146,74,15
225129,157,146,75,15
225130,157,146,76,15
225131,157,146,77,15
225132,157,146,78,16
225133,157,147,48,14
225134,157,147,49,8
225135,157,147,50,8
225136,157,147,51,8
225137,157,147,52,10
225138,157,147,53,10
225139,157,147,54,6
225140,157,147,55,6
225141,157,147,56,7
225142,157,147,57,7
225143,157,147,58,7
225144,157,147,59,7
225145,157,147,60,7
225146,157,147,61,6
225147,157,147,62,6
225148,157,147,63,10
225149,157,147,64,10
225150,157,147,65,10
225151,157,147,66,10
225152,157,147,67,10
225153,157,147,68,12
225154,157,147,69,12
225155,157,147,70,12
225156,157,147,71,12
225157,157,147,72,2
225158,157,147,73,2
225159,157,147,74,15
225160,157,147,75,15
225161,157,147,76,15
225162,157,147,77,15
225163,157,148,46,14
225164,157,148,47,14
225165,157,148,48,3
225166,157,148,49,8
225167,157,148,50,8
225168,157,148,51,8
225169,157,148,52,10
225170,157,148,53,10
225171,157,148,54,10
225172,157,148,55,10
225173,157,148,56,6
225174,157,148,57,7
225175,157,148,58,7
225176,157,148,59,7
225177,157,148,60,6
225178,157,148,61,6
225179,157,148,62,6
225180,157,148,63,10
225181,157,148,64,10
225182,157,148,65,10
225183,157,148,66,10
225184,157,148,67,10
225185,157,148,68,12
225186,157,148,69,12
225187,157,148,70,12
225188,157,148,71,2
225189,157,148,72,2
225190,157,148,73,2
225191,157,148,74,2
225192,157,148,75,15
225193,157,148,76,15
225194,157,148,77,15
225195,157,149,43,14
225196,157,149,44,14
225197,157,149,45,14
225198,157,149,46,14
225199,157,149,47,14
225200,157,149,48,3
225201,157,149,49,8
225202,157,149,50,8
225203,157,149,51,8
225204,157,149,52,8
225205,157,149,53,10
225206,157,149,54,10
225207,157,149,55,10
225208,157,149,56,6
225209,157,149,57,6
225210,157,149,58,6
225211,157,149,59,6
225212,157,149,60,6
225213,157,149,61,6
225214,157,149,62,10
225215,157,149,63,10
225216,157,149,64,10
225217,157,149,65,10
225218,157,149,66,10
225219,157,149,67,10
225220,157,149,68,12
225221,157,149,69,12
225222,157,149,70,2
225223,157,149,71,2
225224,157,149,72,2
225225,157,149,73,2
225226,157,149,74,2
225227,157,149,75,15
225228,157,149,76,15
225229,157,149,77,15
225230,157,149,78,15
225231,157,150,43,14
225232,157,150,44,14
225233,157,150,45,14
225234,157,150,46,14
225235,157,150,47,3
225236,157,150,48,3
225237,157,150,49,8
225238,157,150,50,8
225239,157,150,51,8
225240,157,150,52,8
225241,157,150,53,10
225242,157,150,54,10
225243,157,150,55,10
225244,157,150,56,6
225245,157,150,57,6
225246,157,150,58,10
225247,157,150,59,6
225248,157,150,60,6
225249,157,150,61,6
225250,157,150,62,10
225251,157,150,63,10
225252,157,150,64,10
225253,157,150,65,10
225254,157,150,66,10
225255,157,150,67,12
225256,157,150,68,12
225257,157,150,69,12
225258,157,150,70,2
225259,157,150,71,2
225260,157,150,72,2
225261,157,150,73,2
225262,157,150,74,2
225263,157,150,75,15
225264,157,150,76,15
225265,157,150,77,15
225266,157,150,78,15
225267,157,150,79,15
225268,157,150,80,16
225269,157,151,44,14
225270,157,151,45,14
225271,157,151,46,14
225272,157,151,47,3
225273,157,151,48,3
225274,157,151,49,3
225275,157,151,50,10
225276,157,151,51,8
225277,157,151,52,10
225278,157,151,53,10
225279,157,151,54,10
225280,157,151,55,10
225281,157,151,56,6
225282,157,151,57,6
225283,157,151,58,6
225284,157,151,59,6
225285,157,151,60,6
225286,157,151,61,3
225287,157,151,62,3
225288,157,151,63,8
225289,157,151,64,8
225290,157,151,65,8
225291,157,151,66,10
225292,157,151,67,12
225293,157,151,68,12
225294,157,151,69,12
225295,157,151,70,2
225296,157,151,71,2
225297,157,151,72,2
225298,157,151,73,2
225299,157,151,74,2
225300,157,151,75,2
225301,157,151,76,15
225302,157,151,77,15
225303,157,151,78,2
225304,157,151,79,15
225305,157,151,80,15
225306,157,151,81,16
225307,157,152,48,3
225308,157,152,49,10
225309,157,152,50,10
225310,157,152,51,8
225311,157,152,52,10
225312,157,152,53,10
225313,157,152,54,10
225314,157,152,55,6
225315,157,152,56,6
225316,157,152,57,6
225317,157,152,58,6
225318,157,152,59,6
225319,157,152,60,3
225320,157,152,61,3
225321,157,152,62,3
225322,157,152,63,10
225323,157,152,64,10
225324,157,152,65,10
225325,157,152,66,10
225326,157,152,67,12
225327,157,152,68,12
225328,157,152,69,2
225329,157,152,70,2
225330,157,152,71,2
225331,157,152,72,2
225332,157,152,73,2
225333,157,152,74,2
225334,157,152,75,2
225335,157,152,76,15
225336,157,152,77,15
225337,157,152,78,2
225338,157,152,79,2
225339,157,152,80,15
225340,157,152,81,15
225341,157,152,82,15
225342,157,153,49,8
225343,157,153,50,8
225344,157,153,51,8
225345,157,153,52,10
225346,157,153,53,10
225347,157,153,54,10
225348,157,153,55,10
225349,157,153,56,10
225350,157,153,57,6
225351,157,153,58,10
225352,157,153,59,10
225353,157,153,60,10
225354,157,153,61,10
225355,157,153,62,3
225356,157,153,63,10
225357,157,153,64,8
225358,157,153,65,10
225359,157,153,66,12
225360,157,153,67,12
225361,157,153,68,2
225362,157,153,69,2
225363,157,153,70,2
225364,157,153,71,2
225365,157,153,72,2
225366,157,153,73,2
225367,157,153,74,2
225368,157,153,75,2
225369,157,153,76,15
225370,157,153,77,15
225371,157,153,78,15
225372,157,153,79,2
225373,157,153,80,15
225374,157,153,81,15
225375,157,153,82,2
225376,157,154,50,8
225377,157,154,51,8
225378,157,154,52,8
225379,157,154,53,8
225380,157,154,54,10
225381,157,154,55,10
225382,157,154,56,10
225383,157,154,57,6
225384,157,154,58,10
225385,157,154,59,10
225386,157,154,60,10
225387,157,154,61,10
225388,157,154,62,8
225389,157,154,63,8
225390,157,154,64,8
225391,157,154,65,12
225392,157,154,66,12
225393,157,154,67,2
225394,157,154,68,2
225395,157,154,69,2
225396,157,154,70,2
225397,157,154,71,2
225398,157,154,72,2
225399,157,154,73,2
225400,157,154,74,2
225401,157,154,75,2
225402,157,154,76,15
225403,157,154,77,15
225404,157,154,78,15
225405,157,154,79,15
225406,157,154,80,15
225407,157,154,81,15
225408,157,154,82,15
225409,157,154,83,15
225410,157,155,50,3
225411,157,155,51,8
225412,157,155,52,8
225413,157,155,53,8
225414,157,155,54,10
225415,157,155,55,10
225416,157,155,56,10
225417,157,155,57,10
225418,157,155,58,10
225419,157,155,59,10
225420,157,155,60,10
225421,157,155,61,8
225422,157,155,62,8
225423,157,155,63,8
225424,157,155,64,8
225425,157,155,65,12
225426,157,155,66,2
225427,157,155,67,2
225428,157,155,68,2
225429,157,155,69,2
225430,157,155,70,2
225431,157,155,71,2
225432,157,155,72,2
225433,157,155,73,2
225434,157,155,74,2
225435,157,155,75,2
225436,157,155,76,15
225437,157,155,77,15
225438,157,155,78,15
225439,157,155,79,15
225440,157,155,80,15
225441,157,155,81,15
225442,157,155,82,15
225443,157,155,83,15
225444,157,155,84,15
225445,157,155,85,2
225446,157,155,86,2
225447,157,156,51,3
225448,157,156,52,8
225449,157,156,53,8
225450,157,156,54,10
225451,157,156,55,10
225452,157,156,56,10
225453,157,156,57,10
225454,157,156,58,10
225455,157,156,59,10
225456,157,156,60,10
225457,157,156,61,8
225458,157,156,62,8
225459,157,156,63,8
225460,157,156,64,2
225461,157,156,65,2
225462,157,156,66,2
225463,157,156,67,2
225464,157,156,68,2
225465,157,156,69,2
225466,157,156,70,2
225467,157,156,71,2
225468,157,156,72,2
225469,157,156,73,2
225470,157,156,74,2
225471,157,156,75,2
225472,157,156,76,15
225473,157,156,77,15
225474,157,156,78,15
225475,157,156,79,15
225476,157,156,80,15
225477,157,156,81,15
225478,157,156,82,15
225479,157,156,83,15
225480,157,156,84,15
225481,157,156,85,2
225482,157,156,86,2
225483,157,157,51,14
225484,157,157,52,3
225485,157,157,53,8
225486,157,157,54,10
225487,157,157,55,10
225488,157,157,56,10
225489,157,157,57,10
225490,157,157,58,10
225491,157,157,59,10
225492,157,157,60,8
225493,157,157,61,8
225494,157,157,62,8
225495,157,157,63,2
225496,157,157,64,2
225497,157,157,65,2
225498,157,157,66,2
225499,157,157,67,2
225500,157,157,68,2
225501,157,157,69,2
225502,157,157,70,2
225503,157,157,71,2
225504,157,157,72,2
225505,157,157,73,2
225506,157,157,74,2
225507,157,157,75,2
225508,157,157,76,15
225509,157,157,77,15
225510,157,157,78,15
225511,157,157,79,15
225512,157,157,80,15
225513,157,157,81,15
225514,157,157,82,15
225515,157,157,83,15
225516,157,157,84,15
225517,157,157,85,15
225518,157,158,52,3
225519,157,158,53,8
225520,157,158,54,10
225521,157,158,55,10
225522,157,158,56,8
225523,157,158,57,8
225524,157,158,58,8
225525,157,158,59,8
225526,157,158,60,8
225527,157,158,61,8
225528,157,158,62,8
225529,157,158,63,2
225530,157,158,64,2
225531,157,158,65,2
225532,157,158,66,2
225533,157,158,67,2
225534,157,158,68,2
225535,157,158,69,2
225536,157,158,70,2
225537,157,158,71,2
225538,157,158,72,2
225539,157,158,73,2
225540,157,158,74,2
225541,157,158,75,2
225542,157,158,76,15
225543,157,158,77,15
225544,157,158,78,15
225545,157,158,79,15
225546,157,158,80,15
225547,157,158,81,15
225548,157,158,82,15
225549,157,158,83,15
225550,157,158,84,15
225551,157,158,85,15
225552,157,159,52,14
225553,157,159,53,3
225554,157,159,54,8
225555,157,159,55,8
225556,157,159,56,8
225557,157,159,57,8
225558,157,159,58,8
225559,157,159,59,8
225560,157,159,60,8
225561,157,159,61,8
225562,157,159,62,2
225563,157,159,63,2
225564,157,159,64,2
225565,157,159,65,2
225566,157,159,66,2
225567,157,159,67,2
225568,157,159,68,2
225569,157,159,69,2
225570,157,159,70,2
225571,157,159,71,2
225572,157,159,72,2
225573,157,159,73,2
225574,157,159,74,2
225575,157,159,75,15
225576,157,159,76,15
225577,157,159,77,15
225578,157,159,78,15
225579,157,159,79,15
225580,157,159,80,15
225581,157,159,81,15
225582,157,159,82,15
225583,157,159,83,15
225584,157,159,84,15
225585,157,159,85,15
225586,157,159,86,2
225587,157,160,53,14
225588,157,160,55,3
225589,157,160,56,8
225590,157,160,57,8
225591,157,160,58,8
225592,157,160,59,8
225593,157,160,60,3
225594,157,160,61,15
225595,157,160,62,2
225596,157,160,63,2
225597,157,160,64,2
225598,157,160,65,2
225599,157,160,66,2
225600,157,160,67,2
225601,157,160,68,2
225602,157,160,69,2
225603,157,160,70,2
225604,157,160,71,2
225605,157,160,72,2
225606,157,160,73,2
225607,157,160,74,15
225608,157,160,75,15
225609,157,160,76,15
225610,157,160,77,15
225611,157,160,78,15
225612,157,160,79,15
225613,157,160,80,15
225614,157,160,81,15
225615,157,160,82,15
225616,157,160,83,15
225617,157,160,84,15
225618,157,160,85,15
225619,157,161,56,3
225620,157,161,57,3
225621,157,161,58,3
225622,157,161,59,3
225623,157,161,60,3
225624,157,161,61,2
225625,157,161,62,2
225626,157,161,63,2
225627,157,161,64,2
225628,157,161,65,2
225629,157,161,66,2
225630,157,161,67,2
225631,157,161,68,2
225632,157,161,69,2
225633,157,161,70,2
225634,157,161,71,2
225635,157,161,72,2
225636,157,161,73,15
225637,157,161,74,15
225638,157,161,75,15
225639,157,161,76,15
225640,157,161,77,15
225641,157,161,78,15
225642,157,161,79,15
225643,157,161,80,15
225644,157,161,81,15
225645,157,161,82,15
225646,157,161,83,15
225647,157,162,59,3
225648,157,162,60,3
225649,157,162,61,15
225650,157,162,62,2
225651,157,162,63,2
225652,157,162,64,2
225653,157,162,65,2
225654,157,162,66,2
225655,157,162,67,2
225656,157,162,68,2
225657,157,162,69,2
225658,157,162,70,2
225659,157,162,71,15
225660,157,162,72,15
225661,157,162,73,15
225662,157,162,74,15
225663,157,162,75,15
225664,157,162,76,15
225665,157,162,77,15
225666,157,163,58,3
225667,157,163,59,3
225668,157,163,60,3
225669,157,163,61,3
225670,157,163,62,2
225671,157,163,63,2
225672,157,163,64,2
225673,157,163,65,2
225674,157,163,66,2
225675,157,163,67,2
225676,157,163,68,2
225677,157,163,69,2
225678,157,163,70,15
225679,157,163,71,15
225680,157,163,72,3
225681,157,163,73,15
225682,157,163,74,15
225683,157,163,75,15
225684,157,163,76,15
225685,157,164,58,3
225686,157,164,59,3
225687,157,164,60,3
225688,157,164,61,3
225689,157,164,62,3
225690,157,164,63,3
225691,157,164,64,2
225692,157,164,65,2
225693,157,164,66,2
225694,157,164,67,2
225695,157,164,68,2
225696,157,164,69,15
225697,157,164,70,3
225698,157,164,71,15
225699,157,164,72,15
225700,157,164,73,15
225701,157,164,74,15
225702,157,164,75,2
225703,157,165,60,3
225704,157,165,61,3
225705,157,165,62,3
225706,157,165,63,3
225707,157,165,64,3
225708,157,165,65,3
225709,157,165,66,3
225710,157,165,67,3
225711,157,165,68,3
225712,157,165,69,3
225713,157,165,70,3
225714,157,165,71,15
225715,157,165,72,15
225716,157,165,73,15
225717,157,166,61,3
225718,157,166,62,3
225719,157,166,63,3
225720,157,166,64,3
225721,157,166,65,3
225722,157,166,66,3
225723,157,166,67,3
225724,157,166,68,3
225725,157,166,69,3
225726,157,166,70,15
225727,157,166,71,15
225728,157,166,72,15
225729,157,166,73,15
225730,157,167,61,3
225731,157,167,62,3
225732,157,167,63,3
225733,157,167,64,3
225734,157,167,65,3
225735,157,167,66,3
225736,157,167,67,3
225737,157,167,68,3
225738,157,167,69,15
225739,157,167,70,15
225740,157,167,71,15
225741,157,167,72,15
225742,157,167,73,15
225743,157,168,61,3
225744,157,168,62,3
225745,157,168,63,3
225746,157,168,64,3
225747,157,168,65,3
225748,157,168,66,3
225749,157,168,67,3
225750,157,168,68,3
225751,157,168,69,3
225752,157,168,70,15
225753,157,168,71,2
225754,157,168,72,15
225755,157,168,73,15
225756,157,169,62,3
225757,157,169,63,3
225758,157,169,64,3
225759,157,169,65,3
225760,157,169,66,3
225761,157,169,67,3
225762,157,169,68,3
225763,157,169,69,15
225764,157,169,70,2
225765,157,169,71,15
225766,157,169,72,15
225767,157,169,73,15
225768,157,169,74,15
225769,157,169,75,15
225770,157,170,65,3
225771,157,170,66,3
225772,157,170,67,3
225773,157,170,68,15
225774,157,170,69,15
225775,157,170,70,15
225776,157,170,71,15
225777,157,170,72,15
225778,157,170,73,15
225779,157,170,74,15
225780,157,170,75,15
225781,157,171,68,15
225782,157,171,69,15
225783,157,171,70,15
225784,157,171,71,15
225785,157,171,72,15
225786,157,171,73,15
225787,157,171,74,15
225788,158,107,64,16
225789,158,107,65,16
225790,158,108,62,16
225791,158,108,63,16
225792,158,108,64,16
225793,158,108,65,16
225794,158,109,62,16
225795,158,109,63,16
225796,158,109,64,16
225797,158,109,65,16
225798,158,109,66,16
225799,158,109,67,16
225800,158,110,62,16
225801,158,110,63,16
225802,158,110,64,16
225803,158,110,65,16
225804,158,110,66,16
225805,158,110,67,16
225806,158,110,68,16
225807,158,111,62,16
225808,158,111,63,16
225809,158,111,64,16
225810,158,111,65,16
225811,158,111,66,16
225812,158,111,67,16
225813,158,111,68,16
225814,158,112,63,16
225815,158,112,64,16
225816,158,112,65,16
225817,158,112,66,16
225818,158,112,67,16
225819,158,112,68,16
225820,158,112,69,16
225821,158,113,62,16
225822,158,113,63,16
225823,158,113,64,16
225824,158,113,65,16
225825,158,113,66,16
225826,158,113,67,16
225827,158,113,68,16
225828,158,113,69,16
225829,158,114,55,9
225830,158,114,57,9
225831,158,114,58,16
225832,158,114,59,16
225833,158,114,60,16
225834,158,114,61,16
225835,158,114,62,16
225836,158,114,63,16
225837,158,114,64,16
225838,158,114,65,16
225839,158,114,66,16
225840,158,114,67,16
225841,158,114,68,16
225842,158,114,69,16
225843,158,114,70,16
225844,158,115,53,9
225845,158,115,54,9
225846,158,115,55,9
225847,158,115,56,9
225848,158,115,57,9
225849,158,115,58,9
225850,158,115,59,9
225851,158,115,60,16
225852,158,115,61,16
225853,158,115,62,16
225854,158,115,63,16
225855,158,115,64,16
225856,158,115,65,16
225857,158,115,66,16
225858,158,115,67,16
225859,158,115,68,16
225860,158,115,69,16
225861,158,115,70,16
225862,158,116,51,9
225863,158,116,52,9
225864,158,116,53,9
225865,158,116,54,9
225866,158,116,55,9
225867,158,116,56,9
225868,158,116,57,9
225869,158,116,58,9
225870,158,116,59,9
225871,158,116,60,9
225872,158,116,61,16
225873,158,116,62,16
225874,158,116,63,16
225875,158,116,64,16
225876,158,116,65,16
225877,158,116,66,16
225878,158,116,67,16
225879,158,116,68,16
225880,158,116,69,16
225881,158,116,70,16
225882,158,116,71,16
225883,158,117,50,9
225884,158,117,51,9
225885,158,117,52,9
225886,158,117,53,4
225887,158,117,54,4
225888,158,117,55,4
225889,158,117,56,9
225890,158,117,57,9
225891,158,117,58,5
225892,158,117,59,5
225893,158,117,60,5
225894,158,117,61,5
225895,158,117,62,16
225896,158,117,63,16
225897,158,117,64,16
225898,158,117,65,16
225899,158,117,66,16
225900,158,117,67,16
225901,158,117,68,16
225902,158,117,69,16
225903,158,117,70,16
225904,158,117,71,16
225905,158,118,49,9
225906,158,118,50,9
225907,158,118,51,9
225908,158,118,52,9
225909,158,118,53,4
225910,158,118,54,4
225911,158,118,55,4
225912,158,118,56,4
225913,158,118,57,9
225914,158,118,58,4
225915,158,118,59,4
225916,158,118,60,4
225917,158,118,61,5
225918,158,118,62,5
225919,158,118,63,16
225920,158,118,64,16
225921,158,118,65,16
225922,158,118,66,16
225923,158,118,67,16
225924,158,118,68,16
225925,158,118,69,16
225926,158,118,70,16
225927,158,118,71,16
225928,158,119,47,14
225929,158,119,48,14
225930,158,119,49,14
225931,158,119,52,9
225932,158,119,53,9
225933,158,119,54,4
225934,158,119,55,4
225935,158,119,56,4
225936,158,119,57,4
225937,158,119,58,4
225938,158,119,59,4
225939,158,119,60,4
225940,158,119,61,4
225941,158,119,62,5
225942,158,119,63,16
225943,158,119,64,16
225944,158,119,65,16
225945,158,119,66,16
225946,158,119,67,16
225947,158,119,68,16
225948,158,119,69,16
225949,158,119,70,16
225950,158,120,44,14
225951,158,120,45,14
225952,158,120,46,14
225953,158,120,47,14
225954,158,120,48,14
225955,158,120,49,14
225956,158,120,52,9
225957,158,120,53,9
225958,158,120,54,4
225959,158,120,55,4
225960,158,120,56,4
225961,158,120,57,4
225962,158,120,58,9
225963,158,120,59,4
225964,158,120,60,4
225965,158,120,61,4
225966,158,120,62,4
225967,158,120,63,5
225968,158,120,64,16
225969,158,120,65,16
225970,158,120,66,16
225971,158,120,67,16
225972,158,120,68,16
225973,158,121,42,14
225974,158,121,43,14
225975,158,121,44,14
225976,158,121,45,14
225977,158,121,46,14
225978,158,121,47,14
225979,158,121,48,14
225980,158,121,49,14
225981,158,121,51,9
225982,158,121,52,9
225983,158,121,53,9
225984,158,121,54,9
225985,158,121,55,4
225986,158,121,56,4
225987,158,121,57,4
225988,158,121,58,4
225989,158,121,59,4
225990,158,121,60,4
225991,158,121,61,4
225992,158,121,62,4
225993,158,121,63,4
225994,158,121,64,5
225995,158,121,65,16
225996,158,121,66,16
225997,158,121,67,16
225998,158,121,68,16
225999,158,121,69,16
226000,158,121,71,16
226001,158,122,42,14
226002,158,122,43,14
226003,158,122,44,14
226004,158,122,45,14
226005,158,122,46,14
226006,158,122,47,14
226007,158,122,48,14
226008,158,122,49,14
226009,158,122,50,14
226010,158,122,51,14
226011,158,122,52,9
226012,158,122,53,9
226013,158,122,54,9
226014,158,122,55,4
226015,158,122,56,4
226016,158,122,57,4
226017,158,122,58,4
226018,158,122,59,4
226019,158,122,60,4
226020,158,122,61,4
226021,158,122,62,4
226022,158,122,63,4
226023,158,122,64,5
226024,158,122,65,16
226025,158,122,66,16
226026,158,122,67,16
226027,158,122,68,16
226028,158,122,69,16
226029,158,122,70,16
226030,158,123,43,14
226031,158,123,44,14
226032,158,123,45,14
226033,158,123,46,14
226034,158,123,47,14
226035,158,123,48,14
226036,158,123,49,14
226037,158,123,50,14
226038,158,123,51,14
226039,158,123,53,9
226040,158,123,54,9
226041,158,123,55,9
226042,158,123,56,4
226043,158,123,57,4
226044,158,123,58,4
226045,158,123,59,4
226046,158,123,60,4
226047,158,123,61,4
226048,158,123,62,4
226049,158,123,63,4
226050,158,123,64,4
226051,158,123,65,5
226052,158,123,66,16
226053,158,123,67,16
226054,158,123,68,16
226055,158,123,69,16
226056,158,124,43,14
226057,158,124,44,14
226058,158,124,45,14
226059,158,124,46,14
226060,158,124,49,14
226061,158,124,50,14
226062,158,124,51,14
226063,158,124,55,9
226064,158,124,56,4
226065,158,124,57,4
226066,158,124,58,4
226067,158,124,59,4
226068,158,124,60,4
226069,158,124,61,4
226070,158,124,62,4
226071,158,124,63,4
226072,158,124,64,4
226073,158,124,65,5
226074,158,124,66,16
226075,158,124,67,16
226076,158,124,68,16
226077,158,124,69,16
226078,158,125,44,14
226079,158,125,45,14
226080,158,125,50,14
226081,158,125,51,14
226082,158,125,52,14
226083,158,125,53,14
226084,158,125,54,9
226085,158,125,55,9
226086,158,125,56,9
226087,158,125,57,4
226088,158,125,58,4
226089,158,125,59,4
226090,158,125,60,4
226091,158,125,61,4
226092,158,125,62,4
226093,158,125,63,4
226094,158,125,64,4
226095,158,125,65,4
226096,158,125,66,5
226097,158,125,67,16
226098,158,125,68,16
226099,158,125,69,16
226100,158,126,44,14
226101,158,126,45,14
226102,158,126,50,14
226103,158,126,51,14
226104,158,126,52,14
226105,158,126,53,14
226106,158,126,54,14
226107,158,126,55,9
226108,158,126,56,9
226109,158,126,57,4
226110,158,126,58,4
226111,158,126,59,4
226112,158,126,60,4
226113,158,126,61,4
226114,158,126,62,4
226115,158,126,63,4
226116,158,126,64,4
226117,158,126,65,4
226118,158,126,66,5
226119,158,126,67,16
226120,158,126,68,16
226121,158,126,69,16
226122,158,127,50,14
226123,158,127,51,14
226124,158,127,52,14
226125,158,127,53,14
226126,158,127,54,14
226127,158,127,55,9
226128,158,127,56,9
226129,158,127,57,4
226130,158,127,58,4
226131,158,127,59,4
226132,158,127,60,4
226133,158,127,61,4
226134,158,127,62,4
226135,158,127,63,4
226136,158,127,64,4
226137,158,127,65,4
226138,158,127,66,12
226139,158,127,67,5
226140,158,127,68,16
226141,158,127,69,16
226142,158,127,70,16
226143,158,128,51,14
226144,158,128,52,14
226145,158,128,53,14
226146,158,128,55,9
226147,158,128,56,9
226148,158,128,57,4
226149,158,128,58,4
226150,158,128,59,4
226151,158,128,60,4
226152,158,128,61,4
226153,158,128,62,4
226154,158,128,63,4
226155,158,128,64,4
226156,158,128,65,4
226157,158,128,66,4
226158,158,128,67,12
226159,158,128,68,16
226160,158,128,69,16
226161,158,128,70,16
226162,158,129,51,14
226163,158,129,52,14
226164,158,129,53,14
226165,158,129,54,14
226166,158,129,55,9
226167,158,129,56,9
226168,158,129,57,4
226169,158,129,58,4
226170,158,129,59,4
226171,158,129,60,6
226172,158,129,61,4
226173,158,129,62,4
226174,158,129,63,4
226175,158,129,64,4
226176,158,129,65,4
226177,158,129,66,4
226178,158,129,67,12
226179,158,129,68,5
226180,158,129,69,16
226181,158,129,70,16
226182,158,129,71,16
226183,158,130,50,14
226184,158,130,51,14
226185,158,130,52,14
226186,158,130,53,14
226187,158,130,54,14
226188,158,130,55,9
226189,158,130,56,9
226190,158,130,57,4
226191,158,130,58,4
226192,158,130,59,4
226193,158,130,60,4
226194,158,130,61,4
226195,158,130,62,4
226196,158,130,63,4
226197,158,130,64,4
226198,158,130,65,4
226199,158,130,66,12
226200,158,130,67,12
226201,158,130,68,12
226202,158,130,69,16
226203,158,130,70,16
226204,158,130,71,16
226205,158,131,49,14
226206,158,131,50,14
226207,158,131,51,14
226208,158,131,52,14
226209,158,131,53,14
226210,158,131,54,14
226211,158,131,55,9
226212,158,131,56,9
226213,158,131,57,4
226214,158,131,58,4
226215,158,131,59,4
226216,158,131,60,4
226217,158,131,61,4
226218,158,131,62,4
226219,158,131,63,4
226220,158,131,64,4
226221,158,131,65,4
226222,158,131,66,4
226223,158,131,67,12
226224,158,131,68,12
226225,158,131,69,5
226226,158,131,70,16
226227,158,131,71,16
226228,158,131,72,16
226229,158,132,48,9
226230,158,132,49,14
226231,158,132,50,14
226232,158,132,51,14
226233,158,132,52,14
226234,158,132,53,14
226235,158,132,54,16
226236,158,132,55,9
226237,158,132,56,9
226238,158,132,57,4
226239,158,132,58,4
226240,158,132,59,4
226241,158,132,60,4
226242,158,132,61,4
226243,158,132,62,4
226244,158,132,63,4
226245,158,132,64,4
226246,158,132,65,4
226247,158,132,66,4
226248,158,132,67,4
226249,158,132,68,12
226250,158,132,69,12
226251,158,132,70,16
226252,158,132,71,16
226253,158,132,72,16
226254,158,133,48,9
226255,158,133,49,3
226256,158,133,50,3
226257,158,133,51,3
226258,158,133,52,5
226259,158,133,53,14
226260,158,133,54,9
226261,158,133,55,9
226262,158,133,56,9
226263,158,133,57,4
226264,158,133,58,4
226265,158,133,59,4
226266,158,133,60,4
226267,158,133,61,4
226268,158,133,62,4
226269,158,133,63,4
226270,158,133,64,4
226271,158,133,65,4
226272,158,133,66,4
226273,158,133,67,12
226274,158,133,68,12
226275,158,133,69,12
226276,158,133,70,5
226277,158,133,71,16
226278,158,133,72,16
226279,158,133,73,16
226280,158,134,48,9
226281,158,134,49,3
226282,158,134,50,3
226283,158,134,51,3
226284,158,134,52,5
226285,158,134,53,5
226286,158,134,54,9
226287,158,134,55,9
226288,158,134,56,5
226289,158,134,57,4
226290,158,134,58,4
226291,158,134,59,4
226292,158,134,60,12
226293,158,134,61,12
226294,158,134,62,12
226295,158,134,63,4
226296,158,134,64,4
226297,158,134,65,4
226298,158,134,66,4
226299,158,134,67,12
226300,158,134,68,12
226301,158,134,69,12
226302,158,134,70,12
226303,158,134,71,16
226304,158,134,72,16
226305,158,134,73,16
226306,158,135,48,9
226307,158,135,49,3
226308,158,135,50,3
226309,158,135,51,3
226310,158,135,52,8
226311,158,135,53,8
226312,158,135,54,8
226313,158,135,55,8
226314,158,135,56,8
226315,158,135,57,8
226316,158,135,58,8
226317,158,135,59,8
226318,158,135,60,8
226319,158,135,61,12
226320,158,135,62,12
226321,158,135,63,4
226322,158,135,64,4
226323,158,135,65,4
226324,158,135,66,12
226325,158,135,67,12
226326,158,135,68,12
226327,158,135,69,12
226328,158,135,70,12
226329,158,135,71,5
226330,158,135,72,16
226331,158,135,73,16
226332,158,135,74,16
226333,158,136,48,9
226334,158,136,49,9
226335,158,136,50,3
226336,158,136,51,8
226337,158,136,52,8
226338,158,136,53,8
226339,158,136,54,8
226340,158,136,55,8
226341,158,136,56,8
226342,158,136,57,8
226343,158,136,58,8
226344,158,136,59,8
226345,158,136,60,8
226346,158,136,61,8
226347,158,136,62,8
226348,158,136,63,12
226349,158,136,64,5
226350,158,136,65,12
226351,158,136,66,12
226352,158,136,67,12
226353,158,136,68,12
226354,158,136,69,12
226355,158,136,70,12
226356,158,136,71,12
226357,158,136,72,5
226358,158,136,73,16
226359,158,136,74,16
226360,158,136,75,16
226361,158,137,50,9
226362,158,137,51,8
226363,158,137,52,8
226364,158,137,53,10
226365,158,137,54,10
226366,158,137,55,10
226367,158,137,56,10
226368,158,137,57,8
226369,158,137,58,8
226370,158,137,59,8
226371,158,137,60,8
226372,158,137,61,8
226373,158,137,62,8
226374,158,137,63,8
226375,158,137,64,12
226376,158,137,65,5
226377,158,137,66,12
226378,158,137,67,12
226379,158,137,68,12
226380,158,137,69,12
226381,158,137,70,12
226382,158,137,71,12
226383,158,137,72,12
226384,158,137,73,15
226385,158,137,74,16
226386,158,137,75,16
226387,158,138,50,8
226388,158,138,51,8
226389,158,138,52,8
226390,158,138,53,10
226391,158,138,54,6
226392,158,138,55,6
226393,158,138,56,6
226394,158,138,57,10
226395,158,138,58,10
226396,158,138,59,10
226397,158,138,60,10
226398,158,138,61,8
226399,158,138,62,8
226400,158,138,63,8
226401,158,138,64,5
226402,158,138,65,5
226403,158,138,66,12
226404,158,138,67,12
226405,158,138,68,12
226406,158,138,69,12
226407,158,138,70,12
226408,158,138,71,12
226409,158,138,72,12
226410,158,138,73,15
226411,158,138,74,15
226412,158,138,75,16
226413,158,138,76,16
226414,158,138,77,16
226415,158,139,48,14
226416,158,139,49,14
226417,158,139,50,8
226418,158,139,51,8
226419,158,139,52,10
226420,158,139,53,6
226421,158,139,54,7
226422,158,139,55,7
226423,158,139,56,7
226424,158,139,57,10
226425,158,139,58,10
226426,158,139,59,6
226427,158,139,60,6
226428,158,139,61,10
226429,158,139,62,10
226430,158,139,63,8
226431,158,139,64,8
226432,158,139,65,5
226433,158,139,66,12
226434,158,139,67,12
226435,158,139,68,12
226436,158,139,69,12
226437,158,139,70,12
226438,158,139,71,12
226439,158,139,72,12
226440,158,139,73,12
226441,158,139,74,12
226442,158,139,75,2
226443,158,139,76,16
226444,158,139,77,16
226445,158,139,78,16
226446,158,140,45,14
226447,158,140,46,14
226448,158,140,47,14
226449,158,140,48,14
226450,158,140,49,14
226451,158,140,50,8
226452,158,140,51,8
226453,158,140,52,10
226454,158,140,53,6
226455,158,140,54,7
226456,158,140,55,7
226457,158,140,56,7
226458,158,140,57,7
226459,158,140,58,7
226460,158,140,59,7
226461,158,140,60,6
226462,158,140,61,6
226463,158,140,62,12
226464,158,140,63,8
226465,158,140,64,8
226466,158,140,65,12
226467,158,140,66,12
226468,158,140,67,12
226469,158,140,68,12
226470,158,140,69,12
226471,158,140,70,12
226472,158,140,71,12
226473,158,140,72,12
226474,158,140,73,12
226475,158,140,74,12
226476,158,140,75,15
226477,158,140,76,15
226478,158,140,77,16
226479,158,141,44,14
226480,158,141,45,14
226481,158,141,46,14
226482,158,141,47,14
226483,158,141,48,14
226484,158,141,49,14
226485,158,141,50,8
226486,158,141,51,8
226487,158,141,52,10
226488,158,141,53,6
226489,158,141,54,7
226490,158,141,55,7
226491,158,141,56,7
226492,158,141,57,7
226493,158,141,58,7
226494,158,141,59,7
226495,158,141,60,7
226496,158,141,61,6
226497,158,141,62,6
226498,158,141,63,8
226499,158,141,64,8
226500,158,141,65,8
226501,158,141,66,12
226502,158,141,67,12
226503,158,141,68,12
226504,158,141,69,12
226505,158,141,70,12
226506,158,141,71,12
226507,158,141,72,12
226508,158,141,73,12
226509,158,141,74,12
226510,158,141,75,15
226511,158,141,76,15
226512,158,141,77,15
226513,158,142,43,9
226514,158,142,44,14
226515,158,142,45,14
226516,158,142,46,14
226517,158,142,47,14
226518,158,142,48,14
226519,158,142,49,14
226520,158,142,50,8
226521,158,142,51,10
226522,158,142,52,10
226523,158,142,53,6
226524,158,142,54,6
226525,158,142,55,7
226526,158,142,56,7
226527,158,142,57,7
226528,158,142,58,7
226529,158,142,59,7
226530,158,142,60,7
226531,158,142,61,6
226532,158,142,62,6
226533,158,142,63,12
226534,158,142,64,3
226535,158,142,65,8
226536,158,142,66,12
226537,158,142,67,12
226538,158,142,68,12
226539,158,142,69,12
226540,158,142,70,12
226541,158,142,71,12
226542,158,142,72,12
226543,158,142,73,12
226544,158,142,74,12
226545,158,142,75,12
226546,158,142,76,15
226547,158,142,77,15
226548,158,143,43,14
226549,158,143,44,14
226550,158,143,45,14
226551,158,143,46,14
226552,158,143,47,14
226553,158,143,48,14
226554,158,143,49,14
226555,158,143,50,8
226556,158,143,51,8
226557,158,143,52,10
226558,158,143,53,10
226559,158,143,54,6
226560,158,143,55,7
226561,158,143,56,7
226562,158,143,57,7
226563,158,143,58,7
226564,158,143,59,7
226565,158,143,60,7
226566,158,143,61,6
226567,158,143,62,6
226568,158,143,63,12
226569,158,143,64,12
226570,158,143,65,8
226571,158,143,66,8
226572,158,143,67,12
226573,158,143,68,12
226574,158,143,69,12
226575,158,143,70,12
226576,158,143,71,12
226577,158,143,72,12
226578,158,143,73,12
226579,158,143,74,12
226580,158,143,75,15
226581,158,143,76,15
226582,158,143,77,15
226583,158,144,43,14
226584,158,144,44,14
226585,158,144,45,14
226586,158,144,46,14
226587,158,144,47,14
226588,158,144,48,14
226589,158,144,49,8
226590,158,144,50,8
226591,158,144,51,10
226592,158,144,52,10
226593,158,144,53,6
226594,158,144,54,6
226595,158,144,55,7
226596,158,144,56,7
226597,158,144,57,7
226598,158,144,58,7
226599,158,144,59,7
226600,158,144,60,6
226601,158,144,61,6
226602,158,144,62,6
226603,158,144,63,6
226604,158,144,64,10
226605,158,144,65,8
226606,158,144,66,10
226607,158,144,67,12
226608,158,144,68,12
226609,158,144,69,12
226610,158,144,70,12
226611,158,144,71,12
226612,158,144,72,12
226613,158,144,73,12
226614,158,144,74,15
226615,158,144,75,15
226616,158,144,76,15
226617,158,144,77,16
226618,158,144,78,16
226619,158,145,44,14
226620,158,145,45,14
226621,158,145,46,14
226622,158,145,47,14
226623,158,145,48,14
226624,158,145,49,8
226625,158,145,50,8
226626,158,145,51,10
226627,158,145,52,10
226628,158,145,53,6
226629,158,145,54,6
226630,158,145,55,7
226631,158,145,56,7
226632,158,145,57,7
226633,158,145,58,7
226634,158,145,59,7
226635,158,145,60,6
226636,158,145,61,6
226637,158,145,62,6
226638,158,145,63,10
226639,158,145,64,10
226640,158,145,65,10
226641,158,145,66,10
226642,158,145,67,12
226643,158,145,68,12
226644,158,145,69,12
226645,158,145,70,12
226646,158,145,71,2
226647,158,145,72,2
226648,158,145,73,15
226649,158,145,74,15
226650,158,145,75,15
226651,158,145,76,15
226652,158,145,77,16
226653,158,145,78,16
226654,158,146,44,14
226655,158,146,45,14
226656,158,146,46,14
226657,158,146,47,14
226658,158,146,48,8
226659,158,146,49,8
226660,158,146,50,8
226661,158,146,51,10
226662,158,146,52,10
226663,158,146,53,6
226664,158,146,54,6
226665,158,146,55,7
226666,158,146,56,7
226667,158,146,57,7
226668,158,146,58,7
226669,158,146,59,7
226670,158,146,60,6
226671,158,146,61,6
226672,158,146,62,6
226673,158,146,63,10
226674,158,146,64,10
226675,158,146,65,10
226676,158,146,66,10
226677,158,146,67,12
226678,158,146,68,12
226679,158,146,69,12
226680,158,146,70,12
226681,158,146,71,2
226682,158,146,72,2
226683,158,146,73,15
226684,158,146,74,15
226685,158,146,75,15
226686,158,146,76,15
226687,158,146,77,15
226688,158,146,78,16
226689,158,147,43,14
226690,158,147,44,14
226691,158,147,45,14
226692,158,147,46,14
226693,158,147,47,14
226694,158,147,48,8
226695,158,147,49,8
226696,158,147,50,8
226697,158,147,51,10
226698,158,147,52,6
226699,158,147,53,6
226700,158,147,54,6
226701,158,147,55,7
226702,158,147,56,7
226703,158,147,57,7
226704,158,147,58,7
226705,158,147,59,7
226706,158,147,60,6
226707,158,147,61,6
226708,158,147,62,6
226709,158,147,63,10
226710,158,147,64,10
226711,158,147,65,10
226712,158,147,66,10
226713,158,147,67,10
226714,158,147,68,12
226715,158,147,69,12
226716,158,147,70,12
226717,158,147,71,2
226718,158,147,72,2
226719,158,147,73,2
226720,158,147,74,15
226721,158,147,75,15
226722,158,147,76,15
226723,158,147,77,15
226724,158,147,78,16
226725,158,148,43,14
226726,158,148,44,14
226727,158,148,45,14
226728,158,148,46,14
226729,158,148,47,8
226730,158,148,48,8
226731,158,148,49,8
226732,158,148,50,8
226733,158,148,51,10
226734,158,148,52,10
226735,158,148,53,10
226736,158,148,54,6
226737,158,148,55,7
226738,158,148,56,7
226739,158,148,57,7
226740,158,148,58,7
226741,158,148,59,7
226742,158,148,60,6
226743,158,148,61,6
226744,158,148,62,6
226745,158,148,63,10
226746,158,148,64,10
226747,158,148,65,10
226748,158,148,66,10
226749,158,148,67,10
226750,158,148,68,12
226751,158,148,69,12
226752,158,148,70,2
226753,158,148,71,2
226754,158,148,72,2
226755,158,148,73,2
226756,158,148,74,15
226757,158,148,75,15
226758,158,148,76,15
226759,158,148,77,15
226760,158,148,78,16
226761,158,149,43,14
226762,158,149,44,14
226763,158,149,45,14
226764,158,149,46,14
226765,158,149,47,8
226766,158,149,48,8
226767,158,149,49,8
226768,158,149,50,8
226769,158,149,51,10
226770,158,149,52,10
226771,158,149,53,10
226772,158,149,54,10
226773,158,149,55,6
226774,158,149,56,7
226775,158,149,57,7
226776,158,149,58,7
226777,158,149,59,6
226778,158,149,60,6
226779,158,149,61,6
226780,158,149,62,6
226781,158,149,63,8
226782,158,149,64,8
226783,158,149,65,10
226784,158,149,66,10
226785,158,149,67,12
226786,158,149,68,12
226787,158,149,69,12
226788,158,149,70,2
226789,158,149,71,2
226790,158,149,72,2
226791,158,149,73,2
226792,158,149,74,2
226793,158,149,75,15
226794,158,149,76,15
226795,158,149,77,15
226796,158,149,78,15
226797,158,150,43,14
226798,158,150,44,14
226799,158,150,45,14
226800,158,150,46,14
226801,158,150,47,3
226802,158,150,48,10
226803,158,150,49,8
226804,158,150,50,8
226805,158,150,51,8
226806,158,150,52,10
226807,158,150,53,10
226808,158,150,54,10
226809,158,150,55,10
226810,158,150,56,6
226811,158,150,57,7
226812,158,150,58,6
226813,158,150,59,6
226814,158,150,60,6
226815,158,150,61,6
226816,158,150,62,3
226817,158,150,63,10
226818,158,150,64,8
226819,158,150,65,8
226820,158,150,66,10
226821,158,150,67,12
226822,158,150,68,12
226823,158,150,69,2
226824,158,150,70,2
226825,158,150,71,2
226826,158,150,72,2
226827,158,150,73,2
226828,158,150,74,2
226829,158,150,75,15
226830,158,150,76,15
226831,158,150,77,15
226832,158,150,78,15
226833,158,150,79,15
226834,158,150,80,16
226835,158,151,44,14
226836,158,151,45,14
226837,158,151,46,14
226838,158,151,47,3
226839,158,151,48,10
226840,158,151,49,10
226841,158,151,50,8
226842,158,151,51,8
226843,158,151,52,10
226844,158,151,53,10
226845,158,151,54,10
226846,158,151,55,10
226847,158,151,56,6
226848,158,151,57,6
226849,158,151,58,6
226850,158,151,59,6
226851,158,151,60,6
226852,158,151,61,6
226853,158,151,62,6
226854,158,151,63,10
226855,158,151,64,8
226856,158,151,65,8
226857,158,151,66,12
226858,158,151,67,12
226859,158,151,68,12
226860,158,151,69,2
226861,158,151,70,2
226862,158,151,71,2
226863,158,151,72,2
226864,158,151,73,2
226865,158,151,74,2
226866,158,151,75,15
226867,158,151,76,15
226868,158,151,77,15
226869,158,151,78,15
226870,158,151,79,15
226871,158,151,80,15
226872,158,152,45,14
226873,158,152,46,14
226874,158,152,47,3
226875,158,152,48,3
226876,158,152,49,6
226877,158,152,50,10
226878,158,152,51,8
226879,158,152,52,10
226880,158,152,53,10
226881,158,152,54,10
226882,158,152,55,10
226883,158,152,56,10
226884,158,152,57,10
226885,158,152,58,10
226886,158,152,59,6
226887,158,152,60,6
226888,158,152,61,3
226889,158,152,62,3
226890,158,152,63,3
226891,158,152,64,8
226892,158,152,65,8
226893,158,152,66,12
226894,158,152,67,12
226895,158,152,68,2
226896,158,152,69,2
226897,158,152,70,2
226898,158,152,71,2
226899,158,152,72,2
226900,158,152,73,2
226901,158,152,74,15
226902,158,152,75,15
226903,158,152,76,15
226904,158,152,77,15
226905,158,152,78,15
226906,158,152,79,15
226907,158,152,80,15
226908,158,152,81,15
226909,158,153,44,14
226910,158,153,45,14
226911,158,153,46,3
226912,158,153,47,3
226913,158,153,48,3
226914,158,153,49,10
226915,158,153,50,8
226916,158,153,51,8
226917,158,153,52,10
226918,158,153,53,10
226919,158,153,54,10
226920,158,153,55,10
226921,158,153,56,10
226922,158,153,57,10
226923,158,153,58,10
226924,158,153,59,10
226925,158,153,60,6
226926,158,153,61,6
226927,158,153,62,3
226928,158,153,63,8
226929,158,153,64,8
226930,158,153,65,12
226931,158,153,66,12
226932,158,153,67,2
226933,158,153,68,2
226934,158,153,69,2
226935,158,153,70,2
226936,158,153,71,2
226937,158,153,72,2
226938,158,153,73,2
226939,158,153,74,15
226940,158,153,75,15
226941,158,153,76,15
226942,158,153,77,15
226943,158,153,78,15
226944,158,153,79,15
226945,158,153,80,15
226946,158,153,81,15
226947,158,153,82,15
226948,158,154,49,10
226949,158,154,50,8
226950,158,154,51,8
226951,158,154,52,8
226952,158,154,53,8
226953,158,154,54,10
226954,158,154,55,10
226955,158,154,56,10
226956,158,154,57,10
226957,158,154,58,10
226958,158,154,59,6
226959,158,154,60,6
226960,158,154,61,10
226961,158,154,62,8
226962,158,154,63,8
226963,158,154,64,8
226964,158,154,65,12
226965,158,154,66,2
226966,158,154,67,2
226967,158,154,68,2
226968,158,154,69,2
226969,158,154,70,2
226970,158,154,71,2
226971,158,154,72,2
226972,158,154,73,2
226973,158,154,74,15
226974,158,154,75,15
226975,158,154,76,15
226976,158,154,77,15
226977,158,154,78,15
226978,158,154,79,15
226979,158,154,80,15
226980,158,154,81,15
226981,158,154,82,15
226982,158,154,83,15
226983,158,155,50,10
226984,158,155,51,8
226985,158,155,52,8
226986,158,155,53,8
226987,158,155,54,10
226988,158,155,55,10
226989,158,155,56,10
226990,158,155,57,10
226991,158,155,58,10
226992,158,155,59,10
226993,158,155,60,10
226994,158,155,61,8
226995,158,155,62,8
226996,158,155,63,8
226997,158,155,64,8
226998,158,155,65,2
226999,158,155,66,2
227000,158,155,67,2
227001,158,155,68,2
227002,158,155,69,2
227003,158,155,70,2
227004,158,155,71,2
227005,158,155,72,2
227006,158,155,73,2
227007,158,155,74,15
227008,158,155,75,15
227009,158,155,76,15
227010,158,155,77,15
227011,158,155,78,15
227012,158,155,79,15
227013,158,155,80,15
227014,158,155,81,15
227015,158,155,82,15
227016,158,155,83,15
227017,158,156,51,3
227018,158,156,52,8
227019,158,156,53,8
227020,158,156,54,10
227021,158,156,55,10
227022,158,156,56,10
227023,158,156,57,10
227024,158,156,58,10
227025,158,156,59,10
227026,158,156,60,10
227027,158,156,61,8
227028,158,156,62,8
227029,158,156,63,8
227030,158,156,64,2
227031,158,156,65,2
227032,158,156,66,2
227033,158,156,67,2
227034,158,156,68,2
227035,158,156,69,2
227036,158,156,70,2
227037,158,156,71,2
227038,158,156,72,2
227039,158,156,73,2
227040,158,156,74,15
227041,158,156,75,15
227042,158,156,76,15
227043,158,156,77,15
227044,158,156,78,15
227045,158,156,79,15
227046,158,156,80,15
227047,158,156,81,15
227048,158,156,82,15
227049,158,156,83,15
227050,158,156,84,15
227051,158,157,51,3
227052,158,157,52,8
227053,158,157,53,8
227054,158,157,54,10
227055,158,157,55,10
227056,158,157,56,10
227057,158,157,57,10
227058,158,157,58,10
227059,158,157,59,10
227060,158,157,60,8
227061,158,157,61,8
227062,158,157,62,8
227063,158,157,63,8
227064,158,157,64,2
227065,158,157,65,2
227066,158,157,66,2
227067,158,157,67,2
227068,158,157,68,2
227069,158,157,69,2
227070,158,157,70,2
227071,158,157,71,2
227072,158,157,72,2
227073,158,157,73,2
227074,158,157,74,15
227075,158,157,75,15
227076,158,157,76,15
227077,158,157,77,15
227078,158,157,78,15
227079,158,157,79,15
227080,158,157,80,15
227081,158,157,81,15
227082,158,157,82,15
227083,158,157,83,15
227084,158,157,84,15
227085,158,158,52,3
227086,158,158,53,8
227087,158,158,54,10
227088,158,158,55,10
227089,158,158,56,8
227090,158,158,57,8
227091,158,158,58,10
227092,158,158,59,8
227093,158,158,60,8
227094,158,158,61,8
227095,158,158,62,8
227096,158,158,63,2
227097,158,158,64,2
227098,158,158,65,2
227099,158,158,66,2
227100,158,158,67,2
227101,158,158,68,2
227102,158,158,69,2
227103,158,158,70,2
227104,158,158,71,2
227105,158,158,72,2
227106,158,158,73,2
227107,158,158,74,15
227108,158,158,75,15
227109,158,158,76,15
227110,158,158,77,15
227111,158,158,78,15
227112,158,158,79,15
227113,158,158,80,15
227114,158,158,81,15
227115,158,158,82,15
227116,158,158,83,15
227117,158,158,84,15
227118,158,158,85,15
227119,158,159,53,3
227120,158,159,54,3
227121,158,159,55,8
227122,158,159,56,8
227123,158,159,57,8
227124,158,159,58,8
227125,158,159,59,8
227126,158,159,60,8
227127,158,159,61,8
227128,158,159,62,2
227129,158,159,63,2
227130,158,159,64,2
227131,158,159,65,2
227132,158,159,66,2
227133,158,159,67,2
227134,158,159,68,2
227135,158,159,69,2
227136,158,159,70,2
227137,158,159,71,2
227138,158,159,72,2
227139,158,159,73,15
227140,158,159,74,15
227141,158,159,75,15
227142,158,159,76,15
227143,158,159,77,15
227144,158,159,78,15
227145,158,159,79,15
227146,158,159,80,15
227147,158,159,81,15
227148,158,159,82,15
227149,158,159,83,15
227150,158,159,84,15
227151,158,159,85,15
227152,158,160,53,14
227153,158,160,55,3
227154,158,160,56,8
227155,158,160,57,8
227156,158,160,58,8
227157,158,160,59,8
227158,158,160,60,3
227159,158,160,61,15
227160,158,160,62,2
227161,158,160,63,2
227162,158,160,64,2
227163,158,160,65,2
227164,158,160,66,2
227165,158,160,67,2
227166,158,160,68,2
227167,158,160,69,2
227168,158,160,70,2
227169,158,160,71,2
227170,158,160,72,15
227171,158,160,73,15
227172,158,160,74,15
227173,158,160,75,15
227174,158,160,76,15
227175,158,160,77,15
227176,158,160,78,15
227177,158,160,79,15
227178,158,160,80,15
227179,158,160,81,15
227180,158,160,82,15
227181,158,160,83,15
227182,158,160,84,15
227183,158,160,85,15
227184,158,161,56,3
227185,158,161,57,3
227186,158,161,58,3
227187,158,161,59,3
227188,158,161,60,3
227189,158,161,61,15
227190,158,161,62,2
227191,158,161,63,2
227192,158,161,64,2
227193,158,161,65,2
227194,158,161,66,2
227195,158,161,67,2
227196,158,161,68,2
227197,158,161,69,2
227198,158,161,70,2
227199,158,161,71,15
227200,158,161,72,15
227201,158,161,73,15
227202,158,161,74,15
227203,158,161,75,15
227204,158,161,80,15
227205,158,161,81,15
227206,158,161,82,15
227207,158,161,83,15
227208,158,161,84,15
227209,158,162,59,3
227210,158,162,60,3
227211,158,162,61,15
227212,158,162,62,2
227213,158,162,63,2
227214,158,162,64,2
227215,158,162,65,2
227216,158,162,66,2
227217,158,162,67,2
227218,158,162,68,2
227219,158,162,69,2
227220,158,162,70,15
227221,158,162,71,15
227222,158,162,72,15
227223,158,162,73,15
227224,158,162,74,15
227225,158,162,75,15
227226,158,162,81,15
227227,158,162,82,15
227228,158,163,59,3
227229,158,163,60,3
227230,158,163,61,3
227231,158,163,62,3
227232,158,163,63,3
227233,158,163,64,15
227234,158,163,65,2
227235,158,163,66,2
227236,158,163,67,2
227237,158,163,68,2
227238,158,163,69,15
227239,158,163,70,15
227240,158,163,71,15
227241,158,163,72,15
227242,158,163,73,15
227243,158,163,74,15
227244,158,164,59,3
227245,158,164,60,3
227246,158,164,61,3
227247,158,164,62,3
227248,158,164,63,3
227249,158,164,64,3
227250,158,164,65,3
227251,158,164,66,3
227252,158,164,67,3
227253,158,164,68,15
227254,158,164,69,3
227255,158,164,70,3
227256,158,164,71,15
227257,158,164,72,15
227258,158,164,73,15
227259,158,165,59,3
227260,158,165,60,3
227261,158,165,61,3
227262,158,165,62,3
227263,158,165,63,3
227264,158,165,64,3
227265,158,165,65,3
227266,158,165,66,3
227267,158,165,67,3
227268,158,165,68,3
227269,158,165,69,15
227270,158,165,70,15
227271,158,165,71,15
227272,158,165,72,15
227273,158,166,60,3
227274,158,166,61,3
227275,158,166,62,3
227276,158,166,63,3
227277,158,166,64,3
227278,158,166,65,3
227279,158,166,66,3
227280,158,166,67,3
227281,158,166,68,3
227282,158,166,69,15
227283,158,166,70,15
227284,158,166,71,15
227285,158,166,72,15
227286,158,167,60,3
227287,158,167,61,3
227288,158,167,62,3
227289,158,167,63,3
227290,158,167,64,3
227291,158,167,65,3
227292,158,167,66,3
227293,158,167,67,3
227294,158,167,68,3
227295,158,167,69,15
227296,158,167,70,15
227297,158,167,71,15
227298,158,167,72,15
227299,158,168,61,3
227300,158,168,62,3
227301,158,168,63,3
227302,158,168,64,3
227303,158,168,65,3
227304,158,168,66,3
227305,158,168,67,3
227306,158,168,68,3
227307,158,168,69,15
227308,158,168,70,15
227309,158,168,71,2
227310,158,168,72,2
227311,158,169,61,3
227312,158,169,62,3
227313,158,169,63,3
227314,158,169,64,3
227315,158,169,65,3
227316,158,169,66,3
227317,158,169,67,3
227318,158,169,68,15
227319,158,169,69,15
227320,158,169,70,15
227321,158,169,71,15
227322,158,169,72,15
227323,158,170,65,3
227324,158,170,66,3
227325,158,170,67,15
227326,158,170,68,15
227327,158,170,69,15
227328,158,170,70,15
227329,159,108,65,16
227330,159,108,66,16
227331,159,108,67,16
227332,159,109,62,4
227333,159,109,63,4
227334,159,109,65,16
227335,159,109,66,16
227336,159,109,67,16
227337,159,110,62,16
227338,159,110,63,16
227339,159,110,66,16
227340,159,110,67,16
227341,159,110,68,16
227342,159,111,61,16
227343,159,111,62,16
227344,159,111,63,16
227345,159,111,64,16
227346,159,111,65,16
227347,159,111,66,16
227348,159,111,67,16
227349,159,111,68,16
227350,159,112,61,16
227351,159,112,62,16
227352,159,112,63,16
227353,159,112,64,16
227354,159,112,65,16
227355,159,112,66,16
227356,159,112,67,16
227357,159,112,69,16
227358,159,113,55,9
227359,159,113,60,16
227360,159,113,61,16
227361,159,113,62,16
227362,159,113,63,16
227363,159,113,64,16
227364,159,113,65,16
227365,159,113,66,16
227366,159,113,67,16
227367,159,113,68,16
227368,159,113,69,16
227369,159,114,52,9
227370,159,114,53,9
227371,159,114,54,9
227372,159,114,55,9
227373,159,114,56,9
227374,159,114,57,9
227375,159,114,58,16
227376,159,114,59,16
227377,159,114,60,16
227378,159,114,61,16
227379,159,114,62,16
227380,159,114,63,16
227381,159,114,64,16
227382,159,114,65,16
227383,159,114,66,16
227384,159,114,67,16
227385,159,114,68,16
227386,159,114,69,16
227387,159,114,70,16
227388,159,115,45,14
227389,159,115,46,14
227390,159,115,51,9
227391,159,115,52,9
227392,159,115,53,9
227393,159,115,54,9
227394,159,115,55,9
227395,159,115,56,9
227396,159,115,57,9
227397,159,115,58,9
227398,159,115,59,16
227399,159,115,60,16
227400,159,115,61,16
227401,159,115,62,16
227402,159,115,63,16
227403,159,115,64,16
227404,159,115,65,16
227405,159,115,66,16
227406,159,115,67,16
227407,159,115,68,16
227408,159,115,69,16
227409,159,115,70,16
227410,159,116,51,9
227411,159,116,52,9
227412,159,116,53,9
227413,159,116,54,9
227414,159,116,55,9
227415,159,116,56,9
227416,159,116,57,9
227417,159,116,58,9
227418,159,116,59,9
227419,159,116,60,16
227420,159,116,61,16
227421,159,116,62,16
227422,159,116,63,16
227423,159,116,64,16
227424,159,116,65,16
227425,159,116,66,16
227426,159,116,67,16
227427,159,116,68,16
227428,159,116,69,16
227429,159,116,70,16
227430,159,116,71,16
227431,159,117,48,14
227432,159,117,49,9
227433,159,117,50,9
227434,159,117,51,9
227435,159,117,52,9
227436,159,117,53,9
227437,159,117,54,9
227438,159,117,55,9
227439,159,117,56,9
227440,159,117,57,4
227441,159,117,58,4
227442,159,117,59,5
227443,159,117,60,5
227444,159,117,61,16
227445,159,117,62,16
227446,159,117,63,16
227447,159,117,64,16
227448,159,117,65,16
227449,159,117,66,16
227450,159,117,67,16
227451,159,117,68,16
227452,159,117,69,16
227453,159,117,70,16
227454,159,118,48,14
227455,159,118,49,14
227456,159,118,50,9
227457,159,118,51,9
227458,159,118,52,9
227459,159,118,53,9
227460,159,118,54,4
227461,159,118,55,4
227462,159,118,56,9
227463,159,118,57,4
227464,159,118,58,4
227465,159,118,59,4
227466,159,118,60,5
227467,159,118,61,5
227468,159,118,62,16
227469,159,118,63,16
227470,159,118,64,16
227471,159,118,65,16
227472,159,118,66,16
227473,159,118,67,16
227474,159,118,68,16
227475,159,118,69,16
227476,159,118,70,16
227477,159,118,71,16
227478,159,119,48,14
227479,159,119,49,14
227480,159,119,50,9
227481,159,119,51,9
227482,159,119,52,9
227483,159,119,53,9
227484,159,119,54,4
227485,159,119,55,4
227486,159,119,56,4
227487,159,119,57,4
227488,159,119,58,4
227489,159,119,59,4
227490,159,119,60,4
227491,159,119,61,5
227492,159,119,62,5
227493,159,119,63,16
227494,159,119,64,16
227495,159,119,65,16
227496,159,119,66,16
227497,159,119,68,16
227498,159,119,69,16
227499,159,119,70,16
227500,159,120,44,14
227501,159,120,45,14
227502,159,120,46,14
227503,159,120,47,14
227504,159,120,48,14
227505,159,120,49,14
227506,159,120,50,14
227507,159,120,51,9
227508,159,120,52,9
227509,159,120,53,9
227510,159,120,54,4
227511,159,120,55,4
227512,159,120,56,4
227513,159,120,57,4
227514,159,120,58,4
227515,159,120,59,4
227516,159,120,60,4
227517,159,120,61,4
227518,159,120,62,5
227519,159,120,63,5
227520,159,120,64,16
227521,159,120,65,16
227522,159,120,66,16
227523,159,120,69,16
227524,159,120,70,16
227525,159,120,71,16
227526,159,121,44,14
227527,159,121,45,14
227528,159,121,46,14
227529,159,121,47,14
227530,159,121,48,14
227531,159,121,49,14
227532,159,121,50,14
227533,159,121,51,9
227534,159,121,52,9
227535,159,121,53,9
227536,159,121,54,9
227537,159,121,55,4
227538,159,121,56,4
227539,159,121,57,4
227540,159,121,58,4
227541,159,121,59,4
227542,159,121,60,4
227543,159,121,61,4
227544,159,121,62,4
227545,159,121,63,5
227546,159,121,64,16
227547,159,121,65,16
227548,159,121,66,16
227549,159,121,67,16
227550,159,121,70,16
227551,159,121,71,16
227552,159,122,44,14
227553,159,122,45,14
227554,159,122,46,14
227555,159,122,47,14
227556,159,122,48,14
227557,159,122,49,14
227558,159,122,50,14
227559,159,122,51,14
227560,159,122,52,9
227561,159,122,53,9
227562,159,122,54,9
227563,159,122,55,4
227564,159,122,56,4
227565,159,122,57,4
227566,159,122,58,4
227567,159,122,59,4
227568,159,122,60,4
227569,159,122,61,4
227570,159,122,62,4
227571,159,122,63,4
227572,159,122,64,5
227573,159,122,65,16
227574,159,122,66,16
227575,159,122,67,16
227576,159,123,43,14
227577,159,123,44,14
227578,159,123,45,14
227579,159,123,46,14
227580,159,123,47,14
227581,159,123,48,14
227582,159,123,49,14
227583,159,123,50,14
227584,159,123,53,9
227585,159,123,54,9
227586,159,123,55,9
227587,159,123,56,4
227588,159,123,57,4
227589,159,123,58,4
227590,159,123,59,4
227591,159,123,60,4
227592,159,123,61,4
227593,159,123,62,4
227594,159,123,63,4
227595,159,123,64,4
227596,159,123,65,5
227597,159,123,66,16
227598,159,123,67,16
227599,159,123,68,16
227600,159,124,43,14
227601,159,124,44,14
227602,159,124,45,14
227603,159,124,46,14
227604,159,124,47,14
227605,159,124,48,14
227606,159,124,54,9
227607,159,124,55,9
227608,159,124,56,4
227609,159,124,57,4
227610,159,124,58,4
227611,159,124,59,4
227612,159,124,60,4
227613,159,124,61,4
227614,159,124,62,4
227615,159,124,63,4
227616,159,124,64,4
227617,159,124,65,5
227618,159,124,66,16
227619,159,124,67,16
227620,159,124,68,16
227621,159,125,44,14
227622,159,125,45,14
227623,159,125,46,14
227624,159,125,47,14
227625,159,125,48,14
227626,159,125,53,14
227627,159,125,54,9
227628,159,125,55,9
227629,159,125,56,9
227630,159,125,57,4
227631,159,125,58,4
227632,159,125,59,4
227633,159,125,60,4
227634,159,125,61,4
227635,159,125,62,4
227636,159,125,63,4
227637,159,125,64,4
227638,159,125,65,4
227639,159,125,66,5
227640,159,125,67,16
227641,159,125,68,16
227642,159,125,69,16
227643,159,126,44,14
227644,159,126,45,14
227645,159,126,46,14
227646,159,126,51,14
227647,159,126,52,14
227648,159,126,53,14
227649,159,126,54,9
227650,159,126,55,9
227651,159,126,56,9
227652,159,126,57,4
227653,159,126,58,4
227654,159,126,59,4
227655,159,126,60,4
227656,159,126,61,4
227657,159,126,62,4
227658,159,126,63,4
227659,159,126,64,4
227660,159,126,65,4
227661,159,126,66,5
227662,159,126,67,16
227663,159,126,68,16
227664,159,126,69,16
227665,159,127,45,14
227666,159,127,46,14
227667,159,127,51,14
227668,159,127,52,14
227669,159,127,55,9
227670,159,127,56,9
227671,159,127,57,4
227672,159,127,58,6
227673,159,127,59,4
227674,159,127,60,4
227675,159,127,61,4
227676,159,127,62,4
227677,159,127,63,4
227678,159,127,64,4
227679,159,127,65,4
227680,159,127,66,4
227681,159,127,67,5
227682,159,127,68,16
227683,159,127,69,16
227684,159,127,70,5
227685,159,128,51,14
227686,159,128,52,14
227687,159,128,53,14
227688,159,128,55,9
227689,159,128,56,9
227690,159,128,57,4
227691,159,128,58,4
227692,159,128,59,4
227693,159,128,60,4
227694,159,128,61,4
227695,159,128,62,4
227696,159,128,63,4
227697,159,128,64,4
227698,159,128,65,4
227699,159,128,66,4
227700,159,128,67,12
227701,159,128,68,5
227702,159,128,69,16
227703,159,128,70,16
227704,159,129,50,14
227705,159,129,51,14
227706,159,129,52,14
227707,159,129,53,14
227708,159,129,54,14
227709,159,129,55,9
227710,159,129,56,4
227711,159,129,57,4
227712,159,129,58,4
227713,159,129,59,4
227714,159,129,60,4
227715,159,129,61,4
227716,159,129,62,4
227717,159,129,63,4
227718,159,129,64,4
227719,159,129,65,4
227720,159,129,66,4
227721,159,129,67,12
227722,159,129,68,5
227723,159,129,69,16
227724,159,129,70,16
227725,159,129,71,16
227726,159,130,50,14
227727,159,130,51,14
227728,159,130,52,14
227729,159,130,53,14
227730,159,130,54,14
227731,159,130,55,9
227732,159,130,56,4
227733,159,130,57,4
227734,159,130,58,4
227735,159,130,59,4
227736,159,130,60,4
227737,159,130,61,4
227738,159,130,62,4
227739,159,130,63,4
227740,159,130,64,4
227741,159,130,65,4
227742,159,130,66,4
227743,159,130,67,4
227744,159,130,68,5
227745,159,130,69,5
227746,159,130,70,16
227747,159,130,71,16
227748,159,131,50,14
227749,159,131,51,14
227750,159,131,52,14
227751,159,131,53,14
227752,159,131,54,9
227753,159,131,55,5
227754,159,131,56,4
227755,159,131,57,4
227756,159,131,58,4
227757,159,131,59,4
227758,159,131,60,4
227759,159,131,61,4
227760,159,131,62,4
227761,159,131,63,4
227762,159,131,64,4
227763,159,131,65,4
227764,159,131,66,4
227765,159,131,67,4
227766,159,131,68,5
227767,159,131,69,5
227768,159,131,70,16
227769,159,131,71,16
227770,159,131,72,16
227771,159,132,49,14
227772,159,132,50,14
227773,159,132,51,14
227774,159,132,52,5
227775,159,132,53,5
227776,159,132,54,5
227777,159,132,55,12
227778,159,132,56,4
227779,159,132,57,4
227780,159,132,58,4
227781,159,132,59,4
227782,159,132,60,4
227783,159,132,61,4
227784,159,132,62,4
227785,159,132,63,4
227786,159,132,64,4
227787,159,132,65,4
227788,159,132,66,4
227789,159,132,67,4
227790,159,132,68,12
227791,159,132,69,5
227792,159,132,70,16
227793,159,132,71,16
227794,159,132,72,16
227795,159,132,73,15
227796,159,133,49,14
227797,159,133,50,3
227798,159,133,51,3
227799,159,133,52,5
227800,159,133,53,5
227801,159,133,54,9
227802,159,133,55,12
227803,159,133,56,12
227804,159,133,57,4
227805,159,133,58,4
227806,159,133,59,4
227807,159,133,60,4
227808,159,133,61,4
227809,159,133,62,4
227810,159,133,63,4
227811,159,133,64,4
227812,159,133,65,4
227813,159,133,66,4
227814,159,133,67,12
227815,159,133,68,12
227816,159,133,69,5
227817,159,133,70,5
227818,159,133,71,16
227819,159,133,72,16
227820,159,133,73,16
227821,159,134,50,3
227822,159,134,51,5
227823,159,134,52,5
227824,159,134,53,5
227825,159,134,54,5
227826,159,134,55,12
227827,159,134,56,12
227828,159,134,57,12
227829,159,134,58,8
227830,159,134,59,8
227831,159,134,60,4
227832,159,134,61,4
227833,159,134,62,4
227834,159,134,63,4
227835,159,134,64,4
227836,159,134,65,4
227837,159,134,66,12
227838,159,134,67,12
227839,159,134,68,12
227840,159,134,69,12
227841,159,134,70,5
227842,159,134,71,5
227843,159,134,72,16
227844,159,134,73,16
227845,159,134,74,16
227846,159,135,50,3
227847,159,135,51,5
227848,159,135,52,8
227849,159,135,53,8
227850,159,135,54,8
227851,159,135,55,8
227852,159,135,56,8
227853,159,135,57,8
227854,159,135,58,8
227855,159,135,59,8
227856,159,135,60,10
227857,159,135,61,10
227858,159,135,62,4
227859,159,135,63,4
227860,159,135,64,5
227861,159,135,65,4
227862,159,135,66,12
227863,159,135,67,12
227864,159,135,68,12
227865,159,135,69,12
227866,159,135,70,12
227867,159,135,71,5
227868,159,135,72,16
227869,159,135,73,16
227870,159,135,74,16
227871,159,136,49,14
227872,159,136,50,9
227873,159,136,51,8
227874,159,136,52,8
227875,159,136,53,8
227876,159,136,54,8
227877,159,136,55,8
227878,159,136,56,8
227879,159,136,57,8
227880,159,136,58,8
227881,159,136,59,8
227882,159,136,60,8
227883,159,136,61,8
227884,159,136,62,4
227885,159,136,63,5
227886,159,136,64,5
227887,159,136,65,12
227888,159,136,66,12
227889,159,136,67,12
227890,159,136,68,12
227891,159,136,69,12
227892,159,136,70,12
227893,159,136,71,12
227894,159,136,72,5
227895,159,136,73,16
227896,159,136,74,16
227897,159,136,75,16
227898,159,137,49,14
227899,159,137,50,8
227900,159,137,51,8
227901,159,137,52,8
227902,159,137,53,10
227903,159,137,54,10
227904,159,137,55,10
227905,159,137,56,10
227906,159,137,57,10
227907,159,137,58,10
227908,159,137,59,8
227909,159,137,60,8
227910,159,137,61,8
227911,159,137,62,8
227912,159,137,63,8
227913,159,137,64,5
227914,159,137,65,5
227915,159,137,66,5
227916,159,137,67,12
227917,159,137,68,12
227918,159,137,69,12
227919,159,137,70,12
227920,159,137,71,12
227921,159,137,72,5
227922,159,137,73,5
227923,159,137,74,16
227924,159,137,75,16
227925,159,138,47,14
227926,159,138,48,14
227927,159,138,49,14
227928,159,138,50,8
227929,159,138,51,8
227930,159,138,52,10
227931,159,138,53,6
227932,159,138,54,7
227933,159,138,55,7
227934,159,138,56,10
227935,159,138,57,10
227936,159,138,58,10
227937,159,138,59,10
227938,159,138,60,10
227939,159,138,61,8
227940,159,138,62,8
227941,159,138,63,8
227942,159,138,64,5
227943,159,138,65,5
227944,159,138,66,5
227945,159,138,67,12
227946,159,138,68,12
227947,159,138,69,12
227948,159,138,70,12
227949,159,138,71,12
227950,159,138,72,12
227951,159,138,73,5
227952,159,138,74,5
227953,159,138,75,15
227954,159,138,76,16
227955,159,138,77,16
227956,159,138,78,16
227957,159,139,47,14
227958,159,139,48,14
227959,159,139,49,14
227960,159,139,50,8
227961,159,139,51,8
227962,159,139,52,6
227963,159,139,53,6
227964,159,139,54,7
227965,159,139,55,7
227966,159,139,56,7
227967,159,139,57,10
227968,159,139,58,6
227969,159,139,59,6
227970,159,139,60,6
227971,159,139,61,10
227972,159,139,62,8
227973,159,139,63,8
227974,159,139,64,5
227975,159,139,65,5
227976,159,139,66,12
227977,159,139,67,12
227978,159,139,68,12
227979,159,139,69,12
227980,159,139,70,12
227981,159,139,71,12
227982,159,139,72,12
227983,159,139,73,12
227984,159,139,74,5
227985,159,139,75,15
227986,159,139,76,15
227987,159,139,77,16
227988,159,139,78,16
227989,159,140,45,14
227990,159,140,46,14
227991,159,140,47,14
227992,159,140,48,14
227993,159,140,49,8
227994,159,140,50,8
227995,159,140,51,10
227996,159,140,52,6
227997,159,140,53,7
227998,159,140,54,7
227999,159,140,55,7
228000,159,140,56,7
228001,159,140,57,7
228002,159,140,58,7
228003,159,140,59,6
228004,159,140,60,6
228005,159,140,61,6
228006,159,140,62,12
228007,159,140,63,8
228008,159,140,64,5
228009,159,140,65,12
228010,159,140,66,12
228011,159,140,67,12
228012,159,140,68,12
228013,159,140,69,12
228014,159,140,70,12
228015,159,140,71,12
228016,159,140,72,12
228017,159,140,73,12
228018,159,140,74,12
228019,159,140,75,15
228020,159,140,76,15
228021,159,140,77,16
228022,159,141,44,14
228023,159,141,45,14
228024,159,141,46,14
228025,159,141,47,14
228026,159,141,48,14
228027,159,141,49,8
228028,159,141,50,8
228029,159,141,51,10
228030,159,141,52,6
228031,159,141,53,7
228032,159,141,54,7
228033,159,141,55,7
228034,159,141,56,7
228035,159,141,57,7
228036,159,141,58,7
228037,159,141,59,7
228038,159,141,60,6
228039,159,141,61,6
228040,159,141,62,6
228041,159,141,63,12
228042,159,141,64,3
228043,159,141,65,9
228044,159,141,66,12
228045,159,141,67,12
228046,159,141,68,12
228047,159,141,69,12
228048,159,141,70,12
228049,159,141,71,12
228050,159,141,72,12
228051,159,141,73,12
228052,159,141,74,12
228053,159,141,75,15
228054,159,141,76,15
228055,159,141,77,16
228056,159,142,44,14
228057,159,142,45,14
228058,159,142,46,14
228059,159,142,47,14
228060,159,142,48,14
228061,159,142,49,8
228062,159,142,50,8
228063,159,142,51,10
228064,159,142,52,6
228065,159,142,53,6
228066,159,142,54,7
228067,159,142,55,7
228068,159,142,56,7
228069,159,142,57,7
228070,159,142,58,7
228071,159,142,59,7
228072,159,142,60,6
228073,159,142,61,6
228074,159,142,62,6
228075,159,142,63,12
228076,159,142,64,3
228077,159,142,65,12
228078,159,142,66,12
228079,159,142,67,12
228080,159,142,68,12
228081,159,142,69,12
228082,159,142,70,12
228083,159,142,71,12
228084,159,142,72,12
228085,159,142,73,12
228086,159,142,74,12
228087,159,142,75,15
228088,159,142,76,15
228089,159,142,77,16
228090,159,143,43,14
228091,159,143,44,14
228092,159,143,45,14
228093,159,143,46,14
228094,159,143,47,14
228095,159,143,48,14
228096,159,143,49,8
228097,159,143,50,8
228098,159,143,51,10
228099,159,143,52,10
228100,159,143,53,7
228101,159,143,54,7
228102,159,143,55,7
228103,159,143,56,7
228104,159,143,57,7
228105,159,143,58,7
228106,159,143,59,7
228107,159,143,60,6
228108,159,143,61,6
228109,159,143,62,6
228110,159,143,63,3
228111,159,143,64,3
228112,159,143,65,8
228113,159,143,66,12
228114,159,143,67,12
228115,159,143,68,12
228116,159,143,69,12
228117,159,143,70,12
228118,159,143,71,12
228119,159,143,72,12
228120,159,143,73,12
228121,159,143,74,12
228122,159,143,75,15
228123,159,143,76,15
228124,159,143,77,16
228125,159,144,42,14
228126,159,144,43,14
228127,159,144,44,14
228128,159,144,45,14
228129,159,144,46,14
228130,159,144,47,14
228131,159,144,48,8
228132,159,144,49,8
228133,159,144,50,8
228134,159,144,51,10
228135,159,144,52,10
228136,159,144,53,7
228137,159,144,54,7
228138,159,144,55,7
228139,159,144,56,7
228140,159,144,57,7
228141,159,144,58,7
228142,159,144,59,7
228143,159,144,60,6
228144,159,144,61,6
228145,159,144,62,6
228146,159,144,63,12
228147,159,144,64,10
228148,159,144,65,8
228149,159,144,66,12
228150,159,144,67,12
228151,159,144,68,12
228152,159,144,69,12
228153,159,144,70,12
228154,159,144,71,12
228155,159,144,72,12
228156,159,144,73,12
228157,159,144,74,15
228158,159,144,75,15
228159,159,144,76,15
228160,159,144,77,16
228161,159,145,42,14
228162,159,145,43,14
228163,159,145,44,14
228164,159,145,45,14
228165,159,145,46,14
228166,159,145,47,14
228167,159,145,48,8
228168,159,145,49,8
228169,159,145,50,8
228170,159,145,51,10
228171,159,145,52,10
228172,159,145,53,7
228173,159,145,54,7
228174,159,145,55,7
228175,159,145,56,7
228176,159,145,57,7
228177,159,145,58,7
228178,159,145,59,7
228179,159,145,60,6
228180,159,145,61,6
228181,159,145,62,6
228182,159,145,63,10
228183,159,145,64,10
228184,159,145,65,8
228185,159,145,66,10
228186,159,145,67,12
228187,159,145,68,12
228188,159,145,69,12
228189,159,145,70,12
228190,159,145,71,2
228191,159,145,72,15
228192,159,145,73,15
228193,159,145,74,15
228194,159,145,75,15
228195,159,145,76,15
228196,159,145,77,16
228197,159,146,43,14
228198,159,146,44,14
228199,159,146,45,14
228200,159,146,46,14
228201,159,146,47,8
228202,159,146,48,8
228203,159,146,49,8
228204,159,146,50,10
228205,159,146,51,10
228206,159,146,52,10
228207,159,146,53,7
228208,159,146,54,7
228209,159,146,55,7
228210,159,146,56,7
228211,159,146,57,7
228212,159,146,58,7
228213,159,146,59,7
228214,159,146,60,6
228215,159,146,61,6
228216,159,146,62,6
228217,159,146,63,10
228218,159,146,64,8
228219,159,146,65,8
228220,159,146,66,10
228221,159,146,67,12
228222,159,146,68,12
228223,159,146,69,12
228224,159,146,70,12
228225,159,146,71,2
228226,159,146,72,2
228227,159,146,73,15
228228,159,146,74,15
228229,159,146,75,15
228230,159,146,76,15
228231,159,146,77,15
228232,159,146,78,16
228233,159,147,43,14
228234,159,147,44,14
228235,159,147,45,14
228236,159,147,46,8
228237,159,147,47,8
228238,159,147,48,8
228239,159,147,49,8
228240,159,147,50,10
228241,159,147,51,10
228242,159,147,52,6
228243,159,147,53,7
228244,159,147,54,7
228245,159,147,55,7
228246,159,147,56,7
228247,159,147,57,7
228248,159,147,58,7
228249,159,147,59,7
228250,159,147,60,6
228251,159,147,61,6
228252,159,147,62,6
228253,159,147,63,10
228254,159,147,64,10
228255,159,147,65,8
228256,159,147,66,10
228257,159,147,67,12
228258,159,147,68,12
228259,159,147,69,12
228260,159,147,70,2
228261,159,147,71,2
228262,159,147,72,2
228263,159,147,73,15
228264,159,147,74,15
228265,159,147,75,15
228266,159,147,76,15
228267,159,147,77,15
228268,159,147,78,16
228269,159,148,43,14
228270,159,148,44,14
228271,159,148,45,14
228272,159,148,46,8
228273,159,148,47,8
228274,159,148,48,8
228275,159,148,49,8
228276,159,148,50,10
228277,159,148,51,10
228278,159,148,52,6
228279,159,148,53,7
228280,159,148,54,7
228281,159,148,55,7
228282,159,148,56,7
228283,159,148,57,7
228284,159,148,58,7
228285,159,148,59,7
228286,159,148,60,6
228287,159,148,61,6
228288,159,148,62,6
228289,159,148,63,10
228290,159,148,64,10
228291,159,148,65,10
228292,159,148,66,10
228293,159,148,67,12
228294,159,148,68,12
228295,159,148,69,2
228296,159,148,70,2
228297,159,148,71,2
228298,159,148,72,2
228299,159,148,73,12
228300,159,148,74,15
228301,159,148,75,15
228302,159,148,76,15
228303,159,148,77,15
228304,159,148,78,15
228305,159,148,79,16
228306,159,149,42,14
228307,159,149,43,14
228308,159,149,44,14
228309,159,149,45,8
228310,159,149,46,8
228311,159,149,47,8
228312,159,149,48,8
228313,159,149,49,10
228314,159,149,50,10
228315,159,149,51,10
228316,159,149,52,10
228317,159,149,53,10
228318,159,149,54,7
228319,159,149,55,7
228320,159,149,56,7
228321,159,149,57,7
228322,159,149,58,7
228323,159,149,59,7
228324,159,149,60,6
228325,159,149,61,6
228326,159,149,62,10
228327,159,149,63,8
228328,159,149,64,8
228329,159,149,65,10
228330,159,149,66,12
228331,159,149,67,12
228332,159,149,68,12
228333,159,149,69,2
228334,159,149,70,2
228335,159,149,71,2
228336,159,149,72,2
228337,159,149,73,15
228338,159,149,74,15
228339,159,149,75,15
228340,159,149,76,15
228341,159,149,77,15
228342,159,149,78,15
228343,159,149,79,16
228344,159,150,42,14
228345,159,150,43,14
228346,159,150,44,14
228347,159,150,45,8
228348,159,150,46,8
228349,159,150,47,8
228350,159,150,48,8
228351,159,150,49,8
228352,159,150,50,8
228353,159,150,51,10
228354,159,150,52,10
228355,159,150,53,10
228356,159,150,54,10
228357,159,150,55,10
228358,159,150,56,7
228359,159,150,57,7
228360,159,150,58,7
228361,159,150,59,6
228362,159,150,60,6
228363,159,150,61,6
228364,159,150,62,6
228365,159,150,63,8
228366,159,150,64,8
228367,159,150,65,8
228368,159,150,66,12
228369,159,150,67,12
228370,159,150,68,12
228371,159,150,69,2
228372,159,150,70,2
228373,159,150,71,2
228374,159,150,72,2
228375,159,150,73,15
228376,159,150,74,15
228377,159,150,75,15
228378,159,150,76,15
228379,159,150,77,15
228380,159,150,78,15
228381,159,150,79,15
228382,159,150,80,16
228383,159,151,41,14
228384,159,151,42,14
228385,159,151,43,14
228386,159,151,44,14
228387,159,151,45,14
228388,159,151,46,8
228389,159,151,47,8
228390,159,151,48,10
228391,159,151,49,8
228392,159,151,50,8
228393,159,151,51,8
228394,159,151,52,10
228395,159,151,53,10
228396,159,151,54,10
228397,159,151,55,10
228398,159,151,56,6
228399,159,151,57,7
228400,159,151,58,7
228401,159,151,59,6
228402,159,151,60,6
228403,159,151,61,6
228404,159,151,62,6
228405,159,151,63,10
228406,159,151,64,8
228407,159,151,65,8
228408,159,151,66,8
228409,159,151,67,12
228410,159,151,68,12
228411,159,151,69,2
228412,159,151,70,2
228413,159,151,71,2
228414,159,151,72,2
228415,159,151,73,2
228416,159,151,74,15
228417,159,151,75,15
228418,159,151,76,15
228419,159,151,77,15
228420,159,151,78,15
228421,159,151,79,15
228422,159,151,80,15
228423,159,152,41,14
228424,159,152,42,14
228425,159,152,46,3
228426,159,152,47,3
228427,159,152,48,3
228428,159,152,49,10
228429,159,152,50,10
228430,159,152,51,8
228431,159,152,52,10
228432,159,152,53,10
228433,159,152,54,10
228434,159,152,55,10
228435,159,152,56,10
228436,159,152,57,6
228437,159,152,58,6
228438,159,152,59,6
228439,159,152,60,6
228440,159,152,61,6
228441,159,152,62,6
228442,159,152,63,10
228443,159,152,64,8
228444,159,152,65,8
228445,159,152,66,12
228446,159,152,67,12
228447,159,152,68,2
228448,159,152,69,2
228449,159,152,70,2
228450,159,152,71,2
228451,159,152,72,2
228452,159,152,73,2
228453,159,152,74,15
228454,159,152,75,15
228455,159,152,76,15
228456,159,152,77,15
228457,159,152,78,15
228458,159,152,79,15
228459,159,152,80,15
228460,159,152,81,15
228461,159,153,46,3
228462,159,153,47,3
228463,159,153,48,3
228464,159,153,49,10
228465,159,153,50,8
228466,159,153,51,8
228467,159,153,52,10
228468,159,153,53,10
228469,159,153,54,10
228470,159,153,55,10
228471,159,153,56,10
228472,159,153,57,10
228473,159,153,58,10
228474,159,153,59,6
228475,159,153,60,6
228476,159,153,61,6
228477,159,153,62,6
228478,159,153,63,8
228479,159,153,64,8
228480,159,153,65,8
228481,159,153,66,12
228482,159,153,67,2
228483,159,153,68,2
228484,159,153,69,2
228485,159,153,70,2
228486,159,153,71,2
228487,159,153,72,2
228488,159,153,73,2
228489,159,153,74,15
228490,159,153,75,15
228491,159,153,76,15
228492,159,153,77,15
228493,159,153,78,15
228494,159,153,79,15
228495,159,153,80,15
228496,159,153,81,15
228497,159,154,46,14
228498,159,154,49,3
228499,159,154,50,8
228500,159,154,51,8
228501,159,154,52,8
228502,159,154,53,10
228503,159,154,54,10
228504,159,154,55,10
228505,159,154,56,10
228506,159,154,57,10
228507,159,154,58,10
228508,159,154,59,6
228509,159,154,60,6
228510,159,154,61,6
228511,159,154,62,3
228512,159,154,63,8
228513,159,154,64,8
228514,159,154,65,12
228515,159,154,66,2
228516,159,154,67,2
228517,159,154,68,2
228518,159,154,69,2
228519,159,154,70,2
228520,159,154,71,2
228521,159,154,72,2
228522,159,154,73,2
228523,159,154,74,15
228524,159,154,75,15
228525,159,154,76,15
228526,159,154,77,15
228527,159,154,78,15
228528,159,154,79,15
228529,159,154,80,15
228530,159,154,81,15
228531,159,154,82,15
228532,159,155,50,8
228533,159,155,51,8
228534,159,155,52,8
228535,159,155,53,8
228536,159,155,54,10
228537,159,155,55,10
228538,159,155,56,10
228539,159,155,57,10
228540,159,155,58,10
228541,159,155,59,6
228542,159,155,60,6
228543,159,155,61,3
228544,159,155,62,8
228545,159,155,63,8
228546,159,155,64,8
228547,159,155,65,2
228548,159,155,66,2
228549,159,155,67,2
228550,159,155,68,2
228551,159,155,69,2
228552,159,155,70,2
228553,159,155,71,2
228554,159,155,72,2
228555,159,155,73,15
228556,159,155,74,15
228557,159,155,75,15
228558,159,155,76,15
228559,159,155,77,15
228560,159,155,78,15
228561,159,155,79,15
228562,159,155,80,15
228563,159,155,81,15
228564,159,155,82,15
228565,159,156,51,8
228566,159,156,52,8
228567,159,156,53,8
228568,159,156,54,8
228569,159,156,55,10
228570,159,156,56,10
228571,159,156,57,10
228572,159,156,58,10
228573,159,156,59,10
228574,159,156,60,10
228575,159,156,61,8
228576,159,156,62,8
228577,159,156,63,8
228578,159,156,64,2
228579,159,156,65,2
228580,159,156,66,2
228581,159,156,67,2
228582,159,156,68,2
228583,159,156,69,2
228584,159,156,70,2
228585,159,156,71,2
228586,159,156,72,2
228587,159,156,73,15
228588,159,156,74,15
228589,159,156,75,15
228590,159,156,76,15
228591,159,156,77,15
228592,159,156,78,15
228593,159,156,79,15
228594,159,156,80,15
228595,159,156,81,15
228596,159,156,82,15
228597,159,157,52,8
228598,159,157,53,8
228599,159,157,54,8
228600,159,157,55,10
228601,159,157,56,10
228602,159,157,57,10
228603,159,157,58,10
228604,159,157,59,10
228605,159,157,60,10
228606,159,157,61,8
228607,159,157,62,8
228608,159,157,63,8
228609,159,157,64,2
228610,159,157,65,2
228611,159,157,66,2
228612,159,157,67,2
228613,159,157,68,2
228614,159,157,69,2
228615,159,157,70,2
228616,159,157,71,2
228617,159,157,72,2
228618,159,157,73,15
228619,159,157,74,15
228620,159,157,75,15
228621,159,157,76,15
228622,159,157,77,15
228623,159,157,78,15
228624,159,157,79,15
228625,159,157,80,15
228626,159,157,81,15
228627,159,158,52,3
228628,159,158,53,8
228629,159,158,54,8
228630,159,158,55,8
228631,159,158,56,8
228632,159,158,57,10
228633,159,158,58,10
228634,159,158,59,10
228635,159,158,60,10
228636,159,158,61,8
228637,159,158,62,8
228638,159,158,63,2
228639,159,158,64,2
228640,159,158,65,2
228641,159,158,66,2
228642,159,158,67,2
228643,159,158,68,2
228644,159,158,69,2
228645,159,158,70,2
228646,159,158,71,2
228647,159,158,72,15
228648,159,158,73,15
228649,159,158,74,15
228650,159,158,75,15
228651,159,158,76,15
228652,159,158,77,15
228653,159,158,78,15
228654,159,158,79,15
228655,159,158,80,15
228656,159,158,81,15
228657,159,159,53,3
228658,159,159,54,3
228659,159,159,55,8
228660,159,159,56,8
228661,159,159,57,8
228662,159,159,58,10
228663,159,159,59,10
228664,159,159,60,8
228665,159,159,61,8
228666,159,159,62,2
228667,159,159,63,2
228668,159,159,64,2
228669,159,159,65,2
228670,159,159,66,2
228671,159,159,67,2
228672,159,159,68,2
228673,159,159,69,2
228674,159,159,70,2
228675,159,159,71,15
228676,159,159,72,15
228677,159,159,73,15
228678,159,159,74,15
228679,159,159,75,15
228680,159,159,76,15
228681,159,159,77,15
228682,159,159,80,15
228683,159,159,81,15
228684,159,159,82,15
228685,159,159,83,15
228686,159,159,84,15
228687,159,160,54,3
228688,159,160,55,3
228689,159,160,56,8
228690,159,160,57,8
228691,159,160,58,8
228692,159,160,59,8
228693,159,160,60,3
228694,159,160,61,3
228695,159,160,62,2
228696,159,160,63,2
228697,159,160,64,2
228698,159,160,65,2
228699,159,160,66,2
228700,159,160,67,2
228701,159,160,68,2
228702,159,160,69,2
228703,159,160,70,2
228704,159,160,71,15
228705,159,160,72,15
228706,159,160,73,15
228707,159,160,74,15
228708,159,160,75,15
228709,159,160,81,15
228710,159,160,82,15
228711,159,160,83,15
228712,159,160,84,15
228713,159,161,55,3
228714,159,161,56,3
228715,159,161,57,3
228716,159,161,58,3
228717,159,161,59,3
228718,159,161,60,3
228719,159,161,61,15
228720,159,161,62,2
228721,159,161,63,2
228722,159,161,64,2
228723,159,161,65,2
228724,159,161,66,2
228725,159,161,67,2
228726,159,161,68,2
228727,159,161,69,15
228728,159,161,70,15
228729,159,161,71,15
228730,159,161,72,15
228731,159,161,73,15
228732,159,161,74,15
228733,159,162,59,3
228734,159,162,60,3
228735,159,162,61,15
228736,159,162,62,15
228737,159,162,63,3
228738,159,162,64,3
228739,159,162,65,2
228740,159,162,66,2
228741,159,162,67,2
228742,159,162,68,15
228743,159,162,69,15
228744,159,162,70,15
228745,159,162,71,15
228746,159,162,72,15
228747,159,162,73,15
228748,159,162,74,15
228749,159,163,59,3
228750,159,163,60,3
228751,159,163,61,3
228752,159,163,62,3
228753,159,163,63,3
228754,159,163,64,3
228755,159,163,65,3
228756,159,163,66,3
228757,159,163,67,12
228758,159,163,68,15
228759,159,163,69,15
228760,159,163,70,15
228761,159,163,71,15
228762,159,163,72,15
228763,159,163,73,15
228764,159,163,74,15
228765,159,164,59,3
228766,159,164,60,3
228767,159,164,61,3
228768,159,164,62,3
228769,159,164,63,3
228770,159,164,64,3
228771,159,164,65,3
228772,159,164,66,3
228773,159,164,67,3
228774,159,164,68,15
228775,159,164,69,15
228776,159,164,70,15
228777,159,164,71,15
228778,159,164,72,15
228779,159,164,73,15
228780,159,164,74,15
228781,159,165,59,3
228782,159,165,60,3
228783,159,165,61,3
228784,159,165,62,3
228785,159,165,63,3
228786,159,165,64,3
228787,159,165,65,3
228788,159,165,66,3
228789,159,165,67,3
228790,159,165,68,15
228791,159,165,69,15
228792,159,165,70,15
228793,159,165,71,15
228794,159,165,72,15
228795,159,166,60,3
228796,159,166,61,3
228797,159,166,62,3
228798,159,166,63,3
228799,159,166,64,3
228800,159,166,65,3
228801,159,166,66,3
228802,159,166,67,3
228803,159,166,68,3
228804,159,166,69,12
228805,159,166,70,15
228806,159,166,71,15
228807,159,167,60,3
228808,159,167,61,3
228809,159,167,62,3
228810,159,167,63,3
228811,159,167,64,3
228812,159,167,65,3
228813,159,167,66,3
228814,159,167,67,3
228815,159,167,68,3
228816,159,167,69,15
228817,159,167,70,15
228818,159,168,60,3
228819,159,168,61,3
228820,159,168,62,3
228821,159,168,63,3
228822,159,168,64,3
228823,159,168,65,3
228824,159,168,66,3
228825,159,168,67,3
228826,159,168,68,15
228827,159,168,69,15
228828,159,169,60,15
228829,159,169,61,3
228830,159,169,62,3
228831,159,169,65,3
228832,159,169,66,3
228833,159,169,67,3
228834,159,169,68,15
228835,160,110,67,16
228836,160,110,68,16
228837,160,111,63,4
228838,160,111,64,4
228839,160,111,65,16
228840,160,111,66,16
228841,160,111,67,14
228842,160,111,68,16
228843,160,112,60,16
228844,160,112,61,16
228845,160,112,64,16
228846,160,112,65,16
228847,160,112,66,16
228848,160,112,67,16
228849,160,112,68,16
228850,160,112,69,16
228851,160,113,54,9
228852,160,113,55,9
228853,160,113,56,16
228854,160,113,57,16
228855,160,113,59,16
228856,160,113,60,16
228857,160,113,61,16
228858,160,113,63,16
228859,160,113,64,16
228860,160,113,65,16
228861,160,113,66,16
228862,160,113,67,16
228863,160,113,68,16
228864,160,113,69,16
228865,160,114,52,9
228866,160,114,53,9
228867,160,114,54,9
228868,160,114,55,9
228869,160,114,56,9
228870,160,114,57,16
228871,160,114,58,16
228872,160,114,59,16
228873,160,114,60,16
228874,160,114,61,16
228875,160,114,62,16
228876,160,114,63,16
228877,160,114,64,16
228878,160,114,65,16
228879,160,114,66,16
228880,160,114,67,16
228881,160,114,68,16
228882,160,114,69,16
228883,160,114,70,16
228884,160,115,52,9
228885,160,115,53,9
228886,160,115,54,9
228887,160,115,55,9
228888,160,115,56,9
228889,160,115,57,9
228890,160,115,58,16
228891,160,115,59,16
228892,160,115,60,16
228893,160,115,61,16
228894,160,115,62,16
228895,160,115,63,16
228896,160,115,64,16
228897,160,115,65,16
228898,160,115,66,16
228899,160,115,67,16
228900,160,115,68,16
228901,160,115,69,16
228902,160,115,70,16
228903,160,116,46,14
228904,160,116,51,9
228905,160,116,52,9
228906,160,116,53,9
228907,160,116,54,9
228908,160,116,55,4
228909,160,116,56,4
228910,160,116,57,5
228911,160,116,58,9
228912,160,116,59,16
228913,160,116,60,16
228914,160,116,61,16
228915,160,116,62,16
228916,160,116,63,16
228917,160,116,64,16
228918,160,116,65,16
228919,160,116,67,16
228920,160,116,68,16
228921,160,116,69,16
228922,160,116,70,16
228923,160,117,46,14
228924,160,117,47,14
228925,160,117,51,9
228926,160,117,52,9
228927,160,117,53,9
228928,160,117,54,9
228929,160,117,55,4
228930,160,117,56,4
228931,160,117,57,4
228932,160,117,58,5
228933,160,117,59,5
228934,160,117,60,16
228935,160,117,61,16
228936,160,117,62,16
228937,160,117,63,16
228938,160,117,64,16
228939,160,117,65,16
228940,160,117,68,16
228941,160,117,69,16
228942,160,117,70,16
228943,160,118,45,14
228944,160,118,46,14
228945,160,118,47,14
228946,160,118,50,9
228947,160,118,51,9
228948,160,118,52,9
228949,160,118,53,9
228950,160,118,54,4
228951,160,118,55,4
228952,160,118,56,4
228953,160,118,57,4
228954,160,118,58,4
228955,160,118,59,5
228956,160,118,60,5
228957,160,118,61,16
228958,160,118,62,16
228959,160,118,63,16
228960,160,118,64,16
228961,160,119,45,14
228962,160,119,49,14
228963,160,119,50,9
228964,160,119,51,9
228965,160,119,52,9
228966,160,119,53,9
228967,160,119,54,4
228968,160,119,55,4
228969,160,119,56,4
228970,160,119,57,4
228971,160,119,58,4
228972,160,119,59,4
228973,160,119,60,5
228974,160,119,61,5
228975,160,119,62,5
228976,160,119,63,16
228977,160,119,64,16
228978,160,119,65,16
228979,160,120,47,14
228980,160,120,48,14
228981,160,120,49,14
228982,160,120,50,14
228983,160,120,51,9
228984,160,120,52,9
228985,160,120,53,9
228986,160,120,54,4
228987,160,120,55,4
228988,160,120,56,4
228989,160,120,57,4
228990,160,120,58,4
228991,160,120,59,4
228992,160,120,60,4
228993,160,120,61,4
228994,160,120,62,5
228995,160,120,63,5
228996,160,120,64,16
228997,160,120,65,16
228998,160,120,66,16
228999,160,121,47,14
229000,160,121,48,14
229001,160,121,49,14
229002,160,121,50,14
229003,160,121,51,9
229004,160,121,52,9
229005,160,121,53,9
229006,160,121,54,9
229007,160,121,55,4
229008,160,121,56,4
229009,160,121,57,4
229010,160,121,58,4
229011,160,121,59,4
229012,160,121,60,4
229013,160,121,61,4
229014,160,121,62,5
229015,160,121,63,5
229016,160,121,64,16
229017,160,121,65,16
229018,160,121,66,16
229019,160,121,67,16
229020,160,122,46,14
229021,160,122,47,14
229022,160,122,48,14
229023,160,122,49,14
229024,160,122,50,14
229025,160,122,51,14
229026,160,122,52,9
229027,160,122,53,9
229028,160,122,54,9
229029,160,122,55,4
229030,160,122,56,4
229031,160,122,57,4
229032,160,122,58,4
229033,160,122,59,4
229034,160,122,60,4
229035,160,122,61,4
229036,160,122,62,4
229037,160,122,63,4
229038,160,122,64,5
229039,160,122,65,16
229040,160,122,66,16
229041,160,122,67,16
229042,160,123,43,14
229043,160,123,44,14
229044,160,123,45,14
229045,160,123,46,14
229046,160,123,47,14
229047,160,123,48,14
229048,160,123,49,14
229049,160,123,50,14
229050,160,123,51,14
229051,160,123,52,14
229052,160,123,53,9
229053,160,123,54,9
229054,160,123,55,9
229055,160,123,56,4
229056,160,123,57,4
229057,160,123,58,4
229058,160,123,59,4
229059,160,123,60,4
229060,160,123,61,4
229061,160,123,62,4
229062,160,123,63,4
229063,160,123,64,4
229064,160,123,65,5
229065,160,123,66,16
229066,160,123,67,16
229067,160,123,68,16
229068,160,124,43,14
229069,160,124,44,14
229070,160,124,45,14
229071,160,124,46,14
229072,160,124,47,14
229073,160,124,48,14
229074,160,124,49,14
229075,160,124,53,9
229076,160,124,54,9
229077,160,124,55,9
229078,160,124,56,4
229079,160,124,57,4
229080,160,124,58,4
229081,160,124,59,4
229082,160,124,60,4
229083,160,124,61,4
229084,160,124,62,4
229085,160,124,63,4
229086,160,124,64,4
229087,160,124,65,5
229088,160,124,66,16
229089,160,124,67,16
229090,160,124,68,16
229091,160,125,44,14
229092,160,125,45,14
229093,160,125,46,14
229094,160,125,47,14
229095,160,125,48,14
229096,160,125,53,14
229097,160,125,54,9
229098,160,125,55,9
229099,160,125,56,4
229100,160,125,57,4
229101,160,125,58,4
229102,160,125,59,4
229103,160,125,60,4
229104,160,125,61,4
229105,160,125,62,4
229106,160,125,63,4
229107,160,125,64,4
229108,160,125,65,4
229109,160,125,66,5
229110,160,125,67,16
229111,160,125,68,16
229112,160,125,69,5
229113,160,126,44,14
229114,160,126,45,14
229115,160,126,46,14
229116,160,126,47,14
229117,160,126,48,14
229118,160,126,53,14
229119,160,126,54,9
229120,160,126,55,9
229121,160,126,56,4
229122,160,126,57,4
229123,160,126,58,4
229124,160,126,59,4
229125,160,126,60,4
229126,160,126,61,4
229127,160,126,62,4
229128,160,126,63,4
229129,160,126,64,4
229130,160,126,65,4
229131,160,126,66,5
229132,160,126,67,5
229133,160,126,68,16
229134,160,126,69,16
229135,160,126,70,4
229136,160,126,71,7
229137,160,127,45,14
229138,160,127,46,14
229139,160,127,47,14
229140,160,127,48,14
229141,160,127,51,14
229142,160,127,52,14
229143,160,127,53,14
229144,160,127,54,9
229145,160,127,55,9
229146,160,127,56,4
229147,160,127,57,4
229148,160,127,58,4
229149,160,127,59,4
229150,160,127,60,4
229151,160,127,61,4
229152,160,127,62,4
229153,160,127,63,4
229154,160,127,64,4
229155,160,127,65,4
229156,160,127,66,4
229157,160,127,67,5
229158,160,127,68,16
229159,160,127,69,16
229160,160,127,70,5
229161,160,127,71,4
229162,160,128,45,14
229163,160,128,46,14
229164,160,128,48,14
229165,160,128,49,14
229166,160,128,50,14
229167,160,128,51,14
229168,160,128,52,14
229169,160,128,53,14
229170,160,128,54,9
229171,160,128,55,9
229172,160,128,56,4
229173,160,128,57,4
229174,160,128,58,4
229175,160,128,59,4
229176,160,128,60,4
229177,160,128,61,4
229178,160,128,62,4
229179,160,128,63,4
229180,160,128,64,4
229181,160,128,65,4
229182,160,128,66,4
229183,160,128,67,5
229184,160,128,68,5
229185,160,128,69,16
229186,160,128,70,16
229187,160,128,71,12
229188,160,129,49,14
229189,160,129,50,14
229190,160,129,51,14
229191,160,129,52,14
229192,160,129,53,14
229193,160,129,54,9
229194,160,129,55,4
229195,160,129,56,4
229196,160,129,57,4
229197,160,129,58,4
229198,160,129,59,4
229199,160,129,60,4
229200,160,129,61,4
229201,160,129,62,4
229202,160,129,63,4
229203,160,129,64,4
229204,160,129,65,4
229205,160,129,66,4
229206,160,129,67,4
229207,160,129,68,5
229208,160,129,69,5
229209,160,129,70,16
229210,160,129,71,16
229211,160,130,50,14
229212,160,130,51,14
229213,160,130,52,14
229214,160,130,53,14
229215,160,130,54,9
229216,160,130,55,4
229217,160,130,56,4
229218,160,130,57,4
229219,160,130,58,4
229220,160,130,59,4
229221,160,130,60,4
229222,160,130,61,4
229223,160,130,62,4
229224,160,130,63,4
229225,160,130,64,4
229226,160,130,65,4
229227,160,130,66,4
229228,160,130,67,4
229229,160,130,68,5
229230,160,130,69,5
229231,160,130,70,16
229232,160,130,71,16
229233,160,130,72,5
229234,160,130,73,12
229235,160,131,50,14
229236,160,131,51,14
229237,160,131,52,14
229238,160,131,53,9
229239,160,131,54,5
229240,160,131,55,4
229241,160,131,56,4
229242,160,131,57,4
229243,160,131,58,4
229244,160,131,59,4
229245,160,131,60,4
229246,160,131,61,4
229247,160,131,62,4
229248,160,131,63,4
229249,160,131,64,4
229250,160,131,65,4
229251,160,131,66,4
229252,160,131,67,4
229253,160,131,68,4
229254,160,131,69,5
229255,160,131,70,16
229256,160,131,71,16
229257,160,131,72,16
229258,160,131,73,12
229259,160,132,50,14
229260,160,132,51,9
229261,160,132,52,5
229262,160,132,53,5
229263,160,132,54,4
229264,160,132,55,4
229265,160,132,56,4
229266,160,132,57,4
229267,160,132,58,4
229268,160,132,59,4
229269,160,132,60,4
229270,160,132,61,4
229271,160,132,62,4
229272,160,132,63,4
229273,160,132,64,4
229274,160,132,65,4
229275,160,132,66,4
229276,160,132,67,4
229277,160,132,68,12
229278,160,132,69,5
229279,160,132,70,5
229280,160,132,71,16
229281,160,132,72,16
229282,160,132,73,9
229283,160,133,50,14
229284,160,133,51,9
229285,160,133,52,5
229286,160,133,53,5
229287,160,133,54,4
229288,160,133,55,12
229289,160,133,56,4
229290,160,133,57,4
229291,160,133,58,4
229292,160,133,59,4
229293,160,133,60,4
229294,160,133,61,4
229295,160,133,62,4
229296,160,133,63,4
229297,160,133,64,4
229298,160,133,65,4
229299,160,133,66,4
229300,160,133,67,12
229301,160,133,68,12
229302,160,133,69,12
229303,160,133,70,5
229304,160,133,71,16
229305,160,133,72,16
229306,160,133,73,16
229307,160,134,50,14
229308,160,134,51,9
229309,160,134,52,9
229310,160,134,53,5
229311,160,134,54,5
229312,160,134,55,5
229313,160,134,56,8
229314,160,134,57,8
229315,160,134,58,8
229316,160,134,59,8
229317,160,134,60,10
229318,160,134,61,4
229319,160,134,62,4
229320,160,134,63,4
229321,160,134,64,4
229322,160,134,65,4
229323,160,134,66,12
229324,160,134,67,12
229325,160,134,68,12
229326,160,134,69,12
229327,160,134,70,12
229328,160,134,71,5
229329,160,134,72,16
229330,160,134,73,16
229331,160,134,74,16
229332,160,135,50,9
229333,160,135,51,9
229334,160,135,52,8
229335,160,135,53,8
229336,160,135,54,8
229337,160,135,55,8
229338,160,135,56,8
229339,160,135,57,8
229340,160,135,58,8
229341,160,135,59,8
229342,160,135,60,8
229343,160,135,61,10
229344,160,135,62,4
229345,160,135,63,5
229346,160,135,64,12
229347,160,135,65,12
229348,160,135,66,12
229349,160,135,67,12
229350,160,135,68,12
229351,160,135,69,12
229352,160,135,70,12
229353,160,135,71,5
229354,160,135,72,5
229355,160,135,73,16
229356,160,135,74,16
229357,160,135,75,16
229358,160,136,49,14
229359,160,136,50,9
229360,160,136,51,8
229361,160,136,52,8
229362,160,136,53,10
229363,160,136,54,10
229364,160,136,55,10
229365,160,136,56,8
229366,160,136,57,8
229367,160,136,58,8
229368,160,136,59,8
229369,160,136,60,8
229370,160,136,61,8
229371,160,136,62,5
229372,160,136,63,5
229373,160,136,64,12
229374,160,136,65,12
229375,160,136,66,12
229376,160,136,67,12
229377,160,136,68,12
229378,160,136,69,12
229379,160,136,70,12
229380,160,136,71,12
229381,160,136,72,5
229382,160,136,73,5
229383,160,136,74,16
229384,160,136,75,16
229385,160,136,76,16
229386,160,137,48,14
229387,160,137,49,14
229388,160,137,50,8
229389,160,137,51,8
229390,160,137,52,10
229391,160,137,53,10
229392,160,137,54,6
229393,160,137,55,6
229394,160,137,56,10
229395,160,137,57,10
229396,160,137,58,10
229397,160,137,59,8
229398,160,137,60,8
229399,160,137,61,8
229400,160,137,62,8
229401,160,137,63,5
229402,160,137,64,5
229403,160,137,65,5
229404,160,137,66,12
229405,160,137,67,12
229406,160,137,68,12
229407,160,137,69,12
229408,160,137,70,12
229409,160,137,71,12
229410,160,137,72,12
229411,160,137,73,12
229412,160,137,74,5
229413,160,137,75,16
229414,160,137,76,16
229415,160,137,77,16
229416,160,137,78,16
229417,160,138,47,14
229418,160,138,48,14
229419,160,138,49,14
229420,160,138,50,8
229421,160,138,51,8
229422,160,138,52,10
229423,160,138,53,6
229424,160,138,54,7
229425,160,138,55,6
229426,160,138,56,6
229427,160,138,57,6
229428,160,138,58,6
229429,160,138,59,6
229430,160,138,60,6
229431,160,138,61,8
229432,160,138,62,8
229433,160,138,63,8
229434,160,138,64,5
229435,160,138,65,5
229436,160,138,66,12
229437,160,138,67,12
229438,160,138,68,12
229439,160,138,69,12
229440,160,138,70,12
229441,160,138,71,12
229442,160,138,72,12
229443,160,138,73,12
229444,160,138,74,5
229445,160,138,75,15
229446,160,138,76,16
229447,160,138,77,16
229448,160,139,46,14
229449,160,139,47,14
229450,160,139,48,14
229451,160,139,49,8
229452,160,139,50,8
229453,160,139,51,10
229454,160,139,52,6
229455,160,139,53,6
229456,160,139,54,7
229457,160,139,55,7
229458,160,139,56,7
229459,160,139,57,6
229460,160,139,58,6
229461,160,139,59,6
229462,160,139,60,6
229463,160,139,61,10
229464,160,139,62,8
229465,160,139,63,8
229466,160,139,64,8
229467,160,139,65,12
229468,160,139,66,12
229469,160,139,67,12
229470,160,139,68,12
229471,160,139,69,12
229472,160,139,70,12
229473,160,139,71,12
229474,160,139,72,12
229475,160,139,73,12
229476,160,139,74,12
229477,160,139,75,15
229478,160,139,76,15
229479,160,140,45,14
229480,160,140,46,14
229481,160,140,47,14
229482,160,140,48,14
229483,160,140,49,8
229484,160,140,50,8
229485,160,140,51,6
229486,160,140,52,6
229487,160,140,53,7
229488,160,140,54,7
229489,160,140,55,7
229490,160,140,56,7
229491,160,140,57,7
229492,160,140,58,7
229493,160,140,59,6
229494,160,140,60,6
229495,160,140,61,6
229496,160,140,62,10
229497,160,140,63,8
229498,160,140,64,8
229499,160,140,65,12
229500,160,140,66,12
229501,160,140,67,12
229502,160,140,68,12
229503,160,140,69,12
229504,160,140,70,12
229505,160,140,71,12
229506,160,140,72,12
229507,160,140,73,12
229508,160,140,74,12
229509,160,140,75,15
229510,160,140,76,15
229511,160,140,77,16
229512,160,141,44,14
229513,160,141,45,14
229514,160,141,46,14
229515,160,141,47,14
229516,160,141,48,14
229517,160,141,49,8
229518,160,141,50,10
229519,160,141,51,6
229520,160,141,52,7
229521,160,141,53,7
229522,160,141,54,7
229523,160,141,55,7
229524,160,141,56,7
229525,160,141,57,7
229526,160,141,58,7
229527,160,141,59,6
229528,160,141,60,6
229529,160,141,61,6
229530,160,141,62,6
229531,160,141,63,3
229532,160,141,64,3
229533,160,141,65,9
229534,160,141,66,12
229535,160,141,67,12
229536,160,141,68,12
229537,160,141,69,12
229538,160,141,70,12
229539,160,141,71,12
229540,160,141,72,12
229541,160,141,73,12
229542,160,141,74,12
229543,160,141,75,15
229544,160,141,76,15
229545,160,141,77,16
229546,160,142,43,14
229547,160,142,44,14
229548,160,142,45,14
229549,160,142,46,14
229550,160,142,47,14
229551,160,142,48,8
229552,160,142,49,8
229553,160,142,50,10
229554,160,142,51,10
229555,160,142,52,7
229556,160,142,53,7
229557,160,142,54,7
229558,160,142,55,7
229559,160,142,56,7
229560,160,142,57,7
229561,160,142,58,7
229562,160,142,59,6
229563,160,142,60,6
229564,160,142,61,6
229565,160,142,62,6
229566,160,142,63,3
229567,160,142,64,15
229568,160,142,65,5
229569,160,142,66,12
229570,160,142,67,12
229571,160,142,68,12
229572,160,142,69,12
229573,160,142,70,12
229574,160,142,71,12
229575,160,142,72,12
229576,160,142,73,12
229577,160,142,74,12
229578,160,142,75,15
229579,160,142,76,15
229580,160,142,77,16
229581,160,143,43,14
229582,160,143,44,14
229583,160,143,45,14
229584,160,143,46,14
229585,160,143,47,14
229586,160,143,48,8
229587,160,143,49,8
229588,160,143,50,10
229589,160,143,51,10
229590,160,143,52,7
229591,160,143,53,7
229592,160,143,54,7
229593,160,143,55,7
229594,160,143,56,7
229595,160,143,57,7
229596,160,143,58,7
229597,160,143,59,6
229598,160,143,60,6
229599,160,143,61,6
229600,160,143,62,3
229601,160,143,63,3
229602,160,143,64,8
229603,160,143,65,8
229604,160,143,66,12
229605,160,143,67,12
229606,160,143,68,12
229607,160,143,69,12
229608,160,143,70,12
229609,160,143,71,12
229610,160,143,72,12
229611,160,143,73,12
229612,160,143,74,12
229613,160,143,75,15
229614,160,143,76,15
229615,160,143,77,16
229616,160,144,42,14
229617,160,144,43,14
229618,160,144,44,14
229619,160,144,45,14
229620,160,144,46,14
229621,160,144,47,8
229622,160,144,48,8
229623,160,144,49,8
229624,160,144,50,10
229625,160,144,51,10
229626,160,144,52,7
229627,160,144,53,7
229628,160,144,54,7
229629,160,144,55,7
229630,160,144,56,7
229631,160,144,57,7
229632,160,144,58,7
229633,160,144,59,7
229634,160,144,60,6
229635,160,144,61,6
229636,160,144,62,6
229637,160,144,63,10
229638,160,144,64,8
229639,160,144,65,8
229640,160,144,66,12
229641,160,144,67,12
229642,160,144,68,12
229643,160,144,69,12
229644,160,144,70,12
229645,160,144,71,12
229646,160,144,72,12
229647,160,144,73,12
229648,160,144,74,12
229649,160,144,75,15
229650,160,144,76,15
229651,160,144,77,16
229652,160,145,41,9
229653,160,145,42,14
229654,160,145,43,14
229655,160,145,44,14
229656,160,145,45,14
229657,160,145,46,8
229658,160,145,47,8
229659,160,145,48,8
229660,160,145,49,8
229661,160,145,50,10
229662,160,145,51,10
229663,160,145,52,7
229664,160,145,53,7
229665,160,145,54,7
229666,160,145,55,7
229667,160,145,56,7
229668,160,145,57,7
229669,160,145,58,7
229670,160,145,59,7
229671,160,145,60,6
229672,160,145,61,6
229673,160,145,62,6
229674,160,145,63,10
229675,160,145,64,8
229676,160,145,65,8
229677,160,145,66,10
229678,160,145,67,12
229679,160,145,68,12
229680,160,145,69,12
229681,160,145,70,12
229682,160,145,71,2
229683,160,145,72,15
229684,160,145,73,15
229685,160,145,74,15
229686,160,145,75,15
229687,160,145,76,15
229688,160,145,77,16
229689,160,146,41,14
229690,160,146,42,14
229691,160,146,43,14
229692,160,146,44,14
229693,160,146,45,14
229694,160,146,46,8
229695,160,146,47,8
229696,160,146,48,8
229697,160,146,49,10
229698,160,146,50,10
229699,160,146,51,10
229700,160,146,52,7
229701,160,146,53,7
229702,160,146,54,7
229703,160,146,55,7
229704,160,146,56,7
229705,160,146,57,7
229706,160,146,58,7
229707,160,146,59,7
229708,160,146,60,6
229709,160,146,61,6
229710,160,146,62,3
229711,160,146,63,10
229712,160,146,64,8
229713,160,146,65,10
229714,160,146,66,10
229715,160,146,67,12
229716,160,146,68,12
229717,160,146,69,12
229718,160,146,70,12
229719,160,146,71,2
229720,160,146,72,15
229721,160,146,73,15
229722,160,146,74,15
229723,160,146,75,15
229724,160,146,76,15
229725,160,146,77,15
229726,160,146,78,16
229727,160,147,42,14
229728,160,147,43,14
229729,160,147,44,14
229730,160,147,45,8
229731,160,147,46,8
229732,160,147,47,8
229733,160,147,48,10
229734,160,147,49,10
229735,160,147,50,10
229736,160,147,51,10
229737,160,147,52,7
229738,160,147,53,7
229739,160,147,54,7
229740,160,147,55,7
229741,160,147,56,7
229742,160,147,57,7
229743,160,147,58,7
229744,160,147,59,7
229745,160,147,60,6
229746,160,147,61,6
229747,160,147,62,6
229748,160,147,63,10
229749,160,147,64,8
229750,160,147,65,8
229751,160,147,66,10
229752,160,147,67,12
229753,160,147,68,12
229754,160,147,69,2
229755,160,147,70,2
229756,160,147,71,2
229757,160,147,72,15
229758,160,147,73,15
229759,160,147,74,15
229760,160,147,75,15
229761,160,147,76,15
229762,160,147,77,15
229763,160,147,78,16
229764,160,148,42,14
229765,160,148,43,14
229766,160,148,44,14
229767,160,148,45,8
229768,160,148,46,8
229769,160,148,47,8
229770,160,148,48,10
229771,160,148,49,10
229772,160,148,50,10
229773,160,148,51,10
229774,160,148,52,7
229775,160,148,53,7
229776,160,148,54,7
229777,160,148,55,7
229778,160,148,56,7
229779,160,148,57,7
229780,160,148,58,7
229781,160,148,59,7
229782,160,148,60,6
229783,160,148,61,6
229784,160,148,62,6
229785,160,148,63,10
229786,160,148,64,10
229787,160,148,65,8
229788,160,148,66,10
229789,160,148,67,12
229790,160,148,68,12
229791,160,148,69,2
229792,160,148,70,2
229793,160,148,71,2
229794,160,148,72,15
229795,160,148,73,15
229796,160,148,74,15
229797,160,148,75,15
229798,160,148,76,15
229799,160,148,77,15
229800,160,148,78,15
229801,160,149,42,14
229802,160,149,43,14
229803,160,149,44,8
229804,160,149,45,8
229805,160,149,46,8
229806,160,149,47,8
229807,160,149,48,10
229808,160,149,49,10
229809,160,149,50,10
229810,160,149,51,10
229811,160,149,52,7
229812,160,149,53,7
229813,160,149,54,7
229814,160,149,55,7
229815,160,149,56,7
229816,160,149,57,7
229817,160,149,58,7
229818,160,149,59,7
229819,160,149,60,6
229820,160,149,61,6
229821,160,149,62,10
229822,160,149,63,8
229823,160,149,64,10
229824,160,149,65,10
229825,160,149,66,12
229826,160,149,67,12
229827,160,149,68,12
229828,160,149,69,2
229829,160,149,70,2
229830,160,149,71,2
229831,160,149,72,15
229832,160,149,73,15
229833,160,149,74,15
229834,160,149,75,15
229835,160,149,76,15
229836,160,149,77,15
229837,160,149,78,15
229838,160,150,42,14
229839,160,150,43,8
229840,160,150,44,8
229841,160,150,45,8
229842,160,150,46,8
229843,160,150,47,8
229844,160,150,48,8
229845,160,150,49,10
229846,160,150,50,10
229847,160,150,51,10
229848,160,150,52,10
229849,160,150,53,10
229850,160,150,54,10
229851,160,150,55,7
229852,160,150,56,7
229853,160,150,57,7
229854,160,150,58,7
229855,160,150,59,6
229856,160,150,60,6
229857,160,150,61,6
229858,160,150,62,6
229859,160,150,63,10
229860,160,150,64,8
229861,160,150,65,10
229862,160,150,66,12
229863,160,150,67,12
229864,160,150,68,12
229865,160,150,69,2
229866,160,150,70,2
229867,160,150,71,2
229868,160,150,72,15
229869,160,150,73,15
229870,160,150,74,15
229871,160,150,75,15
229872,160,150,76,15
229873,160,150,77,15
229874,160,150,78,15
229875,160,150,79,15
229876,160,150,80,16
229877,160,151,42,8
229878,160,151,43,8
229879,160,151,44,8
229880,160,151,45,8
229881,160,151,46,8
229882,160,151,47,8
229883,160,151,48,8
229884,160,151,49,8
229885,160,151,50,8
229886,160,151,51,8
229887,160,151,52,10
229888,160,151,53,10
229889,160,151,54,10
229890,160,151,55,10
229891,160,151,56,10
229892,160,151,57,7
229893,160,151,58,7
229894,160,151,59,6
229895,160,151,60,6
229896,160,151,61,6
229897,160,151,62,6
229898,160,151,63,6
229899,160,151,64,8
229900,160,151,65,8
229901,160,151,66,12
229902,160,151,67,12
229903,160,151,68,12
229904,160,151,69,2
229905,160,151,70,2
229906,160,151,71,2
229907,160,151,72,2
229908,160,151,73,15
229909,160,151,74,15
229910,160,151,75,15
229911,160,151,76,15
229912,160,151,77,15
229913,160,151,78,15
229914,160,151,79,15
229915,160,151,80,15
229916,160,152,42,14
229917,160,152,43,8
229918,160,152,44,8
229919,160,152,45,8
229920,160,152,46,8
229921,160,152,47,8
229922,160,152,48,8
229923,160,152,49,8
229924,160,152,50,8
229925,160,152,51,8
229926,160,152,52,10
229927,160,152,53,10
229928,160,152,54,10
229929,160,152,55,10
229930,160,152,56,10
229931,160,152,57,6
229932,160,152,58,6
229933,160,152,59,6
229934,160,152,60,6
229935,160,152,61,6
229936,160,152,62,6
229937,160,152,63,10
229938,160,152,64,8
229939,160,152,65,8
229940,160,152,66,12
229941,160,152,67,12
229942,160,152,68,2
229943,160,152,69,2
229944,160,152,70,2
229945,160,152,71,2
229946,160,152,72,2
229947,160,152,73,15
229948,160,152,74,15
229949,160,152,75,15
229950,160,152,76,15
229951,160,152,77,15
229952,160,152,78,15
229953,160,152,79,15
229954,160,152,80,15
229955,160,152,81,15
229956,160,153,46,3
229957,160,153,47,3
229958,160,153,48,3
229959,160,153,49,8
229960,160,153,50,8
229961,160,153,51,8
229962,160,153,52,10
229963,160,153,53,10
229964,160,153,54,10
229965,160,153,55,10
229966,160,153,56,10
229967,160,153,57,6
229968,160,153,58,6
229969,160,153,59,6
229970,160,153,60,6
229971,160,153,61,6
229972,160,153,62,6
229973,160,153,63,8
229974,160,153,64,8
229975,160,153,65,8
229976,160,153,66,12
229977,160,153,67,2
229978,160,153,68,2
229979,160,153,69,2
229980,160,153,70,2
229981,160,153,71,2
229982,160,153,72,2
229983,160,153,73,15
229984,160,153,74,15
229985,160,153,75,15
229986,160,153,76,15
229987,160,153,77,15
229988,160,153,78,15
229989,160,153,79,15
229990,160,153,80,15
229991,160,153,81,15
229992,160,154,49,3
229993,160,154,50,8
229994,160,154,51,8
229995,160,154,52,10
229996,160,154,53,10
229997,160,154,54,10
229998,160,154,55,10
229999,160,154,56,10
230000,160,154,57,6
230001,160,154,58,6
230002,160,154,59,6
230003,160,154,60,6
230004,160,154,61,6
230005,160,154,62,10
230006,160,154,63,8
230007,160,154,64,8
230008,160,154,65,15
230009,160,154,66,2
230010,160,154,67,2
230011,160,154,68,2
230012,160,154,69,2
230013,160,154,70,2
230014,160,154,71,2
230015,160,154,72,15
230016,160,154,73,15
230017,160,154,74,15
230018,160,154,75,15
230019,160,154,76,15
230020,160,154,77,15
230021,160,154,78,15
230022,160,154,79,15
230023,160,154,80,15
230024,160,154,81,15
230025,160,155,50,8
230026,160,155,51,8
230027,160,155,52,8
230028,160,155,53,8
230029,160,155,54,10
230030,160,155,55,10
230031,160,155,56,10
230032,160,155,57,6
230033,160,155,58,6
230034,160,155,59,6
230035,160,155,60,6
230036,160,155,61,10
230037,160,155,62,8
230038,160,155,63,8
230039,160,155,64,8
230040,160,155,65,2
230041,160,155,66,2
230042,160,155,67,2
230043,160,155,68,2
230044,160,155,69,2
230045,160,155,70,2
230046,160,155,71,2
230047,160,155,72,15
230048,160,155,73,15
230049,160,155,74,15
230050,160,155,75,15
230051,160,155,76,15
230052,160,155,77,15
230053,160,155,78,15
230054,160,155,79,15
230055,160,155,80,15
230056,160,155,81,15
230057,160,156,51,8
230058,160,156,52,8
230059,160,156,53,8
230060,160,156,54,10
230061,160,156,55,10
230062,160,156,56,10
230063,160,156,57,10
230064,160,156,58,6
230065,160,156,59,6
230066,160,156,60,10
230067,160,156,61,8
230068,160,156,62,8
230069,160,156,63,8
230070,160,156,64,2
230071,160,156,65,2
230072,160,156,66,2
230073,160,156,67,2
230074,160,156,68,2
230075,160,156,69,2
230076,160,156,70,2
230077,160,156,71,2
230078,160,156,72,15
230079,160,156,73,15
230080,160,156,74,15
230081,160,156,75,15
230082,160,156,76,15
230083,160,156,77,15
230084,160,156,78,15
230085,160,156,79,15
230086,160,156,80,15
230087,160,156,81,15
230088,160,157,52,8
230089,160,157,53,8
230090,160,157,54,10
230091,160,157,55,10
230092,160,157,56,10
230093,160,157,57,10
230094,160,157,58,6
230095,160,157,59,10
230096,160,157,60,10
230097,160,157,61,8
230098,160,157,62,8
230099,160,157,63,8
230100,160,157,64,2
230101,160,157,65,2
230102,160,157,66,2
230103,160,157,67,2
230104,160,157,68,2
230105,160,157,69,2
230106,160,157,70,2
230107,160,157,71,15
230108,160,157,72,15
230109,160,157,73,15
230110,160,157,74,15
230111,160,157,75,15
230112,160,157,76,15
230113,160,157,77,15
230114,160,157,78,15
230115,160,157,79,15
230116,160,157,80,15
230117,160,158,52,8
230118,160,158,53,8
230119,160,158,54,8
230120,160,158,55,10
230121,160,158,56,10
230122,160,158,57,10
230123,160,158,58,10
230124,160,158,59,10
230125,160,158,60,10
230126,160,158,61,8
230127,160,158,62,8
230128,160,158,63,2
230129,160,158,64,2
230130,160,158,65,2
230131,160,158,66,2
230132,160,158,67,2
230133,160,158,68,2
230134,160,158,69,2
230135,160,158,70,2
230136,160,158,71,15
230137,160,158,72,15
230138,160,158,73,15
230139,160,158,74,15
230140,160,158,75,15
230141,160,158,76,15
230142,160,158,77,15
230143,160,159,53,3
230144,160,159,54,8
230145,160,159,55,8
230146,160,159,56,10
230147,160,159,57,10
230148,160,159,58,10
230149,160,159,59,8
230150,160,159,60,3
230151,160,159,61,3
230152,160,159,62,15
230153,160,159,63,2
230154,160,159,64,2
230155,160,159,65,2
230156,160,159,66,2
230157,160,159,67,2
230158,160,159,68,2
230159,160,159,69,2
230160,160,159,70,15
230161,160,159,71,15
230162,160,159,72,15
230163,160,159,73,15
230164,160,159,74,15
230165,160,159,75,15
230166,160,160,53,14
230167,160,160,54,3
230168,160,160,55,3
230169,160,160,56,8
230170,160,160,57,8
230171,160,160,58,8
230172,160,160,59,8
230173,160,160,60,3
230174,160,160,61,3
230175,160,160,62,15
230176,160,160,63,2
230177,160,160,64,2
230178,160,160,65,2
230179,160,160,66,2
230180,160,160,67,2
230181,160,160,68,2
230182,160,160,69,15
230183,160,160,70,15
230184,160,160,71,15
230185,160,160,72,15
230186,160,160,73,15
230187,160,160,74,15
230188,160,161,54,3
230189,160,161,55,3
230190,160,161,56,3
230191,160,161,57,3
230192,160,161,58,3
230193,160,161,59,3
230194,160,161,60,3
230195,160,161,61,3
230196,160,161,62,3
230197,160,161,63,15
230198,160,161,64,15
230199,160,161,65,2
230200,160,161,66,2
230201,160,161,67,2
230202,160,161,68,15
230203,160,161,69,15
230204,160,161,70,15
230205,160,161,71,15
230206,160,161,72,15
230207,160,161,73,15
230208,160,162,54,14
230209,160,162,55,3
230210,160,162,56,3
230211,160,162,57,3
230212,160,162,58,3
230213,160,162,59,3
230214,160,162,60,3
230215,160,162,61,3
230216,160,162,62,3
230217,160,162,63,3
230218,160,162,64,3
230219,160,162,65,3
230220,160,162,66,15
230221,160,162,67,15
230222,160,162,68,15
230223,160,162,69,15
230224,160,162,70,15
230225,160,162,71,15
230226,160,162,72,15
230227,160,162,73,15
230228,160,163,58,3
230229,160,163,59,3
230230,160,163,60,3
230231,160,163,61,3
230232,160,163,62,3
230233,160,163,63,3
230234,160,163,64,3
230235,160,163,65,3
230236,160,163,66,3
230237,160,163,67,15
230238,160,163,68,15
230239,160,163,69,15
230240,160,163,70,15
230241,160,163,71,15
230242,160,163,72,15
230243,160,163,73,15
230244,160,164,59,3
230245,160,164,60,3
230246,160,164,61,3
230247,160,164,62,3
230248,160,164,63,3
230249,160,164,64,3
230250,160,164,65,3
230251,160,164,66,3
230252,160,164,67,15
230253,160,164,68,15
230254,160,164,69,15
230255,160,164,70,15
230256,160,164,71,15
230257,160,164,72,15
230258,160,165,59,3
230259,160,165,60,3
230260,160,165,61,3
230261,160,165,62,3
230262,160,165,63,3
230263,160,165,64,3
230264,160,165,65,3
230265,160,165,66,3
230266,160,165,67,3
230267,160,165,68,15
230268,160,165,69,15
230269,160,165,70,15
230270,160,165,71,15
230271,160,166,60,3
230272,160,166,61,3
230273,160,166,62,13
230274,160,166,63,13
230275,160,166,64,3
230276,160,166,65,3
230277,160,166,66,3
230278,160,166,67,3
230279,160,166,68,12
230280,160,166,69,15
230281,160,166,70,15
230282,160,166,71,15
230283,160,167,60,3
230284,160,167,61,3
230285,160,167,62,13
230286,160,167,63,13
230287,160,167,64,13
230288,160,167,65,3
230289,160,167,66,3
230290,160,167,67,3
230291,160,167,68,3
230292,160,167,69,15
230293,160,167,70,15
230294,160,168,59,3
230295,160,168,60,3
230296,160,168,61,3
230297,160,168,62,3
230298,160,168,63,13
230299,160,168,64,13
230300,160,168,65,3
230301,160,168,66,3
230302,160,168,67,3
230303,160,168,68,15
230304,160,168,69,15
230305,160,168,70,15
230306,160,169,59,3
230307,160,169,60,3
230308,160,169,61,3
230309,160,169,62,3
230310,160,169,63,3
230311,160,169,64,3
230312,160,169,65,3
230313,160,169,66,3
230314,160,169,67,3
230315,160,169,68,15
230316,160,169,69,15
230317,160,170,65,15
230318,160,170,66,15
230319,160,170,67,15
230320,161,112,65,4
230321,161,112,66,4
230322,161,113,52,9
230323,161,113,53,9
230324,161,113,54,9
230325,161,113,55,16
230326,161,113,56,16
230327,161,113,57,16
230328,161,113,58,16
230329,161,113,59,16
230330,161,113,65,4
230331,161,113,66,9
230332,161,114,51,9
230333,161,114,52,9
230334,161,114,53,9
230335,161,114,54,9
230336,161,114,55,9
230337,161,114,56,16
230338,161,114,57,16
230339,161,114,58,16
230340,161,114,59,16
230341,161,114,60,16
230342,161,114,61,16
230343,161,114,65,16
230344,161,114,66,16
230345,161,114,69,4
230346,161,115,51,9
230347,161,115,52,9
230348,161,115,53,9
230349,161,115,54,9
230350,161,115,55,9
230351,161,115,56,9
230352,161,115,57,9
230353,161,115,58,16
230354,161,115,59,16
230355,161,115,60,16
230356,161,115,61,16
230357,161,115,62,16
230358,161,115,63,9
230359,161,115,66,16
230360,161,115,68,9
230361,161,115,69,4
230362,161,116,51,9
230363,161,116,52,9
230364,161,116,53,4
230365,161,116,54,4
230366,161,116,55,5
230367,161,116,56,9
230368,161,116,57,9
230369,161,116,58,9
230370,161,116,59,16
230371,161,116,60,16
230372,161,116,61,16
230373,161,116,62,16
230374,161,116,63,9
230375,161,116,70,9
230376,161,117,50,9
230377,161,117,51,9
230378,161,117,52,9
230379,161,117,53,4
230380,161,117,54,4
230381,161,117,55,4
230382,161,117,56,4
230383,161,117,57,9
230384,161,117,58,5
230385,161,117,59,16
230386,161,117,60,16
230387,161,117,61,16
230388,161,117,62,16
230389,161,117,63,16
230390,161,117,64,16
230391,161,118,50,9
230392,161,118,51,9
230393,161,118,52,9
230394,161,118,53,4
230395,161,118,54,4
230396,161,118,55,4
230397,161,118,56,4
230398,161,118,57,4
230399,161,118,58,5
230400,161,118,59,5
230401,161,118,60,5
230402,161,118,61,16
230403,161,118,62,16
230404,161,118,63,16
230405,161,118,64,16
230406,161,119,45,14
230407,161,119,46,14
230408,161,119,49,9
230409,161,119,50,9
230410,161,119,51,9
230411,161,119,52,9
230412,161,119,53,4
230413,161,119,54,4
230414,161,119,55,4
230415,161,119,56,4
230416,161,119,57,4
230417,161,119,58,4
230418,161,119,59,4
230419,161,119,60,5
230420,161,119,61,5
230421,161,119,62,16
230422,161,119,63,16
230423,161,119,64,16
230424,161,119,65,16
230425,161,120,45,14
230426,161,120,46,14
230427,161,120,47,14
230428,161,120,48,14
230429,161,120,49,14
230430,161,120,50,9
230431,161,120,51,9
230432,161,120,52,9
230433,161,120,53,9
230434,161,120,54,4
230435,161,120,55,4
230436,161,120,56,4
230437,161,120,57,4
230438,161,120,58,4
230439,161,120,59,4
230440,161,120,60,4
230441,161,120,61,5
230442,161,120,62,5
230443,161,120,63,5
230444,161,120,64,16
230445,161,120,65,16
230446,161,120,66,16
230447,161,121,46,14
230448,161,121,47,14
230449,161,121,48,14
230450,161,121,49,14
230451,161,121,50,9
230452,161,121,51,9
230453,161,121,52,9
230454,161,121,53,9
230455,161,121,54,4
230456,161,121,55,4
230457,161,121,56,4
230458,161,121,57,4
230459,161,121,58,4
230460,161,121,59,4
230461,161,121,60,4
230462,161,121,61,4
230463,161,121,62,5
230464,161,121,63,5
230465,161,121,64,5
230466,161,121,65,16
230467,161,121,66,16
230468,161,121,67,16
230469,161,122,49,14
230470,161,122,50,14
230471,161,122,51,9
230472,161,122,52,9
230473,161,122,53,9
230474,161,122,54,9
230475,161,122,55,4
230476,161,122,56,4
230477,161,122,57,4
230478,161,122,58,4
230479,161,122,59,4
230480,161,122,60,4
230481,161,122,61,4
230482,161,122,62,4
230483,161,122,63,4
230484,161,122,64,5
230485,161,122,65,16
230486,161,122,66,16
230487,161,122,67,16
230488,161,123,43,14
230489,161,123,44,14
230490,161,123,45,14
230491,161,123,47,14
230492,161,123,48,14
230493,161,123,49,14
230494,161,123,50,14
230495,161,123,51,9
230496,161,123,52,9
230497,161,123,53,9
230498,161,123,54,9
230499,161,123,55,4
230500,161,123,56,4
230501,161,123,57,4
230502,161,123,58,4
230503,161,123,59,4
230504,161,123,60,4
230505,161,123,61,4
230506,161,123,62,4
230507,161,123,63,4
230508,161,123,64,4
230509,161,123,65,5
230510,161,123,66,16
230511,161,123,67,16
230512,161,123,68,16
230513,161,124,43,14
230514,161,124,44,14
230515,161,124,45,14
230516,161,124,46,14
230517,161,124,47,14
230518,161,124,48,14
230519,161,124,49,14
230520,161,124,50,14
230521,161,124,51,14
230522,161,124,52,9
230523,161,124,53,9
230524,161,124,54,9
230525,161,124,55,4
230526,161,124,56,4
230527,161,124,57,4
230528,161,124,58,4
230529,161,124,59,4
230530,161,124,60,4
230531,161,124,61,4
230532,161,124,62,4
230533,161,124,63,4
230534,161,124,64,4
230535,161,124,65,5
230536,161,124,66,5
230537,161,124,67,16
230538,161,124,68,16
230539,161,125,44,14
230540,161,125,45,14
230541,161,125,46,14
230542,161,125,47,14
230543,161,125,48,14
230544,161,125,49,14
230545,161,125,50,14
230546,161,125,51,14
230547,161,125,52,14
230548,161,125,53,9
230549,161,125,54,9
230550,161,125,55,4
230551,161,125,56,4
230552,161,125,57,4
230553,161,125,58,4
230554,161,125,59,4
230555,161,125,60,4
230556,161,125,61,4
230557,161,125,62,4
230558,161,125,63,4
230559,161,125,64,4
230560,161,125,65,4
230561,161,125,66,5
230562,161,125,67,16
230563,161,125,68,16
230564,161,125,69,5
230565,161,125,70,4
230566,161,126,44,14
230567,161,126,45,14
230568,161,126,46,14
230569,161,126,47,14
230570,161,126,48,14
230571,161,126,49,14
230572,161,126,50,14
230573,161,126,51,14
230574,161,126,52,14
230575,161,126,53,9
230576,161,126,54,9
230577,161,126,55,4
230578,161,126,56,4
230579,161,126,57,4
230580,161,126,58,4
230581,161,126,59,4
230582,161,126,60,4
230583,161,126,61,4
230584,161,126,62,4
230585,161,126,63,4
230586,161,126,64,4
230587,161,126,65,4
230588,161,126,66,4
230589,161,126,67,5
230590,161,126,68,16
230591,161,126,69,16
230592,161,126,70,4
230593,161,126,71,4
230594,161,127,45,14
230595,161,127,46,14
230596,161,127,47,14
230597,161,127,48,14
230598,161,127,49,14
230599,161,127,50,14
230600,161,127,51,14
230601,161,127,52,14
230602,161,127,53,9
230603,161,127,54,9
230604,161,127,55,4
230605,161,127,56,4
230606,161,127,57,4
230607,161,127,58,4
230608,161,127,59,4
230609,161,127,60,4
230610,161,127,61,4
230611,161,127,62,4
230612,161,127,63,4
230613,161,127,64,4
230614,161,127,65,4
230615,161,127,66,4
230616,161,127,67,5
230617,161,127,68,5
230618,161,127,69,16
230619,161,127,70,5
230620,161,127,71,12
230621,161,128,46,14
230622,161,128,47,14
230623,161,128,48,14
230624,161,128,49,14
230625,161,128,50,14
230626,161,128,51,14
230627,161,128,52,14
230628,161,128,53,9
230629,161,128,54,9
230630,161,128,55,4
230631,161,128,56,4
230632,161,128,57,4
230633,161,128,58,4
230634,161,128,59,4
230635,161,128,60,4
230636,161,128,61,4
230637,161,128,62,4
230638,161,128,63,4
230639,161,128,64,4
230640,161,128,65,4
230641,161,128,66,4
230642,161,128,67,4
230643,161,128,68,5
230644,161,128,69,16
230645,161,128,70,16
230646,161,128,71,5
230647,161,128,72,12
230648,161,129,46,14
230649,161,129,47,14
230650,161,129,48,14
230651,161,129,49,14
230652,161,129,50,14
230653,161,129,51,14
230654,161,129,52,14
230655,161,129,53,9
230656,161,129,54,4
230657,161,129,55,4
230658,161,129,56,4
230659,161,129,57,4
230660,161,129,58,4
230661,161,129,59,4
230662,161,129,60,4
230663,161,129,61,4
230664,161,129,62,4
230665,161,129,63,4
230666,161,129,64,4
230667,161,129,65,4
230668,161,129,66,4
230669,161,129,67,4
230670,161,129,68,5
230671,161,129,69,5
230672,161,129,70,16
230673,161,129,71,16
230674,161,129,72,5
230675,161,130,49,14
230676,161,130,50,14
230677,161,130,51,14
230678,161,130,52,9
230679,161,130,53,5
230680,161,130,54,4
230681,161,130,55,4
230682,161,130,56,4
230683,161,130,57,4
230684,161,130,58,4
230685,161,130,59,4
230686,161,130,60,4
230687,161,130,61,4
230688,161,130,62,4
230689,161,130,63,4
230690,161,130,64,4
230691,161,130,65,4
230692,161,130,66,4
230693,161,130,67,4
230694,161,130,68,4
230695,161,130,69,5
230696,161,130,70,16
230697,161,130,71,16
230698,161,130,72,5
230699,161,130,73,12
230700,161,131,50,14
230701,161,131,51,14
230702,161,131,52,9
230703,161,131,53,4
230704,161,131,54,4
230705,161,131,55,4
230706,161,131,56,4
230707,161,131,57,4
230708,161,131,58,4
230709,161,131,59,4
230710,161,131,60,4
230711,161,131,61,4
230712,161,131,62,4
230713,161,131,63,4
230714,161,131,64,4
230715,161,131,65,4
230716,161,131,66,4
230717,161,131,67,4
230718,161,131,68,4
230719,161,131,69,5
230720,161,131,70,5
230721,161,131,71,16
230722,161,131,72,16
230723,161,131,73,5
230724,161,132,50,14
230725,161,132,51,9
230726,161,132,52,5
230727,161,132,53,4
230728,161,132,54,4
230729,161,132,55,4
230730,161,132,56,4
230731,161,132,57,4
230732,161,132,58,4
230733,161,132,59,4
230734,161,132,60,4
230735,161,132,61,4
230736,161,132,62,4
230737,161,132,63,4
230738,161,132,64,4
230739,161,132,65,4
230740,161,132,66,4
230741,161,132,67,4
230742,161,132,68,4
230743,161,132,69,5
230744,161,132,70,5
230745,161,132,71,16
230746,161,132,72,16
230747,161,132,73,16
230748,161,132,74,15
230749,161,133,49,14
230750,161,133,50,14
230751,161,133,51,9
230752,161,133,52,9
230753,161,133,53,5
230754,161,133,54,4
230755,161,133,55,4
230756,161,133,56,4
230757,161,133,57,4
230758,161,133,58,4
230759,161,133,59,4
230760,161,133,60,4
230761,161,133,61,4
230762,161,133,62,4
230763,161,133,63,4
230764,161,133,64,4
230765,161,133,65,4
230766,161,133,66,4
230767,161,133,67,4
230768,161,133,68,4
230769,161,133,69,12
230770,161,133,70,5
230771,161,133,71,5
230772,161,133,72,16
230773,161,133,73,16
230774,161,133,74,16
230775,161,134,49,14
230776,161,134,50,14
230777,161,134,51,9
230778,161,134,52,9
230779,161,134,53,9
230780,161,134,54,8
230781,161,134,55,8
230782,161,134,56,8
230783,161,134,57,8
230784,161,134,58,4
230785,161,134,59,12
230786,161,134,60,4
230787,161,134,61,4
230788,161,134,62,4
230789,161,134,63,4
230790,161,134,64,4
230791,161,134,65,12
230792,161,134,66,12
230793,161,134,67,4
230794,161,134,68,12
230795,161,134,69,12
230796,161,134,70,12
230797,161,134,71,5
230798,161,134,72,5
230799,161,134,73,16
230800,161,134,74,16
230801,161,135,49,14
230802,161,135,50,14
230803,161,135,51,9
230804,161,135,52,8
230805,161,135,53,8
230806,161,135,54,8
230807,161,135,55,8
230808,161,135,56,8
230809,161,135,57,8
230810,161,135,58,8
230811,161,135,59,8
230812,161,135,60,8
230813,161,135,61,5
230814,161,135,62,4
230815,161,135,63,12
230816,161,135,64,12
230817,161,135,65,12
230818,161,135,66,12
230819,161,135,67,12
230820,161,135,68,12
230821,161,135,69,12
230822,161,135,70,12
230823,161,135,71,5
230824,161,135,72,5
230825,161,135,73,5
230826,161,135,74,16
230827,161,136,49,14
230828,161,136,50,9
230829,161,136,51,8
230830,161,136,52,8
230831,161,136,53,8
230832,161,136,54,10
230833,161,136,55,10
230834,161,136,56,8
230835,161,136,57,8
230836,161,136,58,8
230837,161,136,59,8
230838,161,136,60,8
230839,161,136,61,8
230840,161,136,62,5
230841,161,136,63,12
230842,161,136,64,12
230843,161,136,65,12
230844,161,136,66,12
230845,161,136,67,12
230846,161,136,68,12
230847,161,136,69,12
230848,161,136,70,12
230849,161,136,71,12
230850,161,136,72,5
230851,161,136,73,12
230852,161,136,74,2
230853,161,136,75,16
230854,161,136,76,16
230855,161,137,48,14
230856,161,137,49,14
230857,161,137,50,8
230858,161,137,51,8
230859,161,137,52,10
230860,161,137,53,10
230861,161,137,54,10
230862,161,137,55,6
230863,161,137,56,6
230864,161,137,57,10
230865,161,137,58,10
230866,161,137,59,8
230867,161,137,60,8
230868,161,137,61,8
230869,161,137,62,8
230870,161,137,63,5
230871,161,137,64,12
230872,161,137,65,12
230873,161,137,66,12
230874,161,137,67,12
230875,161,137,68,12
230876,161,137,69,12
230877,161,137,70,12
230878,161,137,71,12
230879,161,137,72,12
230880,161,137,73,12
230881,161,137,74,12
230882,161,137,75,15
230883,161,137,76,16
230884,161,137,77,16
230885,161,138,47,14
230886,161,138,48,14
230887,161,138,49,8
230888,161,138,50,8
230889,161,138,51,10
230890,161,138,52,10
230891,161,138,53,6
230892,161,138,54,6
230893,161,138,55,6
230894,161,138,56,6
230895,161,138,57,6
230896,161,138,58,6
230897,161,138,59,6
230898,161,138,60,6
230899,161,138,61,8
230900,161,138,62,8
230901,161,138,63,5
230902,161,138,64,12
230903,161,138,65,12
230904,161,138,66,12
230905,161,138,67,12
230906,161,138,68,12
230907,161,138,69,12
230908,161,138,70,12
230909,161,138,71,12
230910,161,138,72,12
230911,161,138,73,12
230912,161,138,74,12
230913,161,138,75,15
230914,161,138,76,16
230915,161,139,46,14
230916,161,139,47,14
230917,161,139,48,14
230918,161,139,49,8
230919,161,139,50,8
230920,161,139,51,10
230921,161,139,52,6
230922,161,139,53,6
230923,161,139,54,7
230924,161,139,55,7
230925,161,139,56,6
230926,161,139,57,6
230927,161,139,58,6
230928,161,139,59,6
230929,161,139,60,6
230930,161,139,61,6
230931,161,139,62,8
230932,161,139,63,8
230933,161,139,64,5
230934,161,139,65,12
230935,161,139,66,12
230936,161,139,67,12
230937,161,139,68,12
230938,161,139,69,12
230939,161,139,70,12
230940,161,139,71,12
230941,161,139,72,12
230942,161,139,73,12
230943,161,139,74,12
230944,161,139,75,15
230945,161,139,76,16
230946,161,140,45,9
230947,161,140,46,14
230948,161,140,47,14
230949,161,140,48,8
230950,161,140,49,8
230951,161,140,50,10
230952,161,140,51,6
230953,161,140,52,7
230954,161,140,53,7
230955,161,140,54,7
230956,161,140,55,7
230957,161,140,56,7
230958,161,140,57,6
230959,161,140,58,6
230960,161,140,59,6
230961,161,140,60,6
230962,161,140,61,6
230963,161,140,62,8
230964,161,140,63,8
230965,161,140,64,5
230966,161,140,65,12
230967,161,140,66,12
230968,161,140,67,12
230969,161,140,68,12
230970,161,140,69,12
230971,161,140,70,12
230972,161,140,71,12
230973,161,140,72,12
230974,161,140,73,12
230975,161,140,74,12
230976,161,140,75,15
230977,161,140,76,15
230978,161,140,77,16
230979,161,141,44,14
230980,161,141,45,14
230981,161,141,46,14
230982,161,141,47,8
230983,161,141,48,8
230984,161,141,49,8
230985,161,141,50,10
230986,161,141,51,6
230987,161,141,52,7
230988,161,141,53,7
230989,161,141,54,7
230990,161,141,55,7
230991,161,141,56,7
230992,161,141,57,7
230993,161,141,58,6
230994,161,141,59,6
230995,161,141,60,6
230996,161,141,61,6
230997,161,141,62,3
230998,161,141,63,8
230999,161,141,64,15
231000,161,141,65,12
231001,161,141,66,12
231002,161,141,67,12
231003,161,141,68,12
231004,161,141,69,12
231005,161,141,70,12
231006,161,141,71,12
231007,161,141,72,12
231008,161,141,73,12
231009,161,141,74,12
231010,161,141,75,15
231011,161,141,76,15
231012,161,141,77,16
231013,161,142,43,14
231014,161,142,44,14
231015,161,142,45,14
231016,161,142,46,14
231017,161,142,47,8
231018,161,142,48,8
231019,161,142,49,8
231020,161,142,50,10
231021,161,142,51,7
231022,161,142,52,7
231023,161,142,53,7
231024,161,142,54,7
231025,161,142,55,7
231026,161,142,56,7
231027,161,142,57,7
231028,161,142,58,7
231029,161,142,59,6
231030,161,142,60,6
231031,161,142,61,6
231032,161,142,62,3
231033,161,142,63,3
231034,161,142,64,8
231035,161,142,65,5
231036,161,142,66,12
231037,161,142,67,12
231038,161,142,68,12
231039,161,142,69,12
231040,161,142,70,12
231041,161,142,71,12
231042,161,142,72,12
231043,161,142,73,12
231044,161,142,74,12
231045,161,142,75,15
231046,161,142,76,15
231047,161,142,77,16
231048,161,143,43,14
231049,161,143,44,14
231050,161,143,45,14
231051,161,143,46,8
231052,161,143,47,8
231053,161,143,48,8
231054,161,143,49,10
231055,161,143,50,10
231056,161,143,51,7
231057,161,143,52,7
231058,161,143,53,7
231059,161,143,54,7
231060,161,143,55,7
231061,161,143,56,7
231062,161,143,57,7
231063,161,143,58,7
231064,161,143,59,6
231065,161,143,60,6
231066,161,143,61,6
231067,161,143,62,3
231068,161,143,63,3
231069,161,143,64,8
231070,161,143,65,8
231071,161,143,66,12
231072,161,143,67,12
231073,161,143,68,12
231074,161,143,69,12
231075,161,143,70,12
231076,161,143,71,12
231077,161,143,72,12
231078,161,143,73,12
231079,161,143,74,12
231080,161,143,75,15
231081,161,143,76,15
231082,161,143,77,16
231083,161,144,42,14
231084,161,144,43,14
231085,161,144,44,14
231086,161,144,45,8
231087,161,144,46,8
231088,161,144,47,8
231089,161,144,48,8
231090,161,144,49,10
231091,161,144,50,10
231092,161,144,51,7
231093,161,144,52,7
231094,161,144,53,7
231095,161,144,54,7
231096,161,144,55,7
231097,161,144,56,7
231098,161,144,57,7
231099,161,144,58,7
231100,161,144,59,6
231101,161,144,60,6
231102,161,144,61,6
231103,161,144,62,3
231104,161,144,63,13
231105,161,144,64,8
231106,161,144,65,10
231107,161,144,66,12
231108,161,144,67,12
231109,161,144,68,12
231110,161,144,69,12
231111,161,144,70,12
231112,161,144,71,12
231113,161,144,72,12
231114,161,144,73,12
231115,161,144,74,12
231116,161,144,75,15
231117,161,144,76,15
231118,161,144,77,16
231119,161,144,78,16
231120,161,145,41,14
231121,161,145,42,14
231122,161,145,43,14
231123,161,145,44,14
231124,161,145,45,8
231125,161,145,46,8
231126,161,145,47,8
231127,161,145,48,8
231128,161,145,49,10
231129,161,145,50,10
231130,161,145,51,7
231131,161,145,52,7
231132,161,145,53,7
231133,161,145,54,7
231134,161,145,55,7
231135,161,145,56,7
231136,161,145,57,7
231137,161,145,58,7
231138,161,145,59,7
231139,161,145,60,6
231140,161,145,61,6
231141,161,145,62,3
231142,161,145,63,3
231143,161,145,64,8
231144,161,145,65,10
231145,161,145,66,10
231146,161,145,67,12
231147,161,145,68,12
231148,161,145,69,12
231149,161,145,70,12
231150,161,145,71,12
231151,161,145,72,12
231152,161,145,73,12
231153,161,145,74,12
231154,161,145,75,15
231155,161,145,76,15
231156,161,145,77,16
231157,161,145,78,16
231158,161,146,41,14
231159,161,146,42,14
231160,161,146,43,14
231161,161,146,44,14
231162,161,146,45,8
231163,161,146,46,8
231164,161,146,47,8
231165,161,146,48,10
231166,161,146,49,10
231167,161,146,50,10
231168,161,146,51,10
231169,161,146,52,7
231170,161,146,53,7
231171,161,146,54,7
231172,161,146,55,7
231173,161,146,56,7
231174,161,146,57,7
231175,161,146,58,7
231176,161,146,59,7
231177,161,146,60,6
231178,161,146,61,6
231179,161,146,62,3
231180,161,146,63,10
231181,161,146,64,8
231182,161,146,65,10
231183,161,146,66,10
231184,161,146,67,12
231185,161,146,68,12
231186,161,146,69,12
231187,161,146,70,12
231188,161,146,71,12
231189,161,146,72,15
231190,161,146,73,12
231191,161,146,74,15
231192,161,146,75,15
231193,161,146,76,15
231194,161,146,77,15
231195,161,146,78,16
231196,161,147,41,14
231197,161,147,42,14
231198,161,147,43,14
231199,161,147,44,8
231200,161,147,45,8
231201,161,147,46,8
231202,161,147,47,8
231203,161,147,48,10
231204,161,147,49,10
231205,161,147,50,10
231206,161,147,51,10
231207,161,147,52,7
231208,161,147,53,7
231209,161,147,54,7
231210,161,147,55,7
231211,161,147,56,7
231212,161,147,57,7
231213,161,147,58,7
231214,161,147,59,7
231215,161,147,60,6
231216,161,147,61,6
231217,161,147,62,10
231218,161,147,63,10
231219,161,147,64,8
231220,161,147,65,10
231221,161,147,66,10
231222,161,147,67,12
231223,161,147,68,12
231224,161,147,69,2
231225,161,147,70,2
231226,161,147,71,15
231227,161,147,72,15
231228,161,147,73,12
231229,161,147,74,15
231230,161,147,75,15
231231,161,147,76,15
231232,161,147,77,15
231233,161,147,78,16
231234,161,148,41,14
231235,161,148,42,14
231236,161,148,43,8
231237,161,148,44,8
231238,161,148,45,8
231239,161,148,46,8
231240,161,148,47,10
231241,161,148,48,10
231242,161,148,49,10
231243,161,148,50,10
231244,161,148,51,10
231245,161,148,52,7
231246,161,148,53,7
231247,161,148,54,7
231248,161,148,55,7
231249,161,148,56,7
231250,161,148,57,7
231251,161,148,58,7
231252,161,148,59,7
231253,161,148,60,6
231254,161,148,61,6
231255,161,148,62,10
231256,161,148,63,8
231257,161,148,64,8
231258,161,148,65,8
231259,161,148,66,10
231260,161,148,67,12
231261,161,148,68,12
231262,161,148,69,2
231263,161,148,70,2
231264,161,148,71,15
231265,161,148,72,15
231266,161,148,73,12
231267,161,148,74,15
231268,161,148,75,15
231269,161,148,76,15
231270,161,148,77,15
231271,161,148,78,15
231272,161,149,40,14
231273,161,149,41,14
231274,161,149,42,14
231275,161,149,43,8
231276,161,149,44,8
231277,161,149,45,8
231278,161,149,46,8
231279,161,149,47,10
231280,161,149,48,10
231281,161,149,49,10
231282,161,149,50,10
231283,161,149,51,6
231284,161,149,52,7
231285,161,149,53,7
231286,161,149,54,7
231287,161,149,55,7
231288,161,149,56,7
231289,161,149,57,7
231290,161,149,58,7
231291,161,149,59,7
231292,161,149,60,6
231293,161,149,61,6
231294,161,149,62,10
231295,161,149,63,10
231296,161,149,64,8
231297,161,149,65,8
231298,161,149,66,12
231299,161,149,67,12
231300,161,149,68,12
231301,161,149,69,2
231302,161,149,70,2
231303,161,149,71,15
231304,161,149,72,15
231305,161,149,73,15
231306,161,149,74,15
231307,161,149,75,15
231308,161,149,76,15
231309,161,149,77,15
231310,161,149,78,15
231311,161,150,41,14
231312,161,150,42,8
231313,161,150,43,8
231314,161,150,44,8
231315,161,150,45,8
231316,161,150,46,8
231317,161,150,47,10
231318,161,150,48,10
231319,161,150,49,10
231320,161,150,50,10
231321,161,150,51,10
231322,161,150,52,6
231323,161,150,53,7
231324,161,150,54,7
231325,161,150,55,7
231326,161,150,56,7
231327,161,150,57,7
231328,161,150,58,7
231329,161,150,59,6
231330,161,150,60,6
231331,161,150,61,6
231332,161,150,62,6
231333,161,150,63,3
231334,161,150,64,8
231335,161,150,65,8
231336,161,150,66,8
231337,161,150,67,12
231338,161,150,68,2
231339,161,150,69,2
231340,161,150,70,2
231341,161,150,71,2
231342,161,150,72,15
231343,161,150,73,15
231344,161,150,74,15
231345,161,150,75,15
231346,161,150,76,15
231347,161,150,77,15
231348,161,150,78,15
231349,161,150,79,15
231350,161,150,80,16
231351,161,151,41,14
231352,161,151,42,8
231353,161,151,43,8
231354,161,151,44,8
231355,161,151,45,8
231356,161,151,46,8
231357,161,151,47,8
231358,161,151,48,8
231359,161,151,49,10
231360,161,151,50,10
231361,161,151,51,10
231362,161,151,52,10
231363,161,151,53,10
231364,161,151,54,10
231365,161,151,55,10
231366,161,151,56,7
231367,161,151,57,7
231368,161,151,58,7
231369,161,151,59,6
231370,161,151,60,6
231371,161,151,61,6
231372,161,151,62,6
231373,161,151,63,10
231374,161,151,64,8
231375,161,151,65,8
231376,161,151,66,12
231377,161,151,67,12
231378,161,151,68,2
231379,161,151,69,2
231380,161,151,70,2
231381,161,151,71,2
231382,161,151,72,15
231383,161,151,73,15
231384,161,151,74,15
231385,161,151,75,15
231386,161,151,76,15
231387,161,151,77,15
231388,161,151,78,15
231389,161,151,79,15
231390,161,151,80,15
231391,161,152,41,14
231392,161,152,42,8
231393,161,152,43,8
231394,161,152,44,8
231395,161,152,45,8
231396,161,152,46,8
231397,161,152,47,8
231398,161,152,48,8
231399,161,152,49,8
231400,161,152,50,10
231401,161,152,51,10
231402,161,152,52,10
231403,161,152,53,10
231404,161,152,54,10
231405,161,152,55,10
231406,161,152,56,6
231407,161,152,57,6
231408,161,152,58,6
231409,161,152,59,6
231410,161,152,60,6
231411,161,152,61,6
231412,161,152,62,6
231413,161,152,63,8
231414,161,152,64,8
231415,161,152,65,12
231416,161,152,66,12
231417,161,152,67,2
231418,161,152,68,2
231419,161,152,69,2
231420,161,152,70,2
231421,161,152,71,15
231422,161,152,72,15
231423,161,152,73,15
231424,161,152,74,15
231425,161,152,75,15
231426,161,152,76,15
231427,161,152,77,15
231428,161,152,78,15
231429,161,152,79,15
231430,161,152,80,15
231431,161,152,81,15
231432,161,153,42,3
231433,161,153,43,14
231434,161,153,44,8
231435,161,153,45,8
231436,161,153,46,8
231437,161,153,47,8
231438,161,153,48,8
231439,161,153,49,8
231440,161,153,50,8
231441,161,153,51,10
231442,161,153,52,10
231443,161,153,53,10
231444,161,153,54,10
231445,161,153,55,6
231446,161,153,56,6
231447,161,153,57,6
231448,161,153,58,6
231449,161,153,59,6
231450,161,153,60,6
231451,161,153,61,6
231452,161,153,62,6
231453,161,153,63,8
231454,161,153,64,8
231455,161,153,65,15
231456,161,153,66,2
231457,161,153,67,2
231458,161,153,68,2
231459,161,153,69,2
231460,161,153,70,2
231461,161,153,71,15
231462,161,153,72,15
231463,161,153,73,15
231464,161,153,74,15
231465,161,153,75,15
231466,161,153,76,15
231467,161,153,77,15
231468,161,153,78,15
231469,161,153,79,15
231470,161,153,80,15
231471,161,153,81,15
231472,161,154,47,3
231473,161,154,48,3
231474,161,154,49,3
231475,161,154,50,8
231476,161,154,51,8
231477,161,154,52,10
231478,161,154,53,10
231479,161,154,54,10
231480,161,154,55,10
231481,161,154,56,6
231482,161,154,57,6
231483,161,154,58,10
231484,161,154,59,10
231485,161,154,60,10
231486,161,154,61,6
231487,161,154,62,6
231488,161,154,63,10
231489,161,154,64,8
231490,161,154,65,2
231491,161,154,66,2
231492,161,154,67,2
231493,161,154,68,2
231494,161,154,69,2
231495,161,154,70,2
231496,161,154,71,15
231497,161,154,72,15
231498,161,154,73,15
231499,161,154,74,15
231500,161,154,75,15
231501,161,154,76,15
231502,161,154,77,15
231503,161,154,78,15
231504,161,154,79,15
231505,161,154,80,15
231506,161,155,50,8
231507,161,155,51,8
231508,161,155,52,8
231509,161,155,53,10
231510,161,155,54,10
231511,161,155,55,10
231512,161,155,56,10
231513,161,155,57,10
231514,161,155,58,10
231515,161,155,59,10
231516,161,155,60,6
231517,161,155,61,6
231518,161,155,62,10
231519,161,155,63,8
231520,161,155,64,2
231521,161,155,65,2
231522,161,155,66,2
231523,161,155,67,2
231524,161,155,68,2
231525,161,155,69,2
231526,161,155,70,2
231527,161,155,71,15
231528,161,155,72,15
231529,161,155,73,15
231530,161,155,74,15
231531,161,155,75,15
231532,161,155,76,15
231533,161,155,77,15
231534,161,155,78,15
231535,161,155,79,15
231536,161,156,50,3
231537,161,156,51,8
231538,161,156,52,8
231539,161,156,53,8
231540,161,156,54,10
231541,161,156,55,10
231542,161,156,56,6
231543,161,156,57,6
231544,161,156,58,10
231545,161,156,59,10
231546,161,156,60,3
231547,161,156,61,10
231548,161,156,62,8
231549,161,156,63,8
231550,161,156,64,2
231551,161,156,65,2
231552,161,156,66,2
231553,161,156,67,2
231554,161,156,68,2
231555,161,156,69,2
231556,161,156,70,15
231557,161,156,71,15
231558,161,156,72,15
231559,161,156,73,15
231560,161,156,74,15
231561,161,156,75,15
231562,161,156,76,15
231563,161,156,77,15
231564,161,157,51,8
231565,161,157,52,8
231566,161,157,53,8
231567,161,157,54,10
231568,161,157,55,10
231569,161,157,56,6
231570,161,157,57,10
231571,161,157,58,10
231572,161,157,59,10
231573,161,157,60,8
231574,161,157,61,8
231575,161,157,62,8
231576,161,157,63,8
231577,161,157,64,2
231578,161,157,65,2
231579,161,157,66,2
231580,161,157,67,2
231581,161,157,68,2
231582,161,157,69,15
231583,161,157,70,15
231584,161,157,71,15
231585,161,157,72,15
231586,161,157,73,15
231587,161,157,74,15
231588,161,157,75,15
231589,161,157,76,15
231590,161,157,77,15
231591,161,158,52,8
231592,161,158,53,8
231593,161,158,54,10
231594,161,158,55,10
231595,161,158,56,10
231596,161,158,57,10
231597,161,158,58,10
231598,161,158,59,8
231599,161,158,60,8
231600,161,158,61,8
231601,161,158,62,8
231602,161,158,63,2
231603,161,158,64,2
231604,161,158,65,2
231605,161,158,66,2
231606,161,158,67,2
231607,161,158,68,2
231608,161,158,69,15
231609,161,158,70,15
231610,161,158,71,15
231611,161,158,72,15
231612,161,158,73,15
231613,161,158,74,15
231614,161,158,75,15
231615,161,158,76,15
231616,161,158,77,15
231617,161,159,52,3
231618,161,159,53,8
231619,161,159,54,8
231620,161,159,55,10
231621,161,159,56,10
231622,161,159,57,10
231623,161,159,58,8
231624,161,159,59,8
231625,161,159,60,8
231626,161,159,61,3
231627,161,159,62,3
231628,161,159,63,2
231629,161,159,64,2
231630,161,159,65,2
231631,161,159,66,2
231632,161,159,67,2
231633,161,159,68,15
231634,161,159,69,15
231635,161,159,70,15
231636,161,159,71,15
231637,161,159,72,15
231638,161,159,73,15
231639,161,159,74,15
231640,161,160,53,3
231641,161,160,54,3
231642,161,160,55,8
231643,161,160,56,10
231644,161,160,57,8
231645,161,160,58,8
231646,161,160,59,8
231647,161,160,60,8
231648,161,160,61,3
231649,161,160,62,3
231650,161,160,63,15
231651,161,160,64,2
231652,161,160,65,2
231653,161,160,66,2
231654,161,160,67,15
231655,161,160,68,15
231656,161,160,69,15
231657,161,160,70,15
231658,161,160,71,15
231659,161,160,72,15
231660,161,160,73,15
231661,161,161,54,3
231662,161,161,55,3
231663,161,161,56,3
231664,161,161,57,3
231665,161,161,58,3
231666,161,161,59,3
231667,161,161,60,3
231668,161,161,61,15
231669,161,161,62,15
231670,161,161,63,15
231671,161,161,64,15
231672,161,161,65,15
231673,161,161,66,12
231674,161,161,67,15
231675,161,161,68,15
231676,161,161,69,15
231677,161,161,70,15
231678,161,161,71,15
231679,161,161,72,15
231680,161,161,73,15
231681,161,162,53,3
231682,161,162,54,3
231683,161,162,55,3
231684,161,162,56,3
231685,161,162,57,3
231686,161,162,58,3
231687,161,162,59,3
231688,161,162,60,3
231689,161,162,61,15
231690,161,162,62,3
231691,161,162,63,3
231692,161,162,64,3
231693,161,162,65,3
231694,161,162,66,15
231695,161,162,67,15
231696,161,162,68,15
231697,161,162,69,15
231698,161,162,70,15
231699,161,162,71,15
231700,161,162,72,15
231701,161,163,56,3
231702,161,163,57,3
231703,161,163,58,3
231704,161,163,59,3
231705,161,163,60,3
231706,161,163,61,3
231707,161,163,62,3
231708,161,163,63,3
231709,161,163,64,3
231710,161,163,65,3
231711,161,163,66,3
231712,161,163,67,15
231713,161,163,68,15
231714,161,163,69,15
231715,161,163,70,15
231716,161,163,71,15
231717,161,163,72,15
231718,161,164,57,3
231719,161,164,58,3
231720,161,164,59,3
231721,161,164,60,3
231722,161,164,61,3
231723,161,164,62,3
231724,161,164,63,3
231725,161,164,64,3
231726,161,164,65,3
231727,161,164,66,3
231728,161,164,67,3
231729,161,164,68,15
231730,161,164,69,15
231731,161,164,70,15
231732,161,164,71,15
231733,161,164,72,15
231734,161,165,58,3
231735,161,165,59,3
231736,161,165,60,3
231737,161,165,61,3
231738,161,165,62,13
231739,161,165,63,13
231740,161,165,64,13
231741,161,165,65,3
231742,161,165,66,3
231743,161,165,67,3
231744,161,165,68,12
231745,161,165,69,15
231746,161,165,70,15
231747,161,165,71,15
231748,161,166,60,3
231749,161,166,61,13
231750,161,166,62,13
231751,161,166,63,13
231752,161,166,64,13
231753,161,166,65,3
231754,161,166,66,13
231755,161,166,67,13
231756,161,166,68,12
231757,161,166,69,15
231758,161,166,70,15
231759,161,167,60,13
231760,161,167,61,13
231761,161,167,62,13
231762,161,167,63,13
231763,161,167,64,13
231764,161,167,65,13
231765,161,167,66,13
231766,161,167,67,13
231767,161,167,68,15
231768,161,167,69,15
231769,161,167,70,15
231770,161,168,59,3
231771,161,168,60,13
231772,161,168,61,13
231773,161,168,62,13
231774,161,168,63,13
231775,161,168,64,13
231776,161,168,65,13
231777,161,168,66,13
231778,161,168,67,15
231779,161,168,68,15
231780,161,168,69,15
231781,161,168,70,15
231782,161,169,59,3
231783,161,169,60,3
231784,161,169,61,3
231785,161,169,62,13
231786,161,169,63,13
231787,161,169,64,13
231788,161,169,65,13
231789,161,169,66,13
231790,161,169,67,15
231791,161,169,68,15
231792,161,169,69,15
231793,161,169,70,15
231794,161,170,65,3
231795,161,170,66,3
231796,161,170,67,15
231797,162,113,51,9
231798,162,113,52,9
231799,162,113,53,9
231800,162,113,54,9
231801,162,113,55,9
231802,162,113,56,16
231803,162,113,57,16
231804,162,114,50,9
231805,162,114,51,9
231806,162,114,52,9
231807,162,114,53,9
231808,162,114,54,9
231809,162,114,55,9
231810,162,114,56,16
231811,162,114,57,16
231812,162,114,58,16
231813,162,115,50,9
231814,162,115,51,9
231815,162,115,52,9
231816,162,115,53,9
231817,162,115,54,9
231818,162,115,55,9
231819,162,115,56,9
231820,162,115,57,16
231821,162,115,58,16
231822,162,115,59,16
231823,162,115,60,16
231824,162,115,61,9
231825,162,115,62,4
231826,162,115,63,7
231827,162,116,49,9
231828,162,116,50,9
231829,162,116,51,9
231830,162,116,52,4
231831,162,116,53,9
231832,162,116,54,9
231833,162,116,55,9
231834,162,116,56,9
231835,162,116,57,9
231836,162,116,58,16
231837,162,116,59,16
231838,162,116,60,16
231839,162,116,61,9
231840,162,116,62,9
231841,162,116,63,4
231842,162,117,48,9
231843,162,117,49,9
231844,162,117,50,9
231845,162,117,51,9
231846,162,117,52,4
231847,162,117,53,4
231848,162,117,54,4
231849,162,117,55,9
231850,162,117,56,9
231851,162,117,57,5
231852,162,117,58,5
231853,162,117,59,16
231854,162,117,60,16
231855,162,117,61,16
231856,162,117,62,9
231857,162,117,63,4
231858,162,117,64,4
231859,162,118,48,9
231860,162,118,49,9
231861,162,118,50,9
231862,162,118,51,9
231863,162,118,52,4
231864,162,118,53,4
231865,162,118,54,4
231866,162,118,55,4
231867,162,118,56,4
231868,162,118,57,5
231869,162,118,58,5
231870,162,118,59,5
231871,162,118,60,16
231872,162,118,61,16
231873,162,118,62,16
231874,162,118,63,9
231875,162,118,64,9
231876,162,119,49,9
231877,162,119,50,9
231878,162,119,51,9
231879,162,119,52,4
231880,162,119,53,4
231881,162,119,54,4
231882,162,119,55,4
231883,162,119,56,4
231884,162,119,57,4
231885,162,119,58,4
231886,162,119,59,5
231887,162,119,60,5
231888,162,119,61,5
231889,162,119,62,16
231890,162,119,63,9
231891,162,119,64,9
231892,162,119,65,16
231893,162,119,66,16
231894,162,120,49,9
231895,162,120,50,9
231896,162,120,51,9
231897,162,120,52,9
231898,162,120,53,4
231899,162,120,54,4
231900,162,120,55,4
231901,162,120,56,4
231902,162,120,57,4
231903,162,120,58,4
231904,162,120,59,4
231905,162,120,60,4
231906,162,120,61,5
231907,162,120,62,5
231908,162,120,63,5
231909,162,120,64,16
231910,162,120,65,16
231911,162,120,66,16
231912,162,121,45,9
231913,162,121,50,9
231914,162,121,51,9
231915,162,121,52,9
231916,162,121,53,9
231917,162,121,54,4
231918,162,121,55,4
231919,162,121,56,4
231920,162,121,57,4
231921,162,121,58,4
231922,162,121,59,4
231923,162,121,60,4
231924,162,121,61,4
231925,162,121,62,5
231926,162,121,63,5
231927,162,121,64,5
231928,162,121,65,16
231929,162,121,66,16
231930,162,121,67,16
231931,162,121,68,9
231932,162,122,50,9
231933,162,122,51,9
231934,162,122,52,9
231935,162,122,53,9
231936,162,122,54,4
231937,162,122,55,4
231938,162,122,56,4
231939,162,122,57,4
231940,162,122,58,4
231941,162,122,59,4
231942,162,122,60,4
231943,162,122,61,4
231944,162,122,62,4
231945,162,122,63,4
231946,162,122,64,5
231947,162,122,65,16
231948,162,122,66,16
231949,162,122,67,16
231950,162,122,68,5
231951,162,122,69,4
231952,162,123,44,9
231953,162,123,49,16
231954,162,123,50,16
231955,162,123,51,9
231956,162,123,52,9
231957,162,123,53,9
231958,162,123,54,4
231959,162,123,55,4
231960,162,123,56,4
231961,162,123,57,4
231962,162,123,58,4
231963,162,123,59,4
231964,162,123,60,4
231965,162,123,61,4
231966,162,123,62,4
231967,162,123,63,4
231968,162,123,64,5
231969,162,123,65,5
231970,162,123,66,16
231971,162,123,67,16
231972,162,123,68,16
231973,162,123,69,9
231974,162,124,44,9
231975,162,124,47,14
231976,162,124,48,14
231977,162,124,49,14
231978,162,124,50,14
231979,162,124,51,9
231980,162,124,52,9
231981,162,124,53,9
231982,162,124,54,4
231983,162,124,55,4
231984,162,124,56,4
231985,162,124,57,4
231986,162,124,58,4
231987,162,124,59,4
231988,162,124,60,4
231989,162,124,61,4
231990,162,124,62,4
231991,162,124,63,4
231992,162,124,64,4
231993,162,124,65,5
231994,162,124,66,5
231995,162,124,67,16
231996,162,124,68,16
231997,162,124,69,5
231998,162,124,70,4
231999,162,125,44,9
232000,162,125,45,9
232001,162,125,46,14
232002,162,125,47,14
232003,162,125,48,14
232004,162,125,49,14
232005,162,125,50,14
232006,162,125,51,14
232007,162,125,52,9
232008,162,125,53,9
232009,162,125,54,4
232010,162,125,55,4
232011,162,125,56,4
232012,162,125,57,4
232013,162,125,58,4
232014,162,125,59,4
232015,162,125,60,4
232016,162,125,61,4
232017,162,125,62,4
232018,162,125,63,4
232019,162,125,64,4
232020,162,125,65,4
232021,162,125,66,5
232022,162,125,67,5
232023,162,125,68,16
232024,162,125,69,16
232025,162,125,70,5
232026,162,126,45,9
232027,162,126,46,14
232028,162,126,47,14
232029,162,126,48,14
232030,162,126,49,14
232031,162,126,50,14
232032,162,126,51,14
232033,162,126,52,9
232034,162,126,53,9
232035,162,126,54,4
232036,162,126,55,4
232037,162,126,56,4
232038,162,126,57,4
232039,162,126,58,4
232040,162,126,59,4
232041,162,126,60,4
232042,162,126,61,4
232043,162,126,62,4
232044,162,126,63,4
232045,162,126,64,4
232046,162,126,65,4
232047,162,126,66,4
232048,162,126,67,5
232049,162,126,68,16
232050,162,126,69,16
232051,162,126,70,9
232052,162,126,71,5
232053,162,127,45,9
232054,162,127,46,14
232055,162,127,47,14
232056,162,127,48,14
232057,162,127,49,14
232058,162,127,50,14
232059,162,127,51,14
232060,162,127,52,9
232061,162,127,53,9
232062,162,127,54,4
232063,162,127,55,4
232064,162,127,56,4
232065,162,127,57,4
232066,162,127,58,4
232067,162,127,59,4
232068,162,127,60,4
232069,162,127,61,4
232070,162,127,62,4
232071,162,127,63,4
232072,162,127,64,4
232073,162,127,65,4
232074,162,127,66,4
232075,162,127,67,5
232076,162,127,68,5
232077,162,127,69,16
232078,162,127,70,16
232079,162,127,71,5
232080,162,128,47,14
232081,162,128,48,14
232082,162,128,49,14
232083,162,128,50,14
232084,162,128,51,14
232085,162,128,52,9
232086,162,128,53,9
232087,162,128,54,4
232088,162,128,55,4
232089,162,128,56,4
232090,162,128,57,4
232091,162,128,58,4
232092,162,128,59,4
232093,162,128,60,4
232094,162,128,61,4
232095,162,128,62,4
232096,162,128,63,4
232097,162,128,64,4
232098,162,128,65,4
232099,162,128,66,4
232100,162,128,67,4
232101,162,128,68,5
232102,162,128,69,5
232103,162,128,70,16
232104,162,128,71,16
232105,162,128,72,5
232106,162,129,48,14
232107,162,129,49,14
232108,162,129,50,14
232109,162,129,51,14
232110,162,129,52,9
232111,162,129,53,5
232112,162,129,54,4
232113,162,129,55,4
232114,162,129,56,4
232115,162,129,57,4
232116,162,129,58,4
232117,162,129,59,4
232118,162,129,60,4
232119,162,129,61,4
232120,162,129,62,4
232121,162,129,63,4
232122,162,129,64,4
232123,162,129,65,4
232124,162,129,66,4
232125,162,129,67,4
232126,162,129,68,5
232127,162,129,69,5
232128,162,129,70,16
232129,162,129,71,16
232130,162,129,72,16
232131,162,130,50,14
232132,162,130,51,14
232133,162,130,52,9
232134,162,130,53,4
232135,162,130,54,4
232136,162,130,55,4
232137,162,130,56,4
232138,162,130,57,4
232139,162,130,58,4
232140,162,130,59,4
232141,162,130,60,4
232142,162,130,61,4
232143,162,130,62,4
232144,162,130,63,4
232145,162,130,64,4
232146,162,130,65,4
232147,162,130,66,4
232148,162,130,67,4
232149,162,130,68,5
232150,162,130,69,5
232151,162,130,70,5
232152,162,130,71,16
232153,162,130,72,16
232154,162,130,73,16
232155,162,131,50,14
232156,162,131,51,9
232157,162,131,52,9
232158,162,131,53,4
232159,162,131,54,4
232160,162,131,55,4
232161,162,131,56,4
232162,162,131,57,4
232163,162,131,58,4
232164,162,131,59,4
232165,162,131,60,4
232166,162,131,61,4
232167,162,131,62,4
232168,162,131,63,4
232169,162,131,64,4
232170,162,131,65,4
232171,162,131,66,4
232172,162,131,67,4
232173,162,131,68,12
232174,162,131,69,5
232175,162,131,70,5
232176,162,131,71,5
232177,162,131,72,16
232178,162,131,73,16
232179,162,132,49,14
232180,162,132,50,14
232181,162,132,51,9
232182,162,132,52,5
232183,162,132,53,4
232184,162,132,54,4
232185,162,132,55,4
232186,162,132,56,4
232187,162,132,57,4
232188,162,132,58,4
232189,162,132,59,4
232190,162,132,60,4
232191,162,132,61,4
232192,162,132,62,4
232193,162,132,63,4
232194,162,132,64,4
232195,162,132,65,4
232196,162,132,66,4
232197,162,132,67,4
232198,162,132,68,12
232199,162,132,69,5
232200,162,132,70,5
232201,162,132,71,5
232202,162,132,72,16
232203,162,132,73,16
232204,162,132,74,16
232205,162,133,49,14
232206,162,133,50,14
232207,162,133,51,5
232208,162,133,52,5
232209,162,133,53,9
232210,162,133,54,4
232211,162,133,55,4
232212,162,133,56,4
232213,162,133,57,4
232214,162,133,58,4
232215,162,133,59,4
232216,162,133,60,4
232217,162,133,61,4
232218,162,133,62,4
232219,162,133,63,4
232220,162,133,64,4
232221,162,133,65,4
232222,162,133,66,4
232223,162,133,67,5
232224,162,133,68,5
232225,162,133,69,5
232226,162,133,70,5
232227,162,133,71,5
232228,162,133,72,5
232229,162,133,73,16
232230,162,133,74,16
232231,162,134,49,14
232232,162,134,50,14
232233,162,134,51,9
232234,162,134,52,9
232235,162,134,53,5
232236,162,134,54,8
232237,162,134,55,8
232238,162,134,56,8
232239,162,134,57,8
232240,162,134,58,8
232241,162,134,59,5
232242,162,134,60,4
232243,162,134,61,4
232244,162,134,62,4
232245,162,134,63,4
232246,162,134,64,4
232247,162,134,65,4
232248,162,134,66,4
232249,162,134,67,4
232250,162,134,68,5
232251,162,134,69,5
232252,162,134,70,5
232253,162,134,71,5
232254,162,134,72,5
232255,162,134,73,5
232256,162,134,74,16
232257,162,135,49,14
232258,162,135,50,14
232259,162,135,51,8
232260,162,135,52,8
232261,162,135,53,8
232262,162,135,54,8
232263,162,135,55,8
232264,162,135,56,8
232265,162,135,57,8
232266,162,135,58,8
232267,162,135,59,8
232268,162,135,60,8
232269,162,135,61,5
232270,162,135,62,4
232271,162,135,63,12
232272,162,135,64,12
232273,162,135,65,12
232274,162,135,66,4
232275,162,135,67,4
232276,162,135,68,12
232277,162,135,69,12
232278,162,135,70,12
232279,162,135,71,5
232280,162,135,72,5
232281,162,135,73,5
232282,162,135,74,2
232283,162,136,49,14
232284,162,136,50,8
232285,162,136,51,8
232286,162,136,52,8
232287,162,136,53,8
232288,162,136,54,8
232289,162,136,55,8
232290,162,136,56,8
232291,162,136,57,8
232292,162,136,58,8
232293,162,136,59,8
232294,162,136,60,8
232295,162,136,61,8
232296,162,136,62,5
232297,162,136,63,12
232298,162,136,64,12
232299,162,136,65,12
232300,162,136,66,12
232301,162,136,67,12
232302,162,136,68,12
232303,162,136,69,12
232304,162,136,70,12
232305,162,136,71,12
232306,162,136,72,12
232307,162,136,73,12
232308,162,136,74,2
232309,162,136,75,2
232310,162,136,76,16
232311,162,137,47,14
232312,162,137,48,14
232313,162,137,49,8
232314,162,137,50,8
232315,162,137,51,8
232316,162,137,52,8
232317,162,137,53,10
232318,162,137,54,10
232319,162,137,55,10
232320,162,137,56,10
232321,162,137,57,10
232322,162,137,58,8
232323,162,137,59,8
232324,162,137,60,8
232325,162,137,61,8
232326,162,137,62,8
232327,162,137,63,5
232328,162,137,64,12
232329,162,137,65,12
232330,162,137,66,12
232331,162,137,67,12
232332,162,137,68,12
232333,162,137,69,12
232334,162,137,70,12
232335,162,137,71,12
232336,162,137,72,12
232337,162,137,73,12
232338,162,137,74,12
232339,162,137,75,2
232340,162,137,76,16
232341,162,138,46,14
232342,162,138,47,14
232343,162,138,48,14
232344,162,138,49,8
232345,162,138,50,8
232346,162,138,51,10
232347,162,138,52,10
232348,162,138,53,6
232349,162,138,54,6
232350,162,138,55,6
232351,162,138,56,6
232352,162,138,57,6
232353,162,138,58,6
232354,162,138,59,10
232355,162,138,60,8
232356,162,138,61,8
232357,162,138,62,8
232358,162,138,63,5
232359,162,138,64,5
232360,162,138,65,12
232361,162,138,66,12
232362,162,138,67,12
232363,162,138,68,12
232364,162,138,69,12
232365,162,138,70,12
232366,162,138,71,12
232367,162,138,72,12
232368,162,138,73,12
232369,162,138,74,12
232370,162,138,75,2
232371,162,138,76,16
232372,162,139,45,9
232373,162,139,46,9
232374,162,139,47,14
232375,162,139,48,8
232376,162,139,49,8
232377,162,139,50,8
232378,162,139,51,10
232379,162,139,52,6
232380,162,139,53,6
232381,162,139,54,6
232382,162,139,55,6
232383,162,139,56,6
232384,162,139,57,6
232385,162,139,58,6
232386,162,139,59,10
232387,162,139,60,10
232388,162,139,61,8
232389,162,139,62,8
232390,162,139,63,8
232391,162,139,64,5
232392,162,139,65,12
232393,162,139,66,12
232394,162,139,67,12
232395,162,139,68,12
232396,162,139,69,12
232397,162,139,70,12
232398,162,139,71,12
232399,162,139,72,12
232400,162,139,73,12
232401,162,139,74,15
232402,162,139,75,15
232403,162,139,76,16
232404,162,140,44,11
232405,162,140,45,9
232406,162,140,46,9
232407,162,140,47,9
232408,162,140,48,8
232409,162,140,49,8
232410,162,140,50,10
232411,162,140,51,6
232412,162,140,52,7
232413,162,140,53,7
232414,162,140,54,7
232415,162,140,55,7
232416,162,140,56,6
232417,162,140,57,6
232418,162,140,58,6
232419,162,140,59,6
232420,162,140,60,6
232421,162,140,61,10
232422,162,140,62,8
232423,162,140,63,8
232424,162,140,64,5
232425,162,140,65,12
232426,162,140,66,12
232427,162,140,67,12
232428,162,140,68,12
232429,162,140,69,5
232430,162,140,70,12
232431,162,140,71,12
232432,162,140,72,12
232433,162,140,73,12
232434,162,140,74,15
232435,162,140,75,15
232436,162,140,76,16
232437,162,140,77,16
232438,162,141,43,14
232439,162,141,44,11
232440,162,141,45,9
232441,162,141,46,8
232442,162,141,47,8
232443,162,141,48,8
232444,162,141,49,8
232445,162,141,50,6
232446,162,141,51,6
232447,162,141,52,7
232448,162,141,53,7
232449,162,141,54,7
232450,162,141,55,7
232451,162,141,56,7
232452,162,141,57,6
232453,162,141,58,6
232454,162,141,59,6
232455,162,141,60,6
232456,162,141,61,10
232457,162,141,62,8
232458,162,141,63,8
232459,162,141,64,8
232460,162,141,65,12
232461,162,141,66,12
232462,162,141,67,12
232463,162,141,68,12
232464,162,141,69,12
232465,162,141,70,12
232466,162,141,71,12
232467,162,141,72,12
232468,162,141,73,12
232469,162,141,74,12
232470,162,141,75,15
232471,162,141,76,16
232472,162,141,77,16
232473,162,142,42,14
232474,162,142,43,14
232475,162,142,44,14
232476,162,142,45,11
232477,162,142,46,8
232478,162,142,47,8
232479,162,142,48,8
232480,162,142,49,10
232481,162,142,50,10
232482,162,142,51,7
232483,162,142,52,7
232484,162,142,53,7
232485,162,142,54,7
232486,162,142,55,7
232487,162,142,56,7
232488,162,142,57,7
232489,162,142,58,6
232490,162,142,59,6
232491,162,142,60,6
232492,162,142,61,10
232493,162,142,62,8
232494,162,142,63,8
232495,162,142,64,8
232496,162,142,65,12
232497,162,142,66,12
232498,162,142,67,12
232499,162,142,68,12
232500,162,142,69,12
232501,162,142,70,12
232502,162,142,71,12
232503,162,142,72,12
232504,162,142,73,12
232505,162,142,74,12
232506,162,142,75,15
232507,162,142,76,16
232508,162,142,77,16
232509,162,143,42,14
232510,162,143,43,14
232511,162,143,44,14
232512,162,143,45,8
232513,162,143,46,8
232514,162,143,47,8
232515,162,143,48,8
232516,162,143,49,10
232517,162,143,50,10
232518,162,143,51,7
232519,162,143,52,7
232520,162,143,53,7
232521,162,143,54,7
232522,162,143,55,7
232523,162,143,56,7
232524,162,143,57,7
232525,162,143,58,7
232526,162,143,59,6
232527,162,143,60,6
232528,162,143,61,10
232529,162,143,62,3
232530,162,143,63,8
232531,162,143,64,8
232532,162,143,65,12
232533,162,143,66,12
232534,162,143,67,12
232535,162,143,68,12
232536,162,143,69,12
232537,162,143,70,12
232538,162,143,71,12
232539,162,143,72,12
232540,162,143,73,12
232541,162,143,74,12
232542,162,143,75,15
232543,162,143,76,15
232544,162,143,77,16
232545,162,144,42,14
232546,162,144,43,14
232547,162,144,44,14
232548,162,144,45,8
232549,162,144,46,8
232550,162,144,47,8
232551,162,144,48,8
232552,162,144,49,10
232553,162,144,50,10
232554,162,144,51,7
232555,162,144,52,7
232556,162,144,53,7
232557,162,144,54,7
232558,162,144,55,7
232559,162,144,56,7
232560,162,144,57,7
232561,162,144,58,7
232562,162,144,59,6
232563,162,144,60,6
232564,162,144,61,3
232565,162,144,62,3
232566,162,144,63,8
232567,162,144,64,10
232568,162,144,65,12
232569,162,144,66,12
232570,162,144,67,12
232571,162,144,68,12
232572,162,144,69,12
232573,162,144,70,12
232574,162,144,71,5
232575,162,144,72,5
232576,162,144,73,12
232577,162,144,74,12
232578,162,144,75,15
232579,162,144,76,15
232580,162,144,77,16
232581,162,144,78,16
232582,162,145,41,14
232583,162,145,42,14
232584,162,145,43,14
232585,162,145,44,14
232586,162,145,45,8
232587,162,145,46,8
232588,162,145,47,8
232589,162,145,48,8
232590,162,145,49,10
232591,162,145,50,10
232592,162,145,51,7
232593,162,145,52,7
232594,162,145,53,7
232595,162,145,54,7
232596,162,145,55,7
232597,162,145,56,7
232598,162,145,57,7
232599,162,145,58,7
232600,162,145,59,6
232601,162,145,60,6
232602,162,145,61,3
232603,162,145,62,10
232604,162,145,63,8
232605,162,145,64,10
232606,162,145,65,10
232607,162,145,66,12
232608,162,145,67,12
232609,162,145,68,12
232610,162,145,69,12
232611,162,145,70,12
232612,162,145,71,12
232613,162,145,72,5
232614,162,145,73,12
232615,162,145,74,12
232616,162,145,75,15
232617,162,145,76,15
232618,162,145,77,16
232619,162,145,78,16
232620,162,146,41,14
232621,162,146,42,14
232622,162,146,43,14
232623,162,146,44,8
232624,162,146,45,8
232625,162,146,46,8
232626,162,146,47,8
232627,162,146,48,10
232628,162,146,49,10
232629,162,146,50,10
232630,162,146,51,7
232631,162,146,52,7
232632,162,146,53,7
232633,162,146,54,7
232634,162,146,55,7
232635,162,146,56,7
232636,162,146,57,7
232637,162,146,58,7
232638,162,146,59,6
232639,162,146,60,6
232640,162,146,61,6
232641,162,146,62,3
232642,162,146,63,10
232643,162,146,64,8
232644,162,146,65,10
232645,162,146,66,12
232646,162,146,67,12
232647,162,146,68,12
232648,162,146,69,2
232649,162,146,70,15
232650,162,146,71,12
232651,162,146,72,12
232652,162,146,73,12
232653,162,146,74,15
232654,162,146,75,15
232655,162,146,76,15
232656,162,146,77,15
232657,162,146,78,16
232658,162,147,40,11
232659,162,147,41,11
232660,162,147,42,14
232661,162,147,43,8
232662,162,147,44,8
232663,162,147,45,8
232664,162,147,46,8
232665,162,147,47,8
232666,162,147,48,10
232667,162,147,49,10
232668,162,147,50,10
232669,162,147,51,7
232670,162,147,52,7
232671,162,147,53,7
232672,162,147,54,7
232673,162,147,55,7
232674,162,147,56,7
232675,162,147,57,7
232676,162,147,58,7
232677,162,147,59,7
232678,162,147,60,6
232679,162,147,61,6
232680,162,147,62,6
232681,162,147,63,10
232682,162,147,64,8
232683,162,147,65,10
232684,162,147,66,12
232685,162,147,67,12
232686,162,147,68,2
232687,162,147,69,2
232688,162,147,70,15
232689,162,147,71,12
232690,162,147,72,12
232691,162,147,73,12
232692,162,147,74,15
232693,162,147,75,15
232694,162,147,76,15
232695,162,147,77,15
232696,162,147,78,16
232697,162,148,40,11
232698,162,148,41,11
232699,162,148,42,8
232700,162,148,43,8
232701,162,148,44,8
232702,162,148,45,8
232703,162,148,46,8
232704,162,148,47,10
232705,162,148,48,10
232706,162,148,49,10
232707,162,148,50,10
232708,162,148,51,7
232709,162,148,52,7
232710,162,148,53,7
232711,162,148,54,7
232712,162,148,55,7
232713,162,148,56,7
232714,162,148,57,7
232715,162,148,58,7
232716,162,148,59,7
232717,162,148,60,6
232718,162,148,61,10
232719,162,148,62,8
232720,162,148,63,8
232721,162,148,64,8
232722,162,148,65,8
232723,162,148,66,12
232724,162,148,67,12
232725,162,148,68,2
232726,162,148,69,2
232727,162,148,70,2
232728,162,148,71,12
232729,162,148,72,15
232730,162,148,73,12
232731,162,148,74,15
232732,162,148,75,15
232733,162,148,76,15
232734,162,148,77,15
232735,162,148,78,15
232736,162,149,40,14
232737,162,149,41,8
232738,162,149,42,8
232739,162,149,43,8
232740,162,149,44,8
232741,162,149,45,8
232742,162,149,46,8
232743,162,149,47,10
232744,162,149,48,10
232745,162,149,49,10
232746,162,149,50,7
232747,162,149,51,7
232748,162,149,52,7
232749,162,149,53,7
232750,162,149,54,7
232751,162,149,55,7
232752,162,149,56,7
232753,162,149,57,7
232754,162,149,58,7
232755,162,149,59,6
232756,162,149,60,6
232757,162,149,61,10
232758,162,149,62,8
232759,162,149,63,8
232760,162,149,64,8
232761,162,149,65,8
232762,162,149,66,12
232763,162,149,67,12
232764,162,149,68,2
232765,162,149,69,2
232766,162,149,70,15
232767,162,149,71,15
232768,162,149,72,15
232769,162,149,73,15
232770,162,149,74,15
232771,162,149,75,15
232772,162,149,76,15
232773,162,149,77,15
232774,162,149,78,15
232775,162,149,79,15
232776,162,150,40,14
232777,162,150,41,8
232778,162,150,42,8
232779,162,150,43,8
232780,162,150,44,8
232781,162,150,45,10
232782,162,150,46,8
232783,162,150,47,10
232784,162,150,48,10
232785,162,150,49,10
232786,162,150,50,7
232787,162,150,51,7
232788,162,150,52,7
232789,162,150,53,7
232790,162,150,54,7
232791,162,150,55,7
232792,162,150,56,7
232793,162,150,57,7
232794,162,150,58,7
232795,162,150,59,6
232796,162,150,60,6
232797,162,150,61,10
232798,162,150,62,6
232799,162,150,63,3
232800,162,150,64,8
232801,162,150,65,8
232802,162,150,66,15
232803,162,150,67,2
232804,162,150,68,2
232805,162,150,69,2
232806,162,150,70,15
232807,162,150,71,15
232808,162,150,72,15
232809,162,150,73,15
232810,162,150,74,15
232811,162,150,75,15
232812,162,150,76,15
232813,162,150,77,15
232814,162,150,78,15
232815,162,150,79,15
232816,162,150,80,15
232817,162,151,41,8
232818,162,151,42,8
232819,162,151,43,8
232820,162,151,44,10
232821,162,151,45,10
232822,162,151,46,8
232823,162,151,47,8
232824,162,151,48,10
232825,162,151,49,10
232826,162,151,50,10
232827,162,151,51,6
232828,162,151,52,7
232829,162,151,53,10
232830,162,151,54,7
232831,162,151,55,7
232832,162,151,56,7
232833,162,151,57,7
232834,162,151,58,7
232835,162,151,59,6
232836,162,151,60,6
232837,162,151,61,6
232838,162,151,62,6
232839,162,151,63,5
232840,162,151,64,8
232841,162,151,65,8
232842,162,151,66,2
232843,162,151,67,2
232844,162,151,68,2
232845,162,151,69,2
232846,162,151,70,15
232847,162,151,71,15
232848,162,151,72,15
232849,162,151,73,15
232850,162,151,74,15
232851,162,151,75,15
232852,162,151,76,15
232853,162,151,77,15
232854,162,151,78,15
232855,162,151,79,15
232856,162,151,80,15
232857,162,151,81,16
232858,162,152,41,8
232859,162,152,42,8
232860,162,152,43,8
232861,162,152,44,8
232862,162,152,45,10
232863,162,152,46,8
232864,162,152,47,8
232865,162,152,48,8
232866,162,152,49,10
232867,162,152,50,10
232868,162,152,51,6
232869,162,152,52,6
232870,162,152,53,10
232871,162,152,54,10
232872,162,152,55,7
232873,162,152,56,7
232874,162,152,57,7
232875,162,152,58,7
232876,162,152,59,6
232877,162,152,60,6
232878,162,152,61,6
232879,162,152,62,6
232880,162,152,63,8
232881,162,152,64,8
232882,162,152,65,8
232883,162,152,66,2
232884,162,152,67,2
232885,162,152,68,2
232886,162,152,69,2
232887,162,152,70,15
232888,162,152,71,15
232889,162,152,72,15
232890,162,152,73,15
232891,162,152,74,15
232892,162,152,75,15
232893,162,152,76,15
232894,162,152,77,15
232895,162,152,78,15
232896,162,152,79,15
232897,162,152,80,15
232898,162,153,42,8
232899,162,153,43,8
232900,162,153,44,8
232901,162,153,45,8
232902,162,153,46,8
232903,162,153,47,8
232904,162,153,48,8
232905,162,153,49,10
232906,162,153,50,10
232907,162,153,51,10
232908,162,153,52,10
232909,162,153,53,10
232910,162,153,54,10
232911,162,153,55,6
232912,162,153,56,6
232913,162,153,57,6
232914,162,153,58,6
232915,162,153,59,6
232916,162,153,60,6
232917,162,153,61,6
232918,162,153,62,3
232919,162,153,63,8
232920,162,153,64,8
232921,162,153,65,2
232922,162,153,66,2
232923,162,153,67,2
232924,162,153,68,2
232925,162,153,69,2
232926,162,153,70,15
232927,162,153,71,15
232928,162,153,72,15
232929,162,153,73,15
232930,162,153,74,15
232931,162,153,75,15
232932,162,153,76,15
232933,162,153,77,15
232934,162,153,78,15
232935,162,153,79,15
232936,162,153,80,15
232937,162,154,40,14
232938,162,154,41,14
232939,162,154,43,3
232940,162,154,44,14
232941,162,154,45,14
232942,162,154,46,3
232943,162,154,47,10
232944,162,154,48,3
232945,162,154,49,10
232946,162,154,50,8
232947,162,154,51,10
232948,162,154,52,10
232949,162,154,53,10
232950,162,154,54,10
232951,162,154,55,6
232952,162,154,56,6
232953,162,154,57,6
232954,162,154,58,10
232955,162,154,59,10
232956,162,154,60,10
232957,162,154,61,6
232958,162,154,62,3
232959,162,154,63,8
232960,162,154,64,8
232961,162,154,65,2
232962,162,154,66,2
232963,162,154,67,2
232964,162,154,68,2
232965,162,154,69,2
232966,162,154,70,15
232967,162,154,71,15
232968,162,154,72,15
232969,162,154,73,15
232970,162,154,74,15
232971,162,154,75,15
232972,162,154,76,15
232973,162,154,77,15
232974,162,154,78,15
232975,162,154,79,15
232976,162,155,47,3
232977,162,155,48,3
232978,162,155,49,3
232979,162,155,50,8
232980,162,155,51,8
232981,162,155,52,10
232982,162,155,53,10
232983,162,155,54,10
232984,162,155,55,10
232985,162,155,56,6
232986,162,155,57,6
232987,162,155,58,10
232988,162,155,59,10
232989,162,155,60,10
232990,162,155,61,6
232991,162,155,62,8
232992,162,155,63,8
232993,162,155,64,2
232994,162,155,65,2
232995,162,155,66,2
232996,162,155,67,2
232997,162,155,68,2
232998,162,155,69,15
232999,162,155,70,15
233000,162,155,71,15
233001,162,155,72,15
233002,162,155,73,15
233003,162,155,74,15
233004,162,155,75,15
233005,162,155,76,15
233006,162,155,77,15
233007,162,156,48,3
233008,162,156,49,3
233009,162,156,50,8
233010,162,156,51,8
233011,162,156,52,8
233012,162,156,53,10
233013,162,156,54,10
233014,162,156,55,10
233015,162,156,56,6
233016,162,156,57,10
233017,162,156,58,10
233018,162,156,59,10
233019,162,156,60,10
233020,162,156,61,8
233021,162,156,62,8
233022,162,156,63,8
233023,162,156,64,2
233024,162,156,65,2
233025,162,156,66,2
233026,162,156,67,2
233027,162,156,68,2
233028,162,156,69,15
233029,162,156,70,15
233030,162,156,71,15
233031,162,156,72,15
233032,162,156,73,15
233033,162,156,74,15
233034,162,156,75,15
233035,162,157,49,3
233036,162,157,50,3
233037,162,157,51,8
233038,162,157,52,8
233039,162,157,53,10
233040,162,157,54,10
233041,162,157,55,10
233042,162,157,56,10
233043,162,157,57,10
233044,162,157,58,10
233045,162,157,59,10
233046,162,157,60,8
233047,162,157,61,8
233048,162,157,62,8
233049,162,157,63,2
233050,162,157,64,2
233051,162,157,65,2
233052,162,157,66,2
233053,162,157,67,2
233054,162,157,68,15
233055,162,157,69,15
233056,162,157,70,15
233057,162,157,71,15
233058,162,157,72,15
233059,162,157,73,15
233060,162,157,74,15
233061,162,158,51,3
233062,162,158,52,8
233063,162,158,53,8
233064,162,158,54,10
233065,162,158,55,10
233066,162,158,56,10
233067,162,158,57,10
233068,162,158,58,8
233069,162,158,59,8
233070,162,158,60,8
233071,162,158,61,8
233072,162,158,62,8
233073,162,158,63,2
233074,162,158,64,2
233075,162,158,65,2
233076,162,158,66,2
233077,162,158,67,15
233078,162,158,68,15
233079,162,158,69,15
233080,162,158,70,15
233081,162,158,71,15
233082,162,158,72,15
233083,162,158,73,15
233084,162,158,74,15
233085,162,159,52,3
233086,162,159,53,8
233087,162,159,54,8
233088,162,159,55,10
233089,162,159,56,10
233090,162,159,57,8
233091,162,159,58,8
233092,162,159,59,8
233093,162,159,60,8
233094,162,159,61,3
233095,162,159,62,3
233096,162,159,63,15
233097,162,159,64,2
233098,162,159,65,2
233099,162,159,66,2
233100,162,159,67,15
233101,162,159,68,15
233102,162,159,69,15
233103,162,159,70,15
233104,162,159,71,15
233105,162,159,72,15
233106,162,159,73,15
233107,162,159,74,15
233108,162,160,53,3
233109,162,160,54,3
233110,162,160,55,10
233111,162,160,56,10
233112,162,160,57,8
233113,162,160,58,8
233114,162,160,59,8
233115,162,160,60,3
233116,162,160,61,3
233117,162,160,62,15
233118,162,160,63,15
233119,162,160,64,15
233120,162,160,65,12
233121,162,160,66,12
233122,162,160,67,15
233123,162,160,68,15
233124,162,160,69,15
233125,162,160,70,15
233126,162,160,71,15
233127,162,160,72,15
233128,162,160,73,15
233129,162,161,54,3
233130,162,161,55,3
233131,162,161,56,3
233132,162,161,57,3
233133,162,161,58,3
233134,162,161,59,3
233135,162,161,60,3
233136,162,161,61,15
233137,162,161,62,15
233138,162,161,63,15
233139,162,161,64,3
233140,162,161,65,15
233141,162,161,66,12
233142,162,161,67,15
233143,162,161,68,15
233144,162,161,69,15
233145,162,161,70,15
233146,162,161,71,15
233147,162,161,72,15
233148,162,162,53,3
233149,162,162,54,3
233150,162,162,55,3
233151,162,162,56,3
233152,162,162,57,3
233153,162,162,58,3
233154,162,162,59,3
233155,162,162,60,3
233156,162,162,61,15
233157,162,162,62,3
233158,162,162,63,3
233159,162,162,64,3
233160,162,162,65,3
233161,162,162,66,15
233162,162,162,67,15
233163,162,162,68,15
233164,162,162,69,15
233165,162,162,70,15
233166,162,162,71,15
233167,162,162,72,15
233168,162,163,53,3
233169,162,163,54,3
233170,162,163,55,3
233171,162,163,56,3
233172,162,163,57,3
233173,162,163,58,3
233174,162,163,59,3
233175,162,163,60,3
233176,162,163,61,3
233177,162,163,62,3
233178,162,163,63,3
233179,162,163,64,3
233180,162,163,65,3
233181,162,163,66,15
233182,162,163,67,15
233183,162,163,68,15
233184,162,163,69,15
233185,162,163,70,15
233186,162,163,71,15
233187,162,164,55,3
233188,162,164,56,3
233189,162,164,57,3
233190,162,164,58,3
233191,162,164,59,3
233192,162,164,60,3
233193,162,164,61,3
233194,162,164,62,13
233195,162,164,63,13
233196,162,164,64,13
233197,162,164,65,3
233198,162,164,66,3
233199,162,164,67,15
233200,162,164,68,15
233201,162,164,69,15
233202,162,164,70,15
233203,162,164,71,15
233204,162,165,56,3
233205,162,165,57,3
233206,162,165,58,3
233207,162,165,59,3
233208,162,165,60,13
233209,162,165,61,13
233210,162,165,62,13
233211,162,165,63,13
233212,162,165,64,13
233213,162,165,65,13
233214,162,165,66,13
233215,162,165,67,13
233216,162,165,68,15
233217,162,165,69,15
233218,162,165,70,15
233219,162,166,58,3
233220,162,166,59,13
233221,162,166,60,13
233222,162,166,61,13
233223,162,166,62,13
233224,162,166,63,13
233225,162,166,64,13
233226,162,166,65,13
233227,162,166,66,13
233228,162,166,67,13
233229,162,166,68,12
233230,162,166,69,15
233231,162,166,70,15
233232,162,167,58,3
233233,162,167,59,13
233234,162,167,60,13
233235,162,167,61,13
233236,162,167,62,13
233237,162,167,63,13
233238,162,167,64,13
233239,162,167,65,13
233240,162,167,66,13
233241,162,167,67,13
233242,162,167,68,15
233243,162,167,69,15
233244,162,167,70,15
233245,162,168,58,3
233246,162,168,59,13
233247,162,168,60,13
233248,162,168,61,13
233249,162,168,62,13
233250,162,168,63,13
233251,162,168,64,13
233252,162,168,65,13
233253,162,168,66,13
233254,162,168,67,13
233255,162,168,68,15
233256,162,168,69,15
233257,162,169,58,3
233258,162,169,59,13
233259,162,169,60,13
233260,162,169,61,13
233261,162,169,62,13
233262,162,169,63,13
233263,162,169,64,13
233264,162,169,65,13
233265,162,169,66,13
233266,162,169,67,13
233267,162,169,68,15
233268,162,170,59,13
233269,162,170,60,13
233270,162,170,61,3
233271,162,170,62,15
233272,162,170,63,3
233273,162,170,64,13
233274,162,170,65,13
233275,162,170,66,13
233276,162,170,67,15
233277,163,113,51,9
233278,163,113,52,9
233279,163,113,53,9
233280,163,114,50,9
233281,163,114,51,9
233282,163,114,52,9
233283,163,114,53,9
233284,163,114,54,9
233285,163,114,55,9
233286,163,114,56,16
233287,163,114,57,16
233288,163,114,58,16
233289,163,114,62,7
233290,163,115,48,9
233291,163,115,49,9
233292,163,115,50,9
233293,163,115,51,9
233294,163,115,52,9
233295,163,115,53,9
233296,163,115,55,9
233297,163,115,56,9
233298,163,115,57,16
233299,163,115,58,16
233300,163,115,59,16
233301,163,115,60,16
233302,163,115,61,4
233303,163,115,62,4
233304,163,115,63,7
233305,163,116,48,9
233306,163,116,49,9
233307,163,116,50,9
233308,163,116,51,9
233309,163,116,52,9
233310,163,116,53,9
233311,163,116,55,9
233312,163,116,56,9
233313,163,116,57,9
233314,163,116,58,16
233315,163,116,59,16
233316,163,116,60,16
233317,163,116,61,9
233318,163,116,62,4
233319,163,116,63,4
233320,163,117,48,9
233321,163,117,49,9
233322,163,117,50,4
233323,163,117,51,4
233324,163,117,52,4
233325,163,117,53,9
233326,163,117,54,9
233327,163,117,55,9
233328,163,117,56,5
233329,163,117,57,5
233330,163,117,58,9
233331,163,117,59,16
233332,163,117,60,16
233333,163,117,61,16
233334,163,117,62,9
233335,163,117,63,9
233336,163,117,64,4
233337,163,118,47,9
233338,163,118,48,9
233339,163,118,49,9
233340,163,118,50,4
233341,163,118,51,4
233342,163,118,52,4
233343,163,118,54,4
233344,163,118,55,4
233345,163,118,56,4
233346,163,118,57,4
233347,163,118,58,5
233348,163,118,59,5
233349,163,118,60,16
233350,163,118,61,16
233351,163,118,62,9
233352,163,118,63,9
233353,163,118,64,9
233354,163,119,47,9
233355,163,119,48,9
233356,163,119,49,9
233357,163,119,50,9
233358,163,119,51,4
233359,163,119,52,4
233360,163,119,53,4
233361,163,119,54,4
233362,163,119,55,4
233363,163,119,56,4
233364,163,119,57,4
233365,163,119,58,4
233366,163,119,59,5
233367,163,119,60,5
233368,163,119,61,5
233369,163,119,62,5
233370,163,119,63,16
233371,163,119,64,16
233372,163,119,65,16
233373,163,119,66,5
233374,163,120,47,9
233375,163,120,48,9
233376,163,120,49,9
233377,163,120,50,9
233378,163,120,51,9
233379,163,120,52,4
233380,163,120,53,4
233381,163,120,54,4
233382,163,120,55,4
233383,163,120,56,4
233384,163,120,57,4
233385,163,120,58,4
233386,163,120,59,4
233387,163,120,60,4
233388,163,120,61,5
233389,163,120,62,5
233390,163,120,63,5
233391,163,120,64,16
233392,163,120,65,16
233393,163,120,66,16
233394,163,120,67,4
233395,163,120,68,4
233396,163,121,47,9
233397,163,121,48,9
233398,163,121,49,9
233399,163,121,50,9
233400,163,121,51,9
233401,163,121,52,9
233402,163,121,53,4
233403,163,121,54,4
233404,163,121,55,4
233405,163,121,56,4
233406,163,121,57,4
233407,163,121,58,4
233408,163,121,59,4
233409,163,121,60,4
233410,163,121,61,4
233411,163,121,62,5
233412,163,121,63,5
233413,163,121,64,5
233414,163,121,65,16
233415,163,121,66,16
233416,163,121,67,16
233417,163,121,68,4
233418,163,121,69,4
233419,163,122,43,9
233420,163,122,44,9
233421,163,122,47,9
233422,163,122,48,9
233423,163,122,49,9
233424,163,122,50,9
233425,163,122,51,9
233426,163,122,52,9
233427,163,122,53,4
233428,163,122,54,4
233429,163,122,55,4
233430,163,122,56,4
233431,163,122,57,4
233432,163,122,58,4
233433,163,122,59,4
233434,163,122,60,4
233435,163,122,61,4
233436,163,122,62,4
233437,163,122,63,4
233438,163,122,64,5
233439,163,122,65,16
233440,163,122,66,16
233441,163,122,67,16
233442,163,122,68,9
233443,163,122,69,4
233444,163,123,43,9
233445,163,123,44,9
233446,163,123,49,9
233447,163,123,50,9
233448,163,123,51,9
233449,163,123,52,9
233450,163,123,53,4
233451,163,123,54,4
233452,163,123,55,4
233453,163,123,56,4
233454,163,123,57,4
233455,163,123,58,4
233456,163,123,59,4
233457,163,123,60,4
233458,163,123,61,4
233459,163,123,62,4
233460,163,123,63,4
233461,163,123,64,5
233462,163,123,65,5
233463,163,123,66,16
233464,163,123,67,16
233465,163,123,68,16
233466,163,123,69,9
233467,163,124,49,9
233468,163,124,50,9
233469,163,124,51,9
233470,163,124,52,9
233471,163,124,53,4
233472,163,124,54,4
233473,163,124,55,4
233474,163,124,56,4
233475,163,124,57,4
233476,163,124,58,4
233477,163,124,59,4
233478,163,124,60,4
233479,163,124,61,4
233480,163,124,62,4
233481,163,124,63,4
233482,163,124,64,4
233483,163,124,65,5
233484,163,124,66,5
233485,163,124,67,16
233486,163,124,68,16
233487,163,124,69,16
233488,163,125,47,11
233489,163,125,48,14
233490,163,125,49,14
233491,163,125,50,9
233492,163,125,51,9
233493,163,125,52,9
233494,163,125,53,4
233495,163,125,54,4
233496,163,125,55,4
233497,163,125,56,4
233498,163,125,57,4
233499,163,125,58,4
233500,163,125,59,4
233501,163,125,60,4
233502,163,125,61,4
233503,163,125,62,4
233504,163,125,63,4
233505,163,125,64,4
233506,163,125,65,5
233507,163,125,66,5
233508,163,125,67,16
233509,163,125,68,16
233510,163,125,69,16
233511,163,126,46,14
233512,163,126,47,14
233513,163,126,48,14
233514,163,126,49,14
233515,163,126,50,9
233516,163,126,51,9
233517,163,126,52,9
233518,163,126,53,4
233519,163,126,54,4
233520,163,126,55,4
233521,163,126,56,4
233522,163,126,57,4
233523,163,126,58,4
233524,163,126,59,4
233525,163,126,60,4
233526,163,126,61,4
233527,163,126,62,4
233528,163,126,63,4
233529,163,126,64,4
233530,163,126,65,4
233531,163,126,66,5
233532,163,126,67,5
233533,163,126,68,16
233534,163,126,69,16
233535,163,127,46,14
233536,163,127,47,11
233537,163,127,48,14
233538,163,127,49,14
233539,163,127,50,14
233540,163,127,51,9
233541,163,127,52,9
233542,163,127,53,4
233543,163,127,54,4
233544,163,127,55,4
233545,163,127,56,4
233546,163,127,57,4
233547,163,127,58,4
233548,163,127,59,4
233549,163,127,60,4
233550,163,127,61,4
233551,163,127,62,4
233552,163,127,63,4
233553,163,127,64,4
233554,163,127,65,4
233555,163,127,66,12
233556,163,127,67,5
233557,163,127,68,16
233558,163,127,69,16
233559,163,128,47,14
233560,163,128,48,14
233561,163,128,49,14
233562,163,128,50,14
233563,163,128,51,9
233564,163,128,52,9
233565,163,128,53,4
233566,163,128,54,4
233567,163,128,55,4
233568,163,128,56,4
233569,163,128,57,4
233570,163,128,58,4
233571,163,128,59,4
233572,163,128,60,4
233573,163,128,61,4
233574,163,128,62,4
233575,163,128,63,4
233576,163,128,64,4
233577,163,128,65,4
233578,163,128,66,12
233579,163,128,67,5
233580,163,128,68,16
233581,163,128,69,16
233582,163,128,70,16
233583,163,128,71,16
233584,163,128,72,16
233585,163,129,48,14
233586,163,129,49,14
233587,163,129,50,14
233588,163,129,51,9
233589,163,129,52,9
233590,163,129,53,4
233591,163,129,54,4
233592,163,129,55,4
233593,163,129,56,4
233594,163,129,57,4
233595,163,129,58,4
233596,163,129,59,4
233597,163,129,60,4
233598,163,129,61,4
233599,163,129,62,4
233600,163,129,63,4
233601,163,129,64,4
233602,163,129,65,4
233603,163,129,66,12
233604,163,129,67,5
233605,163,129,68,5
233606,163,129,69,16
233607,163,129,70,16
233608,163,129,71,16
233609,163,129,72,16
233610,163,130,49,14
233611,163,130,50,14
233612,163,130,51,9
233613,163,130,52,9
233614,163,130,53,4
233615,163,130,54,4
233616,163,130,55,4
233617,163,130,56,4
233618,163,130,57,4
233619,163,130,58,4
233620,163,130,59,4
233621,163,130,60,4
233622,163,130,61,4
233623,163,130,62,4
233624,163,130,63,4
233625,163,130,64,4
233626,163,130,65,4
233627,163,130,66,5
233628,163,130,67,5
233629,163,130,68,5
233630,163,130,69,5
233631,163,130,70,5
233632,163,130,71,5
233633,163,130,72,16
233634,163,130,73,16
233635,163,131,50,14
233636,163,131,51,14
233637,163,131,52,9
233638,163,131,53,4
233639,163,131,54,4
233640,163,131,55,4
233641,163,131,56,4
233642,163,131,57,4
233643,163,131,58,4
233644,163,131,59,4
233645,163,131,60,4
233646,163,131,61,4
233647,163,131,62,4
233648,163,131,63,4
233649,163,131,64,4
233650,163,131,65,12
233651,163,131,66,12
233652,163,131,67,5
233653,163,131,68,5
233654,163,131,69,5
233655,163,131,70,5
233656,163,131,71,5
233657,163,131,72,16
233658,163,131,73,16
233659,163,132,49,14
233660,163,132,50,14
233661,163,132,51,9
233662,163,132,52,9
233663,163,132,53,5
233664,163,132,54,4
233665,163,132,55,4
233666,163,132,56,4
233667,163,132,57,4
233668,163,132,58,4
233669,163,132,59,4
233670,163,132,60,4
233671,163,132,61,4
233672,163,132,62,4
233673,163,132,63,4
233674,163,132,64,4
233675,163,132,65,12
233676,163,132,66,12
233677,163,132,67,5
233678,163,132,68,5
233679,163,132,69,5
233680,163,132,70,5
233681,163,132,71,5
233682,163,132,72,16
233683,163,132,73,16
233684,163,132,74,16
233685,163,133,49,14
233686,163,133,50,14
233687,163,133,51,9
233688,163,133,52,9
233689,163,133,53,9
233690,163,133,54,9
233691,163,133,55,5
233692,163,133,56,4
233693,163,133,57,4
233694,163,133,58,4
233695,163,133,59,4
233696,163,133,60,4
233697,163,133,61,4
233698,163,133,62,4
233699,163,133,63,4
233700,163,133,64,4
233701,163,133,65,4
233702,163,133,66,5
233703,163,133,67,5
233704,163,133,68,5
233705,163,133,69,5
233706,163,133,70,5
233707,163,133,71,5
233708,163,133,72,5
233709,163,133,73,16
233710,163,133,74,16
233711,163,134,49,14
233712,163,134,50,14
233713,163,134,51,9
233714,163,134,52,9
233715,163,134,53,5
233716,163,134,54,8
233717,163,134,55,8
233718,163,134,56,8
233719,163,134,57,8
233720,163,134,58,8
233721,163,134,59,4
233722,163,134,60,4
233723,163,134,61,4
233724,163,134,62,4
233725,163,134,63,4
233726,163,134,64,4
233727,163,134,65,5
233728,163,134,66,5
233729,163,134,67,5
233730,163,134,68,5
233731,163,134,69,5
233732,163,134,70,5
233733,163,134,71,5
233734,163,134,72,5
233735,163,134,73,5
233736,163,134,74,16
233737,163,135,49,14
233738,163,135,50,14
233739,163,135,51,8
233740,163,135,52,8
233741,163,135,53,8
233742,163,135,54,8
233743,163,135,55,8
233744,163,135,56,8
233745,163,135,57,8
233746,163,135,58,8
233747,163,135,59,8
233748,163,135,60,5
233749,163,135,61,4
233750,163,135,62,4
233751,163,135,63,4
233752,163,135,64,12
233753,163,135,65,5
233754,163,135,66,5
233755,163,135,67,5
233756,163,135,68,5
233757,163,135,69,5
233758,163,135,70,5
233759,163,135,71,5
233760,163,135,72,5
233761,163,135,73,5
233762,163,135,74,2
233763,163,136,49,14
233764,163,136,50,8
233765,163,136,51,8
233766,163,136,52,8
233767,163,136,53,8
233768,163,136,54,8
233769,163,136,55,8
233770,163,136,56,8
233771,163,136,57,8
233772,163,136,58,8
233773,163,136,59,8
233774,163,136,60,8
233775,163,136,61,5
233776,163,136,62,5
233777,163,136,63,5
233778,163,136,64,5
233779,163,136,65,5
233780,163,136,66,5
233781,163,136,67,5
233782,163,136,68,5
233783,163,136,69,5
233784,163,136,70,5
233785,163,136,71,5
233786,163,136,72,5
233787,163,136,73,12
233788,163,136,74,2
233789,163,136,75,2
233790,163,137,47,14
233791,163,137,48,14
233792,163,137,49,8
233793,163,137,50,8
233794,163,137,51,8
233795,163,137,52,8
233796,163,137,53,6
233797,163,137,54,6
233798,163,137,55,6
233799,163,137,56,10
233800,163,137,57,8
233801,163,137,58,8
233802,163,137,59,8
233803,163,137,60,8
233804,163,137,61,8
233805,163,137,62,8
233806,163,137,63,5
233807,163,137,64,5
233808,163,137,65,5
233809,163,137,66,5
233810,163,137,67,5
233811,163,137,68,5
233812,163,137,69,5
233813,163,137,70,5
233814,163,137,71,12
233815,163,137,72,12
233816,163,137,73,12
233817,163,137,74,2
233818,163,137,75,2
233819,163,138,46,14
233820,163,138,47,14
233821,163,138,48,14
233822,163,138,49,8
233823,163,138,50,8
233824,163,138,51,10
233825,163,138,52,6
233826,163,138,53,6
233827,163,138,54,6
233828,163,138,55,6
233829,163,138,56,6
233830,163,138,57,10
233831,163,138,58,8
233832,163,138,59,8
233833,163,138,60,8
233834,163,138,61,8
233835,163,138,62,8
233836,163,138,63,5
233837,163,138,64,5
233838,163,138,65,5
233839,163,138,66,12
233840,163,138,67,5
233841,163,138,68,5
233842,163,138,69,5
233843,163,138,70,5
233844,163,138,71,12
233845,163,138,72,12
233846,163,138,73,5
233847,163,138,74,2
233848,163,138,75,2
233849,163,139,45,9
233850,163,139,46,9
233851,163,139,47,14
233852,163,139,48,8
233853,163,139,49,8
233854,163,139,50,8
233855,163,139,51,6
233856,163,139,52,6
233857,163,139,53,6
233858,163,139,54,6
233859,163,139,55,6
233860,163,139,56,6
233861,163,139,57,6
233862,163,139,58,8
233863,163,139,59,8
233864,163,139,60,8
233865,163,139,61,8
233866,163,139,62,8
233867,163,139,63,8
233868,163,139,64,5
233869,163,139,65,5
233870,163,139,66,12
233871,163,139,67,12
233872,163,139,68,5
233873,163,139,69,5
233874,163,139,70,5
233875,163,139,71,5
233876,163,139,72,12
233877,163,139,73,5
233878,163,139,74,5
233879,163,139,75,15
233880,163,139,76,16
233881,163,139,77,16
233882,163,140,45,9
233883,163,140,46,9
233884,163,140,47,8
233885,163,140,48,8
233886,163,140,49,8
233887,163,140,50,6
233888,163,140,51,6
233889,163,140,52,6
233890,163,140,53,7
233891,163,140,54,6
233892,163,140,55,6
233893,163,140,56,6
233894,163,140,57,6
233895,163,140,58,6
233896,163,140,59,10
233897,163,140,60,10
233898,163,140,61,8
233899,163,140,62,8
233900,163,140,63,8
233901,163,140,64,5
233902,163,140,65,12
233903,163,140,66,12
233904,163,140,67,12
233905,163,140,68,5
233906,163,140,69,5
233907,163,140,70,5
233908,163,140,71,5
233909,163,140,72,12
233910,163,140,73,12
233911,163,140,74,5
233912,163,140,75,15
233913,163,140,76,16
233914,163,140,77,16
233915,163,141,44,11
233916,163,141,45,9
233917,163,141,46,8
233918,163,141,47,8
233919,163,141,48,8
233920,163,141,49,10
233921,163,141,50,6
233922,163,141,51,6
233923,163,141,52,7
233924,163,141,53,7
233925,163,141,54,7
233926,163,141,55,7
233927,163,141,56,7
233928,163,141,57,6
233929,163,141,58,6
233930,163,141,59,6
233931,163,141,60,6
233932,163,141,61,8
233933,163,141,62,8
233934,163,141,63,8
233935,163,141,64,8
233936,163,141,65,12
233937,163,141,66,12
233938,163,141,67,12
233939,163,141,68,12
233940,163,141,69,5
233941,163,141,70,5
233942,163,141,71,5
233943,163,141,72,12
233944,163,141,73,12
233945,163,141,74,15
233946,163,141,75,15
233947,163,141,76,16
233948,163,141,77,16
233949,163,141,78,16
233950,163,142,42,14
233951,163,142,43,14
233952,163,142,44,9
233953,163,142,45,8
233954,163,142,46,8
233955,163,142,47,8
233956,163,142,48,8
233957,163,142,49,6
233958,163,142,50,6
233959,163,142,51,7
233960,163,142,52,7
233961,163,142,53,7
233962,163,142,54,7
233963,163,142,55,7
233964,163,142,56,7
233965,163,142,57,7
233966,163,142,58,6
233967,163,142,59,6
233968,163,142,60,3
233969,163,142,61,8
233970,163,142,62,8
233971,163,142,63,8
233972,163,142,64,8
233973,163,142,65,12
233974,163,142,66,12
233975,163,142,67,12
233976,163,142,68,12
233977,163,142,69,12
233978,163,142,70,5
233979,163,142,71,5
233980,163,142,72,5
233981,163,142,73,12
233982,163,142,74,5
233983,163,142,75,15
233984,163,142,76,16
233985,163,142,77,16
233986,163,142,78,16
233987,163,143,42,14
233988,163,143,43,14
233989,163,143,44,14
233990,163,143,45,8
233991,163,143,46,8
233992,163,143,47,8
233993,163,143,48,10
233994,163,143,49,6
233995,163,143,50,6
233996,163,143,51,7
233997,163,143,52,7
233998,163,143,53,7
233999,163,143,54,7
234000,163,143,55,7
234001,163,143,56,7
234002,163,143,57,7
234003,163,143,58,6
234004,163,143,59,6
234005,163,143,60,3
234006,163,143,61,14
234007,163,143,62,8
234008,163,143,63,8
234009,163,143,64,8
234010,163,143,65,12
234011,163,143,66,12
234012,163,143,67,12
234013,163,143,68,12
234014,163,143,69,12
234015,163,143,70,5
234016,163,143,71,5
234017,163,143,72,5
234018,163,143,73,12
234019,163,143,74,5
234020,163,143,75,15
234021,163,143,76,16
234022,163,143,77,16
234023,163,143,78,16
234024,163,144,41,14
234025,163,144,42,14
234026,163,144,43,14
234027,163,144,44,14
234028,163,144,45,8
234029,163,144,46,8
234030,163,144,47,8
234031,163,144,48,10
234032,163,144,49,6
234033,163,144,50,7
234034,163,144,51,7
234035,163,144,52,7
234036,163,144,53,7
234037,163,144,54,7
234038,163,144,55,7
234039,163,144,56,7
234040,163,144,57,7
234041,163,144,58,7
234042,163,144,59,6
234043,163,144,60,3
234044,163,144,61,14
234045,163,144,62,8
234046,163,144,63,8
234047,163,144,64,8
234048,163,144,65,12
234049,163,144,66,12
234050,163,144,67,12
234051,163,144,68,12
234052,163,144,69,12
234053,163,144,70,5
234054,163,144,71,5
234055,163,144,72,5
234056,163,144,73,5
234057,163,144,74,15
234058,163,144,75,15
234059,163,144,76,15
234060,163,144,77,16
234061,163,145,40,11
234062,163,145,41,11
234063,163,145,42,14
234064,163,145,43,14
234065,163,145,44,8
234066,163,145,45,8
234067,163,145,46,8
234068,163,145,47,8
234069,163,145,48,6
234070,163,145,49,6
234071,163,145,50,7
234072,163,145,51,7
234073,163,145,52,7
234074,163,145,53,7
234075,163,145,54,7
234076,163,145,55,7
234077,163,145,56,7
234078,163,145,57,7
234079,163,145,58,7
234080,163,145,59,6
234081,163,145,60,13
234082,163,145,61,3
234083,163,145,62,8
234084,163,145,63,8
234085,163,145,64,10
234086,163,145,65,12
234087,163,145,66,12
234088,163,145,67,12
234089,163,145,68,12
234090,163,145,69,12
234091,163,145,70,5
234092,163,145,71,5
234093,163,145,72,12
234094,163,145,73,5
234095,163,145,74,15
234096,163,145,75,15
234097,163,145,76,15
234098,163,145,77,15
234099,163,146,40,14
234100,163,146,41,11
234101,163,146,42,14
234102,163,146,43,8
234103,163,146,44,8
234104,163,146,45,8
234105,163,146,46,8
234106,163,146,47,10
234107,163,146,48,6
234108,163,146,49,6
234109,163,146,50,7
234110,163,146,51,7
234111,163,146,52,7
234112,163,146,53,7
234113,163,146,54,7
234114,163,146,55,7
234115,163,146,56,7
234116,163,146,57,7
234117,163,146,58,7
234118,163,146,59,6
234119,163,146,60,6
234120,163,146,61,6
234121,163,146,62,3
234122,163,146,63,8
234123,163,146,64,10
234124,163,146,65,12
234125,163,146,66,12
234126,163,146,67,12
234127,163,146,68,12
234128,163,146,69,12
234129,163,146,70,5
234130,163,146,71,5
234131,163,146,72,12
234132,163,146,73,12
234133,163,146,74,15
234134,163,146,75,15
234135,163,146,76,15
234136,163,146,77,15
234137,163,147,39,9
234138,163,147,40,11
234139,163,147,41,14
234140,163,147,42,8
234141,163,147,43,8
234142,163,147,44,8
234143,163,147,45,8
234144,163,147,46,10
234145,163,147,47,10
234146,163,147,48,10
234147,163,147,49,6
234148,163,147,50,7
234149,163,147,51,7
234150,163,147,52,7
234151,163,147,53,7
234152,163,147,54,7
234153,163,147,55,7
234154,163,147,56,7
234155,163,147,57,7
234156,163,147,58,7
234157,163,147,59,6
234158,163,147,60,6
234159,163,147,61,6
234160,163,147,62,6
234161,163,147,63,5
234162,163,147,64,8
234163,163,147,65,8
234164,163,147,66,12
234165,163,147,67,12
234166,163,147,68,12
234167,163,147,69,12
234168,163,147,70,15
234169,163,147,71,12
234170,163,147,72,12
234171,163,147,73,15
234172,163,147,74,15
234173,163,147,75,15
234174,163,147,76,15
234175,163,147,77,15
234176,163,148,39,14
234177,163,148,40,14
234178,163,148,41,8
234179,163,148,42,8
234180,163,148,43,8
234181,163,148,44,8
234182,163,148,45,8
234183,163,148,46,10
234184,163,148,47,10
234185,163,148,48,10
234186,163,148,49,7
234187,163,148,50,7
234188,163,148,51,7
234189,163,148,52,7
234190,163,148,53,7
234191,163,148,54,7
234192,163,148,55,7
234193,163,148,56,7
234194,163,148,57,7
234195,163,148,58,7
234196,163,148,59,6
234197,163,148,60,6
234198,163,148,61,6
234199,163,148,62,3
234200,163,148,63,8
234201,163,148,64,8
234202,163,148,65,8
234203,163,148,66,12
234204,163,148,67,12
234205,163,148,68,12
234206,163,148,69,15
234207,163,148,70,12
234208,163,148,71,12
234209,163,148,72,12
234210,163,148,73,15
234211,163,148,74,15
234212,163,148,75,15
234213,163,148,76,15
234214,163,148,77,15
234215,163,148,78,15
234216,163,148,79,16
234217,163,149,40,14
234218,163,149,41,8
234219,163,149,42,8
234220,163,149,43,8
234221,163,149,44,8
234222,163,149,45,10
234223,163,149,46,10
234224,163,149,47,10
234225,163,149,48,10
234226,163,149,49,7
234227,163,149,50,7
234228,163,149,51,7
234229,163,149,52,7
234230,163,149,53,7
234231,163,149,54,7
234232,163,149,55,7
234233,163,149,56,7
234234,163,149,57,7
234235,163,149,58,7
234236,163,149,59,6
234237,163,149,60,6
234238,163,149,61,8
234239,163,149,62,10
234240,163,149,63,10
234241,163,149,64,8
234242,163,149,65,8
234243,163,149,66,12
234244,163,149,67,2
234245,163,149,68,12
234246,163,149,69,15
234247,163,149,70,15
234248,163,149,71,12
234249,163,149,72,12
234250,163,149,73,15
234251,163,149,74,15
234252,163,149,75,15
234253,163,149,76,15
234254,163,149,77,15
234255,163,149,78,15
234256,163,149,79,16
234257,163,150,41,8
234258,163,150,42,8
234259,163,150,43,8
234260,163,150,44,10
234261,163,150,45,10
234262,163,150,46,10
234263,163,150,47,10
234264,163,150,48,10
234265,163,150,49,7
234266,163,150,50,7
234267,163,150,51,7
234268,163,150,52,7
234269,163,150,53,7
234270,163,150,54,7
234271,163,150,55,7
234272,163,150,56,7
234273,163,150,57,7
234274,163,150,58,7
234275,163,150,59,6
234276,163,150,60,6
234277,163,150,61,10
234278,163,150,62,6
234279,163,150,63,3
234280,163,150,64,8
234281,163,150,65,8
234282,163,150,66,2
234283,163,150,67,2
234284,163,150,68,2
234285,163,150,69,15
234286,163,150,70,15
234287,163,150,71,12
234288,163,150,72,15
234289,163,150,73,15
234290,163,150,74,15
234291,163,150,75,15
234292,163,150,76,15
234293,163,150,77,15
234294,163,150,78,15
234295,163,150,79,15
234296,163,151,41,8
234297,163,151,42,8
234298,163,151,43,8
234299,163,151,44,10
234300,163,151,45,10
234301,163,151,46,10
234302,163,151,47,10
234303,163,151,48,10
234304,163,151,49,10
234305,163,151,50,7
234306,163,151,51,7
234307,163,151,52,7
234308,163,151,53,7
234309,163,151,54,7
234310,163,151,55,7
234311,163,151,56,7
234312,163,151,57,7
234313,163,151,58,7
234314,163,151,59,6
234315,163,151,60,6
234316,163,151,61,6
234317,163,151,62,6
234318,163,151,63,3
234319,163,151,64,8
234320,163,151,65,2
234321,163,151,66,2
234322,163,151,67,2
234323,163,151,68,2
234324,163,151,69,15
234325,163,151,70,15
234326,163,151,71,15
234327,163,151,72,15
234328,163,151,73,15
234329,163,151,74,15
234330,163,151,75,15
234331,163,151,76,15
234332,163,151,77,15
234333,163,151,78,15
234334,163,151,79,15
234335,163,151,80,15
234336,163,152,41,8
234337,163,152,42,8
234338,163,152,43,8
234339,163,152,44,10
234340,163,152,45,8
234341,163,152,46,10
234342,163,152,47,10
234343,163,152,48,10
234344,163,152,49,10
234345,163,152,50,10
234346,163,152,51,10
234347,163,152,52,7
234348,163,152,53,7
234349,163,152,54,7
234350,163,152,55,7
234351,163,152,56,7
234352,163,152,57,7
234353,163,152,58,7
234354,163,152,59,6
234355,163,152,60,6
234356,163,152,61,6
234357,163,152,62,3
234358,163,152,63,8
234359,163,152,64,8
234360,163,152,65,2
234361,163,152,66,2
234362,163,152,67,2
234363,163,152,68,2
234364,163,152,69,15
234365,163,152,70,15
234366,163,152,71,15
234367,163,152,72,15
234368,163,152,73,15
234369,163,152,74,15
234370,163,152,75,15
234371,163,152,76,15
234372,163,152,77,15
234373,163,152,78,15
234374,163,152,79,15
234375,163,153,40,14
234376,163,153,41,3
234377,163,153,42,8
234378,163,153,43,8
234379,163,153,44,8
234380,163,153,45,8
234381,163,153,46,8
234382,163,153,47,8
234383,163,153,48,8
234384,163,153,49,10
234385,163,153,50,10
234386,163,153,51,10
234387,163,153,52,6
234388,163,153,53,6
234389,163,153,54,7
234390,163,153,55,7
234391,163,153,56,7
234392,163,153,57,7
234393,163,153,58,6
234394,163,153,59,6
234395,163,153,60,6
234396,163,153,61,6
234397,163,153,62,10
234398,163,153,63,8
234399,163,153,64,8
234400,163,153,65,2
234401,163,153,66,2
234402,163,153,67,2
234403,163,153,68,2
234404,163,153,69,15
234405,163,153,70,15
234406,163,153,71,15
234407,163,153,72,15
234408,163,153,73,15
234409,163,153,74,15
234410,163,153,75,15
234411,163,153,76,15
234412,163,153,77,15
234413,163,153,78,15
234414,163,154,40,14
234415,163,154,41,14
234416,163,154,42,3
234417,163,154,43,8
234418,163,154,44,8
234419,163,154,45,8
234420,163,154,46,8
234421,163,154,47,8
234422,163,154,48,8
234423,163,154,49,10
234424,163,154,50,8
234425,163,154,51,10
234426,163,154,52,10
234427,163,154,53,6
234428,163,154,54,6
234429,163,154,55,7
234430,163,154,56,7
234431,163,154,57,6
234432,163,154,58,6
234433,163,154,59,10
234434,163,154,60,10
234435,163,154,61,10
234436,163,154,62,8
234437,163,154,63,8
234438,163,154,64,8
234439,163,154,65,2
234440,163,154,66,2
234441,163,154,67,2
234442,163,154,68,15
234443,163,154,69,15
234444,163,154,70,15
234445,163,154,71,15
234446,163,154,72,15
234447,163,154,73,15
234448,163,154,74,15
234449,163,154,75,15
234450,163,154,76,15
234451,163,154,77,15
234452,163,155,40,14
234453,163,155,41,14
234454,163,155,42,14
234455,163,155,46,3
234456,163,155,47,3
234457,163,155,48,3
234458,163,155,49,8
234459,163,155,50,8
234460,163,155,51,8
234461,163,155,52,10
234462,163,155,53,10
234463,163,155,54,6
234464,163,155,55,6
234465,163,155,56,6
234466,163,155,57,6
234467,163,155,58,10
234468,163,155,59,10
234469,163,155,60,10
234470,163,155,61,10
234471,163,155,62,8
234472,163,155,63,8
234473,163,155,64,2
234474,163,155,65,2
234475,163,155,66,2
234476,163,155,67,2
234477,163,155,68,15
234478,163,155,69,15
234479,163,155,70,15
234480,163,155,71,15
234481,163,155,72,15
234482,163,155,73,15
234483,163,155,74,15
234484,163,155,75,15
234485,163,156,47,3
234486,163,156,48,3
234487,163,156,49,8
234488,163,156,50,8
234489,163,156,51,8
234490,163,156,52,10
234491,163,156,53,10
234492,163,156,54,10
234493,163,156,55,6
234494,163,156,56,6
234495,163,156,57,10
234496,163,156,58,10
234497,163,156,59,10
234498,163,156,60,10
234499,163,156,61,8
234500,163,156,62,8
234501,163,156,63,8
234502,163,156,64,2
234503,163,156,65,2
234504,163,156,66,2
234505,163,156,67,15
234506,163,156,68,15
234507,163,156,69,15
234508,163,156,70,15
234509,163,156,71,15
234510,163,156,72,15
234511,163,156,73,15
234512,163,156,74,15
234513,163,157,48,14
234514,163,157,49,14
234515,163,157,50,8
234516,163,157,51,8
234517,163,157,52,8
234518,163,157,53,10
234519,163,157,54,10
234520,163,157,55,10
234521,163,157,56,10
234522,163,157,57,10
234523,163,157,58,10
234524,163,157,59,10
234525,163,157,60,8
234526,163,157,61,8
234527,163,157,62,8
234528,163,157,63,8
234529,163,157,64,2
234530,163,157,65,2
234531,163,157,66,15
234532,163,157,67,15
234533,163,157,68,15
234534,163,157,69,15
234535,163,157,70,15
234536,163,157,71,15
234537,163,157,72,15
234538,163,157,73,15
234539,163,158,51,3
234540,163,158,52,8
234541,163,158,53,10
234542,163,158,54,10
234543,163,158,55,10
234544,163,158,56,10
234545,163,158,57,8
234546,163,158,58,8
234547,163,158,59,8
234548,163,158,60,8
234549,163,158,61,8
234550,163,158,62,8
234551,163,158,63,15
234552,163,158,64,15
234553,163,158,65,2
234554,163,158,66,15
234555,163,158,67,15
234556,163,158,68,15
234557,163,158,69,15
234558,163,158,70,15
234559,163,158,71,15
234560,163,158,72,15
234561,163,159,52,3
234562,163,159,53,8
234563,163,159,54,8
234564,163,159,55,8
234565,163,159,56,8
234566,163,159,57,8
234567,163,159,58,8
234568,163,159,59,8
234569,163,159,60,8
234570,163,159,61,8
234571,163,159,62,3
234572,163,159,63,15
234573,163,159,64,15
234574,163,159,65,15
234575,163,159,66,15
234576,163,159,67,15
234577,163,159,68,15
234578,163,159,69,15
234579,163,159,70,15
234580,163,159,71,15
234581,163,160,52,3
234582,163,160,53,3
234583,163,160,54,3
234584,163,160,55,8
234585,163,160,56,8
234586,163,160,57,3
234587,163,160,58,3
234588,163,160,59,3
234589,163,160,60,3
234590,163,160,61,3
234591,163,160,62,15
234592,163,160,63,15
234593,163,160,64,15
234594,163,160,65,15
234595,163,160,66,15
234596,163,160,67,15
234597,163,160,68,15
234598,163,160,69,15
234599,163,160,70,15
234600,163,160,71,15
234601,163,161,53,3
234602,163,161,54,3
234603,163,161,55,3
234604,163,161,56,3
234605,163,161,57,3
234606,163,161,58,3
234607,163,161,59,3
234608,163,161,60,15
234609,163,161,61,15
234610,163,161,62,15
234611,163,161,63,3
234612,163,161,64,3
234613,163,161,65,3
234614,163,161,66,15
234615,163,161,67,15
234616,163,161,68,15
234617,163,161,69,15
234618,163,161,70,15
234619,163,161,71,15
234620,163,162,53,3
234621,163,162,54,3
234622,163,162,55,3
234623,163,162,56,3
234624,163,162,57,3
234625,163,162,58,3
234626,163,162,59,3
234627,163,162,60,3
234628,163,162,61,3
234629,163,162,62,3
234630,163,162,63,3
234631,163,162,64,3
234632,163,162,65,3
234633,163,162,66,15
234634,163,162,67,12
234635,163,162,68,15
234636,163,162,69,15
234637,163,162,70,15
234638,163,162,71,15
234639,163,163,52,3
234640,163,163,53,3
234641,163,163,54,13
234642,163,163,55,13
234643,163,163,56,13
234644,163,163,57,3
234645,163,163,58,3
234646,163,163,59,3
234647,163,163,60,3
234648,163,163,61,3
234649,163,163,62,13
234650,163,163,63,13
234651,163,163,64,13
234652,163,163,65,13
234653,163,163,66,12
234654,163,163,67,15
234655,163,163,68,15
234656,163,163,69,15
234657,163,163,70,15
234658,163,163,71,15
234659,163,164,52,3
234660,163,164,53,3
234661,163,164,54,13
234662,163,164,55,13
234663,163,164,56,3
234664,163,164,57,3
234665,163,164,58,13
234666,163,164,59,13
234667,163,164,60,13
234668,163,164,61,13
234669,163,164,62,13
234670,163,164,63,13
234671,163,164,64,13
234672,163,164,65,13
234673,163,164,66,13
234674,163,164,67,12
234675,163,164,68,15
234676,163,164,69,15
234677,163,164,70,15
234678,163,164,71,15
234679,163,165,56,3
234680,163,165,57,13
234681,163,165,58,13
234682,163,165,59,13
234683,163,165,60,13
234684,163,165,61,13
234685,163,165,62,13
234686,163,165,63,13
234687,163,165,64,13
234688,163,165,65,13
234689,163,165,66,13
234690,163,165,67,13
234691,163,165,68,12
234692,163,165,69,15
234693,163,165,70,15
234694,163,166,57,3
234695,163,166,58,13
234696,163,166,59,13
234697,163,166,60,13
234698,163,166,61,13
234699,163,166,62,13
234700,163,166,63,13
234701,163,166,64,13
234702,163,166,65,13
234703,163,166,66,13
234704,163,166,67,13
234705,163,166,68,15
234706,163,166,69,15
234707,163,166,70,15
234708,163,167,57,13
234709,163,167,58,13
234710,163,167,59,13
234711,163,167,60,13
234712,163,167,61,13
234713,163,167,62,13
234714,163,167,63,13
234715,163,167,64,13
234716,163,167,65,13
234717,163,167,66,13
234718,163,167,67,13
234719,163,167,68,15
234720,163,167,69,15
234721,163,168,57,13
234722,163,168,58,13
234723,163,168,59,13
234724,163,168,60,13
234725,163,168,61,13
234726,163,168,62,13
234727,163,168,63,13
234728,163,168,64,13
234729,163,168,65,13
234730,163,168,66,13
234731,163,168,67,13
234732,163,168,68,15
234733,163,168,69,15
234734,163,169,57,13
234735,163,169,58,13
234736,163,169,59,13
234737,163,169,60,13
234738,163,169,61,13
234739,163,169,62,13
234740,163,169,63,13
234741,163,169,64,13
234742,163,169,65,13
234743,163,169,66,13
234744,163,169,67,13
234745,163,169,68,15
234746,163,170,58,13
234747,163,170,59,13
234748,163,170,60,13
234749,163,170,61,13
234750,163,170,62,13
234751,163,170,63,13
234752,163,170,64,13
234753,163,170,65,13
234754,163,170,66,13
234755,163,170,67,13
234756,163,171,58,13
234757,163,171,59,13
234758,163,171,60,13
234759,163,171,64,13
234760,163,171,65,13
234761,164,114,51,9
234762,164,114,52,9
234763,164,114,53,9
234764,164,114,54,9
234765,164,114,55,9
234766,164,114,56,9
234767,164,114,57,16
234768,164,114,58,16
234769,164,114,59,16
234770,164,114,60,9
234771,164,114,61,9
234772,164,114,62,4
234773,164,115,50,9
234774,164,115,51,9
234775,164,115,52,9
234776,164,115,53,9
234777,164,115,54,9
234778,164,115,55,9
234779,164,115,56,9
234780,164,115,57,9
234781,164,115,58,16
234782,164,115,59,16
234783,164,115,60,16
234784,164,115,61,9
234785,164,115,62,4
234786,164,115,63,4
234787,164,116,49,9
234788,164,116,50,9
234789,164,116,51,9
234790,164,116,52,9
234791,164,116,53,9
234792,164,116,54,9
234793,164,116,55,9
234794,164,116,56,9
234795,164,116,57,9
234796,164,116,58,9
234797,164,116,59,16
234798,164,116,60,16
234799,164,116,61,9
234800,164,116,62,9
234801,164,116,63,4
234802,164,117,46,9
234803,164,117,48,9
234804,164,117,49,9
234805,164,117,50,4
234806,164,117,51,4
234807,164,117,52,4
234808,164,117,53,9
234809,164,117,55,9
234810,164,117,56,9
234811,164,117,57,5
234812,164,117,58,9
234813,164,117,59,16
234814,164,117,60,16
234815,164,117,61,16
234816,164,117,62,9
234817,164,117,63,9
234818,164,118,47,9
234819,164,118,48,9
234820,164,118,49,9
234821,164,118,50,4
234822,164,118,51,4
234823,164,118,52,4
234824,164,118,53,4
234825,164,118,55,9
234826,164,118,56,4
234827,164,118,57,4
234828,164,118,58,5
234829,164,118,59,5
234830,164,118,60,5
234831,164,118,61,16
234832,164,118,62,9
234833,164,118,63,9
234834,164,118,64,16
234835,164,119,46,9
234836,164,119,47,9
234837,164,119,48,4
234838,164,119,49,4
234839,164,119,50,4
234840,164,119,51,4
234841,164,119,52,4
234842,164,119,53,4
234843,164,119,54,4
234844,164,119,55,4
234845,164,119,56,4
234846,164,119,57,4
234847,164,119,58,4
234848,164,119,59,4
234849,164,119,60,5
234850,164,119,61,5
234851,164,119,62,5
234852,164,119,63,16
234853,164,119,64,16
234854,164,119,65,16
234855,164,119,66,9
234856,164,120,46,9
234857,164,120,47,9
234858,164,120,48,9
234859,164,120,49,4
234860,164,120,50,4
234861,164,120,51,4
234862,164,120,52,4
234863,164,120,53,4
234864,164,120,54,4
234865,164,120,55,4
234866,164,120,56,4
234867,164,120,57,4
234868,164,120,58,4
234869,164,120,59,4
234870,164,120,60,4
234871,164,120,61,5
234872,164,120,62,5
234873,164,120,63,5
234874,164,120,64,16
234875,164,120,65,16
234876,164,120,66,16
234877,164,120,67,9
234878,164,120,68,4
234879,164,121,47,9
234880,164,121,48,9
234881,164,121,49,4
234882,164,121,50,4
234883,164,121,51,4
234884,164,121,52,4
234885,164,121,53,4
234886,164,121,54,4
234887,164,121,55,4
234888,164,121,56,4
234889,164,121,57,4
234890,164,121,58,4
234891,164,121,59,4
234892,164,121,60,4
234893,164,121,61,4
234894,164,121,62,5
234895,164,121,63,5
234896,164,121,64,16
234897,164,121,65,16
234898,164,121,66,16
234899,164,121,67,16
234900,164,121,68,9
234901,164,122,47,9
234902,164,122,48,9
234903,164,122,49,9
234904,164,122,50,9
234905,164,122,51,4
234906,164,122,52,4
234907,164,122,53,4
234908,164,122,54,4
234909,164,122,55,4
234910,164,122,56,4
234911,164,122,57,4
234912,164,122,58,4
234913,164,122,59,4
234914,164,122,60,4
234915,164,122,61,4
234916,164,122,62,4
234917,164,122,63,5
234918,164,122,64,5
234919,164,122,65,16
234920,164,122,66,16
234921,164,122,67,16
234922,164,122,68,16
234923,164,123,48,9
234924,164,123,49,9
234925,164,123,50,9
234926,164,123,51,4
234927,164,123,52,4
234928,164,123,53,4
234929,164,123,54,4
234930,164,123,55,4
234931,164,123,56,4
234932,164,123,57,4
234933,164,123,58,4
234934,164,123,59,4
234935,164,123,60,4
234936,164,123,61,4
234937,164,123,62,4
234938,164,123,63,4
234939,164,123,64,5
234940,164,123,65,5
234941,164,123,66,16
234942,164,123,67,16
234943,164,123,68,16
234944,164,124,48,9
234945,164,124,49,9
234946,164,124,50,9
234947,164,124,51,9
234948,164,124,52,4
234949,164,124,53,4
234950,164,124,54,4
234951,164,124,55,4
234952,164,124,56,4
234953,164,124,57,4
234954,164,124,58,4
234955,164,124,59,4
234956,164,124,60,4
234957,164,124,61,4
234958,164,124,62,4
234959,164,124,63,4
234960,164,124,64,5
234961,164,124,65,5
234962,164,124,66,16
234963,164,124,67,16
234964,164,124,68,16
234965,164,125,48,9
234966,164,125,49,9
234967,164,125,50,9
234968,164,125,51,9
234969,164,125,52,4
234970,164,125,53,4
234971,164,125,54,4
234972,164,125,55,4
234973,164,125,56,4
234974,164,125,57,4
234975,164,125,58,4
234976,164,125,59,4
234977,164,125,60,4
234978,164,125,61,4
234979,164,125,62,4
234980,164,125,63,4
234981,164,125,64,5
234982,164,125,65,5
234983,164,125,66,16
234984,164,125,67,16
234985,164,125,68,16
234986,164,126,47,9
234987,164,126,48,9
234988,164,126,49,9
234989,164,126,50,9
234990,164,126,51,9
234991,164,126,52,4
234992,164,126,53,4
234993,164,126,54,4
234994,164,126,55,4
234995,164,126,56,4
234996,164,126,57,4
234997,164,126,58,4
234998,164,126,59,4
234999,164,126,60,4
235000,164,126,61,4
235001,164,126,62,4
235002,164,126,63,4
235003,164,126,64,5
235004,164,126,65,5
235005,164,126,66,16
235006,164,126,67,16
235007,164,126,68,16
235008,164,127,46,9
235009,164,127,47,9
235010,164,127,48,11
235011,164,127,49,14
235012,164,127,50,9
235013,164,127,51,9
235014,164,127,52,9
235015,164,127,53,4
235016,164,127,54,4
235017,164,127,55,4
235018,164,127,56,4
235019,164,127,57,4
235020,164,127,58,4
235021,164,127,59,4
235022,164,127,60,4
235023,164,127,61,4
235024,164,127,62,4
235025,164,127,63,4
235026,164,127,64,5
235027,164,127,65,5
235028,164,127,66,16
235029,164,127,67,16
235030,164,127,68,16
235031,164,128,46,9
235032,164,128,47,14
235033,164,128,48,14
235034,164,128,49,14
235035,164,128,50,9
235036,164,128,51,9
235037,164,128,52,9
235038,164,128,53,4
235039,164,128,54,4
235040,164,128,55,4
235041,164,128,56,4
235042,164,128,57,4
235043,164,128,58,4
235044,164,128,59,4
235045,164,128,60,4
235046,164,128,61,4
235047,164,128,62,4
235048,164,128,63,4
235049,164,128,64,5
235050,164,128,65,9
235051,164,128,66,16
235052,164,128,67,16
235053,164,128,68,16
235054,164,129,45,9
235055,164,129,46,14
235056,164,129,47,14
235057,164,129,48,11
235058,164,129,49,11
235059,164,129,50,11
235060,164,129,51,9
235061,164,129,52,9
235062,164,129,53,4
235063,164,129,54,4
235064,164,129,55,4
235065,164,129,56,4
235066,164,129,57,4
235067,164,129,58,4
235068,164,129,59,4
235069,164,129,60,4
235070,164,129,61,4
235071,164,129,62,4
235072,164,129,63,4
235073,164,129,64,5
235074,164,129,65,5
235075,164,129,66,16
235076,164,129,67,16
235077,164,129,71,16
235078,164,129,72,16
235079,164,129,73,16
235080,164,130,45,14
235081,164,130,46,14
235082,164,130,47,14
235083,164,130,48,11
235084,164,130,49,11
235085,164,130,50,9
235086,164,130,51,9
235087,164,130,52,9
235088,164,130,53,4
235089,164,130,54,4
235090,164,130,55,4
235091,164,130,56,4
235092,164,130,57,4
235093,164,130,58,4
235094,164,130,59,4
235095,164,130,60,4
235096,164,130,61,4
235097,164,130,62,4
235098,164,130,63,4
235099,164,130,64,5
235100,164,130,65,5
235101,164,130,66,16
235102,164,130,67,16
235103,164,130,69,16
235104,164,130,70,16
235105,164,130,71,16
235106,164,130,72,16
235107,164,131,47,14
235108,164,131,48,11
235109,164,131,49,11
235110,164,131,50,11
235111,164,131,51,9
235112,164,131,52,9
235113,164,131,53,4
235114,164,131,54,4
235115,164,131,55,4
235116,164,131,56,4
235117,164,131,57,4
235118,164,131,58,4
235119,164,131,59,4
235120,164,131,60,4
235121,164,131,61,4
235122,164,131,62,4
235123,164,131,63,5
235124,164,131,64,5
235125,164,131,65,5
235126,164,131,66,16
235127,164,131,67,16
235128,164,131,68,16
235129,164,131,69,16
235130,164,131,70,16
235131,164,131,71,16
235132,164,131,72,16
235133,164,132,48,14
235134,164,132,49,14
235135,164,132,50,11
235136,164,132,51,9
235137,164,132,52,9
235138,164,132,53,5
235139,164,132,54,4
235140,164,132,55,4
235141,164,132,56,4
235142,164,132,57,4
235143,164,132,58,4
235144,164,132,59,4
235145,164,132,60,4
235146,164,132,61,4
235147,164,132,62,4
235148,164,132,63,4
235149,164,132,64,5
235150,164,132,65,5
235151,164,132,66,5
235152,164,132,67,16
235153,164,132,68,16
235154,164,132,69,16
235155,164,132,70,16
235156,164,132,71,16
235157,164,132,72,16
235158,164,132,73,16
235159,164,133,48,14
235160,164,133,49,14
235161,164,133,50,11
235162,164,133,51,11
235163,164,133,52,9
235164,164,133,53,5
235165,164,133,54,5
235166,164,133,55,5
235167,164,133,56,5
235168,164,133,57,4
235169,164,133,58,4
235170,164,133,59,4
235171,164,133,60,4
235172,164,133,61,4
235173,164,133,62,4
235174,164,133,63,4
235175,164,133,64,5
235176,164,133,65,5
235177,164,133,66,5
235178,164,133,67,5
235179,164,133,68,16
235180,164,133,69,16
235181,164,133,70,16
235182,164,133,71,16
235183,164,133,72,16
235184,164,133,73,16
235185,164,134,48,14
235186,164,134,49,14
235187,164,134,50,11
235188,164,134,51,11
235189,164,134,52,9
235190,164,134,53,5
235191,164,134,54,5
235192,164,134,55,8
235193,164,134,56,8
235194,164,134,57,8
235195,164,134,58,4
235196,164,134,59,4
235197,164,134,60,4
235198,164,134,61,4
235199,164,134,62,4
235200,164,134,63,4
235201,164,134,64,5
235202,164,134,65,5
235203,164,134,66,5
235204,164,134,67,5
235205,164,134,68,5
235206,164,134,69,16
235207,164,134,70,16
235208,164,134,71,16
235209,164,134,72,15
235210,164,134,73,16
235211,164,135,48,14
235212,164,135,49,14
235213,164,135,50,11
235214,164,135,51,8
235215,164,135,52,8
235216,164,135,53,8
235217,164,135,54,8
235218,164,135,55,8
235219,164,135,56,8
235220,164,135,57,8
235221,164,135,58,8
235222,164,135,59,8
235223,164,135,60,4
235224,164,135,61,4
235225,164,135,62,4
235226,164,135,63,4
235227,164,135,64,5
235228,164,135,65,5
235229,164,135,66,5
235230,164,135,67,5
235231,164,135,68,5
235232,164,135,69,5
235233,164,135,70,5
235234,164,135,71,16
235235,164,135,72,15
235236,164,135,73,2
235237,164,136,47,14
235238,164,136,48,14
235239,164,136,49,11
235240,164,136,50,8
235241,164,136,51,8
235242,164,136,52,8
235243,164,136,53,8
235244,164,136,54,8
235245,164,136,55,8
235246,164,136,56,8
235247,164,136,57,8
235248,164,136,58,8
235249,164,136,59,8
235250,164,136,60,5
235251,164,136,61,4
235252,164,136,62,5
235253,164,136,63,5
235254,164,136,64,5
235255,164,136,65,5
235256,164,136,66,5
235257,164,136,67,5
235258,164,136,68,5
235259,164,136,69,5
235260,164,136,70,5
235261,164,136,71,5
235262,164,136,72,5
235263,164,136,73,2
235264,164,136,74,2
235265,164,137,47,14
235266,164,137,48,14
235267,164,137,49,8
235268,164,137,50,8
235269,164,137,51,8
235270,164,137,52,8
235271,164,137,53,4
235272,164,137,54,6
235273,164,137,55,10
235274,164,137,56,8
235275,164,137,57,8
235276,164,137,58,8
235277,164,137,59,8
235278,164,137,60,8
235279,164,137,61,8
235280,164,137,62,5
235281,164,137,63,5
235282,164,137,64,5
235283,164,137,65,5
235284,164,137,66,5
235285,164,137,67,5
235286,164,137,68,5
235287,164,137,69,5
235288,164,137,70,5
235289,164,137,71,5
235290,164,137,72,15
235291,164,137,73,2
235292,164,137,74,2
235293,164,138,46,14
235294,164,138,47,14
235295,164,138,48,14
235296,164,138,49,8
235297,164,138,50,8
235298,164,138,51,8
235299,164,138,52,6
235300,164,138,53,6
235301,164,138,54,6
235302,164,138,55,6
235303,164,138,56,10
235304,164,138,57,8
235305,164,138,58,8
235306,164,138,59,8
235307,164,138,60,8
235308,164,138,61,8
235309,164,138,62,8
235310,164,138,63,8
235311,164,138,64,5
235312,164,138,65,5
235313,164,138,66,5
235314,164,138,67,5
235315,164,138,68,5
235316,164,138,69,5
235317,164,138,70,5
235318,164,138,71,5
235319,164,138,72,5
235320,164,138,73,15
235321,164,138,74,2
235322,164,138,75,2
235323,164,139,45,9
235324,164,139,46,9
235325,164,139,47,11
235326,164,139,48,8
235327,164,139,49,8
235328,164,139,50,8
235329,164,139,51,6
235330,164,139,52,6
235331,164,139,53,6
235332,164,139,54,6
235333,164,139,55,6
235334,164,139,56,10
235335,164,139,57,10
235336,164,139,58,8
235337,164,139,59,8
235338,164,139,60,8
235339,164,139,61,8
235340,164,139,62,8
235341,164,139,63,5
235342,164,139,64,5
235343,164,139,65,5
235344,164,139,66,5
235345,164,139,67,5
235346,164,139,68,5
235347,164,139,69,5
235348,164,139,70,5
235349,164,139,71,5
235350,164,139,72,5
235351,164,139,73,5
235352,164,139,74,15
235353,164,139,75,16
235354,164,139,76,16
235355,164,140,45,9
235356,164,140,46,8
235357,164,140,47,8
235358,164,140,48,8
235359,164,140,49,8
235360,164,140,50,10
235361,164,140,51,6
235362,164,140,52,6
235363,164,140,53,6
235364,164,140,54,6
235365,164,140,55,6
235366,164,140,56,6
235367,164,140,57,6
235368,164,140,58,10
235369,164,140,59,8
235370,164,140,60,8
235371,164,140,61,8
235372,164,140,62,8
235373,164,140,63,5
235374,164,140,64,5
235375,164,140,65,5
235376,164,140,66,5
235377,164,140,67,5
235378,164,140,68,5
235379,164,140,69,5
235380,164,140,70,5
235381,164,140,71,5
235382,164,140,72,5
235383,164,140,73,5
235384,164,140,74,15
235385,164,140,75,16
235386,164,140,76,16
235387,164,140,77,16
235388,164,141,45,11
235389,164,141,46,8
235390,164,141,47,8
235391,164,141,48,8
235392,164,141,49,10
235393,164,141,50,6
235394,164,141,51,6
235395,164,141,52,6
235396,164,141,53,7
235397,164,141,54,7
235398,164,141,55,7
235399,164,141,56,7
235400,164,141,57,6
235401,164,141,58,6
235402,164,141,59,6
235403,164,141,60,5
235404,164,141,61,8
235405,164,141,62,8
235406,164,141,63,8
235407,164,141,64,5
235408,164,141,65,5
235409,164,141,66,5
235410,164,141,67,5
235411,164,141,68,5
235412,164,141,69,5
235413,164,141,70,5
235414,164,141,71,5
235415,164,141,72,5
235416,164,141,73,5
235417,164,141,74,5
235418,164,141,75,15
235419,164,141,76,16
235420,164,141,77,16
235421,164,142,43,14
235422,164,142,44,11
235423,164,142,45,8
235424,164,142,46,8
235425,164,142,47,8
235426,164,142,48,8
235427,164,142,49,6
235428,164,142,50,6
235429,164,142,51,6
235430,164,142,52,7
235431,164,142,53,7
235432,164,142,54,7
235433,164,142,55,7
235434,164,142,56,7
235435,164,142,57,7
235436,164,142,58,6
235437,164,142,59,6
235438,164,142,60,3
235439,164,142,61,8
235440,164,142,62,8
235441,164,142,63,8
235442,164,142,64,5
235443,164,142,65,5
235444,164,142,66,5
235445,164,142,67,5
235446,164,142,68,5
235447,164,142,69,5
235448,164,142,70,5
235449,164,142,71,5
235450,164,142,72,5
235451,164,142,73,5
235452,164,142,74,5
235453,164,142,75,15
235454,164,142,76,16
235455,164,142,77,16
235456,164,143,42,14
235457,164,143,43,14
235458,164,143,44,14
235459,164,143,45,8
235460,164,143,46,8
235461,164,143,47,8
235462,164,143,48,10
235463,164,143,49,6
235464,164,143,50,6
235465,164,143,51,7
235466,164,143,52,7
235467,164,143,53,7
235468,164,143,54,7
235469,164,143,55,7
235470,164,143,56,7
235471,164,143,57,7
235472,164,143,58,6
235473,164,143,59,6
235474,164,143,60,3
235475,164,143,61,8
235476,164,143,62,8
235477,164,143,63,8
235478,164,143,64,12
235479,164,143,65,12
235480,164,143,66,12
235481,164,143,67,12
235482,164,143,68,12
235483,164,143,69,5
235484,164,143,70,5
235485,164,143,71,5
235486,164,143,72,5
235487,164,143,73,5
235488,164,143,74,5
235489,164,143,75,15
235490,164,143,76,15
235491,164,143,77,16
235492,164,143,78,16
235493,164,144,40,11
235494,164,144,41,11
235495,164,144,42,14
235496,164,144,43,11
235497,164,144,44,8
235498,164,144,45,8
235499,164,144,46,8
235500,164,144,47,8
235501,164,144,48,6
235502,164,144,49,6
235503,164,144,50,7
235504,164,144,51,7
235505,164,144,52,7
235506,164,144,53,7
235507,164,144,54,7
235508,164,144,55,7
235509,164,144,56,7
235510,164,144,57,7
235511,164,144,58,6
235512,164,144,59,6
235513,164,144,60,3
235514,164,144,61,8
235515,164,144,62,8
235516,164,144,63,8
235517,164,144,64,5
235518,164,144,65,12
235519,164,144,66,12
235520,164,144,67,12
235521,164,144,68,5
235522,164,144,69,5
235523,164,144,70,5
235524,164,144,71,5
235525,164,144,72,5
235526,164,144,73,5
235527,164,144,74,5
235528,164,144,75,15
235529,164,144,76,15
235530,164,144,77,16
235531,164,144,78,16
235532,164,145,39,11
235533,164,145,40,11
235534,164,145,41,11
235535,164,145,42,14
235536,164,145,43,8
235537,164,145,44,8
235538,164,145,45,8
235539,164,145,46,8
235540,164,145,47,6
235541,164,145,48,6
235542,164,145,49,6
235543,164,145,50,7
235544,164,145,51,7
235545,164,145,52,7
235546,164,145,53,7
235547,164,145,54,7
235548,164,145,55,7
235549,164,145,56,7
235550,164,145,57,7
235551,164,145,58,6
235552,164,145,59,6
235553,164,145,60,3
235554,164,145,61,5
235555,164,145,62,8
235556,164,145,63,8
235557,164,145,64,8
235558,164,145,65,12
235559,164,145,66,12
235560,164,145,67,12
235561,164,145,68,5
235562,164,145,69,5
235563,164,145,70,5
235564,164,145,71,5
235565,164,145,72,5
235566,164,145,73,15
235567,164,145,74,5
235568,164,145,75,15
235569,164,145,76,15
235570,164,145,77,16
235571,164,146,40,14
235572,164,146,41,11
235573,164,146,42,8
235574,164,146,43,8
235575,164,146,44,8
235576,164,146,45,8
235577,164,146,46,1
235578,164,146,47,6
235579,164,146,48,6
235580,164,146,49,6
235581,164,146,50,7
235582,164,146,51,7
235583,164,146,52,7
235584,164,146,53,7
235585,164,146,54,7
235586,164,146,55,7
235587,164,146,56,7
235588,164,146,57,7
235589,164,146,58,6
235590,164,146,59,6
235591,164,146,60,6
235592,164,146,61,3
235593,164,146,62,8
235594,164,146,63,8
235595,164,146,64,8
235596,164,146,65,12
235597,164,146,66,12
235598,164,146,67,12
235599,164,146,68,5
235600,164,146,69,5
235601,164,146,70,5
235602,164,146,71,5
235603,164,146,72,5
235604,164,146,73,15
235605,164,146,74,15
235606,164,146,75,15
235607,164,146,76,15
235608,164,146,77,15
235609,164,147,40,11
235610,164,147,41,8
235611,164,147,42,8
235612,164,147,43,8
235613,164,147,44,8
235614,164,147,45,8
235615,164,147,46,6
235616,164,147,47,6
235617,164,147,48,6
235618,164,147,49,7
235619,164,147,50,7
235620,164,147,51,7
235621,164,147,52,7
235622,164,147,53,7
235623,164,147,54,7
235624,164,147,55,7
235625,164,147,56,7
235626,164,147,57,7
235627,164,147,58,6
235628,164,147,59,6
235629,164,147,60,6
235630,164,147,61,3
235631,164,147,62,3
235632,164,147,63,8
235633,164,147,64,8
235634,164,147,65,8
235635,164,147,66,12
235636,164,147,67,12
235637,164,147,68,12
235638,164,147,69,5
235639,164,147,70,5
235640,164,147,71,5
235641,164,147,72,5
235642,164,147,73,15
235643,164,147,74,15
235644,164,147,75,15
235645,164,147,76,15
235646,164,147,77,15
235647,164,148,40,14
235648,164,148,41,8
235649,164,148,42,8
235650,164,148,43,8
235651,164,148,44,8
235652,164,148,45,10
235653,164,148,46,10
235654,164,148,47,6
235655,164,148,48,7
235656,164,148,49,7
235657,164,148,50,7
235658,164,148,51,7
235659,164,148,52,7
235660,164,148,53,7
235661,164,148,54,7
235662,164,148,55,7
235663,164,148,56,7
235664,164,148,57,7
235665,164,148,58,7
235666,164,148,59,6
235667,164,148,60,6
235668,164,148,61,3
235669,164,148,62,8
235670,164,148,63,8
235671,164,148,64,8
235672,164,148,65,8
235673,164,148,66,12
235674,164,148,67,12
235675,164,148,68,15
235676,164,148,69,15
235677,164,148,70,12
235678,164,148,71,12
235679,164,148,72,15
235680,164,148,73,15
235681,164,148,74,15
235682,164,148,75,15
235683,164,148,76,15
235684,164,148,77,15
235685,164,149,40,14
235686,164,149,41,8
235687,164,149,42,8
235688,164,149,43,8
235689,164,149,44,10
235690,164,149,45,10
235691,164,149,46,10
235692,164,149,47,10
235693,164,149,48,7
235694,164,149,49,7
235695,164,149,50,7
235696,164,149,51,7
235697,164,149,52,7
235698,164,149,53,7
235699,164,149,54,7
235700,164,149,55,7
235701,164,149,56,7
235702,164,149,57,7
235703,164,149,58,7
235704,164,149,59,6
235705,164,149,60,10
235706,164,149,61,8
235707,164,149,62,10
235708,164,149,63,8
235709,164,149,64,8
235710,164,149,65,8
235711,164,149,66,2
235712,164,149,67,2
235713,164,149,68,15
235714,164,149,69,15
235715,164,149,70,15
235716,164,149,71,15
235717,164,149,72,15
235718,164,149,73,15
235719,164,149,74,15
235720,164,149,75,15
235721,164,149,76,15
235722,164,149,77,15
235723,164,150,41,8
235724,164,150,42,8
235725,164,150,43,8
235726,164,150,44,6
235727,164,150,45,6
235728,164,150,46,10
235729,164,150,47,10
235730,164,150,48,10
235731,164,150,49,7
235732,164,150,50,7
235733,164,150,51,7
235734,164,150,52,7
235735,164,150,53,7
235736,164,150,54,7
235737,164,150,55,7
235738,164,150,56,7
235739,164,150,57,7
235740,164,150,58,7
235741,164,150,59,6
235742,164,150,60,10
235743,164,150,61,8
235744,164,150,62,8
235745,164,150,63,8
235746,164,150,64,8
235747,164,150,65,8
235748,164,150,66,2
235749,164,150,67,15
235750,164,150,68,15
235751,164,150,69,15
235752,164,150,70,15
235753,164,150,71,15
235754,164,150,72,15
235755,164,150,73,15
235756,164,150,74,15
235757,164,150,75,15
235758,164,150,76,15
235759,164,150,77,15
235760,164,150,78,15
235761,164,151,41,8
235762,164,151,42,8
235763,164,151,43,10
235764,164,151,44,6
235765,164,151,45,6
235766,164,151,46,10
235767,164,151,47,10
235768,164,151,48,10
235769,164,151,49,7
235770,164,151,50,7
235771,164,151,51,7
235772,164,151,52,7
235773,164,151,53,7
235774,164,151,54,7
235775,164,151,55,7
235776,164,151,56,7
235777,164,151,57,7
235778,164,151,58,7
235779,164,151,59,6
235780,164,151,60,6
235781,164,151,61,6
235782,164,151,62,10
235783,164,151,63,8
235784,164,151,64,8
235785,164,151,65,2
235786,164,151,66,2
235787,164,151,67,2
235788,164,151,68,15
235789,164,151,69,15
235790,164,151,70,15
235791,164,151,71,15
235792,164,151,72,15
235793,164,151,73,15
235794,164,151,74,15
235795,164,151,75,15
235796,164,151,76,15
235797,164,151,77,15
235798,164,151,78,15
235799,164,151,79,15
235800,164,151,80,15
235801,164,152,40,11
235802,164,152,41,8
235803,164,152,42,8
235804,164,152,43,8
235805,164,152,44,10
235806,164,152,45,10
235807,164,152,46,10
235808,164,152,47,10
235809,164,152,48,10
235810,164,152,49,6
235811,164,152,50,6
235812,164,152,51,7
235813,164,152,52,7
235814,164,152,53,7
235815,164,152,54,7
235816,164,152,55,7
235817,164,152,56,7
235818,164,152,57,7
235819,164,152,58,7
235820,164,152,59,6
235821,164,152,60,6
235822,164,152,61,6
235823,164,152,62,10
235824,164,152,63,8
235825,164,152,64,8
235826,164,152,65,2
235827,164,152,66,2
235828,164,152,67,2
235829,164,152,68,15
235830,164,152,69,15
235831,164,152,70,15
235832,164,152,71,15
235833,164,152,72,15
235834,164,152,73,15
235835,164,152,74,15
235836,164,152,75,15
235837,164,152,76,15
235838,164,152,77,15
235839,164,152,78,15
235840,164,152,79,15
235841,164,153,39,14
235842,164,153,40,14
235843,164,153,41,3
235844,164,153,42,8
235845,164,153,43,8
235846,164,153,44,8
235847,164,153,45,8
235848,164,153,46,8
235849,164,153,47,8
235850,164,153,48,10
235851,164,153,49,10
235852,164,153,50,10
235853,164,153,51,6
235854,164,153,52,7
235855,164,153,53,7
235856,164,153,54,7
235857,164,153,55,7
235858,164,153,56,7
235859,164,153,57,7
235860,164,153,58,6
235861,164,153,59,6
235862,164,153,60,6
235863,164,153,61,10
235864,164,153,62,8
235865,164,153,63,8
235866,164,153,64,8
235867,164,153,65,2
235868,164,153,66,2
235869,164,153,67,2
235870,164,153,68,15
235871,164,153,69,15
235872,164,153,70,15
235873,164,153,71,15
235874,164,153,72,15
235875,164,153,73,15
235876,164,153,74,15
235877,164,153,75,15
235878,164,153,76,15
235879,164,153,77,15
235880,164,154,39,14
235881,164,154,40,14
235882,164,154,41,14
235883,164,154,42,8
235884,164,154,43,8
235885,164,154,44,8
235886,164,154,45,8
235887,164,154,46,8
235888,164,154,47,8
235889,164,154,48,10
235890,164,154,49,10
235891,164,154,50,10
235892,164,154,51,10
235893,164,154,52,6
235894,164,154,53,7
235895,164,154,54,7
235896,164,154,55,7
235897,164,154,56,7
235898,164,154,57,7
235899,164,154,58,6
235900,164,154,59,6
235901,164,154,60,10
235902,164,154,61,10
235903,164,154,62,8
235904,164,154,63,8
235905,164,154,64,8
235906,164,154,65,2
235907,164,154,66,2
235908,164,154,67,15
235909,164,154,68,15
235910,164,154,69,15
235911,164,154,70,15
235912,164,154,71,15
235913,164,154,72,15
235914,164,154,73,15
235915,164,154,74,15
235916,164,154,75,15
235917,164,155,39,14
235918,164,155,40,14
235919,164,155,41,14
235920,164,155,42,14
235921,164,155,45,14
235922,164,155,46,14
235923,164,155,47,3
235924,164,155,48,8
235925,164,155,49,8
235926,164,155,50,8
235927,164,155,51,10
235928,164,155,52,10
235929,164,155,53,6
235930,164,155,54,6
235931,164,155,55,6
235932,164,155,56,6
235933,164,155,57,6
235934,164,155,58,6
235935,164,155,59,10
235936,164,155,60,10
235937,164,155,61,10
235938,164,155,62,8
235939,164,155,63,8
235940,164,155,64,15
235941,164,155,65,15
235942,164,155,66,15
235943,164,155,67,15
235944,164,155,68,15
235945,164,155,69,15
235946,164,155,70,15
235947,164,155,71,15
235948,164,155,72,15
235949,164,155,73,15
235950,164,156,40,14
235951,164,156,46,14
235952,164,156,47,14
235953,164,156,48,3
235954,164,156,49,8
235955,164,156,50,8
235956,164,156,51,8
235957,164,156,52,10
235958,164,156,53,6
235959,164,156,54,6
235960,164,156,55,6
235961,164,156,56,6
235962,164,156,57,6
235963,164,156,58,10
235964,164,156,59,10
235965,164,156,60,10
235966,164,156,61,8
235967,164,156,62,8
235968,164,156,63,8
235969,164,156,64,15
235970,164,156,65,15
235971,164,156,66,15
235972,164,156,67,15
235973,164,156,68,15
235974,164,156,69,15
235975,164,156,70,15
235976,164,156,71,15
235977,164,156,72,15
235978,164,157,47,14
235979,164,157,48,14
235980,164,157,49,8
235981,164,157,50,8
235982,164,157,51,8
235983,164,157,52,8
235984,164,157,53,10
235985,164,157,54,6
235986,164,157,55,6
235987,164,157,56,10
235988,164,157,57,10
235989,164,157,58,10
235990,164,157,59,10
235991,164,157,60,8
235992,164,157,61,8
235993,164,157,62,8
235994,164,157,63,15
235995,164,157,64,15
235996,164,157,65,15
235997,164,157,66,15
235998,164,157,67,15
235999,164,157,68,15
236000,164,157,69,15
236001,164,157,70,15
236002,164,157,71,15
236003,164,157,72,15
236004,164,158,50,8
236005,164,158,51,8
236006,164,158,52,8
236007,164,158,53,10
236008,164,158,54,10
236009,164,158,55,10
236010,164,158,56,10
236011,164,158,57,8
236012,164,158,58,8
236013,164,158,59,8
236014,164,158,60,8
236015,164,158,61,8
236016,164,158,62,3
236017,164,158,63,15
236018,164,158,64,15
236019,164,158,65,15
236020,164,158,66,15
236021,164,158,67,15
236022,164,158,68,15
236023,164,158,69,15
236024,164,158,70,15
236025,164,158,71,15
236026,164,159,51,3
236027,164,159,52,8
236028,164,159,53,8
236029,164,159,54,8
236030,164,159,55,8
236031,164,159,56,8
236032,164,159,57,8
236033,164,159,58,8
236034,164,159,59,8
236035,164,159,60,8
236036,164,159,61,3
236037,164,159,62,3
236038,164,159,63,15
236039,164,159,64,15
236040,164,159,65,15
236041,164,159,66,15
236042,164,159,67,15
236043,164,159,68,15
236044,164,159,69,15
236045,164,159,70,15
236046,164,159,71,15
236047,164,160,52,3
236048,164,160,53,3
236049,164,160,54,3
236050,164,160,55,8
236051,164,160,56,8
236052,164,160,57,3
236053,164,160,58,3
236054,164,160,59,3
236055,164,160,60,3
236056,164,160,61,3
236057,164,160,62,15
236058,164,160,63,15
236059,164,160,64,15
236060,164,160,65,15
236061,164,160,66,15
236062,164,160,67,15
236063,164,160,68,15
236064,164,160,69,15
236065,164,160,70,15
236066,164,161,51,3
236067,164,161,52,3
236068,164,161,53,3
236069,164,161,54,3
236070,164,161,55,3
236071,164,161,56,3
236072,164,161,57,3
236073,164,161,58,3
236074,164,161,59,3
236075,164,161,60,15
236076,164,161,61,15
236077,164,161,62,15
236078,164,161,63,3
236079,164,161,64,15
236080,164,161,65,15
236081,164,161,66,15
236082,164,161,67,15
236083,164,161,68,15
236084,164,161,69,15
236085,164,161,70,15
236086,164,162,51,3
236087,164,162,52,3
236088,164,162,53,13
236089,164,162,54,13
236090,164,162,55,13
236091,164,162,56,3
236092,164,162,57,3
236093,164,162,58,15
236094,164,162,59,15
236095,164,162,60,3
236096,164,162,61,3
236097,164,162,62,3
236098,164,162,63,3
236099,164,162,64,13
236100,164,162,65,13
236101,164,162,66,15
236102,164,162,67,15
236103,164,162,68,15
236104,164,162,69,15
236105,164,162,70,15
236106,164,163,50,3
236107,164,163,51,3
236108,164,163,52,13
236109,164,163,53,13
236110,164,163,54,13
236111,164,163,55,13
236112,164,163,56,13
236113,164,163,57,13
236114,164,163,58,3
236115,164,163,59,3
236116,164,163,60,3
236117,164,163,61,13
236118,164,163,62,13
236119,164,163,63,13
236120,164,163,64,13
236121,164,163,65,13
236122,164,163,66,13
236123,164,163,67,12
236124,164,163,68,15
236125,164,163,69,15
236126,164,163,70,15
236127,164,164,51,3
236128,164,164,52,13
236129,164,164,53,13
236130,164,164,54,13
236131,164,164,55,13
236132,164,164,56,13
236133,164,164,57,13
236134,164,164,58,13
236135,164,164,59,13
236136,164,164,60,13
236137,164,164,61,13
236138,164,164,62,13
236139,164,164,63,13
236140,164,164,64,13
236141,164,164,65,13
236142,164,164,66,13
236143,164,164,67,12
236144,164,164,68,15
236145,164,164,69,15
236146,164,164,70,15
236147,164,165,52,13
236148,164,165,53,13
236149,164,165,55,13
236150,164,165,56,13
236151,164,165,57,13
236152,164,165,58,13
236153,164,165,59,13
236154,164,165,60,13
236155,164,165,61,13
236156,164,165,62,13
236157,164,165,63,13
236158,164,165,64,13
236159,164,165,65,13
236160,164,165,66,13
236161,164,165,67,13
236162,164,165,68,15
236163,164,165,69,15
236164,164,165,70,15
236165,164,166,55,13
236166,164,166,56,13
236167,164,166,57,13
236168,164,166,58,13
236169,164,166,59,13
236170,164,166,60,13
236171,164,166,61,13
236172,164,166,62,13
236173,164,166,63,13
236174,164,166,64,13
236175,164,166,65,13
236176,164,166,66,13
236177,164,166,67,13
236178,164,166,68,15
236179,164,166,69,15
236180,164,166,70,15
236181,164,167,55,3
236182,164,167,56,13
236183,164,167,57,13
236184,164,167,58,13
236185,164,167,59,13
236186,164,167,60,13
236187,164,167,61,13
236188,164,167,62,13
236189,164,167,63,13
236190,164,167,64,13
236191,164,167,65,13
236192,164,167,66,13
236193,164,167,67,13
236194,164,167,68,15
236195,164,167,69,15
236196,164,167,70,15
236197,164,168,56,13
236198,164,168,57,13
236199,164,168,58,13
236200,164,168,59,13
236201,164,168,60,13
236202,164,168,61,13
236203,164,168,62,13
236204,164,168,63,13
236205,164,168,64,13
236206,164,168,65,13
236207,164,168,66,13
236208,164,168,67,13
236209,164,168,68,15
236210,164,168,69,15
236211,164,169,55,3
236212,164,169,56,13
236213,164,169,57,13
236214,164,169,58,13
236215,164,169,59,13
236216,164,169,60,13
236217,164,169,61,13
236218,164,169,62,13
236219,164,169,63,13
236220,164,169,64,13
236221,164,169,65,13
236222,164,169,66,13
236223,164,169,67,13
236224,164,169,68,15
236225,164,170,55,3
236226,164,170,56,13
236227,164,170,57,13
236228,164,170,58,13
236229,164,170,59,13
236230,164,170,60,13
236231,164,170,61,13
236232,164,170,62,13
236233,164,170,63,13
236234,164,170,64,13
236235,164,170,65,13
236236,164,170,66,13
236237,164,170,67,13
236238,164,171,55,13
236239,164,171,56,13
236240,164,171,57,13
236241,164,171,58,13
236242,164,171,59,13
236243,164,171,60,13
236244,164,171,61,13
236245,164,171,62,13
236246,164,171,63,13
236247,164,171,64,13
236248,164,171,65,13
236249,164,172,58,13
236250,164,172,59,13
236251,164,172,64,15
236252,165,114,49,9
236253,165,114,50,9
236254,165,114,52,9
236255,165,114,53,9
236256,165,114,55,9
236257,165,114,56,9
236258,165,114,57,16
236259,165,114,58,16
236260,165,114,59,16
236261,165,114,60,16
236262,165,115,49,9
236263,165,115,50,9
236264,165,115,51,9
236265,165,115,52,9
236266,165,115,53,9
236267,165,115,54,9
236268,165,115,55,9
236269,165,115,56,9
236270,165,115,57,9
236271,165,115,58,16
236272,165,115,59,16
236273,165,115,60,16
236274,165,115,61,9
236275,165,115,62,9
236276,165,116,49,9
236277,165,116,50,9
236278,165,116,51,9
236279,165,116,52,9
236280,165,116,53,9
236281,165,116,54,9
236282,165,116,55,9
236283,165,116,56,9
236284,165,116,57,9
236285,165,116,58,9
236286,165,116,59,16
236287,165,116,60,16
236288,165,116,61,16
236289,165,116,62,9
236290,165,117,49,9
236291,165,117,50,9
236292,165,117,51,9
236293,165,117,52,9
236294,165,117,53,9
236295,165,117,54,9
236296,165,117,55,9
236297,165,117,56,9
236298,165,117,57,9
236299,165,117,58,9
236300,165,117,59,5
236301,165,117,60,16
236302,165,117,61,16
236303,165,117,62,16
236304,165,117,63,9
236305,165,117,64,9
236306,165,118,48,9
236307,165,118,49,9
236308,165,118,50,9
236309,165,118,51,9
236310,165,118,52,9
236311,165,118,53,9
236312,165,118,56,9
236313,165,118,57,5
236314,165,118,58,5
236315,165,118,59,5
236316,165,118,60,5
236317,165,118,61,16
236318,165,118,62,16
236319,165,118,63,16
236320,165,118,64,16
236321,165,118,65,16
236322,165,119,46,9
236323,165,119,47,9
236324,165,119,48,9
236325,165,119,49,9
236326,165,119,50,4
236327,165,119,51,4
236328,165,119,52,4
236329,165,119,55,9
236330,165,119,56,4
236331,165,119,57,4
236332,165,119,58,4
236333,165,119,59,5
236334,165,119,60,5
236335,165,119,61,5
236336,165,119,62,5
236337,165,119,63,16
236338,165,119,64,16
236339,165,119,65,16
236340,165,119,66,9
236341,165,120,47,9
236342,165,120,48,9
236343,165,120,49,4
236344,165,120,50,4
236345,165,120,51,4
236346,165,120,52,4
236347,165,120,53,4
236348,165,120,54,4
236349,165,120,55,4
236350,165,120,56,4
236351,165,120,57,4
236352,165,120,58,4
236353,165,120,59,4
236354,165,120,60,5
236355,165,120,61,5
236356,165,120,62,5
236357,165,120,63,5
236358,165,120,64,16
236359,165,120,65,16
236360,165,120,66,16
236361,165,120,67,9
236362,165,121,47,9
236363,165,121,48,9
236364,165,121,49,4
236365,165,121,50,4
236366,165,121,51,4
236367,165,121,52,4
236368,165,121,53,4
236369,165,121,54,4
236370,165,121,55,4
236371,165,121,56,4
236372,165,121,57,4
236373,165,121,58,4
236374,165,121,59,4
236375,165,121,60,4
236376,165,121,61,5
236377,165,121,62,5
236378,165,121,63,5
236379,165,121,64,16
236380,165,121,65,16
236381,165,122,47,9
236382,165,122,48,9
236383,165,122,49,4
236384,165,122,50,4
236385,165,122,51,4
236386,165,122,52,4
236387,165,122,53,4
236388,165,122,54,4
236389,165,122,55,4
236390,165,122,56,4
236391,165,122,57,4
236392,165,122,58,4
236393,165,122,59,4
236394,165,122,60,4
236395,165,122,61,4
236396,165,122,62,5
236397,165,122,63,5
236398,165,122,64,5
236399,165,122,65,16
236400,165,122,66,16
236401,165,123,47,9
236402,165,123,48,9
236403,165,123,49,4
236404,165,123,50,4
236405,165,123,51,4
236406,165,123,52,4
236407,165,123,53,4
236408,165,123,54,4
236409,165,123,55,4
236410,165,123,56,4
236411,165,123,57,4
236412,165,123,58,4
236413,165,123,59,4
236414,165,123,60,4
236415,165,123,61,4
236416,165,123,62,5
236417,165,123,63,5
236418,165,123,64,5
236419,165,123,65,16
236420,165,123,66,16
236421,165,124,48,9
236422,165,124,49,9
236423,165,124,50,4
236424,165,124,51,4
236425,165,124,52,4
236426,165,124,53,4
236427,165,124,54,4
236428,165,124,55,4
236429,165,124,56,4
236430,165,124,57,4
236431,165,124,58,4
236432,165,124,59,4
236433,165,124,60,4
236434,165,124,61,4
236435,165,124,62,4
236436,165,124,63,5
236437,165,124,64,5
236438,165,124,65,16
236439,165,125,48,9
236440,165,125,49,9
236441,165,125,50,9
236442,165,125,51,4
236443,165,125,52,4
236444,165,125,53,4
236445,165,125,54,4
236446,165,125,55,4
236447,165,125,56,4
236448,165,125,57,4
236449,165,125,58,4
236450,165,125,59,4
236451,165,125,60,4
236452,165,125,61,4
236453,165,125,62,4
236454,165,125,63,5
236455,165,125,64,5
236456,165,125,65,16
236457,165,125,66,16
236458,165,126,47,9
236459,165,126,48,9
236460,165,126,49,9
236461,165,126,50,9
236462,165,126,51,4
236463,165,126,52,4
236464,165,126,53,4
236465,165,126,54,4
236466,165,126,55,4
236467,165,126,56,4
236468,165,126,57,4
236469,165,126,58,4
236470,165,126,59,4
236471,165,126,60,4
236472,165,126,61,4
236473,165,126,62,4
236474,165,126,63,5
236475,165,126,64,16
236476,165,126,65,16
236477,165,127,46,9
236478,165,127,47,9
236479,165,127,48,9
236480,165,127,49,9
236481,165,127,50,9
236482,165,127,51,9
236483,165,127,52,4
236484,165,127,53,4
236485,165,127,54,4
236486,165,127,55,4
236487,165,127,56,4
236488,165,127,57,4
236489,165,127,58,4
236490,165,127,59,4
236491,165,127,60,4
236492,165,127,61,4
236493,165,127,62,4
236494,165,127,63,5
236495,165,127,64,16
236496,165,127,65,16
236497,165,128,45,9
236498,165,128,46,9
236499,165,128,47,9
236500,165,128,48,9
236501,165,128,49,9
236502,165,128,50,9
236503,165,128,51,9
236504,165,128,52,4
236505,165,128,53,4
236506,165,128,54,4
236507,165,128,55,4
236508,165,128,56,4
236509,165,128,57,4
236510,165,128,58,4
236511,165,128,59,4
236512,165,128,60,4
236513,165,128,61,4
236514,165,128,62,4
236515,165,128,63,5
236516,165,128,64,16
236517,165,128,65,16
236518,165,129,44,11
236519,165,129,45,9
236520,165,129,46,9
236521,165,129,47,9
236522,165,129,48,9
236523,165,129,49,9
236524,165,129,50,9
236525,165,129,51,9
236526,165,129,52,4
236527,165,129,53,4
236528,165,129,54,4
236529,165,129,55,4
236530,165,129,56,4
236531,165,129,57,4
236532,165,129,58,4
236533,165,129,59,4
236534,165,129,60,4
236535,165,129,61,4
236536,165,129,62,4
236537,165,129,63,5
236538,165,129,64,16
236539,165,129,65,16
236540,165,129,66,16
236541,165,130,44,14
236542,165,130,45,14
236543,165,130,46,14
236544,165,130,47,14
236545,165,130,48,11
236546,165,130,49,11
236547,165,130,50,9
236548,165,130,51,9
236549,165,130,52,9
236550,165,130,53,4
236551,165,130,54,4
236552,165,130,55,4
236553,165,130,56,4
236554,165,130,57,4
236555,165,130,58,4
236556,165,130,59,4
236557,165,130,60,4
236558,165,130,61,4
236559,165,130,62,4
236560,165,130,63,5
236561,165,130,64,16
236562,165,130,65,16
236563,165,130,66,16
236564,165,131,44,14
236565,165,131,45,14
236566,165,131,46,14
236567,165,131,47,14
236568,165,131,48,11
236569,165,131,49,11
236570,165,131,50,9
236571,165,131,51,9
236572,165,131,52,9
236573,165,131,53,4
236574,165,131,54,4
236575,165,131,55,4
236576,165,131,56,4
236577,165,131,57,4
236578,165,131,58,4
236579,165,131,59,4
236580,165,131,60,4
236581,165,131,61,4
236582,165,131,62,4
236583,165,131,63,5
236584,165,131,64,16
236585,165,131,65,16
236586,165,131,66,16
236587,165,131,67,16
236588,165,132,45,14
236589,165,132,46,14
236590,165,132,47,14
236591,165,132,48,11
236592,165,132,49,11
236593,165,132,50,11
236594,165,132,51,9
236595,165,132,52,9
236596,165,132,53,5
236597,165,132,54,4
236598,165,132,55,4
236599,165,132,56,4
236600,165,132,57,4
236601,165,132,58,4
236602,165,132,59,4
236603,165,132,60,4
236604,165,132,61,4
236605,165,132,62,4
236606,165,132,63,5
236607,165,132,64,5
236608,165,132,65,16
236609,165,132,66,16
236610,165,132,67,16
236611,165,133,47,14
236612,165,133,48,11
236613,165,133,49,11
236614,165,133,50,11
236615,165,133,51,9
236616,165,133,52,9
236617,165,133,53,9
236618,165,133,54,5
236619,165,133,55,9
236620,165,133,56,9
236621,165,133,57,5
236622,165,133,58,4
236623,165,133,59,4
236624,165,133,60,4
236625,165,133,61,4
236626,165,133,62,4
236627,165,133,63,5
236628,165,133,64,5
236629,165,133,65,16
236630,165,133,66,16
236631,165,133,67,16
236632,165,133,68,16
236633,165,134,48,14
236634,165,134,49,14
236635,165,134,50,11
236636,165,134,51,11
236637,165,134,52,5
236638,165,134,53,5
236639,165,134,54,5
236640,165,134,55,8
236641,165,134,56,8
236642,165,134,57,8
236643,165,134,58,5
236644,165,134,59,4
236645,165,134,60,4
236646,165,134,61,4
236647,165,134,62,4
236648,165,134,63,4
236649,165,134,64,5
236650,165,134,65,5
236651,165,134,66,16
236652,165,134,67,16
236653,165,134,68,16
236654,165,135,48,11
236655,165,135,49,11
236656,165,135,50,11
236657,165,135,51,8
236658,165,135,52,8
236659,165,135,53,8
236660,165,135,54,8
236661,165,135,55,8
236662,165,135,56,8
236663,165,135,57,8
236664,165,135,58,8
236665,165,135,59,5
236666,165,135,60,4
236667,165,135,61,4
236668,165,135,62,4
236669,165,135,63,4
236670,165,135,64,5
236671,165,135,65,5
236672,165,135,66,16
236673,165,135,67,16
236674,165,135,68,16
236675,165,135,69,16
236676,165,136,47,14
236677,165,136,48,11
236678,165,136,49,11
236679,165,136,50,8
236680,165,136,51,8
236681,165,136,52,8
236682,165,136,53,8
236683,165,136,54,8
236684,165,136,55,8
236685,165,136,56,8
236686,165,136,57,8
236687,165,136,58,8
236688,165,136,59,5
236689,165,136,60,5
236690,165,136,61,5
236691,165,136,62,5
236692,165,136,63,5
236693,165,136,64,5
236694,165,136,65,5
236695,165,136,66,5
236696,165,136,67,16
236697,165,136,68,16
236698,165,136,69,16
236699,165,136,73,2
236700,165,137,46,14
236701,165,137,47,14
236702,165,137,48,14
236703,165,137,49,8
236704,165,137,50,8
236705,165,137,51,8
236706,165,137,52,8
236707,165,137,53,10
236708,165,137,54,8
236709,165,137,55,8
236710,165,137,56,8
236711,165,137,57,8
236712,165,137,58,8
236713,165,137,59,8
236714,165,137,60,8
236715,165,137,61,5
236716,165,137,62,5
236717,165,137,63,5
236718,165,137,64,5
236719,165,137,65,5
236720,165,137,66,5
236721,165,137,67,5
236722,165,137,68,16
236723,165,137,69,16
236724,165,137,70,16
236725,165,137,71,16
236726,165,137,72,16
236727,165,138,45,14
236728,165,138,46,11
236729,165,138,47,14
236730,165,138,48,8
236731,165,138,49,8
236732,165,138,50,8
236733,165,138,51,8
236734,165,138,52,4
236735,165,138,53,6
236736,165,138,54,6
236737,165,138,55,6
236738,165,138,56,8
236739,165,138,57,8
236740,165,138,58,8
236741,165,138,59,8
236742,165,138,60,8
236743,165,138,61,8
236744,165,138,62,5
236745,165,138,63,5
236746,165,138,64,5
236747,165,138,65,5
236748,165,138,66,5
236749,165,138,67,5
236750,165,138,68,16
236751,165,138,69,16
236752,165,138,70,16
236753,165,138,71,16
236754,165,138,72,16
236755,165,139,44,14
236756,165,139,45,11
236757,165,139,46,11
236758,165,139,47,8
236759,165,139,48,8
236760,165,139,49,8
236761,165,139,50,8
236762,165,139,51,10
236763,165,139,52,10
236764,165,139,53,6
236765,165,139,54,6
236766,165,139,55,6
236767,165,139,56,10
236768,165,139,57,10
236769,165,139,58,8
236770,165,139,59,8
236771,165,139,60,8
236772,165,139,61,8
236773,165,139,62,8
236774,165,139,63,5
236775,165,139,64,5
236776,165,139,65,5
236777,165,139,66,5
236778,165,139,67,5
236779,165,139,68,5
236780,165,139,69,16
236781,165,139,70,16
236782,165,139,71,16
236783,165,140,44,14
236784,165,140,45,11
236785,165,140,46,9
236786,165,140,47,8
236787,165,140,48,8
236788,165,140,49,8
236789,165,140,50,10
236790,165,140,51,10
236791,165,140,52,10
236792,165,140,53,6
236793,165,140,54,6
236794,165,140,55,6
236795,165,140,56,6
236796,165,140,57,10
236797,165,140,58,8
236798,165,140,59,8
236799,165,140,60,8
236800,165,140,61,8
236801,165,140,62,8
236802,165,140,63,5
236803,165,140,64,5
236804,165,140,65,5
236805,165,140,66,5
236806,165,140,67,5
236807,165,140,68,5
236808,165,140,69,5
236809,165,140,70,16
236810,165,140,71,16
236811,165,140,75,16
236812,165,140,76,16
236813,165,141,43,14
236814,165,141,44,11
236815,165,141,45,11
236816,165,141,46,8
236817,165,141,47,8
236818,165,141,48,8
236819,165,141,49,10
236820,165,141,50,10
236821,165,141,51,6
236822,165,141,52,6
236823,165,141,53,6
236824,165,141,54,6
236825,165,141,55,6
236826,165,141,56,6
236827,165,141,57,6
236828,165,141,58,6
236829,165,141,59,3
236830,165,141,60,8
236831,165,141,61,8
236832,165,141,62,8
236833,165,141,63,5
236834,165,141,64,5
236835,165,141,65,5
236836,165,141,66,5
236837,165,141,67,5
236838,165,141,68,5
236839,165,141,69,5
236840,165,141,70,5
236841,165,141,71,5
236842,165,141,72,15
236843,165,141,73,15
236844,165,141,74,15
236845,165,141,75,16
236846,165,141,76,16
236847,165,141,77,16
236848,165,141,78,16
236849,165,142,42,14
236850,165,142,43,14
236851,165,142,44,11
236852,165,142,45,8
236853,165,142,46,8
236854,165,142,47,8
236855,165,142,48,10
236856,165,142,49,6
236857,165,142,50,6
236858,165,142,51,6
236859,165,142,52,6
236860,165,142,53,7
236861,165,142,54,7
236862,165,142,55,7
236863,165,142,56,7
236864,165,142,57,6
236865,165,142,58,6
236866,165,142,59,3
236867,165,142,60,8
236868,165,142,61,8
236869,165,142,62,8
236870,165,142,63,5
236871,165,142,64,5
236872,165,142,65,5
236873,165,142,66,5
236874,165,142,67,5
236875,165,142,68,5
236876,165,142,69,5
236877,165,142,70,5
236878,165,142,71,5
236879,165,142,72,5
236880,165,142,73,5
236881,165,142,74,15
236882,165,142,75,15
236883,165,142,76,16
236884,165,142,77,16
236885,165,142,78,16
236886,165,143,41,14
236887,165,143,42,14
236888,165,143,43,14
236889,165,143,44,8
236890,165,143,45,8
236891,165,143,46,8
236892,165,143,47,1
236893,165,143,48,6
236894,165,143,49,6
236895,165,143,50,6
236896,165,143,51,6
236897,165,143,52,7
236898,165,143,53,7
236899,165,143,54,7
236900,165,143,55,7
236901,165,143,56,7
236902,165,143,57,6
236903,165,143,58,6
236904,165,143,59,6
236905,165,143,60,3
236906,165,143,61,8
236907,165,143,62,8
236908,165,143,63,8
236909,165,143,64,5
236910,165,143,65,12
236911,165,143,66,5
236912,165,143,67,12
236913,165,143,68,5
236914,165,143,69,5
236915,165,143,70,5
236916,165,143,71,5
236917,165,143,72,5
236918,165,143,73,5
236919,165,143,74,15
236920,165,143,75,15
236921,165,143,76,15
236922,165,143,77,16
236923,165,144,40,11
236924,165,144,41,11
236925,165,144,42,11
236926,165,144,43,8
236927,165,144,44,8
236928,165,144,45,8
236929,165,144,46,8
236930,165,144,47,6
236931,165,144,48,6
236932,165,144,49,6
236933,165,144,50,6
236934,165,144,51,7
236935,165,144,52,7
236936,165,144,53,7
236937,165,144,54,7
236938,165,144,55,7
236939,165,144,56,7
236940,165,144,57,6
236941,165,144,58,6
236942,165,144,59,3
236943,165,144,60,3
236944,165,144,61,8
236945,165,144,62,8
236946,165,144,63,8
236947,165,144,64,5
236948,165,144,65,12
236949,165,144,66,12
236950,165,144,67,12
236951,165,144,68,5
236952,165,144,69,5
236953,165,144,70,5
236954,165,144,71,5
236955,165,144,72,5
236956,165,144,73,15
236957,165,144,74,15
236958,165,144,75,15
236959,165,144,76,15
236960,165,144,77,15
236961,165,145,39,11
236962,165,145,40,11
236963,165,145,41,11
236964,165,145,42,8
236965,165,145,43,8
236966,165,145,44,8
236967,165,145,45,8
236968,165,145,46,1
236969,165,145,47,6
236970,165,145,48,6
236971,165,145,49,6
236972,165,145,50,7
236973,165,145,51,7
236974,165,145,52,7
236975,165,145,53,7
236976,165,145,54,7
236977,165,145,55,7
236978,165,145,56,7
236979,165,145,57,6
236980,165,145,58,6
236981,165,145,59,3
236982,165,145,60,3
236983,165,145,61,5
236984,165,145,62,8
236985,165,145,63,8
236986,165,145,64,8
236987,165,145,65,12
236988,165,145,66,12
236989,165,145,67,5
236990,165,145,68,5
236991,165,145,69,5
236992,165,145,70,5
236993,165,145,71,5
236994,165,145,72,15
236995,165,145,73,15
236996,165,145,74,15
236997,165,145,75,15
236998,165,145,76,15
236999,165,145,77,15
237000,165,146,40,11
237001,165,146,41,8
237002,165,146,42,8
237003,165,146,43,8
237004,165,146,44,8
237005,165,146,45,10
237006,165,146,46,6
237007,165,146,47,6
237008,165,146,48,6
237009,165,146,49,6
237010,165,146,50,7
237011,165,146,51,7
237012,165,146,52,7
237013,165,146,53,7
237014,165,146,54,7
237015,165,146,55,7
237016,165,146,56,7
237017,165,146,57,6
237018,165,146,58,6
237019,165,146,59,6
237020,165,146,60,6
237021,165,146,61,5
237022,165,146,62,8
237023,165,146,63,8
237024,165,146,64,8
237025,165,146,65,12
237026,165,146,66,12
237027,165,146,67,12
237028,165,146,68,5
237029,165,146,69,5
237030,165,146,70,5
237031,165,146,71,5
237032,165,146,72,15
237033,165,146,73,15
237034,165,146,74,15
237035,165,146,75,15
237036,165,146,76,15
237037,165,146,77,15
237038,165,147,41,8
237039,165,147,42,8
237040,165,147,43,8
237041,165,147,44,8
237042,165,147,45,10
237043,165,147,46,6
237044,165,147,47,6
237045,165,147,48,6
237046,165,147,49,6
237047,165,147,50,7
237048,165,147,51,7
237049,165,147,52,7
237050,165,147,53,7
237051,165,147,54,7
237052,165,147,55,7
237053,165,147,56,7
237054,165,147,57,6
237055,165,147,58,6
237056,165,147,59,6
237057,165,147,60,6
237058,165,147,61,3
237059,165,147,62,8
237060,165,147,63,8
237061,165,147,64,8
237062,165,147,65,5
237063,165,147,66,12
237064,165,147,67,5
237065,165,147,68,5
237066,165,147,69,5
237067,165,147,70,5
237068,165,147,71,5
237069,165,147,72,15
237070,165,147,73,15
237071,165,147,74,15
237072,165,147,75,15
237073,165,147,76,15
237074,165,148,41,8
237075,165,148,42,8
237076,165,148,43,8
237077,165,148,44,8
237078,165,148,45,10
237079,165,148,46,6
237080,165,148,47,6
237081,165,148,48,7
237082,165,148,49,7
237083,165,148,50,7
237084,165,148,51,7
237085,165,148,52,7
237086,165,148,53,7
237087,165,148,54,7
237088,165,148,55,7
237089,165,148,56,7
237090,165,148,57,7
237091,165,148,58,6
237092,165,148,59,6
237093,165,148,60,3
237094,165,148,61,10
237095,165,148,62,8
237096,165,148,63,8
237097,165,148,64,8
237098,165,148,65,5
237099,165,148,66,12
237100,165,148,67,5
237101,165,148,68,5
237102,165,148,69,5
237103,165,148,70,5
237104,165,148,71,15
237105,165,148,72,15
237106,165,148,73,15
237107,165,148,74,15
237108,165,148,75,15
237109,165,148,76,15
237110,165,149,41,8
237111,165,149,42,8
237112,165,149,43,8
237113,165,149,44,10
237114,165,149,45,10
237115,165,149,46,10
237116,165,149,47,7
237117,165,149,48,7
237118,165,149,49,7
237119,165,149,50,7
237120,165,149,51,7
237121,165,149,52,7
237122,165,149,53,7
237123,165,149,54,7
237124,165,149,55,7
237125,165,149,56,7
237126,165,149,57,7
237127,165,149,58,7
237128,165,149,59,6
237129,165,149,60,10
237130,165,149,61,8
237131,165,149,62,8
237132,165,149,63,8
237133,165,149,64,8
237134,165,149,65,8
237135,165,149,66,12
237136,165,149,67,5
237137,165,149,68,5
237138,165,149,69,15
237139,165,149,70,15
237140,165,149,71,15
237141,165,149,72,15
237142,165,149,73,15
237143,165,149,74,15
237144,165,149,75,15
237145,165,149,76,15
237146,165,150,40,11
237147,165,150,41,8
237148,165,150,42,8
237149,165,150,43,8
237150,165,150,44,10
237151,165,150,45,10
237152,165,150,46,10
237153,165,150,47,7
237154,165,150,48,7
237155,165,150,49,7
237156,165,150,50,7
237157,165,150,51,7
237158,165,150,52,7
237159,165,150,53,7
237160,165,150,54,7
237161,165,150,55,7
237162,165,150,56,7
237163,165,150,57,7
237164,165,150,58,7
237165,165,150,59,10
237166,165,150,60,10
237167,165,150,61,8
237168,165,150,62,8
237169,165,150,63,8
237170,165,150,64,8
237171,165,150,65,8
237172,165,150,66,5
237173,165,150,67,15
237174,165,150,68,15
237175,165,150,69,15
237176,165,150,70,15
237177,165,150,71,15
237178,165,150,72,15
237179,165,150,73,15
237180,165,150,74,15
237181,165,150,75,15
237182,165,150,76,15
237183,165,151,39,11
237184,165,151,40,11
237185,165,151,41,8
237186,165,151,42,8
237187,165,151,43,8
237188,165,151,44,10
237189,165,151,45,10
237190,165,151,46,10
237191,165,151,47,10
237192,165,151,48,6
237193,165,151,49,7
237194,165,151,50,7
237195,165,151,51,7
237196,165,151,52,7
237197,165,151,53,7
237198,165,151,54,7
237199,165,151,55,7
237200,165,151,56,7
237201,165,151,57,7
237202,165,151,58,7
237203,165,151,59,10
237204,165,151,60,10
237205,165,151,61,10
237206,165,151,62,8
237207,165,151,63,8
237208,165,151,64,8
237209,165,151,65,8
237210,165,151,66,15
237211,165,151,67,15
237212,165,151,68,15
237213,165,151,69,15
237214,165,151,70,15
237215,165,151,71,15
237216,165,151,72,15
237217,165,151,73,15
237218,165,151,74,15
237219,165,151,75,15
237220,165,151,76,15
237221,165,152,38,14
237222,165,152,39,14
237223,165,152,40,11
237224,165,152,41,1
237225,165,152,42,8
237226,165,152,43,8
237227,165,152,44,10
237228,165,152,45,10
237229,165,152,46,10
237230,165,152,47,10
237231,165,152,48,10
237232,165,152,49,6
237233,165,152,50,7
237234,165,152,51,7
237235,165,152,52,7
237236,165,152,53,7
237237,165,152,54,7
237238,165,152,55,7
237239,165,152,56,7
237240,165,152,57,7
237241,165,152,58,7
237242,165,152,59,6
237243,165,152,60,6
237244,165,152,61,6
237245,165,152,62,8
237246,165,152,63,8
237247,165,152,64,8
237248,165,152,65,15
237249,165,152,66,15
237250,165,152,67,15
237251,165,152,68,15
237252,165,152,69,15
237253,165,152,70,15
237254,165,152,71,15
237255,165,152,72,15
237256,165,152,73,15
237257,165,152,74,15
237258,165,152,75,15
237259,165,152,76,15
237260,165,152,77,15
237261,165,152,78,15
237262,165,152,79,15
237263,165,152,80,15
237264,165,153,39,14
237265,165,153,40,11
237266,165,153,41,1
237267,165,153,42,8
237268,165,153,43,8
237269,165,153,44,8
237270,165,153,45,8
237271,165,153,46,8
237272,165,153,47,10
237273,165,153,48,10
237274,165,153,49,6
237275,165,153,50,6
237276,165,153,51,7
237277,165,153,52,7
237278,165,153,53,7
237279,165,153,54,7
237280,165,153,55,7
237281,165,153,56,7
237282,165,153,57,7
237283,165,153,58,7
237284,165,153,59,6
237285,165,153,60,6
237286,165,153,61,10
237287,165,153,62,8
237288,165,153,63,8
237289,165,153,64,8
237290,165,153,65,15
237291,165,153,66,15
237292,165,153,67,15
237293,165,153,68,15
237294,165,153,69,15
237295,165,153,70,15
237296,165,153,71,15
237297,165,153,72,15
237298,165,153,73,15
237299,165,153,74,15
237300,165,153,75,15
237301,165,153,76,15
237302,165,153,77,15
237303,165,153,78,15
237304,165,153,79,15
237305,165,154,39,11
237306,165,154,40,1
237307,165,154,41,1
237308,165,154,42,3
237309,165,154,43,8
237310,165,154,44,8
237311,165,154,45,8
237312,165,154,46,8
237313,165,154,47,8
237314,165,154,48,8
237315,165,154,49,10
237316,165,154,50,6
237317,165,154,51,6
237318,165,154,52,6
237319,165,154,53,7
237320,165,154,54,7
237321,165,154,55,7
237322,165,154,56,7
237323,165,154,57,7
237324,165,154,58,6
237325,165,154,59,6
237326,165,154,60,10
237327,165,154,61,8
237328,165,154,62,8
237329,165,154,63,8
237330,165,154,64,8
237331,165,154,65,15
237332,165,154,66,15
237333,165,154,67,15
237334,165,154,68,15
237335,165,154,69,15
237336,165,154,70,15
237337,165,154,71,15
237338,165,154,72,15
237339,165,154,73,15
237340,165,154,74,15
237341,165,154,75,15
237342,165,155,39,14
237343,165,155,40,14
237344,165,155,41,14
237345,165,155,42,14
237346,165,155,43,11
237347,165,155,44,14
237348,165,155,45,14
237349,165,155,46,8
237350,165,155,47,8
237351,165,155,48,8
237352,165,155,49,8
237353,165,155,50,10
237354,165,155,51,10
237355,165,155,52,6
237356,165,155,53,6
237357,165,155,54,7
237358,165,155,55,7
237359,165,155,56,7
237360,165,155,57,7
237361,165,155,58,6
237362,165,155,59,10
237363,165,155,60,10
237364,165,155,61,8
237365,165,155,62,8
237366,165,155,63,8
237367,165,155,64,15
237368,165,155,65,15
237369,165,155,66,15
237370,165,155,67,15
237371,165,155,68,15
237372,165,155,69,15
237373,165,155,70,15
237374,165,155,71,15
237375,165,155,72,15
237376,165,155,73,15
237377,165,156,40,14
237378,165,156,43,14
237379,165,156,44,14
237380,165,156,45,14
237381,165,156,46,14
237382,165,156,47,14
237383,165,156,48,8
237384,165,156,49,8
237385,165,156,50,8
237386,165,156,51,10
237387,165,156,52,10
237388,165,156,53,6
237389,165,156,54,6
237390,165,156,55,6
237391,165,156,56,6
237392,165,156,57,6
237393,165,156,58,10
237394,165,156,59,10
237395,165,156,60,10
237396,165,156,61,8
237397,165,156,62,8
237398,165,156,63,8
237399,165,156,64,15
237400,165,156,65,15
237401,165,156,66,15
237402,165,156,67,15
237403,165,156,68,15
237404,165,156,69,15
237405,165,156,70,15
237406,165,156,71,15
237407,165,156,72,15
237408,165,156,73,15
237409,165,157,44,14
237410,165,157,45,14
237411,165,157,46,14
237412,165,157,47,14
237413,165,157,48,8
237414,165,157,49,8
237415,165,157,50,8
237416,165,157,51,10
237417,165,157,52,10
237418,165,157,53,6
237419,165,157,54,6
237420,165,157,55,6
237421,165,157,56,6
237422,165,157,57,10
237423,165,157,58,10
237424,165,157,59,10
237425,165,157,60,8
237426,165,157,61,8
237427,165,157,62,8
237428,165,157,63,15
237429,165,157,64,15
237430,165,157,65,15
237431,165,157,66,15
237432,165,157,67,15
237433,165,157,68,15
237434,165,157,69,15
237435,165,157,70,15
237436,165,157,71,15
237437,165,157,72,15
237438,165,157,73,15
237439,165,158,47,14
237440,165,158,48,14
237441,165,158,49,8
237442,165,158,50,8
237443,165,158,51,8
237444,165,158,52,8
237445,165,158,53,8
237446,165,158,54,10
237447,165,158,55,10
237448,165,158,56,10
237449,165,158,57,10
237450,165,158,58,8
237451,165,158,59,8
237452,165,158,60,8
237453,165,158,61,8
237454,165,158,62,3
237455,165,158,63,15
237456,165,158,64,15
237457,165,158,65,15
237458,165,158,66,15
237459,165,158,67,15
237460,165,158,68,15
237461,165,158,69,15
237462,165,158,70,15
237463,165,158,71,15
237464,165,158,72,15
237465,165,159,49,3
237466,165,159,50,3
237467,165,159,51,8
237468,165,159,52,8
237469,165,159,53,8
237470,165,159,54,8
237471,165,159,55,8
237472,165,159,56,8
237473,165,159,57,8
237474,165,159,58,8
237475,165,159,59,8
237476,165,159,60,3
237477,165,159,61,3
237478,165,159,62,15
237479,165,159,63,15
237480,165,159,64,15
237481,165,159,65,15
237482,165,159,66,15
237483,165,159,67,15
237484,165,159,68,15
237485,165,159,69,15
237486,165,159,70,15
237487,165,159,71,15
237488,165,160,50,3
237489,165,160,51,3
237490,165,160,52,3
237491,165,160,53,3
237492,165,160,54,8
237493,165,160,55,8
237494,165,160,56,8
237495,165,160,57,8
237496,165,160,58,3
237497,165,160,59,3
237498,165,160,60,3
237499,165,160,61,15
237500,165,160,62,15
237501,165,160,63,15
237502,165,160,64,15
237503,165,160,65,15
237504,165,160,66,15
237505,165,160,67,15
237506,165,160,68,15
237507,165,160,69,15
237508,165,160,70,15
237509,165,161,50,3
237510,165,161,51,3
237511,165,161,52,13
237512,165,161,53,13
237513,165,161,54,13
237514,165,161,55,3
237515,165,161,56,3
237516,165,161,57,3
237517,165,161,58,3
237518,165,161,59,15
237519,165,161,60,15
237520,165,161,61,15
237521,165,161,62,15
237522,165,161,63,15
237523,165,161,64,13
237524,165,161,65,13
237525,165,161,66,13
237526,165,161,67,15
237527,165,161,68,15
237528,165,161,69,15
237529,165,162,51,13
237530,165,162,52,13
237531,165,162,53,13
237532,165,162,54,13
237533,165,162,55,13
237534,165,162,56,13
237535,165,162,57,3
237536,165,162,58,15
237537,165,162,59,15
237538,165,162,60,15
237539,165,162,61,3
237540,165,162,62,15
237541,165,162,63,13
237542,165,162,64,13
237543,165,162,65,13
237544,165,162,66,13
237545,165,162,67,15
237546,165,162,68,15
237547,165,162,69,15
237548,165,163,50,3
237549,165,163,51,13
237550,165,163,52,13
237551,165,163,53,13
237552,165,163,54,13
237553,165,163,55,13
237554,165,163,56,13
237555,165,163,57,13
237556,165,163,58,3
237557,165,163,59,3
237558,165,163,60,13
237559,165,163,61,13
237560,165,163,62,13
237561,165,163,63,13
237562,165,163,64,13
237563,165,163,65,13
237564,165,163,66,13
237565,165,163,67,12
237566,165,163,68,15
237567,165,163,69,15
237568,165,164,49,14
237569,165,164,50,13
237570,165,164,51,13
237571,165,164,52,13
237572,165,164,53,13
237573,165,164,54,13
237574,165,164,55,13
237575,165,164,56,13
237576,165,164,57,13
237577,165,164,58,13
237578,165,164,59,13
237579,165,164,60,13
237580,165,164,61,13
237581,165,164,62,13
237582,165,164,63,13
237583,165,164,64,13
237584,165,164,65,13
237585,165,164,66,13
237586,165,164,67,13
237587,165,164,68,15
237588,165,164,69,15
237589,165,165,49,3
237590,165,165,50,13
237591,165,165,51,13
237592,165,165,52,13
237593,165,165,53,13
237594,165,165,54,13
237595,165,165,55,13
237596,165,165,56,13
237597,165,165,57,13
237598,165,165,58,13
237599,165,165,59,13
237600,165,165,60,13
237601,165,165,61,13
237602,165,165,62,13
237603,165,165,63,13
237604,165,165,64,13
237605,165,165,65,13
237606,165,165,66,13
237607,165,165,67,13
237608,165,165,68,15
237609,165,165,69,15
237610,165,165,70,15
237611,165,166,50,3
237612,165,166,51,13
237613,165,166,53,13
237614,165,166,54,13
237615,165,166,55,13
237616,165,166,56,13
237617,165,166,57,13
237618,165,166,58,13
237619,165,166,59,13
237620,165,166,60,13
237621,165,166,61,13
237622,165,166,62,13
237623,165,166,63,13
237624,165,166,64,13
237625,165,166,65,13
237626,165,166,66,13
237627,165,166,67,13
237628,165,166,68,15
237629,165,166,69,15
237630,165,166,70,15
237631,165,167,54,13
237632,165,167,55,13
237633,165,167,56,13
237634,165,167,57,13
237635,165,167,58,13
237636,165,167,59,13
237637,165,167,60,13
237638,165,167,61,13
237639,165,167,62,13
237640,165,167,63,13
237641,165,167,64,13
237642,165,167,65,13
237643,165,167,66,13
237644,165,167,67,13
237645,165,167,68,15
237646,165,167,69,15
237647,165,168,54,13
237648,165,168,55,13
237649,165,168,56,13
237650,165,168,57,13
237651,165,168,58,13
237652,165,168,59,13
237653,165,168,60,13
237654,165,168,61,13
237655,165,168,62,13
237656,165,168,63,13
237657,165,168,64,13
237658,165,168,65,13
237659,165,168,66,13
237660,165,168,67,13
237661,165,168,68,15
237662,165,169,54,13
237663,165,169,55,13
237664,165,169,56,13
237665,165,169,57,13
237666,165,169,58,13
237667,165,169,59,13
237668,165,169,60,13
237669,165,169,61,13
237670,165,169,62,13
237671,165,169,63,13
237672,165,169,64,13
237673,165,169,65,13
237674,165,169,66,13
237675,165,169,67,13
237676,165,169,68,15
237677,165,170,54,13
237678,165,170,55,13
237679,165,170,56,13
237680,165,170,57,13
237681,165,170,58,13
237682,165,170,59,13
237683,165,170,60,13
237684,165,170,61,13
237685,165,170,62,13
237686,165,170,63,13
237687,165,170,64,13
237688,165,170,65,13
237689,165,170,66,13
237690,165,170,67,13
237691,165,171,54,13
237692,165,171,55,13
237693,165,171,56,13
237694,165,171,57,13
237695,165,171,58,13
237696,165,171,59,13
237697,165,171,60,13
237698,165,171,61,13
237699,165,171,62,13
237700,165,171,63,13
237701,165,171,64,13
237702,165,171,65,13
237703,165,171,66,13
237704,165,172,54,13
237705,165,172,55,13
237706,165,172,56,13
237707,165,172,57,13
237708,165,172,63,15
237709,165,172,64,15
237710,166,114,55,9
237711,166,114,56,9
237712,166,115,52,9
237713,166,115,53,9
237714,166,115,54,9
237715,166,115,55,9
237716,166,115,56,9
237717,166,115,58,16
237718,166,115,59,16
237719,166,115,60,16
237720,166,115,61,16
237721,166,115,62,16
237722,166,115,63,16
237723,166,116,51,9
237724,166,116,52,9
237725,166,116,53,9
237726,166,116,54,9
237727,166,116,55,9
237728,166,116,56,9
237729,166,116,57,9
237730,166,116,58,9
237731,166,116,59,16
237732,166,116,60,16
237733,166,116,61,16
237734,166,116,62,16
237735,166,116,63,16
237736,166,116,64,16
237737,166,117,51,9
237738,166,117,52,9
237739,166,117,53,9
237740,166,117,54,9
237741,166,117,55,9
237742,166,117,56,9
237743,166,117,57,9
237744,166,117,58,9
237745,166,117,59,16
237746,166,117,60,16
237747,166,117,61,16
237748,166,117,62,16
237749,166,117,63,16
237750,166,117,64,16
237751,166,118,54,9
237752,166,118,55,9
237753,166,118,56,9
237754,166,118,57,9
237755,166,118,58,9
237756,166,118,59,9
237757,166,118,60,16
237758,166,118,61,16
237759,166,118,62,16
237760,166,118,63,16
237761,166,118,64,16
237762,166,119,48,9
237763,166,119,54,9
237764,166,119,55,9
237765,166,119,56,5
237766,166,119,57,5
237767,166,119,58,5
237768,166,119,59,9
237769,166,119,60,9
237770,166,119,61,5
237771,166,119,62,16
237772,166,119,63,16
237773,166,120,47,9
237774,166,120,48,9
237775,166,120,49,9
237776,166,120,51,9
237777,166,120,52,4
237778,166,120,53,4
237779,166,120,54,4
237780,166,120,55,4
237781,166,120,56,4
237782,166,120,57,4
237783,166,120,58,5
237784,166,120,59,5
237785,166,120,60,5
237786,166,120,61,5
237787,166,120,62,5
237788,166,120,63,16
237789,166,121,46,9
237790,166,121,47,9
237791,166,121,48,9
237792,166,121,49,4
237793,166,121,50,4
237794,166,121,51,4
237795,166,121,52,4
237796,166,121,53,4
237797,166,121,54,4
237798,166,121,55,4
237799,166,121,56,4
237800,166,121,57,4
237801,166,121,58,4
237802,166,121,59,4
237803,166,121,60,4
237804,166,121,61,5
237805,166,121,62,5
237806,166,121,63,16
237807,166,121,64,16
237808,166,121,65,16
237809,166,122,45,9
237810,166,122,46,9
237811,166,122,47,9
237812,166,122,48,9
237813,166,122,49,4
237814,166,122,50,4
237815,166,122,51,4
237816,166,122,52,4
237817,166,122,53,4
237818,166,122,54,4
237819,166,122,55,4
237820,166,122,56,4
237821,166,122,57,4
237822,166,122,58,4
237823,166,122,59,4
237824,166,122,60,4
237825,166,122,61,5
237826,166,122,62,5
237827,166,122,63,16
237828,166,122,64,16
237829,166,123,45,9
237830,166,123,46,9
237831,166,123,47,9
237832,166,123,48,4
237833,166,123,49,4
237834,166,123,50,4
237835,166,123,51,4
237836,166,123,52,4
237837,166,123,53,4
237838,166,123,54,4
237839,166,123,55,4
237840,166,123,56,4
237841,166,123,57,4
237842,166,123,58,4
237843,166,123,59,4
237844,166,123,60,4
237845,166,123,61,5
237846,166,123,62,5
237847,166,123,63,16
237848,166,123,64,16
237849,166,123,65,16
237850,166,124,45,9
237851,166,124,46,9
237852,166,124,47,9
237853,166,124,48,9
237854,166,124,49,4
237855,166,124,50,4
237856,166,124,51,4
237857,166,124,52,4
237858,166,124,53,4
237859,166,124,54,4
237860,166,124,55,4
237861,166,124,56,4
237862,166,124,57,4
237863,166,124,58,4
237864,166,124,59,4
237865,166,124,60,4
237866,166,124,61,5
237867,166,124,62,5
237868,166,124,63,5
237869,166,124,64,16
237870,166,124,65,16
237871,166,125,46,9
237872,166,125,47,9
237873,166,125,48,9
237874,166,125,49,9
237875,166,125,50,4
237876,166,125,51,4
237877,166,125,52,4
237878,166,125,53,4
237879,166,125,54,4
237880,166,125,55,4
237881,166,125,56,4
237882,166,125,57,4
237883,166,125,58,4
237884,166,125,59,4
237885,166,125,60,4
237886,166,125,61,4
237887,166,125,62,5
237888,166,125,63,5
237889,166,125,64,16
237890,166,125,65,16
237891,166,126,46,9
237892,166,126,47,9
237893,166,126,48,9
237894,166,126,49,9
237895,166,126,50,4
237896,166,126,51,4
237897,166,126,52,4
237898,166,126,53,4
237899,166,126,54,4
237900,166,126,55,4
237901,166,126,56,4
237902,166,126,57,4
237903,166,126,58,4
237904,166,126,59,4
237905,166,126,60,4
237906,166,126,61,4
237907,166,126,62,5
237908,166,126,63,5
237909,166,126,64,16
237910,166,127,46,9
237911,166,127,47,9
237912,166,127,48,9
237913,166,127,49,9
237914,166,127,50,9
237915,166,127,51,4
237916,166,127,52,4
237917,166,127,53,4
237918,166,127,54,4
237919,166,127,55,4
237920,166,127,56,4
237921,166,127,57,4
237922,166,127,58,4
237923,166,127,59,4
237924,166,127,60,4
237925,166,127,61,4
237926,166,127,62,5
237927,166,127,63,5
237928,166,127,64,16
237929,166,127,65,16
237930,166,128,45,9
237931,166,128,46,9
237932,166,128,47,9
237933,166,128,48,9
237934,166,128,49,9
237935,166,128,50,9
237936,166,128,51,4
237937,166,128,52,4
237938,166,128,53,4
237939,166,128,54,4
237940,166,128,55,4
237941,166,128,56,4
237942,166,128,57,4
237943,166,128,58,4
237944,166,128,59,4
237945,166,128,60,4
237946,166,128,61,4
237947,166,128,62,5
237948,166,128,63,5
237949,166,128,64,16
237950,166,128,65,16
237951,166,129,45,9
237952,166,129,46,9
237953,166,129,47,9
237954,166,129,48,9
237955,166,129,49,9
237956,166,129,50,9
237957,166,129,51,4
237958,166,129,52,4
237959,166,129,53,4
237960,166,129,54,4
237961,166,129,55,4
237962,166,129,56,4
237963,166,129,57,4
237964,166,129,58,4
237965,166,129,59,4
237966,166,129,60,4
237967,166,129,61,4
237968,166,129,62,5
237969,166,129,63,5
237970,166,129,64,16
237971,166,129,65,16
237972,166,129,66,16
237973,166,130,45,9
237974,166,130,46,9
237975,166,130,47,9
237976,166,130,48,9
237977,166,130,49,9
237978,166,130,50,9
237979,166,130,51,9
237980,166,130,52,4
237981,166,130,53,4
237982,166,130,54,4
237983,166,130,55,4
237984,166,130,56,4
237985,166,130,57,4
237986,166,130,58,4
237987,166,130,59,4
237988,166,130,60,4
237989,166,130,61,4
237990,166,130,62,5
237991,166,130,63,5
237992,166,130,64,16
237993,166,130,65,16
237994,166,130,66,16
237995,166,131,45,14
237996,166,131,46,14
237997,166,131,47,9
237998,166,131,48,9
237999,166,131,49,9
238000,166,131,50,9
238001,166,131,51,9
238002,166,131,52,4
238003,166,131,53,4
238004,166,131,54,4
238005,166,131,55,4
238006,166,131,56,4
238007,166,131,57,4
238008,166,131,58,4
238009,166,131,59,4
238010,166,131,60,4
238011,166,131,61,4
238012,166,131,62,5
238013,166,131,63,5
238014,166,131,64,16
238015,166,131,65,16
238016,166,131,66,16
238017,166,132,45,14
238018,166,132,46,14
238019,166,132,47,11
238020,166,132,48,11
238021,166,132,49,11
238022,166,132,50,9
238023,166,132,51,9
238024,166,132,52,4
238025,166,132,53,4
238026,166,132,54,4
238027,166,132,55,8
238028,166,132,56,8
238029,166,132,57,9
238030,166,132,58,4
238031,166,132,59,4
238032,166,132,60,4
238033,166,132,61,4
238034,166,132,62,5
238035,166,132,63,5
238036,166,132,64,16
238037,166,132,65,16
238038,166,132,66,16
238039,166,133,45,14
238040,166,133,46,9
238041,166,133,47,11
238042,166,133,48,11
238043,166,133,49,11
238044,166,133,50,11
238045,166,133,51,9
238046,166,133,52,1
238047,166,133,53,1
238048,166,133,54,5
238049,166,133,55,8
238050,166,133,56,8
238051,166,133,57,8
238052,166,133,58,5
238053,166,133,59,4
238054,166,133,60,4
238055,166,133,61,4
238056,166,133,62,5
238057,166,133,63,5
238058,166,133,64,16
238059,166,133,65,16
238060,166,133,66,16
238061,166,133,67,16
238062,166,134,46,9
238063,166,134,47,9
238064,166,134,48,11
238065,166,134,49,11
238066,166,134,50,11
238067,166,134,51,5
238068,166,134,52,5
238069,166,134,53,1
238070,166,134,54,5
238071,166,134,55,5
238072,166,134,56,8
238073,166,134,57,8
238074,166,134,58,5
238075,166,134,59,4
238076,166,134,60,4
238077,166,134,61,4
238078,166,134,62,5
238079,166,134,63,5
238080,166,134,64,5
238081,166,134,65,16
238082,166,134,66,16
238083,166,134,67,16
238084,166,135,46,9
238085,166,135,47,9
238086,166,135,48,11
238087,166,135,49,11
238088,166,135,50,11
238089,166,135,51,8
238090,166,135,52,8
238091,166,135,53,8
238092,166,135,54,8
238093,166,135,55,8
238094,166,135,56,8
238095,166,135,57,8
238096,166,135,58,5
238097,166,135,59,5
238098,166,135,60,5
238099,166,135,61,4
238100,166,135,62,5
238101,166,135,63,5
238102,166,135,64,5
238103,166,135,65,16
238104,166,135,66,16
238105,166,135,67,16
238106,166,135,68,16
238107,166,136,46,14
238108,166,136,47,9
238109,166,136,48,11
238110,166,136,49,11
238111,166,136,50,8
238112,166,136,51,8
238113,166,136,52,8
238114,166,136,53,8
238115,166,136,54,8
238116,166,136,55,8
238117,166,136,56,8
238118,166,136,57,8
238119,166,136,58,5
238120,166,136,59,5
238121,166,136,60,5
238122,166,136,61,5
238123,166,136,62,5
238124,166,136,63,5
238125,166,136,64,5
238126,166,136,65,5
238127,166,136,66,16
238128,166,136,67,16
238129,166,136,68,16
238130,166,137,46,14
238131,166,137,47,11
238132,166,137,48,9
238133,166,137,49,8
238134,166,137,50,8
238135,166,137,51,8
238136,166,137,52,8
238137,166,137,53,8
238138,166,137,54,8
238139,166,137,55,8
238140,166,137,56,8
238141,166,137,57,8
238142,166,137,58,8
238143,166,137,59,8
238144,166,137,60,5
238145,166,137,61,5
238146,166,137,62,5
238147,166,137,63,5
238148,166,137,64,5
238149,166,137,65,5
238150,166,137,66,5
238151,166,137,67,16
238152,166,137,68,16
238153,166,137,69,16
238154,166,138,45,14
238155,166,138,46,14
238156,166,138,47,11
238157,166,138,48,8
238158,166,138,49,8
238159,166,138,50,8
238160,166,138,51,8
238161,166,138,52,8
238162,166,138,53,1
238163,166,138,54,1
238164,166,138,55,8
238165,166,138,56,8
238166,166,138,57,8
238167,166,138,58,8
238168,166,138,59,8
238169,166,138,60,5
238170,166,138,61,5
238171,166,138,62,5
238172,166,138,63,5
238173,166,138,64,5
238174,166,138,65,5
238175,166,138,66,5
238176,166,138,67,16
238177,166,138,68,16
238178,166,139,44,14
238179,166,139,45,11
238180,166,139,46,11
238181,166,139,47,8
238182,166,139,48,8
238183,166,139,49,8
238184,166,139,50,8
238185,166,139,51,8
238186,166,139,52,8
238187,166,139,53,6
238188,166,139,54,6
238189,166,139,55,10
238190,166,139,56,10
238191,166,139,57,8
238192,166,139,58,8
238193,166,139,59,8
238194,166,139,60,8
238195,166,139,61,8
238196,166,139,62,5
238197,166,139,63,5
238198,166,139,64,5
238199,166,139,65,5
238200,166,139,66,5
238201,166,139,67,5
238202,166,139,68,16
238203,166,139,69,16
238204,166,139,70,16
238205,166,140,43,14
238206,166,140,44,11
238207,166,140,45,11
238208,166,140,46,8
238209,166,140,47,8
238210,166,140,48,8
238211,166,140,49,8
238212,166,140,50,8
238213,166,140,51,8
238214,166,140,52,10
238215,166,140,53,6
238216,166,140,54,6
238217,166,140,55,6
238218,166,140,56,6
238219,166,140,57,10
238220,166,140,58,8
238221,166,140,59,8
238222,166,140,60,8
238223,166,140,61,8
238224,166,140,62,5
238225,166,140,63,5
238226,166,140,64,5
238227,166,140,65,12
238228,166,140,66,5
238229,166,140,67,5
238230,166,140,68,5
238231,166,140,69,16
238232,166,140,70,16
238233,166,140,71,16
238234,166,141,42,14
238235,166,141,43,14
238236,166,141,44,11
238237,166,141,45,11
238238,166,141,46,8
238239,166,141,47,8
238240,166,141,48,8
238241,166,141,49,10
238242,166,141,50,10
238243,166,141,51,10
238244,166,141,52,6
238245,166,141,53,6
238246,166,141,54,6
238247,166,141,55,6
238248,166,141,56,6
238249,166,141,57,10
238250,166,141,58,10
238251,166,141,59,8
238252,166,141,60,8
238253,166,141,61,8
238254,166,141,62,5
238255,166,141,63,5
238256,166,141,64,5
238257,166,141,65,12
238258,166,141,66,12
238259,166,141,67,5
238260,166,141,68,5
238261,166,141,69,5
238262,166,141,70,16
238263,166,141,71,16
238264,166,142,41,14
238265,166,142,42,14
238266,166,142,43,14
238267,166,142,44,11
238268,166,142,45,8
238269,166,142,46,8
238270,166,142,47,8
238271,166,142,48,4
238272,166,142,49,6
238273,166,142,50,6
238274,166,142,51,6
238275,166,142,52,6
238276,166,142,53,7
238277,166,142,54,7
238278,166,142,55,7
238279,166,142,56,6
238280,166,142,57,6
238281,166,142,58,6
238282,166,142,59,10
238283,166,142,60,8
238284,166,142,61,8
238285,166,142,62,5
238286,166,142,63,5
238287,166,142,64,4
238288,166,142,65,12
238289,166,142,66,12
238290,166,142,67,12
238291,166,142,68,5
238292,166,142,69,5
238293,166,142,70,5
238294,166,142,71,16
238295,166,142,72,16
238296,166,142,73,16
238297,166,142,74,16
238298,166,142,75,16
238299,166,143,41,14
238300,166,143,42,11
238301,166,143,43,11
238302,166,143,44,8
238303,166,143,45,8
238304,166,143,46,8
238305,166,143,47,4
238306,166,143,48,6
238307,166,143,49,6
238308,166,143,50,6
238309,166,143,51,6
238310,166,143,52,7
238311,166,143,53,7
238312,166,143,54,7
238313,166,143,55,7
238314,166,143,56,6
238315,166,143,57,6
238316,166,143,58,6
238317,166,143,59,3
238318,166,143,60,5
238319,166,143,61,8
238320,166,143,62,8
238321,166,143,63,5
238322,166,143,64,12
238323,166,143,65,5
238324,166,143,66,5
238325,166,143,67,12
238326,166,143,68,5
238327,166,143,69,5
238328,166,143,70,5
238329,166,143,71,5
238330,166,143,72,15
238331,166,143,73,15
238332,166,143,74,15
238333,166,143,75,15
238334,166,143,76,16
238335,166,144,40,11
238336,166,144,41,11
238337,166,144,42,11
238338,166,144,43,8
238339,166,144,44,8
238340,166,144,45,8
238341,166,144,46,8
238342,166,144,47,6
238343,166,144,48,6
238344,166,144,49,6
238345,166,144,50,6
238346,166,144,51,7
238347,166,144,52,7
238348,166,144,53,7
238349,166,144,54,7
238350,166,144,55,7
238351,166,144,56,6
238352,166,144,57,6
238353,166,144,58,6
238354,166,144,59,3
238355,166,144,60,3
238356,166,144,61,8
238357,166,144,62,8
238358,166,144,63,8
238359,166,144,64,5
238360,166,144,65,5
238361,166,144,66,5
238362,166,144,67,5
238363,166,144,68,5
238364,166,144,69,5
238365,166,144,70,5
238366,166,144,71,5
238367,166,144,72,15
238368,166,144,73,15
238369,166,144,74,15
238370,166,144,75,15
238371,166,144,76,15
238372,166,145,38,14
238373,166,145,39,11
238374,166,145,40,11
238375,166,145,41,11
238376,166,145,42,8
238377,166,145,43,8
238378,166,145,44,8
238379,166,145,45,8
238380,166,145,46,8
238381,166,145,47,6
238382,166,145,48,6
238383,166,145,49,6
238384,166,145,50,6
238385,166,145,51,7
238386,166,145,52,7
238387,166,145,53,7
238388,166,145,54,7
238389,166,145,55,7
238390,166,145,56,6
238391,166,145,57,6
238392,166,145,58,6
238393,166,145,59,3
238394,166,145,60,10
238395,166,145,61,8
238396,166,145,62,8
238397,166,145,63,8
238398,166,145,64,8
238399,166,145,65,12
238400,166,145,66,5
238401,166,145,67,5
238402,166,145,68,5
238403,166,145,69,5
238404,166,145,70,5
238405,166,145,71,5
238406,166,145,72,15
238407,166,145,73,15
238408,166,145,74,15
238409,166,145,75,15
238410,166,146,39,11
238411,166,146,40,11
238412,166,146,41,11
238413,166,146,42,8
238414,166,146,43,8
238415,166,146,44,8
238416,166,146,45,8
238417,166,146,46,10
238418,166,146,47,6
238419,166,146,48,6
238420,166,146,49,6
238421,166,146,50,6
238422,166,146,51,7
238423,166,146,52,7
238424,166,146,53,7
238425,166,146,54,7
238426,166,146,55,7
238427,166,146,56,7
238428,166,146,57,6
238429,166,146,58,6
238430,166,146,59,6
238431,166,146,60,10
238432,166,146,61,8
238433,166,146,62,8
238434,166,146,63,8
238435,166,146,64,8
238436,166,146,65,5
238437,166,146,66,12
238438,166,146,67,5
238439,166,146,68,5
238440,166,146,69,5
238441,166,146,70,5
238442,166,146,71,15
238443,166,146,72,15
238444,166,146,73,15
238445,166,146,74,15
238446,166,146,75,15
238447,166,147,41,8
238448,166,147,42,8
238449,166,147,43,8
238450,166,147,44,8
238451,166,147,45,10
238452,166,147,46,10
238453,166,147,47,6
238454,166,147,48,6
238455,166,147,49,6
238456,166,147,50,7
238457,166,147,51,7
238458,166,147,52,7
238459,166,147,53,7
238460,166,147,54,7
238461,166,147,55,7
238462,166,147,56,7
238463,166,147,57,6
238464,166,147,58,6
238465,166,147,59,6
238466,166,147,60,3
238467,166,147,61,8
238468,166,147,62,8
238469,166,147,63,8
238470,166,147,64,8
238471,166,147,65,12
238472,166,147,66,12
238473,166,147,67,5
238474,166,147,68,5
238475,166,147,69,5
238476,166,147,70,15
238477,166,147,71,15
238478,166,147,72,15
238479,166,147,73,15
238480,166,147,74,15
238481,166,147,75,15
238482,166,148,41,8
238483,166,148,42,8
238484,166,148,43,8
238485,166,148,44,8
238486,166,148,45,10
238487,166,148,46,10
238488,166,148,47,6
238489,166,148,48,6
238490,166,148,49,6
238491,166,148,50,7
238492,166,148,51,7
238493,166,148,52,7
238494,166,148,53,7
238495,166,148,54,7
238496,166,148,55,7
238497,166,148,56,7
238498,166,148,57,7
238499,166,148,58,6
238500,166,148,59,6
238501,166,148,60,3
238502,166,148,61,8
238503,166,148,62,8
238504,166,148,63,8
238505,166,148,64,8
238506,166,148,65,12
238507,166,148,66,12
238508,166,148,67,5
238509,166,148,68,5
238510,166,148,69,5
238511,166,148,70,15
238512,166,148,71,15
238513,166,148,72,15
238514,166,148,73,15
238515,166,148,74,15
238516,166,148,75,15
238517,166,148,76,15
238518,166,149,40,11
238519,166,149,41,8
238520,166,149,42,8
238521,166,149,43,8
238522,166,149,44,10
238523,166,149,45,10
238524,166,149,46,10
238525,166,149,47,7
238526,166,149,48,7
238527,166,149,49,7
238528,166,149,50,7
238529,166,149,51,7
238530,166,149,52,7
238531,166,149,53,7
238532,166,149,54,7
238533,166,149,55,7
238534,166,149,56,7
238535,166,149,57,7
238536,166,149,58,6
238537,166,149,59,6
238538,166,149,60,10
238539,166,149,61,8
238540,166,149,62,8
238541,166,149,63,8
238542,166,149,64,8
238543,166,149,65,5
238544,166,149,66,5
238545,166,149,67,5
238546,166,149,68,5
238547,166,149,69,15
238548,166,149,70,15
238549,166,149,71,15
238550,166,149,72,15
238551,166,149,73,15
238552,166,149,74,15
238553,166,149,75,15
238554,166,149,76,15
238555,166,150,39,11
238556,166,150,40,11
238557,166,150,41,8
238558,166,150,42,8
238559,166,150,43,8
238560,166,150,44,10
238561,166,150,45,10
238562,166,150,46,10
238563,166,150,47,7
238564,166,150,48,7
238565,166,150,49,7
238566,166,150,50,7
238567,166,150,51,7
238568,166,150,52,7
238569,166,150,53,7
238570,166,150,54,7
238571,166,150,55,7
238572,166,150,56,7
238573,166,150,57,7
238574,166,150,58,7
238575,166,150,59,6
238576,166,150,60,10
238577,166,150,61,8
238578,166,150,62,8
238579,166,150,63,8
238580,166,150,64,8
238581,166,150,65,5
238582,166,150,66,5
238583,166,150,67,15
238584,166,150,68,15
238585,166,150,69,15
238586,166,150,70,15
238587,166,150,71,15
238588,166,150,72,15
238589,166,150,73,15
238590,166,150,74,15
238591,166,150,75,15
238592,166,150,76,15
238593,166,151,38,14
238594,166,151,39,11
238595,166,151,40,11
238596,166,151,41,8
238597,166,151,42,8
238598,166,151,43,8
238599,166,151,44,10
238600,166,151,45,10
238601,166,151,46,10
238602,166,151,47,6
238603,166,151,48,7
238604,166,151,49,7
238605,166,151,50,7
238606,166,151,51,7
238607,166,151,52,7
238608,166,151,53,7
238609,166,151,54,7
238610,166,151,55,7
238611,166,151,56,7
238612,166,151,57,7
238613,166,151,58,7
238614,166,151,59,6
238615,166,151,60,10
238616,166,151,61,10
238617,166,151,62,8
238618,166,151,63,8
238619,166,151,64,8
238620,166,151,65,5
238621,166,151,66,15
238622,166,151,67,15
238623,166,151,68,15
238624,166,151,69,15
238625,166,151,70,15
238626,166,151,71,15
238627,166,151,72,15
238628,166,151,73,15
238629,166,151,74,15
238630,166,151,75,15
238631,166,151,76,15
238632,166,152,38,14
238633,166,152,39,11
238634,166,152,40,11
238635,166,152,41,1
238636,166,152,42,8
238637,166,152,43,8
238638,166,152,44,8
238639,166,152,45,10
238640,166,152,46,10
238641,166,152,47,10
238642,166,152,48,6
238643,166,152,49,6
238644,166,152,50,7
238645,166,152,51,7
238646,166,152,52,7
238647,166,152,53,7
238648,166,152,54,7
238649,166,152,55,7
238650,166,152,56,7
238651,166,152,57,7
238652,166,152,58,7
238653,166,152,59,6
238654,166,152,60,6
238655,166,152,61,3
238656,166,152,62,8
238657,166,152,63,8
238658,166,152,64,8
238659,166,152,65,15
238660,166,152,66,15
238661,166,152,67,15
238662,166,152,68,15
238663,166,152,69,15
238664,166,152,70,15
238665,166,152,71,15
238666,166,152,72,15
238667,166,152,73,15
238668,166,152,74,15
238669,166,152,75,15
238670,166,152,76,15
238671,166,152,77,15
238672,166,152,78,15
238673,166,153,39,1
238674,166,153,40,1
238675,166,153,41,1
238676,166,153,42,8
238677,166,153,43,8
238678,166,153,44,8
238679,166,153,45,8
238680,166,153,46,8
238681,166,153,47,10
238682,166,153,48,10
238683,166,153,49,6
238684,166,153,50,6
238685,166,153,51,7
238686,166,153,52,7
238687,166,153,53,7
238688,166,153,54,7
238689,166,153,55,7
238690,166,153,56,7
238691,166,153,57,7
238692,166,153,58,7
238693,166,153,59,6
238694,166,153,60,6
238695,166,153,61,10
238696,166,153,62,8
238697,166,153,63,8
238698,166,153,64,15
238699,166,153,65,15
238700,166,153,66,15
238701,166,153,67,15
238702,166,153,68,15
238703,166,153,69,15
238704,166,153,70,15
238705,166,153,71,15
238706,166,153,72,15
238707,166,153,73,15
238708,166,153,74,15
238709,166,153,75,15
238710,166,153,76,15
238711,166,153,77,15
238712,166,154,39,13
238713,166,154,40,13
238714,166,154,41,1
238715,166,154,42,1
238716,166,154,43,8
238717,166,154,44,8
238718,166,154,45,8
238719,166,154,46,8
238720,166,154,47,8
238721,166,154,48,10
238722,166,154,49,6
238723,166,154,50,6
238724,166,154,51,6
238725,166,154,52,7
238726,166,154,53,7
238727,166,154,54,7
238728,166,154,55,7
238729,166,154,56,7
238730,166,154,57,7
238731,166,154,58,7
238732,166,154,59,6
238733,166,154,60,10
238734,166,154,61,8
238735,166,154,62,8
238736,166,154,63,8
238737,166,154,64,15
238738,166,154,65,15
238739,166,154,66,15
238740,166,154,67,15
238741,166,154,68,15
238742,166,154,69,15
238743,166,154,70,15
238744,166,154,71,15
238745,166,154,72,15
238746,166,154,73,15
238747,166,154,74,15
238748,166,154,75,15
238749,166,155,39,3
238750,166,155,40,13
238751,166,155,41,3
238752,166,155,42,11
238753,166,155,43,11
238754,166,155,44,14
238755,166,155,45,8
238756,166,155,46,8
238757,166,155,47,8
238758,166,155,48,8
238759,166,155,49,10
238760,166,155,50,6
238761,166,155,51,6
238762,166,155,52,6
238763,166,155,53,7
238764,166,155,54,7
238765,166,155,55,7
238766,166,155,56,7
238767,166,155,57,7
238768,166,155,58,6
238769,166,155,59,10
238770,166,155,60,8
238771,166,155,61,8
238772,166,155,62,8
238773,166,155,63,8
238774,166,155,64,15
238775,166,155,65,15
238776,166,155,66,15
238777,166,155,67,15
238778,166,155,68,15
238779,166,155,69,15
238780,166,155,70,15
238781,166,155,71,15
238782,166,155,72,15
238783,166,155,73,15
238784,166,155,74,15
238785,166,155,75,15
238786,166,156,39,14
238787,166,156,40,14
238788,166,156,41,14
238789,166,156,42,14
238790,166,156,43,14
238791,166,156,44,14
238792,166,156,45,14
238793,166,156,46,14
238794,166,156,47,8
238795,166,156,48,8
238796,166,156,49,10
238797,166,156,50,10
238798,166,156,51,6
238799,166,156,52,6
238800,166,156,53,6
238801,166,156,54,6
238802,166,156,55,7
238803,166,156,56,7
238804,166,156,57,7
238805,166,156,58,10
238806,166,156,59,10
238807,166,156,60,8
238808,166,156,61,8
238809,166,156,62,8
238810,166,156,63,15
238811,166,156,64,15
238812,166,156,65,15
238813,166,156,66,15
238814,166,156,67,15
238815,166,156,68,15
238816,166,156,69,15
238817,166,156,70,15
238818,166,156,71,15
238819,166,156,72,15
238820,166,156,73,15
238821,166,156,74,15
238822,166,157,40,14
238823,166,157,41,14
238824,166,157,45,14
238825,166,157,46,14
238826,166,157,47,3
238827,166,157,48,8
238828,166,157,49,10
238829,166,157,50,10
238830,166,157,51,10
238831,166,157,52,10
238832,166,157,53,6
238833,166,157,54,6
238834,166,157,55,6
238835,166,157,56,6
238836,166,157,57,10
238837,166,157,58,10
238838,166,157,59,10
238839,166,157,60,8
238840,166,157,61,8
238841,166,157,62,15
238842,166,157,63,15
238843,166,157,64,15
238844,166,157,65,15
238845,166,157,66,15
238846,166,157,67,15
238847,166,157,68,15
238848,166,157,69,15
238849,166,157,70,15
238850,166,157,71,15
238851,166,157,72,15
238852,166,158,47,14
238853,166,158,48,8
238854,166,158,49,8
238855,166,158,50,8
238856,166,158,51,10
238857,166,158,52,10
238858,166,158,53,10
238859,166,158,54,10
238860,166,158,55,10
238861,166,158,56,10
238862,166,158,57,10
238863,166,158,58,10
238864,166,158,59,8
238865,166,158,60,8
238866,166,158,61,15
238867,166,158,62,15
238868,166,158,63,15
238869,166,158,64,15
238870,166,158,65,15
238871,166,158,66,15
238872,166,158,67,15
238873,166,158,68,15
238874,166,158,69,15
238875,166,158,70,15
238876,166,158,71,15
238877,166,159,48,3
238878,166,159,49,3
238879,166,159,50,13
238880,166,159,51,8
238881,166,159,52,8
238882,166,159,53,8
238883,166,159,54,8
238884,166,159,55,10
238885,166,159,56,8
238886,166,159,57,8
238887,166,159,58,8
238888,166,159,59,8
238889,166,159,60,15
238890,166,159,61,15
238891,166,159,62,15
238892,166,159,63,15
238893,166,159,64,15
238894,166,159,65,15
238895,166,159,66,15
238896,166,159,67,15
238897,166,159,68,15
238898,166,159,69,15
238899,166,159,70,15
238900,166,160,48,3
238901,166,160,49,3
238902,166,160,50,13
238903,166,160,51,8
238904,166,160,52,13
238905,166,160,53,13
238906,166,160,54,13
238907,166,160,55,3
238908,166,160,56,3
238909,166,160,57,3
238910,166,160,58,3
238911,166,160,59,15
238912,166,160,60,15
238913,166,160,61,15
238914,166,160,62,15
238915,166,160,63,15
238916,166,160,64,15
238917,166,160,65,15
238918,166,160,66,15
238919,166,160,67,15
238920,166,160,68,15
238921,166,160,69,15
238922,166,161,48,14
238923,166,161,49,3
238924,166,161,50,13
238925,166,161,51,13
238926,166,161,52,13
238927,166,161,53,13
238928,166,161,54,13
238929,166,161,55,13
238930,166,161,56,3
238931,166,161,57,15
238932,166,161,58,15
238933,166,161,59,15
238934,166,161,60,15
238935,166,161,61,15
238936,166,161,62,15
238937,166,161,63,13
238938,166,161,64,13
238939,166,161,65,13
238940,166,161,66,13
238941,166,161,67,15
238942,166,161,68,15
238943,166,162,49,3
238944,166,162,50,13
238945,166,162,51,13
238946,166,162,52,13
238947,166,162,53,13
238948,166,162,54,13
238949,166,162,55,13
238950,166,162,56,13
238951,166,162,57,15
238952,166,162,58,15
238953,166,162,59,15
238954,166,162,60,15
238955,166,162,61,3
238956,166,162,62,13
238957,166,162,63,13
238958,166,162,64,13
238959,166,162,65,13
238960,166,162,66,13
238961,166,162,67,15
238962,166,162,68,15
238963,166,163,49,3
238964,166,163,50,13
238965,166,163,51,13
238966,166,163,52,13
238967,166,163,53,13
238968,166,163,54,13
238969,166,163,55,13
238970,166,163,56,13
238971,166,163,57,13
238972,166,163,58,13
238973,166,163,59,13
238974,166,163,60,13
238975,166,163,61,13
238976,166,163,62,13
238977,166,163,63,13
238978,166,163,64,13
238979,166,163,65,13
238980,166,163,66,13
238981,166,163,67,15
238982,166,163,68,15
238983,166,163,69,15
238984,166,164,49,13
238985,166,164,50,13
238986,166,164,51,13
238987,166,164,52,13
238988,166,164,53,13
238989,166,164,54,13
238990,166,164,55,13
238991,166,164,56,13
238992,166,164,57,13
238993,166,164,58,13
238994,166,164,59,13
238995,166,164,60,13
238996,166,164,61,13
238997,166,164,62,13
238998,166,164,63,13
238999,166,164,64,13
239000,166,164,65,13
239001,166,164,66,13
239002,166,164,67,15
239003,166,164,68,15
239004,166,164,69,15
239005,166,164,70,15
239006,166,165,49,13
239007,166,165,50,13
239008,166,165,51,13
239009,166,165,52,13
239010,166,165,53,13
239011,166,165,54,13
239012,166,165,55,13
239013,166,165,56,13
239014,166,165,57,13
239015,166,165,58,13
239016,166,165,59,13
239017,166,165,60,13
239018,166,165,61,13
239019,166,165,62,13
239020,166,165,63,13
239021,166,165,64,13
239022,166,165,65,13
239023,166,165,66,13
239024,166,165,67,13
239025,166,165,68,15
239026,166,165,69,15
239027,166,165,70,15
239028,166,166,49,13
239029,166,166,50,13
239030,166,166,51,13
239031,166,166,52,13
239032,166,166,53,13
239033,166,166,54,13
239034,166,166,55,13
239035,166,166,56,13
239036,166,166,57,13
239037,166,166,58,13
239038,166,166,59,13
239039,166,166,60,13
239040,166,166,61,13
239041,166,166,62,13
239042,166,166,63,13
239043,166,166,64,13
239044,166,166,65,13
239045,166,166,66,13
239046,166,166,67,13
239047,166,166,68,15
239048,166,166,69,15
239049,166,166,70,15
239050,166,167,51,13
239051,166,167,52,13
239052,166,167,53,13
239053,166,167,54,13
239054,166,167,55,13
239055,166,167,56,13
239056,166,167,57,13
239057,166,167,58,13
239058,166,167,59,13
239059,166,167,60,13
239060,166,167,61,13
239061,166,167,62,13
239062,166,167,63,13
239063,166,167,64,13
239064,166,167,65,13
239065,166,167,66,13
239066,166,167,67,13
239067,166,167,68,15
239068,166,167,69,15
239069,166,168,51,13
239070,166,168,52,13
239071,166,168,53,13
239072,166,168,54,13
239073,166,168,55,13
239074,166,168,56,13
239075,166,168,57,13
239076,166,168,58,13
239077,166,168,59,13
239078,166,168,60,13
239079,166,168,61,13
239080,166,168,62,13
239081,166,168,63,13
239082,166,168,64,13
239083,166,168,65,13
239084,166,168,66,13
239085,166,168,67,13
239086,166,168,68,15
239087,166,168,69,15
239088,166,169,52,13
239089,166,169,53,13
239090,166,169,54,13
239091,166,169,55,13
239092,166,169,56,13
239093,166,169,57,13
239094,166,169,58,13
239095,166,169,59,13
239096,166,169,60,13
239097,166,169,61,13
239098,166,169,62,13
239099,166,169,63,13
239100,166,169,64,13
239101,166,169,65,13
239102,166,169,66,13
239103,166,169,67,13
239104,166,169,68,15
239105,166,170,53,13
239106,166,170,54,13
239107,166,170,55,13
239108,166,170,56,13
239109,166,170,57,13
239110,166,170,58,13
239111,166,170,59,13
239112,166,170,60,13
239113,166,170,61,13
239114,166,170,62,13
239115,166,170,63,13
239116,166,170,64,13
239117,166,170,65,13
239118,166,170,66,13
239119,166,171,53,13
239120,166,171,54,13
239121,166,171,55,13
239122,166,171,56,13
239123,166,171,57,13
239124,166,171,58,13
239125,166,171,59,13
239126,166,171,60,13
239127,166,171,61,13
239128,166,171,62,13
239129,166,171,63,13
239130,166,171,64,13
239131,166,171,65,13
239132,166,172,53,13
239133,166,172,54,13
239134,166,172,55,13
239135,166,172,56,13
239136,166,172,58,13
239137,166,172,59,13
239138,166,172,60,13
239139,166,172,62,13
239140,167,115,54,9
239141,167,116,53,9
239142,167,116,54,9
239143,167,116,55,9
239144,167,116,56,9
239145,167,116,60,16
239146,167,116,61,16
239147,167,116,62,16
239148,167,116,63,16
239149,167,117,53,9
239150,167,117,54,9
239151,167,117,55,9
239152,167,117,56,9
239153,167,117,57,9
239154,167,117,58,16
239155,167,117,59,16
239156,167,117,60,16
239157,167,117,61,16
239158,167,117,62,16
239159,167,117,63,16
239160,167,118,53,9
239161,167,118,54,9
239162,167,118,55,9
239163,167,118,56,9
239164,167,118,57,9
239165,167,118,58,9
239166,167,118,59,16
239167,167,118,60,16
239168,167,118,61,16
239169,167,118,62,16
239170,167,118,63,16
239171,167,119,53,9
239172,167,119,54,9
239173,167,119,55,9
239174,167,119,56,5
239175,167,119,57,9
239176,167,119,58,9
239177,167,119,59,9
239178,167,119,60,9
239179,167,119,61,16
239180,167,119,62,16
239181,167,120,53,9
239182,167,120,54,9
239183,167,120,55,5
239184,167,120,56,5
239185,167,120,57,5
239186,167,120,58,5
239187,167,120,59,5
239188,167,120,60,5
239189,167,120,61,16
239190,167,120,62,16
239191,167,121,49,9
239192,167,121,53,9
239193,167,121,54,4
239194,167,121,55,4
239195,167,121,56,4
239196,167,121,57,5
239197,167,121,58,5
239198,167,121,59,5
239199,167,121,60,5
239200,167,121,61,5
239201,167,121,62,16
239202,167,121,63,16
239203,167,122,48,9
239204,167,122,49,9
239205,167,122,50,5
239206,167,122,53,4
239207,167,122,54,4
239208,167,122,55,4
239209,167,122,56,4
239210,167,122,57,4
239211,167,122,58,4
239212,167,122,59,5
239213,167,122,60,5
239214,167,122,61,5
239215,167,122,62,16
239216,167,122,63,16
239217,167,123,46,9
239218,167,123,47,9
239219,167,123,48,9
239220,167,123,49,4
239221,167,123,50,4
239222,167,123,54,4
239223,167,123,55,4
239224,167,123,56,4
239225,167,123,57,4
239226,167,123,58,4
239227,167,123,59,5
239228,167,123,60,5
239229,167,123,61,5
239230,167,123,62,16
239231,167,123,63,16
239232,167,124,45,9
239233,167,124,46,9
239234,167,124,47,9
239235,167,124,48,4
239236,167,124,49,4
239237,167,124,50,4
239238,167,124,51,4
239239,167,124,54,4
239240,167,124,55,4
239241,167,124,56,4
239242,167,124,57,4
239243,167,124,58,4
239244,167,124,59,4
239245,167,124,60,5
239246,167,124,61,5
239247,167,124,62,5
239248,167,124,63,16
239249,167,125,44,9
239250,167,125,45,9
239251,167,125,46,9
239252,167,125,47,9
239253,167,125,48,4
239254,167,125,49,4
239255,167,125,50,4
239256,167,125,51,4
239257,167,125,54,4
239258,167,125,55,4
239259,167,125,56,4
239260,167,125,57,4
239261,167,125,58,4
239262,167,125,59,4
239263,167,125,60,5
239264,167,125,61,5
239265,167,125,62,5
239266,167,125,63,16
239267,167,125,64,16
239268,167,126,45,9
239269,167,126,46,9
239270,167,126,47,9
239271,167,126,48,9
239272,167,126,49,4
239273,167,126,50,4
239274,167,126,51,4
239275,167,126,53,4
239276,167,126,54,4
239277,167,126,55,4
239278,167,126,56,4
239279,167,126,57,4
239280,167,126,58,4
239281,167,126,59,4
239282,167,126,60,4
239283,167,126,61,5
239284,167,126,62,5
239285,167,126,63,16
239286,167,126,64,16
239287,167,127,46,9
239288,167,127,47,9
239289,167,127,48,9
239290,167,127,49,4
239291,167,127,50,4
239292,167,127,51,4
239293,167,127,52,4
239294,167,127,53,4
239295,167,127,54,4
239296,167,127,55,4
239297,167,127,56,4
239298,167,127,57,4
239299,167,127,58,4
239300,167,127,59,4
239301,167,127,60,4
239302,167,127,61,5
239303,167,127,62,5
239304,167,127,63,16
239305,167,127,64,16
239306,167,128,45,9
239307,167,128,46,9
239308,167,128,47,9
239309,167,128,48,9
239310,167,128,49,9
239311,167,128,50,4
239312,167,128,51,4
239313,167,128,52,4
239314,167,128,53,4
239315,167,128,54,4
239316,167,128,55,4
239317,167,128,56,4
239318,167,128,57,4
239319,167,128,58,4
239320,167,128,59,4
239321,167,128,60,4
239322,167,128,61,5
239323,167,128,62,5
239324,167,128,63,16
239325,167,128,64,16
239326,167,129,44,11
239327,167,129,45,9
239328,167,129,46,9
239329,167,129,47,9
239330,167,129,48,9
239331,167,129,49,9
239332,167,129,50,4
239333,167,129,51,4
239334,167,129,52,4
239335,167,129,53,4
239336,167,129,54,4
239337,167,129,55,4
239338,167,129,56,4
239339,167,129,57,4
239340,167,129,58,4
239341,167,129,59,4
239342,167,129,60,4
239343,167,129,61,5
239344,167,129,62,5
239345,167,129,63,16
239346,167,129,64,16
239347,167,129,65,16
239348,167,130,44,11
239349,167,130,45,9
239350,167,130,46,9
239351,167,130,47,9
239352,167,130,48,9
239353,167,130,49,9
239354,167,130,50,9
239355,167,130,51,4
239356,167,130,52,4
239357,167,130,53,4
239358,167,130,54,4
239359,167,130,55,4
239360,167,130,56,4
239361,167,130,57,4
239362,167,130,58,4
239363,167,130,59,4
239364,167,130,60,4
239365,167,130,61,4
239366,167,130,62,5
239367,167,130,63,16
239368,167,130,64,16
239369,167,130,65,16
239370,167,131,44,11
239371,167,131,45,11
239372,167,131,46,9
239373,167,131,47,9
239374,167,131,48,9
239375,167,131,49,9
239376,167,131,50,9
239377,167,131,51,4
239378,167,131,52,4
239379,167,131,53,4
239380,167,131,54,4
239381,167,131,55,4
239382,167,131,56,4
239383,167,131,57,4
239384,167,131,58,4
239385,167,131,59,4
239386,167,131,60,4
239387,167,131,61,4
239388,167,131,62,5
239389,167,131,63,16
239390,167,131,64,16
239391,167,131,65,16
239392,167,132,45,14
239393,167,132,46,9
239394,167,132,47,9
239395,167,132,48,9
239396,167,132,49,9
239397,167,132,50,9
239398,167,132,51,1
239399,167,132,52,4
239400,167,132,53,4
239401,167,132,54,4
239402,167,132,55,4
239403,167,132,56,4
239404,167,132,57,4
239405,167,132,58,4
239406,167,132,59,4
239407,167,132,60,4
239408,167,132,61,5
239409,167,132,62,5
239410,167,132,63,5
239411,167,132,64,16
239412,167,132,65,16
239413,167,133,45,9
239414,167,133,46,9
239415,167,133,47,9
239416,167,133,48,11
239417,167,133,49,11
239418,167,133,50,9
239419,167,133,51,9
239420,167,133,52,1
239421,167,133,53,4
239422,167,133,54,4
239423,167,133,55,4
239424,167,133,56,8
239425,167,133,57,4
239426,167,133,58,4
239427,167,133,59,4
239428,167,133,60,4
239429,167,133,61,4
239430,167,133,62,5
239431,167,133,63,5
239432,167,133,64,16
239433,167,133,65,16
239434,167,134,45,9
239435,167,134,46,9
239436,167,134,47,9
239437,167,134,48,9
239438,167,134,49,11
239439,167,134,50,11
239440,167,134,51,5
239441,167,134,52,1
239442,167,134,53,1
239443,167,134,54,4
239444,167,134,55,8
239445,167,134,56,8
239446,167,134,57,5
239447,167,134,58,4
239448,167,134,59,4
239449,167,134,60,4
239450,167,134,61,5
239451,167,134,62,5
239452,167,134,63,5
239453,167,134,64,16
239454,167,134,65,16
239455,167,135,45,14
239456,167,135,46,9
239457,167,135,47,9
239458,167,135,48,9
239459,167,135,49,11
239460,167,135,50,11
239461,167,135,51,5
239462,167,135,52,8
239463,167,135,53,8
239464,167,135,54,8
239465,167,135,55,8
239466,167,135,56,8
239467,167,135,57,5
239468,167,135,58,5
239469,167,135,59,4
239470,167,135,60,4
239471,167,135,61,4
239472,167,135,62,5
239473,167,135,63,5
239474,167,135,64,5
239475,167,135,65,16
239476,167,135,66,16
239477,167,135,67,16
239478,167,135,68,16
239479,167,136,46,9
239480,167,136,47,9
239481,167,136,48,9
239482,167,136,49,11
239483,167,136,50,8
239484,167,136,51,8
239485,167,136,52,8
239486,167,136,53,8
239487,167,136,54,8
239488,167,136,55,8
239489,167,136,56,8
239490,167,136,57,5
239491,167,136,58,5
239492,167,136,59,5
239493,167,136,60,4
239494,167,136,61,4
239495,167,136,62,5
239496,167,136,63,5
239497,167,136,64,5
239498,167,136,65,5
239499,167,136,66,16
239500,167,136,67,16
239501,167,136,68,16
239502,167,137,46,11
239503,167,137,47,9
239504,167,137,48,9
239505,167,137,49,9
239506,167,137,50,8
239507,167,137,51,8
239508,167,137,52,8
239509,167,137,53,8
239510,167,137,54,8
239511,167,137,55,8
239512,167,137,56,8
239513,167,137,57,8
239514,167,137,58,5
239515,167,137,59,5
239516,167,137,60,5
239517,167,137,61,4
239518,167,137,62,4
239519,167,137,63,5
239520,167,137,64,5
239521,167,137,65,5
239522,167,137,66,16
239523,167,137,67,16
239524,167,137,68,16
239525,167,138,46,11
239526,167,138,47,11
239527,167,138,48,8
239528,167,138,49,8
239529,167,138,50,8
239530,167,138,51,8
239531,167,138,52,8
239532,167,138,53,8
239533,167,138,54,8
239534,167,138,55,8
239535,167,138,56,8
239536,167,138,57,8
239537,167,138,58,8
239538,167,138,59,5
239539,167,138,60,5
239540,167,138,61,5
239541,167,138,62,4
239542,167,138,63,5
239543,167,138,64,5
239544,167,138,65,5
239545,167,138,66,5
239546,167,138,67,16
239547,167,138,68,16
239548,167,139,45,14
239549,167,139,46,11
239550,167,139,47,8
239551,167,139,48,8
239552,167,139,49,8
239553,167,139,50,8
239554,167,139,51,8
239555,167,139,52,8
239556,167,139,53,8
239557,167,139,54,10
239558,167,139,55,10
239559,167,139,56,8
239560,167,139,57,8
239561,167,139,58,8
239562,167,139,59,8
239563,167,139,60,8
239564,167,139,61,5
239565,167,139,62,5
239566,167,139,63,5
239567,167,139,64,5
239568,167,139,65,5
239569,167,139,66,5
239570,167,139,67,5
239571,167,139,68,16
239572,167,139,69,16
239573,167,140,44,11
239574,167,140,45,11
239575,167,140,46,8
239576,167,140,47,8
239577,167,140,48,8
239578,167,140,49,8
239579,167,140,50,8
239580,167,140,51,10
239581,167,140,52,6
239582,167,140,53,6
239583,167,140,54,10
239584,167,140,55,10
239585,167,140,56,10
239586,167,140,57,8
239587,167,140,58,8
239588,167,140,59,8
239589,167,140,60,8
239590,167,140,61,8
239591,167,140,62,8
239592,167,140,63,5
239593,167,140,64,5
239594,167,140,65,5
239595,167,140,66,5
239596,167,140,67,5
239597,167,140,68,16
239598,167,140,69,16
239599,167,141,44,11
239600,167,141,45,8
239601,167,141,46,8
239602,167,141,47,8
239603,167,141,48,8
239604,167,141,49,8
239605,167,141,50,6
239606,167,141,51,6
239607,167,141,52,6
239608,167,141,53,6
239609,167,141,54,6
239610,167,141,55,6
239611,167,141,56,10
239612,167,141,57,10
239613,167,141,58,8
239614,167,141,59,8
239615,167,141,60,8
239616,167,141,61,8
239617,167,141,62,5
239618,167,141,63,4
239619,167,141,64,4
239620,167,141,65,5
239621,167,141,66,5
239622,167,141,67,5
239623,167,141,68,5
239624,167,141,69,16
239625,167,141,70,16
239626,167,141,71,16
239627,167,142,41,14
239628,167,142,42,11
239629,167,142,43,14
239630,167,142,44,11
239631,167,142,45,8
239632,167,142,46,8
239633,167,142,47,8
239634,167,142,48,8
239635,167,142,49,10
239636,167,142,50,6
239637,167,142,51,6
239638,167,142,52,6
239639,167,142,53,6
239640,167,142,54,6
239641,167,142,55,6
239642,167,142,56,6
239643,167,142,57,6
239644,167,142,58,10
239645,167,142,59,8
239646,167,142,60,8
239647,167,142,61,8
239648,167,142,62,5
239649,167,142,63,5
239650,167,142,64,5
239651,167,142,65,12
239652,167,142,66,12
239653,167,142,67,5
239654,167,142,68,5
239655,167,142,69,5
239656,167,142,70,16
239657,167,142,71,16
239658,167,142,72,16
239659,167,142,73,16
239660,167,143,41,11
239661,167,143,42,11
239662,167,143,43,11
239663,167,143,44,8
239664,167,143,45,8
239665,167,143,46,8
239666,167,143,47,8
239667,167,143,48,1
239668,167,143,49,6
239669,167,143,50,6
239670,167,143,51,6
239671,167,143,52,6
239672,167,143,53,7
239673,167,143,54,7
239674,167,143,55,6
239675,167,143,56,6
239676,167,143,57,6
239677,167,143,58,10
239678,167,143,59,8
239679,167,143,60,8
239680,167,143,61,8
239681,167,143,62,8
239682,167,143,63,5
239683,167,143,64,5
239684,167,143,65,5
239685,167,143,66,5
239686,167,143,67,5
239687,167,143,68,5
239688,167,143,69,5
239689,167,143,70,16
239690,167,143,71,16
239691,167,143,72,15
239692,167,143,73,16
239693,167,143,74,16
239694,167,144,39,11
239695,167,144,40,11
239696,167,144,41,11
239697,167,144,42,11
239698,167,144,43,8
239699,167,144,44,8
239700,167,144,45,8
239701,167,144,46,8
239702,167,144,47,10
239703,167,144,48,6
239704,167,144,49,6
239705,167,144,50,6
239706,167,144,51,7
239707,167,144,52,7
239708,167,144,53,7
239709,167,144,54,7
239710,167,144,55,7
239711,167,144,56,6
239712,167,144,57,6
239713,167,144,58,6
239714,167,144,59,10
239715,167,144,60,8
239716,167,144,61,8
239717,167,144,62,8
239718,167,144,63,8
239719,167,144,64,5
239720,167,144,65,5
239721,167,144,66,5
239722,167,144,67,5
239723,167,144,68,5
239724,167,144,69,5
239725,167,144,70,5
239726,167,144,71,15
239727,167,144,72,15
239728,167,144,73,15
239729,167,144,74,15
239730,167,145,39,11
239731,167,145,40,11
239732,167,145,41,11
239733,167,145,42,8
239734,167,145,43,8
239735,167,145,44,8
239736,167,145,45,8
239737,167,145,46,8
239738,167,145,47,10
239739,167,145,48,6
239740,167,145,49,6
239741,167,145,50,6
239742,167,145,51,7
239743,167,145,52,7
239744,167,145,53,7
239745,167,145,54,7
239746,167,145,55,7
239747,167,145,56,6
239748,167,145,57,6
239749,167,145,58,6
239750,167,145,59,3
239751,167,145,60,10
239752,167,145,61,8
239753,167,145,62,8
239754,167,145,63,8
239755,167,145,64,5
239756,167,145,65,5
239757,167,145,66,5
239758,167,145,67,5
239759,167,145,68,12
239760,167,145,69,12
239761,167,145,70,15
239762,167,145,71,15
239763,167,145,72,15
239764,167,145,73,15
239765,167,146,40,11
239766,167,146,41,11
239767,167,146,42,8
239768,167,146,43,8
239769,167,146,44,8
239770,167,146,45,8
239771,167,146,46,10
239772,167,146,47,6
239773,167,146,48,6
239774,167,146,49,6
239775,167,146,50,6
239776,167,146,51,7
239777,167,146,52,7
239778,167,146,53,7
239779,167,146,54,7
239780,167,146,55,7
239781,167,146,56,6
239782,167,146,57,6
239783,167,146,58,6
239784,167,146,59,3
239785,167,146,60,10
239786,167,146,61,8
239787,167,146,62,8
239788,167,146,63,8
239789,167,146,64,8
239790,167,146,65,5
239791,167,146,66,5
239792,167,146,67,5
239793,167,146,68,5
239794,167,146,69,12
239795,167,146,70,15
239796,167,146,71,15
239797,167,146,72,15
239798,167,146,73,15
239799,167,147,40,11
239800,167,147,41,11
239801,167,147,42,8
239802,167,147,43,8
239803,167,147,44,8
239804,167,147,45,10
239805,167,147,46,10
239806,167,147,47,6
239807,167,147,48,6
239808,167,147,49,6
239809,167,147,50,7
239810,167,147,51,7
239811,167,147,52,7
239812,167,147,53,7
239813,167,147,54,7
239814,167,147,55,7
239815,167,147,56,6
239816,167,147,57,6
239817,167,147,58,6
239818,167,147,59,6
239819,167,147,60,3
239820,167,147,61,8
239821,167,147,62,8
239822,167,147,63,8
239823,167,147,64,5
239824,167,147,65,12
239825,167,147,66,12
239826,167,147,67,5
239827,167,147,68,5
239828,167,147,69,5
239829,167,147,70,15
239830,167,147,71,15
239831,167,147,72,15
239832,167,148,41,8
239833,167,148,42,8
239834,167,148,43,8
239835,167,148,44,8
239836,167,148,45,10
239837,167,148,46,10
239838,167,148,47,6
239839,167,148,48,6
239840,167,148,49,6
239841,167,148,50,7
239842,167,148,51,7
239843,167,148,52,7
239844,167,148,53,7
239845,167,148,54,7
239846,167,148,55,7
239847,167,148,56,7
239848,167,148,57,6
239849,167,148,58,6
239850,167,148,59,6
239851,167,148,60,3
239852,167,148,61,8
239853,167,148,62,8
239854,167,148,63,8
239855,167,148,64,5
239856,167,148,65,5
239857,167,148,66,5
239858,167,148,67,5
239859,167,148,68,5
239860,167,148,69,15
239861,167,148,70,15
239862,167,148,71,15
239863,167,149,40,11
239864,167,149,41,8
239865,167,149,42,8
239866,167,149,43,8
239867,167,149,44,8
239868,167,149,45,10
239869,167,149,46,10
239870,167,149,47,6
239871,167,149,48,6
239872,167,149,49,7
239873,167,149,50,7
239874,167,149,51,7
239875,167,149,52,7
239876,167,149,53,7
239877,167,149,54,7
239878,167,149,55,7
239879,167,149,56,7
239880,167,149,57,6
239881,167,149,58,6
239882,167,149,59,6
239883,167,149,60,10
239884,167,149,61,8
239885,167,149,62,8
239886,167,149,63,8
239887,167,149,64,8
239888,167,149,65,5
239889,167,149,66,5
239890,167,149,67,5
239891,167,149,68,15
239892,167,149,69,15
239893,167,149,70,15
239894,167,149,71,15
239895,167,149,72,15
239896,167,149,73,15
239897,167,149,74,15
239898,167,150,39,11
239899,167,150,40,11
239900,167,150,41,8
239901,167,150,42,8
239902,167,150,43,8
239903,167,150,44,10
239904,167,150,45,10
239905,167,150,46,10
239906,167,150,47,6
239907,167,150,48,7
239908,167,150,49,7
239909,167,150,50,7
239910,167,150,51,7
239911,167,150,52,7
239912,167,150,53,7
239913,167,150,54,7
239914,167,150,55,7
239915,167,150,56,7
239916,167,150,57,7
239917,167,150,58,6
239918,167,150,59,6
239919,167,150,60,10
239920,167,150,61,8
239921,167,150,62,8
239922,167,150,63,8
239923,167,150,64,8
239924,167,150,65,5
239925,167,150,66,5
239926,167,150,67,15
239927,167,150,68,15
239928,167,150,69,15
239929,167,150,70,15
239930,167,150,71,15
239931,167,150,72,15
239932,167,150,73,15
239933,167,150,74,15
239934,167,151,39,11
239935,167,151,40,11
239936,167,151,41,8
239937,167,151,42,8
239938,167,151,43,8
239939,167,151,44,10
239940,167,151,45,10
239941,167,151,46,10
239942,167,151,47,10
239943,167,151,48,7
239944,167,151,49,7
239945,167,151,50,7
239946,167,151,51,7
239947,167,151,52,7
239948,167,151,53,7
239949,167,151,54,7
239950,167,151,55,7
239951,167,151,56,7
239952,167,151,57,7
239953,167,151,58,6
239954,167,151,59,10
239955,167,151,60,10
239956,167,151,61,8
239957,167,151,62,8
239958,167,151,63,8
239959,167,151,64,5
239960,167,151,65,15
239961,167,151,66,15
239962,167,151,67,15
239963,167,151,68,15
239964,167,151,69,15
239965,167,151,70,15
239966,167,151,71,15
239967,167,151,72,15
239968,167,151,73,15
239969,167,151,74,15
239970,167,152,38,11
239971,167,152,39,11
239972,167,152,40,1
239973,167,152,41,1
239974,167,152,42,8
239975,167,152,43,8
239976,167,152,44,8
239977,167,152,45,10
239978,167,152,46,10
239979,167,152,47,10
239980,167,152,48,6
239981,167,152,49,7
239982,167,152,50,7
239983,167,152,51,7
239984,167,152,52,7
239985,167,152,53,7
239986,167,152,54,7
239987,167,152,55,7
239988,167,152,56,7
239989,167,152,57,7
239990,167,152,58,6
239991,167,152,59,10
239992,167,152,60,10
239993,167,152,61,10
239994,167,152,62,8
239995,167,152,63,8
239996,167,152,64,15
239997,167,152,65,15
239998,167,152,66,15
239999,167,152,67,15
240000,167,152,68,15
240001,167,152,69,15
240002,167,152,70,15
240003,167,152,71,15
240004,167,152,72,15
240005,167,152,73,15
240006,167,153,37,14
240007,167,153,38,11
240008,167,153,39,13
240009,167,153,40,1
240010,167,153,41,1
240011,167,153,42,8
240012,167,153,43,8
240013,167,153,44,8
240014,167,153,45,8
240015,167,153,46,8
240016,167,153,47,10
240017,167,153,48,10
240018,167,153,49,6
240019,167,153,50,6
240020,167,153,51,7
240021,167,153,52,7
240022,167,153,53,7
240023,167,153,54,7
240024,167,153,55,7
240025,167,153,56,7
240026,167,153,57,7
240027,167,153,58,6
240028,167,153,59,10
240029,167,153,60,10
240030,167,153,61,10
240031,167,153,62,8
240032,167,153,63,8
240033,167,153,64,15
240034,167,153,65,15
240035,167,153,66,15
240036,167,153,67,15
240037,167,153,68,15
240038,167,153,69,15
240039,167,153,70,15
240040,167,153,71,15
240041,167,153,72,15
240042,167,153,73,15
240043,167,154,37,14
240044,167,154,38,11
240045,167,154,39,13
240046,167,154,40,13
240047,167,154,41,1
240048,167,154,42,1
240049,167,154,43,1
240050,167,154,44,8
240051,167,154,45,8
240052,167,154,46,8
240053,167,154,47,8
240054,167,154,48,10
240055,167,154,49,10
240056,167,154,50,6
240057,167,154,51,6
240058,167,154,52,7
240059,167,154,53,7
240060,167,154,54,7
240061,167,154,55,7
240062,167,154,56,7
240063,167,154,57,7
240064,167,154,58,6
240065,167,154,59,6
240066,167,154,60,10
240067,167,154,61,8
240068,167,154,62,8
240069,167,154,63,8
240070,167,154,64,15
240071,167,154,65,15
240072,167,154,66,15
240073,167,154,67,15
240074,167,154,68,15
240075,167,154,69,15
240076,167,154,70,15
240077,167,154,71,15
240078,167,154,72,15
240079,167,154,73,15
240080,167,155,38,11
240081,167,155,39,13
240082,167,155,40,13
240083,167,155,41,13
240084,167,155,42,13
240085,167,155,43,3
240086,167,155,44,8
240087,167,155,45,8
240088,167,155,46,8
240089,167,155,47,8
240090,167,155,48,10
240091,167,155,49,6
240092,167,155,50,6
240093,167,155,51,6
240094,167,155,52,6
240095,167,155,53,7
240096,167,155,54,7
240097,167,155,55,7
240098,167,155,56,7
240099,167,155,57,7
240100,167,155,58,6
240101,167,155,59,10
240102,167,155,60,8
240103,167,155,61,8
240104,167,155,62,8
240105,167,155,63,15
240106,167,155,64,15
240107,167,155,65,15
240108,167,155,66,15
240109,167,155,67,15
240110,167,155,68,15
240111,167,155,69,15
240112,167,155,70,15
240113,167,155,71,15
240114,167,155,72,15
240115,167,155,73,15
240116,167,156,38,11
240117,167,156,39,13
240118,167,156,40,13
240119,167,156,41,13
240120,167,156,42,3
240121,167,156,43,14
240122,167,156,44,11
240123,167,156,45,11
240124,167,156,46,8
240125,167,156,47,8
240126,167,156,48,10
240127,167,156,49,10
240128,167,156,50,6
240129,167,156,51,6
240130,167,156,52,6
240131,167,156,53,6
240132,167,156,54,6
240133,167,156,55,7
240134,167,156,56,7
240135,167,156,57,6
240136,167,156,58,10
240137,167,156,59,10
240138,167,156,60,8
240139,167,156,61,8
240140,167,156,62,15
240141,167,156,63,15
240142,167,156,64,15
240143,167,156,65,15
240144,167,156,66,15
240145,167,156,67,15
240146,167,156,68,15
240147,167,156,69,15
240148,167,156,70,15
240149,167,156,71,15
240150,167,156,72,15
240151,167,156,73,15
240152,167,157,38,11
240153,167,157,39,3
240154,167,157,40,3
240155,167,157,41,11
240156,167,157,42,11
240157,167,157,43,14
240158,167,157,45,14
240159,167,157,46,11
240160,167,157,47,8
240161,167,157,48,8
240162,167,157,49,10
240163,167,157,50,10
240164,167,157,51,10
240165,167,157,52,6
240166,167,157,53,6
240167,167,157,54,6
240168,167,157,55,10
240169,167,157,56,6
240170,167,157,57,10
240171,167,157,58,10
240172,167,157,59,8
240173,167,157,60,8
240174,167,157,61,15
240175,167,157,62,15
240176,167,157,63,15
240177,167,157,64,15
240178,167,157,65,15
240179,167,157,66,15
240180,167,157,67,15
240181,167,157,68,15
240182,167,157,69,15
240183,167,157,70,15
240184,167,157,71,15
240185,167,157,72,15
240186,167,158,38,11
240187,167,158,39,14
240188,167,158,40,14
240189,167,158,41,11
240190,167,158,46,3
240191,167,158,47,13
240192,167,158,48,8
240193,167,158,49,8
240194,167,158,50,8
240195,167,158,51,8
240196,167,158,52,10
240197,167,158,53,10
240198,167,158,54,10
240199,167,158,55,10
240200,167,158,56,10
240201,167,158,57,10
240202,167,158,58,8
240203,167,158,59,8
240204,167,158,60,15
240205,167,158,61,15
240206,167,158,62,15
240207,167,158,63,15
240208,167,158,64,15
240209,167,158,65,15
240210,167,158,66,15
240211,167,158,67,15
240212,167,158,68,15
240213,167,158,69,15
240214,167,158,70,15
240215,167,158,71,15
240216,167,159,39,11
240217,167,159,40,14
240218,167,159,45,14
240219,167,159,46,3
240220,167,159,47,3
240221,167,159,48,13
240222,167,159,49,13
240223,167,159,50,13
240224,167,159,51,8
240225,167,159,52,8
240226,167,159,53,8
240227,167,159,54,8
240228,167,159,55,8
240229,167,159,56,8
240230,167,159,57,8
240231,167,159,58,8
240232,167,159,59,15
240233,167,159,60,15
240234,167,159,61,15
240235,167,159,62,15
240236,167,159,63,15
240237,167,159,64,15
240238,167,159,65,15
240239,167,159,66,15
240240,167,159,67,15
240241,167,159,68,15
240242,167,159,69,15
240243,167,159,70,15
240244,167,160,38,11
240245,167,160,39,11
240246,167,160,40,14
240247,167,160,47,3
240248,167,160,48,3
240249,167,160,49,13
240250,167,160,50,13
240251,167,160,51,13
240252,167,160,52,13
240253,167,160,53,13
240254,167,160,54,13
240255,167,160,55,13
240256,167,160,56,15
240257,167,160,57,15
240258,167,160,58,15
240259,167,160,59,15
240260,167,160,60,15
240261,167,160,61,15
240262,167,160,62,15
240263,167,160,63,13
240264,167,160,64,13
240265,167,160,65,13
240266,167,160,66,13
240267,167,160,67,15
240268,167,160,68,15
240269,167,160,69,15
240270,167,161,38,11
240271,167,161,39,11
240272,167,161,47,3
240273,167,161,48,3
240274,167,161,49,13
240275,167,161,50,13
240276,167,161,51,13
240277,167,161,52,13
240278,167,161,53,13
240279,167,161,54,13
240280,167,161,55,13
240281,167,161,56,15
240282,167,161,57,15
240283,167,161,58,15
240284,167,161,59,15
240285,167,161,60,15
240286,167,161,61,15
240287,167,161,62,13
240288,167,161,63,13
240289,167,161,64,13
240290,167,161,65,13
240291,167,161,66,15
240292,167,161,67,15
240293,167,161,68,15
240294,167,161,69,15
240295,167,162,38,11
240296,167,162,39,14
240297,167,162,48,3
240298,167,162,49,13
240299,167,162,50,13
240300,167,162,51,13
240301,167,162,52,13
240302,167,162,53,13
240303,167,162,54,13
240304,167,162,55,13
240305,167,162,56,13
240306,167,162,57,13
240307,167,162,58,13
240308,167,162,59,3
240309,167,162,60,13
240310,167,162,61,13
240311,167,162,62,13
240312,167,162,63,13
240313,167,162,64,13
240314,167,162,65,13
240315,167,162,66,13
240316,167,162,67,15
240317,167,162,68,15
240318,167,162,69,15
240319,167,163,38,11
240320,167,163,48,3
240321,167,163,49,13
240322,167,163,50,13
240323,167,163,51,13
240324,167,163,52,13
240325,167,163,53,13
240326,167,163,54,13
240327,167,163,55,13
240328,167,163,56,13
240329,167,163,57,13
240330,167,163,58,13
240331,167,163,59,13
240332,167,163,60,13
240333,167,163,61,13
240334,167,163,62,13
240335,167,163,63,13
240336,167,163,64,13
240337,167,163,65,13
240338,167,163,66,13
240339,167,163,67,15
240340,167,163,68,15
240341,167,163,69,15
240342,167,164,38,11
240343,167,164,39,11
240344,167,164,48,13
240345,167,164,49,13
240346,167,164,50,13
240347,167,164,51,13
240348,167,164,52,13
240349,167,164,53,13
240350,167,164,54,13
240351,167,164,55,13
240352,167,164,56,13
240353,167,164,57,13
240354,167,164,58,13
240355,167,164,59,13
240356,167,164,60,13
240357,167,164,61,13
240358,167,164,62,13
240359,167,164,63,13
240360,167,164,64,13
240361,167,164,65,13
240362,167,164,66,13
240363,167,164,67,15
240364,167,164,68,15
240365,167,164,69,15
240366,167,164,70,15
240367,167,165,47,3
240368,167,165,48,13
240369,167,165,49,13
240370,167,165,50,13
240371,167,165,51,13
240372,167,165,52,13
240373,167,165,53,13
240374,167,165,54,13
240375,167,165,55,13
240376,167,165,56,13
240377,167,165,57,13
240378,167,165,58,13
240379,167,165,59,13
240380,167,165,60,13
240381,167,165,61,13
240382,167,165,62,13
240383,167,165,63,13
240384,167,165,64,13
240385,167,165,65,13
240386,167,165,66,13
240387,167,165,67,13
240388,167,165,68,15
240389,167,165,69,15
240390,167,165,70,15
240391,167,166,47,13
240392,167,166,48,13
240393,167,166,49,13
240394,167,166,50,13
240395,167,166,51,13
240396,167,166,52,13
240397,167,166,53,13
240398,167,166,54,13
240399,167,166,55,13
240400,167,166,56,13
240401,167,166,57,13
240402,167,166,58,13
240403,167,166,59,13
240404,167,166,60,13
240405,167,166,61,13
240406,167,166,62,13
240407,167,166,63,13
240408,167,166,64,13
240409,167,166,65,13
240410,167,166,66,13
240411,167,166,67,13
240412,167,166,68,15
240413,167,166,69,15
240414,167,166,70,15
240415,167,167,49,13
240416,167,167,50,13
240417,167,167,51,13
240418,167,167,52,13
240419,167,167,53,13
240420,167,167,54,13
240421,167,167,55,13
240422,167,167,56,13
240423,167,167,57,13
240424,167,167,58,13
240425,167,167,59,13
240426,167,167,60,13
240427,167,167,61,13
240428,167,167,62,13
240429,167,167,63,13
240430,167,167,64,13
240431,167,167,65,13
240432,167,167,66,13
240433,167,167,67,13
240434,167,167,68,15
240435,167,167,69,15
240436,167,168,50,13
240437,167,168,51,13
240438,167,168,52,13
240439,167,168,53,13
240440,167,168,54,13
240441,167,168,55,13
240442,167,168,56,13
240443,167,168,57,13
240444,167,168,58,13
240445,167,168,59,13
240446,167,168,60,13
240447,167,168,61,13
240448,167,168,62,13
240449,167,168,63,13
240450,167,168,64,13
240451,167,168,65,13
240452,167,168,66,13
240453,167,168,67,13
240454,167,168,68,15
240455,167,168,69,15
240456,167,169,51,13
240457,167,169,52,13
240458,167,169,53,13
240459,167,169,54,13
240460,167,169,55,13
240461,167,169,56,13
240462,167,169,57,13
240463,167,169,58,13
240464,167,169,59,13
240465,167,169,60,13
240466,167,169,61,13
240467,167,169,62,13
240468,167,169,63,13
240469,167,169,64,13
240470,167,169,65,13
240471,167,169,66,13
240472,167,169,67,13
240473,167,169,68,15
240474,167,170,52,13
240475,167,170,53,13
240476,167,170,54,13
240477,167,170,55,13
240478,167,170,56,13
240479,167,170,57,13
240480,167,170,58,13
240481,167,170,59,13
240482,167,170,60,13
240483,167,170,61,13
240484,167,170,62,13
240485,167,170,63,13
240486,167,170,64,13
240487,167,170,65,13
240488,167,170,66,13
240489,167,170,67,15
240490,167,171,52,13
240491,167,171,53,13
240492,167,171,54,13
240493,167,171,55,13
240494,167,171,56,13
240495,167,171,57,13
240496,167,171,58,13
240497,167,171,59,13
240498,167,171,60,13
240499,167,171,61,13
240500,167,171,62,13
240501,167,171,63,13
240502,167,171,64,13
240503,167,171,65,13
240504,167,171,66,15
240505,167,172,53,13
240506,167,172,58,13
240507,167,172,59,13
240508,167,172,60,13
240509,167,172,61,13
240510,167,172,62,13
240511,168,118,54,9
240512,168,118,55,16
240513,168,118,57,16
240514,168,118,58,16
240515,168,118,59,16
240516,168,118,60,16
240517,168,118,61,16
240518,168,119,52,9
240519,168,119,53,9
240520,168,119,54,9
240521,168,119,55,9
240522,168,119,56,9
240523,168,119,57,16
240524,168,119,58,16
240525,168,119,59,16
240526,168,119,60,16
240527,168,119,61,16
240528,168,120,52,9
240529,168,120,53,9
240530,168,120,54,9
240531,168,120,55,9
240532,168,120,56,9
240533,168,120,57,9
240534,168,120,58,9
240535,168,120,59,9
240536,168,120,60,16
240537,168,120,61,16
240538,168,121,49,9
240539,168,121,50,9
240540,168,121,51,9
240541,168,121,52,9
240542,168,121,53,9
240543,168,121,54,5
240544,168,121,55,5
240545,168,121,56,5
240546,168,121,57,5
240547,168,121,58,5
240548,168,121,59,5
240549,168,121,60,5
240550,168,121,61,16
240551,168,121,62,16
240552,168,122,48,9
240553,168,122,49,9
240554,168,122,50,5
240555,168,122,51,9
240556,168,122,52,9
240557,168,122,53,4
240558,168,122,54,4
240559,168,122,55,5
240560,168,122,56,5
240561,168,122,57,5
240562,168,122,58,5
240563,168,122,59,5
240564,168,122,60,5
240565,168,122,61,16
240566,168,122,62,16
240567,168,123,47,9
240568,168,123,48,9
240569,168,123,49,9
240570,168,123,50,1
240571,168,123,51,9
240572,168,123,53,9
240573,168,123,54,9
240574,168,123,55,5
240575,168,123,56,5
240576,168,123,57,5
240577,168,123,58,4
240578,168,123,59,5
240579,168,123,60,5
240580,168,123,61,16
240581,168,123,62,16
240582,168,123,63,16
240583,168,124,45,9
240584,168,124,46,9
240585,168,124,47,9
240586,168,124,48,1
240587,168,124,49,1
240588,168,124,50,1
240589,168,124,51,9
240590,168,124,53,9
240591,168,124,54,9
240592,168,124,55,4
240593,168,124,56,4
240594,168,124,57,4
240595,168,124,58,4
240596,168,124,59,5
240597,168,124,60,5
240598,168,124,61,5
240599,168,124,62,16
240600,168,124,63,16
240601,168,125,43,11
240602,168,125,44,9
240603,168,125,45,9
240604,168,125,46,9
240605,168,125,47,9
240606,168,125,48,1
240607,168,125,49,4
240608,168,125,50,4
240609,168,125,51,9
240610,168,125,54,4
240611,168,125,55,4
240612,168,125,56,4
240613,168,125,57,4
240614,168,125,58,4
240615,168,125,59,4
240616,168,125,60,5
240617,168,125,61,5
240618,168,125,62,5
240619,168,125,63,16
240620,168,125,64,16
240621,168,126,45,9
240622,168,126,46,9
240623,168,126,47,9
240624,168,126,48,4
240625,168,126,49,4
240626,168,126,50,4
240627,168,126,51,4
240628,168,126,54,4
240629,168,126,55,4
240630,168,126,56,4
240631,168,126,57,4
240632,168,126,58,4
240633,168,126,59,4
240634,168,126,60,5
240635,168,126,61,5
240636,168,126,62,5
240637,168,126,63,16
240638,168,126,64,16
240639,168,127,45,9
240640,168,127,46,9
240641,168,127,47,9
240642,168,127,48,9
240643,168,127,49,4
240644,168,127,50,4
240645,168,127,51,4
240646,168,127,53,4
240647,168,127,54,4
240648,168,127,55,4
240649,168,127,56,4
240650,168,127,57,4
240651,168,127,58,4
240652,168,127,59,4
240653,168,127,60,4
240654,168,127,61,5
240655,168,127,62,5
240656,168,127,63,16
240657,168,127,64,16
240658,168,128,45,9
240659,168,128,46,9
240660,168,128,47,9
240661,168,128,48,9
240662,168,128,49,4
240663,168,128,50,4
240664,168,128,51,4
240665,168,128,52,4
240666,168,128,53,4
240667,168,128,54,4
240668,168,128,55,4
240669,168,128,56,4
240670,168,128,57,4
240671,168,128,58,4
240672,168,128,59,4
240673,168,128,60,4
240674,168,128,61,5
240675,168,128,62,5
240676,168,128,63,16
240677,168,128,64,16
240678,168,129,45,9
240679,168,129,46,9
240680,168,129,47,9
240681,168,129,48,9
240682,168,129,49,1
240683,168,129,50,4
240684,168,129,51,4
240685,168,129,52,4
240686,168,129,53,4
240687,168,129,54,4
240688,168,129,55,4
240689,168,129,56,4
240690,168,129,57,4
240691,168,129,58,4
240692,168,129,59,4
240693,168,129,60,4
240694,168,129,61,5
240695,168,129,62,5
240696,168,129,63,16
240697,168,129,64,16
240698,168,130,44,11
240699,168,130,45,9
240700,168,130,46,9
240701,168,130,47,9
240702,168,130,48,9
240703,168,130,49,9
240704,168,130,50,4
240705,168,130,51,4
240706,168,130,52,4
240707,168,130,53,4
240708,168,130,54,4
240709,168,130,55,4
240710,168,130,56,4
240711,168,130,57,4
240712,168,130,58,4
240713,168,130,59,4
240714,168,130,60,4
240715,168,130,61,5
240716,168,130,62,5
240717,168,130,63,16
240718,168,130,64,16
240719,168,131,44,11
240720,168,131,45,9
240721,168,131,46,9
240722,168,131,47,9
240723,168,131,48,9
240724,168,131,49,9
240725,168,131,50,1
240726,168,131,51,4
240727,168,131,52,4
240728,168,131,53,4
240729,168,131,54,4
240730,168,131,55,4
240731,168,131,56,4
240732,168,131,57,4
240733,168,131,58,4
240734,168,131,59,4
240735,168,131,60,4
240736,168,131,61,5
240737,168,131,62,5
240738,168,131,63,16
240739,168,131,64,16
240740,168,131,65,16
240741,168,132,45,9
240742,168,132,46,9
240743,168,132,47,9
240744,168,132,48,9
240745,168,132,49,9
240746,168,132,50,1
240747,168,132,51,4
240748,168,132,52,4
240749,168,132,53,4
240750,168,132,54,4
240751,168,132,55,4
240752,168,132,56,4
240753,168,132,57,4
240754,168,132,58,4
240755,168,132,59,4
240756,168,132,60,4
240757,168,132,61,5
240758,168,132,62,5
240759,168,132,63,16
240760,168,132,64,16
240761,168,132,65,16
240762,168,132,67,16
240763,168,133,44,11
240764,168,133,45,9
240765,168,133,46,9
240766,168,133,47,9
240767,168,133,48,9
240768,168,133,49,9
240769,168,133,50,1
240770,168,133,51,4
240771,168,133,52,4
240772,168,133,53,4
240773,168,133,54,4
240774,168,133,55,4
240775,168,133,56,4
240776,168,133,57,4
240777,168,133,58,4
240778,168,133,59,4
240779,168,133,60,4
240780,168,133,61,5
240781,168,133,62,5
240782,168,133,63,16
240783,168,133,64,16
240784,168,133,65,16
240785,168,133,66,16
240786,168,134,44,11
240787,168,134,45,9
240788,168,134,46,9
240789,168,134,47,9
240790,168,134,48,9
240791,168,134,49,9
240792,168,134,50,5
240793,168,134,51,1
240794,168,134,52,4
240795,168,134,53,4
240796,168,134,54,4
240797,168,134,55,9
240798,168,134,56,1
240799,168,134,57,4
240800,168,134,58,4
240801,168,134,59,4
240802,168,134,60,4
240803,168,134,61,5
240804,168,134,62,5
240805,168,134,63,5
240806,168,134,64,16
240807,168,134,65,16
240808,168,134,66,16
240809,168,135,44,11
240810,168,135,45,11
240811,168,135,46,9
240812,168,135,47,9
240813,168,135,48,9
240814,168,135,49,9
240815,168,135,50,5
240816,168,135,51,1
240817,168,135,52,1
240818,168,135,53,1
240819,168,135,54,8
240820,168,135,55,8
240821,168,135,56,8
240822,168,135,57,1
240823,168,135,58,4
240824,168,135,59,4
240825,168,135,60,4
240826,168,135,61,5
240827,168,135,62,5
240828,168,135,63,5
240829,168,135,64,5
240830,168,135,65,16
240831,168,135,66,16
240832,168,135,67,16
240833,168,135,68,16
240834,168,136,44,11
240835,168,136,45,11
240836,168,136,46,11
240837,168,136,47,9
240838,168,136,48,9
240839,168,136,49,9
240840,168,136,50,5
240841,168,136,51,8
240842,168,136,52,10
240843,168,136,53,8
240844,168,136,54,8
240845,168,136,55,8
240846,168,136,56,1
240847,168,136,57,1
240848,168,136,58,1
240849,168,136,59,4
240850,168,136,60,4
240851,168,136,61,4
240852,168,136,62,5
240853,168,136,63,5
240854,168,136,64,5
240855,168,136,65,5
240856,168,136,66,16
240857,168,136,67,16
240858,168,136,68,16
240859,168,136,69,16
240860,168,137,44,11
240861,168,137,45,11
240862,168,137,46,11
240863,168,137,47,11
240864,168,137,48,9
240865,168,137,49,9
240866,168,137,50,8
240867,168,137,51,8
240868,168,137,52,8
240869,168,137,53,8
240870,168,137,54,8
240871,168,137,55,8
240872,168,137,56,1
240873,168,137,57,1
240874,168,137,58,1
240875,168,137,59,1
240876,168,137,60,4
240877,168,137,61,4
240878,168,137,62,4
240879,168,137,63,5
240880,168,137,64,5
240881,168,137,65,5
240882,168,137,66,16
240883,168,137,67,16
240884,168,137,68,16
240885,168,137,69,16
240886,168,138,45,14
240887,168,138,46,11
240888,168,138,47,11
240889,168,138,48,8
240890,168,138,49,8
240891,168,138,50,8
240892,168,138,51,8
240893,168,138,52,8
240894,168,138,53,8
240895,168,138,54,8
240896,168,138,55,8
240897,168,138,56,8
240898,168,138,57,8
240899,168,138,58,1
240900,168,138,59,5
240901,168,138,60,4
240902,168,138,61,4
240903,168,138,62,4
240904,168,138,63,5
240905,168,138,64,5
240906,168,138,65,5
240907,168,138,66,5
240908,168,138,67,16
240909,168,138,68,16
240910,168,138,69,16
240911,168,138,70,16
240912,168,138,71,16
240913,168,139,45,11
240914,168,139,46,11
240915,168,139,47,8
240916,168,139,48,8
240917,168,139,49,8
240918,168,139,50,8
240919,168,139,51,8
240920,168,139,52,8
240921,168,139,53,8
240922,168,139,54,8
240923,168,139,55,8
240924,168,139,56,8
240925,168,139,57,8
240926,168,139,58,8
240927,168,139,59,8
240928,168,139,60,5
240929,168,139,61,4
240930,168,139,62,4
240931,168,139,63,4
240932,168,139,64,5
240933,168,139,65,5
240934,168,139,66,5
240935,168,139,67,5
240936,168,139,68,16
240937,168,139,69,16
240938,168,139,70,16
240939,168,139,71,16
240940,168,140,43,11
240941,168,140,44,11
240942,168,140,45,9
240943,168,140,46,8
240944,168,140,47,8
240945,168,140,48,8
240946,168,140,49,8
240947,168,140,50,8
240948,168,140,51,8
240949,168,140,52,8
240950,168,140,53,8
240951,168,140,54,8
240952,168,140,55,8
240953,168,140,56,8
240954,168,140,57,8
240955,168,140,58,8
240956,168,140,59,8
240957,168,140,60,5
240958,168,140,61,5
240959,168,140,62,5
240960,168,140,63,5
240961,168,140,64,5
240962,168,140,65,5
240963,168,140,66,5
240964,168,140,67,5
240965,168,140,68,16
240966,168,140,69,16
240967,168,140,70,16
240968,168,140,71,16
240969,168,141,44,11
240970,168,141,45,8
240971,168,141,46,8
240972,168,141,47,8
240973,168,141,48,8
240974,168,141,49,10
240975,168,141,50,6
240976,168,141,51,6
240977,168,141,52,10
240978,168,141,53,10
240979,168,141,54,10
240980,168,141,55,10
240981,168,141,56,10
240982,168,141,57,8
240983,168,141,58,8
240984,168,141,59,8
240985,168,141,60,8
240986,168,141,61,8
240987,168,141,62,5
240988,168,141,63,5
240989,168,141,64,5
240990,168,141,65,5
240991,168,141,66,5
240992,168,141,67,5
240993,168,141,68,5
240994,168,141,69,16
240995,168,141,70,16
240996,168,141,71,16
240997,168,142,44,8
240998,168,142,45,8
240999,168,142,46,8
241000,168,142,47,8
241001,168,142,48,8
241002,168,142,49,10
241003,168,142,50,6
241004,168,142,51,6
241005,168,142,52,6
241006,168,142,53,6
241007,168,142,54,6
241008,168,142,55,10
241009,168,142,56,10
241010,168,142,57,10
241011,168,142,58,8
241012,168,142,59,8
241013,168,142,60,8
241014,168,142,61,8
241015,168,142,62,5
241016,168,142,63,5
241017,168,142,64,5
241018,168,142,65,5
241019,168,142,66,5
241020,168,142,67,5
241021,168,142,68,5
241022,168,142,69,16
241023,168,142,70,16
241024,168,142,71,16
241025,168,142,72,16
241026,168,143,41,11
241027,168,143,42,11
241028,168,143,43,11
241029,168,143,44,8
241030,168,143,45,8
241031,168,143,46,8
241032,168,143,47,1
241033,168,143,48,1
241034,168,143,49,1
241035,168,143,50,10
241036,168,143,51,6
241037,168,143,52,6
241038,168,143,53,6
241039,168,143,54,6
241040,168,143,55,6
241041,168,143,56,6
241042,168,143,57,10
241043,168,143,58,8
241044,168,143,59,8
241045,168,143,60,8
241046,168,143,61,8
241047,168,143,62,5
241048,168,143,63,5
241049,168,143,64,5
241050,168,143,65,5
241051,168,143,66,5
241052,168,143,67,5
241053,168,143,68,5
241054,168,143,69,5
241055,168,143,70,16
241056,168,143,71,16
241057,168,143,72,16
241058,168,144,41,11
241059,168,144,42,11
241060,168,144,43,8
241061,168,144,44,8
241062,168,144,45,8
241063,168,144,46,8
241064,168,144,47,6
241065,168,144,48,6
241066,168,144,49,6
241067,168,144,50,6
241068,168,144,51,6
241069,168,144,52,7
241070,168,144,53,7
241071,168,144,54,6
241072,168,144,55,6
241073,168,144,56,6
241074,168,144,57,6
241075,168,144,58,10
241076,168,144,59,8
241077,168,144,60,8
241078,168,144,61,8
241079,168,144,62,8
241080,168,144,63,8
241081,168,144,64,5
241082,168,144,65,5
241083,168,144,66,5
241084,168,144,67,5
241085,168,144,68,5
241086,168,144,69,5
241087,168,144,70,5
241088,168,144,71,15
241089,168,144,72,15
241090,168,144,73,16
241091,168,145,40,11
241092,168,145,41,11
241093,168,145,42,9
241094,168,145,43,8
241095,168,145,44,8
241096,168,145,45,8
241097,168,145,46,10
241098,168,145,47,6
241099,168,145,48,6
241100,168,145,49,6
241101,168,145,50,6
241102,168,145,51,7
241103,168,145,52,7
241104,168,145,53,7
241105,168,145,54,7
241106,168,145,55,6
241107,168,145,56,6
241108,168,145,57,6
241109,168,145,58,3
241110,168,145,59,3
241111,168,145,60,8
241112,168,145,61,8
241113,168,145,62,8
241114,168,145,63,8
241115,168,145,64,5
241116,168,145,65,5
241117,168,145,66,5
241118,168,145,67,5
241119,168,145,68,5
241120,168,145,69,5
241121,168,145,70,15
241122,168,145,71,15
241123,168,145,72,15
241124,168,146,40,11
241125,168,146,41,9
241126,168,146,42,8
241127,168,146,43,8
241128,168,146,44,8
241129,168,146,45,8
241130,168,146,46,10
241131,168,146,47,6
241132,168,146,48,6
241133,168,146,49,6
241134,168,146,50,6
241135,168,146,51,7
241136,168,146,52,7
241137,168,146,53,7
241138,168,146,54,7
241139,168,146,55,6
241140,168,146,56,6
241141,168,146,57,6
241142,168,146,58,6
241143,168,146,59,3
241144,168,146,60,8
241145,168,146,61,10
241146,168,146,62,8
241147,168,146,63,8
241148,168,146,64,5
241149,168,146,65,5
241150,168,146,66,5
241151,168,146,67,5
241152,168,146,68,5
241153,168,146,69,5
241154,168,146,70,5
241155,168,146,71,15
241156,168,147,41,11
241157,168,147,42,8
241158,168,147,43,8
241159,168,147,44,8
241160,168,147,45,8
241161,168,147,46,10
241162,168,147,47,6
241163,168,147,48,6
241164,168,147,49,6
241165,168,147,50,6
241166,168,147,51,7
241167,168,147,52,7
241168,168,147,53,7
241169,168,147,54,7
241170,168,147,55,7
241171,168,147,56,6
241172,168,147,57,6
241173,168,147,58,6
241174,168,147,59,10
241175,168,147,60,8
241176,168,147,61,8
241177,168,147,62,8
241178,168,147,63,8
241179,168,147,64,5
241180,168,147,65,5
241181,168,147,66,5
241182,168,147,67,5
241183,168,147,68,15
241184,168,147,69,15
241185,168,147,70,15
241186,168,148,41,8
241187,168,148,42,8
241188,168,148,43,8
241189,168,148,44,8
241190,168,148,45,8
241191,168,148,46,10
241192,168,148,47,10
241193,168,148,48,6
241194,168,148,49,6
241195,168,148,50,7
241196,168,148,51,7
241197,168,148,52,7
241198,168,148,53,7
241199,168,148,54,7
241200,168,148,55,7
241201,168,148,56,6
241202,168,148,57,6
241203,168,148,58,6
241204,168,148,59,10
241205,168,148,60,8
241206,168,148,61,8
241207,168,148,62,8
241208,168,148,63,8
241209,168,148,64,5
241210,168,148,65,5
241211,168,148,66,5
241212,168,148,67,15
241213,168,148,68,15
241214,168,148,69,15
241215,168,149,40,11
241216,168,149,41,8
241217,168,149,42,8
241218,168,149,43,8
241219,168,149,44,8
241220,168,149,45,10
241221,168,149,46,10
241222,168,149,47,10
241223,168,149,48,6
241224,168,149,49,7
241225,168,149,50,7
241226,168,149,51,7
241227,168,149,52,7
241228,168,149,53,7
241229,168,149,54,7
241230,168,149,55,7
241231,168,149,56,7
241232,168,149,57,6
241233,168,149,58,6
241234,168,149,59,10
241235,168,149,60,8
241236,168,149,61,8
241237,168,149,62,8
241238,168,149,63,8
241239,168,149,64,5
241240,168,149,65,5
241241,168,149,66,5
241242,168,149,67,15
241243,168,149,68,15
241244,168,149,69,15
241245,168,150,40,11
241246,168,150,41,8
241247,168,150,42,8
241248,168,150,43,8
241249,168,150,44,8
241250,168,150,45,10
241251,168,150,46,10
241252,168,150,47,6
241253,168,150,48,6
241254,168,150,49,7
241255,168,150,50,7
241256,168,150,51,7
241257,168,150,52,7
241258,168,150,53,7
241259,168,150,54,7
241260,168,150,55,7
241261,168,150,56,7
241262,168,150,57,6
241263,168,150,58,6
241264,168,150,59,10
241265,168,150,60,10
241266,168,150,61,8
241267,168,150,62,8
241268,168,150,63,8
241269,168,150,64,5
241270,168,150,65,5
241271,168,150,66,15
241272,168,150,67,15
241273,168,150,68,15
241274,168,150,69,15
241275,168,151,39,11
241276,168,151,40,11
241277,168,151,41,8
241278,168,151,42,8
241279,168,151,43,8
241280,168,151,44,8
241281,168,151,45,8
241282,168,151,46,10
241283,168,151,47,6
241284,168,151,48,6
241285,168,151,49,7
241286,168,151,50,7
241287,168,151,51,7
241288,168,151,52,7
241289,168,151,53,7
241290,168,151,54,7
241291,168,151,55,7
241292,168,151,56,7
241293,168,151,57,6
241294,168,151,58,10
241295,168,151,59,10
241296,168,151,60,10
241297,168,151,61,8
241298,168,151,62,8
241299,168,151,63,8
241300,168,151,64,5
241301,168,151,65,15
241302,168,151,66,15
241303,168,151,67,15
241304,168,151,68,15
241305,168,151,69,15
241306,168,152,38,11
241307,168,152,39,11
241308,168,152,40,1
241309,168,152,41,1
241310,168,152,42,8
241311,168,152,43,8
241312,168,152,44,8
241313,168,152,45,8
241314,168,152,46,10
241315,168,152,47,10
241316,168,152,48,6
241317,168,152,49,6
241318,168,152,50,7
241319,168,152,51,7
241320,168,152,52,7
241321,168,152,53,7
241322,168,152,54,7
241323,168,152,55,7
241324,168,152,56,7
241325,168,152,57,10
241326,168,152,58,10
241327,168,152,59,10
241328,168,152,60,10
241329,168,152,61,8
241330,168,152,62,8
241331,168,152,63,8
241332,168,152,64,15
241333,168,152,65,15
241334,168,152,66,15
241335,168,152,67,15
241336,168,152,68,15
241337,168,152,69,15
241338,168,152,70,15
241339,168,152,71,15
241340,168,153,37,11
241341,168,153,38,11
241342,168,153,39,13
241343,168,153,40,1
241344,168,153,41,1
241345,168,153,42,8
241346,168,153,43,8
241347,168,153,44,8
241348,168,153,45,8
241349,168,153,46,8
241350,168,153,47,10
241351,168,153,48,10
241352,168,153,49,10
241353,168,153,50,10
241354,168,153,51,7
241355,168,153,52,7
241356,168,153,53,7
241357,168,153,54,7
241358,168,153,55,7
241359,168,153,56,7
241360,168,153,57,10
241361,168,153,58,10
241362,168,153,59,10
241363,168,153,60,8
241364,168,153,61,8
241365,168,153,62,8
241366,168,153,63,8
241367,168,153,64,15
241368,168,153,65,15
241369,168,153,66,15
241370,168,153,67,15
241371,168,153,68,15
241372,168,153,69,15
241373,168,153,70,15
241374,168,153,71,15
241375,168,153,72,15
241376,168,154,37,11
241377,168,154,38,11
241378,168,154,39,13
241379,168,154,40,13
241380,168,154,41,1
241381,168,154,42,1
241382,168,154,43,1
241383,168,154,44,8
241384,168,154,45,8
241385,168,154,46,8
241386,168,154,47,10
241387,168,154,48,10
241388,168,154,49,10
241389,168,154,50,10
241390,168,154,51,6
241391,168,154,52,7
241392,168,154,53,7
241393,168,154,54,7
241394,168,154,55,7
241395,168,154,56,7
241396,168,154,57,10
241397,168,154,58,6
241398,168,154,59,10
241399,168,154,60,8
241400,168,154,61,8
241401,168,154,62,8
241402,168,154,63,15
241403,168,154,64,15
241404,168,154,65,15
241405,168,154,66,15
241406,168,154,67,15
241407,168,154,68,15
241408,168,154,69,15
241409,168,154,70,15
241410,168,154,71,15
241411,168,154,72,15
241412,168,155,37,11
241413,168,155,38,11
241414,168,155,39,13
241415,168,155,40,13
241416,168,155,41,1
241417,168,155,42,1
241418,168,155,43,1
241419,168,155,44,8
241420,168,155,45,8
241421,168,155,46,8
241422,168,155,47,8
241423,168,155,48,10
241424,168,155,49,10
241425,168,155,50,10
241426,168,155,51,6
241427,168,155,52,6
241428,168,155,53,6
241429,168,155,54,6
241430,168,155,55,6
241431,168,155,56,7
241432,168,155,57,10
241433,168,155,58,10
241434,168,155,59,10
241435,168,155,60,8
241436,168,155,61,8
241437,168,155,62,8
241438,168,155,63,15
241439,168,155,64,15
241440,168,155,65,15
241441,168,155,66,15
241442,168,155,67,15
241443,168,155,68,15
241444,168,155,69,15
241445,168,155,70,15
241446,168,155,71,15
241447,168,155,72,15
241448,168,156,37,11
241449,168,156,38,13
241450,168,156,39,13
241451,168,156,40,13
241452,168,156,41,13
241453,168,156,42,13
241454,168,156,43,13
241455,168,156,44,13
241456,168,156,45,13
241457,168,156,46,8
241458,168,156,47,8
241459,168,156,48,10
241460,168,156,49,10
241461,168,156,50,10
241462,168,156,51,6
241463,168,156,52,6
241464,168,156,53,6
241465,168,156,54,6
241466,168,156,55,10
241467,168,156,56,10
241468,168,156,57,10
241469,168,156,58,10
241470,168,156,59,8
241471,168,156,60,8
241472,168,156,61,8
241473,168,156,62,15
241474,168,156,63,15
241475,168,156,64,15
241476,168,156,65,15
241477,168,156,66,15
241478,168,156,67,15
241479,168,156,68,15
241480,168,156,69,15
241481,168,156,70,15
241482,168,156,71,15
241483,168,156,72,15
241484,168,157,37,11
241485,168,157,38,13
241486,168,157,39,13
241487,168,157,40,13
241488,168,157,41,13
241489,168,157,42,13
241490,168,157,43,13
241491,168,157,44,13
241492,168,157,45,13
241493,168,157,46,1
241494,168,157,47,8
241495,168,157,48,8
241496,168,157,49,10
241497,168,157,50,10
241498,168,157,51,10
241499,168,157,52,6
241500,168,157,53,6
241501,168,157,54,10
241502,168,157,55,10
241503,168,157,56,10
241504,168,157,57,10
241505,168,157,58,8
241506,168,157,59,8
241507,168,157,60,8
241508,168,157,61,15
241509,168,157,62,15
241510,168,157,63,15
241511,168,157,64,15
241512,168,157,65,15
241513,168,157,66,15
241514,168,157,67,15
241515,168,157,68,15
241516,168,157,69,15
241517,168,157,70,15
241518,168,157,71,15
241519,168,157,72,15
241520,168,158,37,11
241521,168,158,38,13
241522,168,158,39,13
241523,168,158,40,13
241524,168,158,41,13
241525,168,158,42,13
241526,168,158,43,13
241527,168,158,44,13
241528,168,158,45,13
241529,168,158,46,13
241530,168,158,47,8
241531,168,158,48,8
241532,168,158,49,8
241533,168,158,50,8
241534,168,158,51,8
241535,168,158,52,8
241536,168,158,53,8
241537,168,158,54,10
241538,168,158,55,10
241539,168,158,56,10
241540,168,158,57,8
241541,168,158,58,8
241542,168,158,59,8
241543,168,158,60,15
241544,168,158,61,15
241545,168,158,62,15
241546,168,158,63,15
241547,168,158,64,15
241548,168,158,65,15
241549,168,158,66,15
241550,168,158,67,15
241551,168,158,68,15
241552,168,158,69,15
241553,168,158,70,15
241554,168,158,71,15
241555,168,159,36,11
241556,168,159,37,11
241557,168,159,38,11
241558,168,159,39,13
241559,168,159,40,13
241560,168,159,41,13
241561,168,159,42,13
241562,168,159,43,13
241563,168,159,44,13
241564,168,159,45,13
241565,168,159,46,13
241566,168,159,47,13
241567,168,159,48,13
241568,168,159,49,1
241569,168,159,50,13
241570,168,159,51,13
241571,168,159,52,8
241572,168,159,53,8
241573,168,159,54,13
241574,168,159,55,13
241575,168,159,56,15
241576,168,159,57,15
241577,168,159,58,15
241578,168,159,59,15
241579,168,159,60,15
241580,168,159,61,15
241581,168,159,62,15
241582,168,159,63,13
241583,168,159,64,13
241584,168,159,65,13
241585,168,159,66,15
241586,168,159,67,15
241587,168,159,68,15
241588,168,159,69,15
241589,168,159,70,15
241590,168,160,36,11
241591,168,160,37,11
241592,168,160,38,11
241593,168,160,39,13
241594,168,160,40,13
241595,168,160,41,13
241596,168,160,42,3
241597,168,160,44,3
241598,168,160,45,13
241599,168,160,46,13
241600,168,160,47,13
241601,168,160,48,13
241602,168,160,49,13
241603,168,160,50,13
241604,168,160,51,13
241605,168,160,52,13
241606,168,160,53,13
241607,168,160,54,13
241608,168,160,55,13
241609,168,160,56,15
241610,168,160,57,15
241611,168,160,58,15
241612,168,160,59,15
241613,168,160,60,15
241614,168,160,61,15
241615,168,160,62,13
241616,168,160,63,13
241617,168,160,64,13
241618,168,160,65,13
241619,168,160,66,13
241620,168,160,67,15
241621,168,160,68,15
241622,168,160,69,15
241623,168,161,36,11
241624,168,161,37,11
241625,168,161,38,11
241626,168,161,39,11
241627,168,161,40,13
241628,168,161,45,11
241629,168,161,46,13
241630,168,161,47,13
241631,168,161,48,13
241632,168,161,49,13
241633,168,161,50,13
241634,168,161,51,13
241635,168,161,52,13
241636,168,161,53,13
241637,168,161,54,13
241638,168,161,55,13
241639,168,161,56,13
241640,168,161,57,15
241641,168,161,58,15
241642,168,161,59,15
241643,168,161,60,15
241644,168,161,61,13
241645,168,161,62,13
241646,168,161,63,13
241647,168,161,64,13
241648,168,161,65,13
241649,168,161,66,15
241650,168,161,67,15
241651,168,161,68,15
241652,168,161,69,15
241653,168,162,37,11
241654,168,162,38,11
241655,168,162,39,11
241656,168,162,46,3
241657,168,162,47,13
241658,168,162,48,13
241659,168,162,49,13
241660,168,162,50,13
241661,168,162,51,13
241662,168,162,52,13
241663,168,162,53,13
241664,168,162,54,13
241665,168,162,55,13
241666,168,162,56,13
241667,168,162,57,13
241668,168,162,58,13
241669,168,162,59,13
241670,168,162,60,13
241671,168,162,61,13
241672,168,162,62,13
241673,168,162,63,13
241674,168,162,64,13
241675,168,162,65,13
241676,168,162,66,13
241677,168,162,67,15
241678,168,162,68,15
241679,168,162,69,15
241680,168,163,37,11
241681,168,163,38,11
241682,168,163,47,13
241683,168,163,48,13
241684,168,163,49,13
241685,168,163,50,13
241686,168,163,51,13
241687,168,163,52,13
241688,168,163,53,13
241689,168,163,54,13
241690,168,163,55,13
241691,168,163,56,13
241692,168,163,57,13
241693,168,163,58,13
241694,168,163,59,13
241695,168,163,60,13
241696,168,163,61,13
241697,168,163,62,13
241698,168,163,63,13
241699,168,163,64,13
241700,168,163,65,13
241701,168,163,66,13
241702,168,163,67,15
241703,168,163,68,15
241704,168,163,69,15
241705,168,164,46,11
241706,168,164,47,13
241707,168,164,48,13
241708,168,164,49,13
241709,168,164,50,13
241710,168,164,51,13
241711,168,164,52,13
241712,168,164,53,13
241713,168,164,54,13
241714,168,164,55,13
241715,168,164,56,13
241716,168,164,57,13
241717,168,164,58,13
241718,168,164,59,13
241719,168,164,60,13
241720,168,164,61,13
241721,168,164,62,13
241722,168,164,63,13
241723,168,164,64,13
241724,168,164,65,13
241725,168,164,66,13
241726,168,164,67,15
241727,168,164,68,15
241728,168,164,69,15
241729,168,164,70,15
241730,168,165,46,13
241731,168,165,47,13
241732,168,165,48,13
241733,168,165,49,13
241734,168,165,50,13
241735,168,165,51,13
241736,168,165,52,13
241737,168,165,53,13
241738,168,165,54,13
241739,168,165,55,13
241740,168,165,56,13
241741,168,165,57,13
241742,168,165,58,13
241743,168,165,59,13
241744,168,165,60,13
241745,168,165,61,13
241746,168,165,62,13
241747,168,165,63,13
241748,168,165,64,13
241749,168,165,65,13
241750,168,165,66,13
241751,168,165,67,13
241752,168,165,68,15
241753,168,165,69,15
241754,168,165,70,15
241755,168,166,45,11
241756,168,166,46,13
241757,168,166,47,13
241758,168,166,48,13
241759,168,166,49,13
241760,168,166,50,13
241761,168,166,51,13
241762,168,166,52,13
241763,168,166,53,13
241764,168,166,54,13
241765,168,166,55,13
241766,168,166,56,13
241767,168,166,57,13
241768,168,166,58,13
241769,168,166,59,13
241770,168,166,60,13
241771,168,166,61,13
241772,168,166,62,13
241773,168,166,63,13
241774,168,166,64,13
241775,168,166,65,13
241776,168,166,66,13
241777,168,166,67,13
241778,168,166,68,15
241779,168,166,69,15
241780,168,167,46,13
241781,168,167,47,13
241782,168,167,48,13
241783,168,167,49,13
241784,168,167,50,13
241785,168,167,51,13
241786,168,167,52,13
241787,168,167,53,13
241788,168,167,54,13
241789,168,167,55,13
241790,168,167,56,13
241791,168,167,57,13
241792,168,167,58,13
241793,168,167,59,13
241794,168,167,60,13
241795,168,167,61,13
241796,168,167,62,13
241797,168,167,63,13
241798,168,167,64,13
241799,168,167,65,13
241800,168,167,66,13
241801,168,167,67,13
241802,168,167,68,15
241803,168,168,47,13
241804,168,168,48,13
241805,168,168,49,13
241806,168,168,50,13
241807,168,168,51,13
241808,168,168,52,13
241809,168,168,53,13
241810,168,168,54,13
241811,168,168,55,13
241812,168,168,56,13
241813,168,168,57,13
241814,168,168,58,13
241815,168,168,59,13
241816,168,168,60,13
241817,168,168,61,13
241818,168,168,62,13
241819,168,168,63,13
241820,168,168,64,13
241821,168,168,65,13
241822,168,168,66,13
241823,168,168,67,15
241824,168,169,49,13
241825,168,169,50,13
241826,168,169,51,13
241827,168,169,52,13
241828,168,169,53,13
241829,168,169,54,13
241830,168,169,55,13
241831,168,169,56,13
241832,168,169,57,13
241833,168,169,58,13
241834,168,169,59,13
241835,168,169,60,13
241836,168,169,61,13
241837,168,169,62,13
241838,168,169,63,13
241839,168,169,64,13
241840,168,169,65,13
241841,168,169,66,13
241842,168,169,67,15
241843,168,170,51,13
241844,168,170,52,13
241845,168,170,53,13
241846,168,170,54,13
241847,168,170,55,13
241848,168,170,56,13
241849,168,170,57,13
241850,168,170,58,13
241851,168,170,59,13
241852,168,170,60,13
241853,168,170,61,13
241854,168,170,62,13
241855,168,170,63,13
241856,168,170,64,13
241857,168,170,65,13
241858,168,170,66,13
241859,168,171,59,13
241860,168,171,60,13
241861,168,171,61,13
241862,168,171,62,13
241863,168,171,63,13
241864,168,171,64,13
241865,168,171,65,13
241866,168,172,60,13
241867,168,172,61,13
241868,168,172,62,13
241869,168,172,63,13
241870,169,119,51,9
241871,169,119,52,9
241872,169,119,53,9
241873,169,119,54,9
241874,169,119,55,16
241875,169,119,56,16
241876,169,119,57,16
241877,169,119,59,16
241878,169,119,60,16
241879,169,120,50,9
241880,169,120,51,9
241881,169,120,52,9
241882,169,120,53,9
241883,169,120,54,9
241884,169,120,55,9
241885,169,120,56,16
241886,169,120,57,16
241887,169,120,58,16
241888,169,120,59,16
241889,169,120,60,16
241890,169,121,49,9
241891,169,121,50,9
241892,169,121,51,9
241893,169,121,52,9
241894,169,121,53,9
241895,169,121,54,9
241896,169,121,55,9
241897,169,121,56,9
241898,169,121,57,9
241899,169,121,58,16
241900,169,121,59,16
241901,169,121,60,16
241902,169,121,61,16
241903,169,121,62,16
241904,169,122,48,9
241905,169,122,49,9
241906,169,122,50,9
241907,169,122,51,9
241908,169,122,52,9
241909,169,122,53,5
241910,169,122,54,5
241911,169,122,55,9
241912,169,122,56,9
241913,169,122,57,9
241914,169,122,58,9
241915,169,122,59,16
241916,169,122,60,16
241917,169,122,61,16
241918,169,122,62,16
241919,169,123,47,11
241920,169,123,48,9
241921,169,123,49,9
241922,169,123,50,9
241923,169,123,51,1
241924,169,123,52,1
241925,169,123,53,5
241926,169,123,54,5
241927,169,123,55,9
241928,169,123,56,9
241929,169,123,57,5
241930,169,123,58,5
241931,169,123,59,5
241932,169,123,60,16
241933,169,123,61,16
241934,169,123,62,16
241935,169,123,63,16
241936,169,124,44,11
241937,169,124,45,11
241938,169,124,46,11
241939,169,124,47,11
241940,169,124,48,9
241941,169,124,49,1
241942,169,124,50,1
241943,169,124,51,1
241944,169,124,52,9
241945,169,124,53,9
241946,169,124,54,9
241947,169,124,55,9
241948,169,124,56,9
241949,169,124,57,5
241950,169,124,58,5
241951,169,124,59,5
241952,169,124,60,5
241953,169,124,61,16
241954,169,124,62,16
241955,169,124,63,16
241956,169,124,64,16
241957,169,125,43,11
241958,169,125,44,11
241959,169,125,45,9
241960,169,125,46,9
241961,169,125,47,1
241962,169,125,48,1
241963,169,125,49,1
241964,169,125,50,1
241965,169,125,51,9
241966,169,125,52,9
241967,169,125,53,9
241968,169,125,54,9
241969,169,125,55,4
241970,169,125,56,4
241971,169,125,57,4
241972,169,125,58,1
241973,169,125,59,5
241974,169,125,60,5
241975,169,125,61,5
241976,169,125,62,16
241977,169,125,63,16
241978,169,125,64,16
241979,169,126,42,11
241980,169,126,43,11
241981,169,126,44,11
241982,169,126,45,9
241983,169,126,46,9
241984,169,126,47,1
241985,169,126,48,1
241986,169,126,49,1
241987,169,126,50,9
241988,169,126,51,1
241989,169,126,52,9
241990,169,126,53,9
241991,169,126,54,9
241992,169,126,55,1
241993,169,126,56,4
241994,169,126,57,4
241995,169,126,58,4
241996,169,126,59,4
241997,169,126,60,5
241998,169,126,61,5
241999,169,126,62,16
242000,169,126,63,16
242001,169,126,64,16
242002,169,126,65,16
242003,169,127,43,11
242004,169,127,44,9
242005,169,127,45,9
242006,169,127,46,9
242007,169,127,47,1
242008,169,127,48,1
242009,169,127,49,1
242010,169,127,50,1
242011,169,127,51,4
242012,169,127,52,1
242013,169,127,53,9
242014,169,127,54,9
242015,169,127,55,1
242016,169,127,56,4
242017,169,127,57,4
242018,169,127,58,4
242019,169,127,59,4
242020,169,127,60,5
242021,169,127,61,5
242022,169,127,62,16
242023,169,127,63,16
242024,169,127,64,16
242025,169,127,65,16
242026,169,128,44,9
242027,169,128,45,9
242028,169,128,46,9
242029,169,128,47,1
242030,169,128,48,1
242031,169,128,49,4
242032,169,128,50,4
242033,169,128,51,4
242034,169,128,52,1
242035,169,128,53,1
242036,169,128,54,1
242037,169,128,55,4
242038,169,128,56,4
242039,169,128,57,4
242040,169,128,58,4
242041,169,128,59,4
242042,169,128,60,4
242043,169,128,61,5
242044,169,128,62,16
242045,169,128,63,16
242046,169,128,64,16
242047,169,129,44,9
242048,169,129,45,9
242049,169,129,46,9
242050,169,129,47,9
242051,169,129,48,9
242052,169,129,49,4
242053,169,129,50,4
242054,169,129,51,4
242055,169,129,52,4
242056,169,129,53,4
242057,169,129,54,4
242058,169,129,55,4
242059,169,129,56,4
242060,169,129,57,4
242061,169,129,58,4
242062,169,129,59,4
242063,169,129,60,5
242064,169,129,61,5
242065,169,129,62,16
242066,169,129,63,16
242067,169,129,64,16
242068,169,130,44,9
242069,169,130,45,9
242070,169,130,46,9
242071,169,130,47,9
242072,169,130,48,9
242073,169,130,49,1
242074,169,130,50,4
242075,169,130,51,4
242076,169,130,52,4
242077,169,130,53,4
242078,169,130,54,4
242079,169,130,55,4
242080,169,130,56,4
242081,169,130,57,4
242082,169,130,58,4
242083,169,130,59,4
242084,169,130,60,5
242085,169,130,61,5
242086,169,130,62,16
242087,169,130,63,16
242088,169,130,64,16
242089,169,131,44,9
242090,169,131,45,9
242091,169,131,46,9
242092,169,131,47,9
242093,169,131,48,9
242094,169,131,49,1
242095,169,131,50,4
242096,169,131,51,4
242097,169,131,52,4
242098,169,131,53,4
242099,169,131,54,4
242100,169,131,55,4
242101,169,131,56,4
242102,169,131,57,4
242103,169,131,58,4
242104,169,131,59,4
242105,169,131,60,5
242106,169,131,61,5
242107,169,131,62,16
242108,169,131,63,16
242109,169,131,64,16
242110,169,131,65,16
242111,169,132,44,9
242112,169,132,45,9
242113,169,132,46,9
242114,169,132,47,9
242115,169,132,48,9
242116,169,132,49,1
242117,169,132,50,4
242118,169,132,51,4
242119,169,132,52,4
242120,169,132,53,4
242121,169,132,54,4
242122,169,132,55,4
242123,169,132,56,4
242124,169,132,57,4
242125,169,132,58,4
242126,169,132,59,4
242127,169,132,60,5
242128,169,132,61,5
242129,169,132,62,16
242130,169,132,63,16
242131,169,132,64,16
242132,169,132,65,16
242133,169,133,44,9
242134,169,133,45,9
242135,169,133,46,9
242136,169,133,47,9
242137,169,133,48,9
242138,169,133,49,1
242139,169,133,50,1
242140,169,133,51,4
242141,169,133,52,4
242142,169,133,53,4
242143,169,133,54,4
242144,169,133,55,4
242145,169,133,56,4
242146,169,133,57,4
242147,169,133,58,4
242148,169,133,59,4
242149,169,133,60,5
242150,169,133,61,5
242151,169,133,62,5
242152,169,133,63,16
242153,169,133,64,16
242154,169,133,65,16
242155,169,133,66,16
242156,169,134,43,11
242157,169,134,44,11
242158,169,134,45,9
242159,169,134,46,9
242160,169,134,47,9
242161,169,134,48,9
242162,169,134,49,1
242163,169,134,50,1
242164,169,134,51,4
242165,169,134,52,4
242166,169,134,53,4
242167,169,134,54,4
242168,169,134,55,1
242169,169,134,56,1
242170,169,134,57,4
242171,169,134,58,4
242172,169,134,59,4
242173,169,134,60,4
242174,169,134,61,5
242175,169,134,62,5
242176,169,134,63,5
242177,169,134,64,16
242178,169,134,65,16
242179,169,134,66,16
242180,169,134,67,16
242181,169,135,43,11
242182,169,135,44,11
242183,169,135,45,11
242184,169,135,46,9
242185,169,135,47,9
242186,169,135,48,9
242187,169,135,49,1
242188,169,135,50,1
242189,169,135,51,1
242190,169,135,52,4
242191,169,135,53,4
242192,169,135,54,8
242193,169,135,55,8
242194,169,135,56,1
242195,169,135,57,1
242196,169,135,58,4
242197,169,135,59,4
242198,169,135,60,4
242199,169,135,61,5
242200,169,135,62,5
242201,169,135,63,5
242202,169,135,64,5
242203,169,135,65,16
242204,169,135,66,16
242205,169,135,67,16
242206,169,135,68,16
242207,169,136,44,11
242208,169,136,45,11
242209,169,136,46,9
242210,169,136,47,9
242211,169,136,48,9
242212,169,136,49,1
242213,169,136,50,1
242214,169,136,51,1
242215,169,136,52,1
242216,169,136,53,8
242217,169,136,54,8
242218,169,136,55,1
242219,169,136,56,1
242220,169,136,57,1
242221,169,136,58,1
242222,169,136,59,4
242223,169,136,60,4
242224,169,136,61,4
242225,169,136,62,5
242226,169,136,63,5
242227,169,136,64,5
242228,169,136,65,5
242229,169,136,66,16
242230,169,136,67,16
242231,169,136,68,16
242232,169,136,69,16
242233,169,137,44,11
242234,169,137,45,11
242235,169,137,46,11
242236,169,137,47,9
242237,169,137,48,9
242238,169,137,49,1
242239,169,137,50,1
242240,169,137,51,8
242241,169,137,52,8
242242,169,137,53,8
242243,169,137,54,8
242244,169,137,55,1
242245,169,137,56,1
242246,169,137,57,1
242247,169,137,58,1
242248,169,137,59,1
242249,169,137,60,4
242250,169,137,61,4
242251,169,137,62,4
242252,169,137,63,5
242253,169,137,64,5
242254,169,137,65,5
242255,169,137,66,5
242256,169,137,67,16
242257,169,137,68,16
242258,169,137,69,16
242259,169,138,45,11
242260,169,138,46,11
242261,169,138,47,9
242262,169,138,48,8
242263,169,138,49,8
242264,169,138,50,8
242265,169,138,51,8
242266,169,138,52,8
242267,169,138,53,8
242268,169,138,54,8
242269,169,138,55,8
242270,169,138,56,8
242271,169,138,57,1
242272,169,138,58,1
242273,169,138,59,1
242274,169,138,60,1
242275,169,138,61,4
242276,169,138,62,4
242277,169,138,63,5
242278,169,138,64,5
242279,169,138,65,5
242280,169,138,66,5
242281,169,138,67,16
242282,169,138,68,16
242283,169,138,69,16
242284,169,138,70,16
242285,169,139,44,11
242286,169,139,45,11
242287,169,139,46,11
242288,169,139,47,9
242289,169,139,48,8
242290,169,139,49,8
242291,169,139,50,8
242292,169,139,51,8
242293,169,139,52,8
242294,169,139,53,8
242295,169,139,54,8
242296,169,139,55,8
242297,169,139,56,8
242298,169,139,57,8
242299,169,139,58,1
242300,169,139,59,1
242301,169,139,60,1
242302,169,139,61,4
242303,169,139,62,4
242304,169,139,63,5
242305,169,139,64,5
242306,169,139,65,5
242307,169,139,66,5
242308,169,139,67,5
242309,169,139,68,16
242310,169,139,69,16
242311,169,139,70,16
242312,169,139,71,16
242313,169,140,43,11
242314,169,140,44,11
242315,169,140,45,11
242316,169,140,46,9
242317,169,140,47,8
242318,169,140,48,8
242319,169,140,49,8
242320,169,140,50,8
242321,169,140,51,8
242322,169,140,52,8
242323,169,140,53,8
242324,169,140,54,8
242325,169,140,55,8
242326,169,140,56,8
242327,169,140,57,8
242328,169,140,58,8
242329,169,140,59,1
242330,169,140,60,1
242331,169,140,61,5
242332,169,140,62,5
242333,169,140,63,4
242334,169,140,64,5
242335,169,140,65,5
242336,169,140,66,5
242337,169,140,67,5
242338,169,140,68,16
242339,169,140,69,16
242340,169,140,70,16
242341,169,140,71,16
242342,169,141,43,11
242343,169,141,44,11
242344,169,141,45,8
242345,169,141,46,8
242346,169,141,47,8
242347,169,141,48,8
242348,169,141,49,8
242349,169,141,50,10
242350,169,141,51,10
242351,169,141,52,10
242352,169,141,53,8
242353,169,141,54,8
242354,169,141,55,8
242355,169,141,56,8
242356,169,141,57,8
242357,169,141,58,8
242358,169,141,59,8
242359,169,141,60,8
242360,169,141,61,5
242361,169,141,62,5
242362,169,141,63,5
242363,169,141,64,5
242364,169,141,65,5
242365,169,141,66,5
242366,169,141,67,5
242367,169,141,68,5
242368,169,141,69,16
242369,169,141,70,16
242370,169,141,71,16
242371,169,142,44,11
242372,169,142,45,8
242373,169,142,46,8
242374,169,142,47,8
242375,169,142,48,8
242376,169,142,49,10
242377,169,142,50,10
242378,169,142,51,10
242379,169,142,52,6
242380,169,142,53,10
242381,169,142,54,10
242382,169,142,55,10
242383,169,142,56,8
242384,169,142,57,8
242385,169,142,58,8
242386,169,142,59,8
242387,169,142,60,8
242388,169,142,61,5
242389,169,142,62,5
242390,169,142,63,5
242391,169,142,64,5
242392,169,142,65,5
242393,169,142,66,5
242394,169,142,67,5
242395,169,142,68,5
242396,169,142,69,16
242397,169,142,70,16
242398,169,142,71,16
242399,169,143,42,11
242400,169,143,43,11
242401,169,143,44,8
242402,169,143,45,8
242403,169,143,46,8
242404,169,143,47,8
242405,169,143,48,1
242406,169,143,49,6
242407,169,143,50,10
242408,169,143,51,6
242409,169,143,52,6
242410,169,143,53,6
242411,169,143,54,6
242412,169,143,55,10
242413,169,143,56,10
242414,169,143,57,8
242415,169,143,58,8
242416,169,143,59,8
242417,169,143,60,8
242418,169,143,61,5
242419,169,143,62,5
242420,169,143,63,5
242421,169,143,64,5
242422,169,143,65,5
242423,169,143,66,5
242424,169,143,67,5
242425,169,143,68,5
242426,169,143,69,15
242427,169,143,70,16
242428,169,143,71,16
242429,169,143,72,16
242430,169,144,42,11
242431,169,144,43,9
242432,169,144,44,8
242433,169,144,45,8
242434,169,144,46,8
242435,169,144,47,6
242436,169,144,48,6
242437,169,144,49,6
242438,169,144,50,6
242439,169,144,51,6
242440,169,144,52,6
242441,169,144,53,6
242442,169,144,54,6
242443,169,144,55,6
242444,169,144,56,6
242445,169,144,57,10
242446,169,144,58,8
242447,169,144,59,8
242448,169,144,60,8
242449,169,144,61,5
242450,169,144,62,5
242451,169,144,63,5
242452,169,144,64,5
242453,169,144,65,5
242454,169,144,66,5
242455,169,144,67,5
242456,169,144,68,5
242457,169,144,69,5
242458,169,144,70,15
242459,169,144,71,15
242460,169,144,72,16
242461,169,145,42,9
242462,169,145,43,8
242463,169,145,44,8
242464,169,145,45,8
242465,169,145,46,8
242466,169,145,47,6
242467,169,145,48,6
242468,169,145,49,6
242469,169,145,50,6
242470,169,145,51,6
242471,169,145,52,7
242472,169,145,53,7
242473,169,145,54,6
242474,169,145,55,6
242475,169,145,56,6
242476,169,145,57,6
242477,169,145,58,3
242478,169,145,59,8
242479,169,145,60,8
242480,169,145,61,8
242481,169,145,62,8
242482,169,145,63,5
242483,169,145,64,5
242484,169,145,65,5
242485,169,145,66,5
242486,169,145,67,5
242487,169,145,68,5
242488,169,145,69,5
242489,169,145,70,15
242490,169,145,71,15
242491,169,146,41,9
242492,169,146,42,9
242493,169,146,43,8
242494,169,146,44,8
242495,169,146,45,8
242496,169,146,46,8
242497,169,146,47,6
242498,169,146,48,6
242499,169,146,49,6
242500,169,146,50,6
242501,169,146,51,7
242502,169,146,52,7
242503,169,146,53,7
242504,169,146,54,6
242505,169,146,55,6
242506,169,146,56,6
242507,169,146,57,6
242508,169,146,58,3
242509,169,146,59,8
242510,169,146,60,8
242511,169,146,61,8
242512,169,146,62,8
242513,169,146,63,8
242514,169,146,64,5
242515,169,146,65,5
242516,169,146,66,5
242517,169,146,67,5
242518,169,146,68,5
242519,169,146,69,15
242520,169,146,70,15
242521,169,147,41,11
242522,169,147,42,8
242523,169,147,43,8
242524,169,147,44,8
242525,169,147,45,8
242526,169,147,46,10
242527,169,147,47,6
242528,169,147,48,6
242529,169,147,49,6
242530,169,147,50,7
242531,169,147,51,7
242532,169,147,52,7
242533,169,147,53,7
242534,169,147,54,7
242535,169,147,55,6
242536,169,147,56,6
242537,169,147,57,6
242538,169,147,58,13
242539,169,147,59,8
242540,169,147,60,8
242541,169,147,61,8
242542,169,147,62,8
242543,169,147,63,8
242544,169,147,64,5
242545,169,147,65,5
242546,169,147,66,5
242547,169,147,67,15
242548,169,147,68,15
242549,169,147,69,15
242550,169,148,42,8
242551,169,148,43,8
242552,169,148,44,8
242553,169,148,45,8
242554,169,148,46,10
242555,169,148,47,6
242556,169,148,48,6
242557,169,148,49,6
242558,169,148,50,7
242559,169,148,51,7
242560,169,148,52,7
242561,169,148,53,7
242562,169,148,54,7
242563,169,148,55,6
242564,169,148,56,6
242565,169,148,57,6
242566,169,148,58,10
242567,169,148,59,8
242568,169,148,60,8
242569,169,148,61,8
242570,169,148,62,8
242571,169,148,63,8
242572,169,148,64,5
242573,169,148,65,5
242574,169,148,66,15
242575,169,148,67,15
242576,169,148,68,15
242577,169,148,69,15
242578,169,149,42,8
242579,169,149,43,8
242580,169,149,44,8
242581,169,149,45,8
242582,169,149,46,8
242583,169,149,47,10
242584,169,149,48,6
242585,169,149,49,6
242586,169,149,50,7
242587,169,149,51,7
242588,169,149,52,7
242589,169,149,53,7
242590,169,149,54,7
242591,169,149,55,7
242592,169,149,56,6
242593,169,149,57,6
242594,169,149,58,10
242595,169,149,59,8
242596,169,149,60,8
242597,169,149,61,8
242598,169,149,62,8
242599,169,149,63,5
242600,169,149,64,5
242601,169,149,65,15
242602,169,149,66,15
242603,169,149,67,15
242604,169,149,68,15
242605,169,149,69,15
242606,169,150,40,11
242607,169,150,41,11
242608,169,150,42,8
242609,169,150,43,8
242610,169,150,44,8
242611,169,150,45,8
242612,169,150,46,8
242613,169,150,47,10
242614,169,150,48,6
242615,169,150,49,6
242616,169,150,50,7
242617,169,150,51,7
242618,169,150,52,7
242619,169,150,53,7
242620,169,150,54,7
242621,169,150,55,7
242622,169,150,56,6
242623,169,150,57,6
242624,169,150,58,10
242625,169,150,59,8
242626,169,150,60,8
242627,169,150,61,8
242628,169,150,62,8
242629,169,150,63,5
242630,169,150,64,5
242631,169,150,65,5
242632,169,150,66,15
242633,169,150,67,15
242634,169,150,68,15
242635,169,151,39,11
242636,169,151,40,11
242637,169,151,41,8
242638,169,151,42,8
242639,169,151,43,8
242640,169,151,44,8
242641,169,151,45,8
242642,169,151,46,8
242643,169,151,47,10
242644,169,151,48,6
242645,169,151,49,6
242646,169,151,50,7
242647,169,151,51,7
242648,169,151,52,7
242649,169,151,53,7
242650,169,151,54,7
242651,169,151,55,7
242652,169,151,56,6
242653,169,151,57,6
242654,169,151,58,10
242655,169,151,59,10
242656,169,151,60,8
242657,169,151,61,8
242658,169,151,62,8
242659,169,151,63,5
242660,169,151,64,5
242661,169,151,65,15
242662,169,151,66,15
242663,169,151,67,15
242664,169,151,68,15
242665,169,152,37,11
242666,169,152,38,11
242667,169,152,39,11
242668,169,152,40,1
242669,169,152,41,1
242670,169,152,42,8
242671,169,152,43,8
242672,169,152,44,8
242673,169,152,45,8
242674,169,152,46,8
242675,169,152,47,10
242676,169,152,48,10
242677,169,152,49,6
242678,169,152,50,6
242679,169,152,51,7
242680,169,152,52,7
242681,169,152,53,7
242682,169,152,54,7
242683,169,152,55,7
242684,169,152,56,10
242685,169,152,57,10
242686,169,152,58,10
242687,169,152,59,8
242688,169,152,60,8
242689,169,152,61,8
242690,169,152,62,8
242691,169,152,63,5
242692,169,152,64,15
242693,169,152,65,15
242694,169,152,66,15
242695,169,152,67,15
242696,169,152,68,15
242697,169,152,69,15
242698,169,153,36,11
242699,169,153,37,11
242700,169,153,38,11
242701,169,153,39,13
242702,169,153,40,13
242703,169,153,41,1
242704,169,153,42,1
242705,169,153,43,1
242706,169,153,44,8
242707,169,153,45,8
242708,169,153,46,8
242709,169,153,47,10
242710,169,153,48,10
242711,169,153,49,6
242712,169,153,50,6
242713,169,153,51,6
242714,169,153,52,7
242715,169,153,53,7
242716,169,153,54,7
242717,169,153,55,6
242718,169,153,56,10
242719,169,153,57,10
242720,169,153,58,10
242721,169,153,59,8
242722,169,153,60,8
242723,169,153,61,8
242724,169,153,62,8
242725,169,153,63,15
242726,169,153,64,15
242727,169,153,65,15
242728,169,153,66,15
242729,169,153,67,15
242730,169,153,68,15
242731,169,153,69,15
242732,169,153,70,15
242733,169,153,71,15
242734,169,154,35,11
242735,169,154,36,11
242736,169,154,37,11
242737,169,154,38,11
242738,169,154,39,13
242739,169,154,40,13
242740,169,154,41,13
242741,169,154,42,1
242742,169,154,43,1
242743,169,154,44,8
242744,169,154,45,8
242745,169,154,46,8
242746,169,154,47,10
242747,169,154,48,10
242748,169,154,49,10
242749,169,154,50,6
242750,169,154,51,6
242751,169,154,52,6
242752,169,154,53,6
242753,169,154,54,6
242754,169,154,55,6
242755,169,154,56,10
242756,169,154,57,10
242757,169,154,58,10
242758,169,154,59,8
242759,169,154,60,8
242760,169,154,61,8
242761,169,154,62,8
242762,169,154,63,15
242763,169,154,64,15
242764,169,154,65,15
242765,169,154,66,15
242766,169,154,67,15
242767,169,154,68,15
242768,169,154,69,15
242769,169,154,70,15
242770,169,154,71,15
242771,169,155,36,11
242772,169,155,37,11
242773,169,155,38,13
242774,169,155,39,13
242775,169,155,40,13
242776,169,155,41,13
242777,169,155,42,13
242778,169,155,43,1
242779,169,155,44,1
242780,169,155,45,8
242781,169,155,46,8
242782,169,155,47,8
242783,169,155,48,10
242784,169,155,49,10
242785,169,155,50,6
242786,169,155,51,6
242787,169,155,52,6
242788,169,155,53,6
242789,169,155,54,6
242790,169,155,55,10
242791,169,155,56,10
242792,169,155,57,10
242793,169,155,58,8
242794,169,155,59,8
242795,169,155,60,8
242796,169,155,61,15
242797,169,155,62,15
242798,169,155,63,15
242799,169,155,64,15
242800,169,155,65,15
242801,169,155,66,15
242802,169,155,67,15
242803,169,155,68,15
242804,169,155,69,15
242805,169,155,70,15
242806,169,155,71,15
242807,169,155,72,15
242808,169,156,37,11
242809,169,156,38,13
242810,169,156,39,13
242811,169,156,40,13
242812,169,156,41,13
242813,169,156,42,13
242814,169,156,43,13
242815,169,156,44,13
242816,169,156,45,8
242817,169,156,46,8
242818,169,156,47,8
242819,169,156,48,8
242820,169,156,49,10
242821,169,156,50,10
242822,169,156,51,10
242823,169,156,52,6
242824,169,156,53,6
242825,169,156,54,10
242826,169,156,55,10
242827,169,156,56,10
242828,169,156,57,8
242829,169,156,58,8
242830,169,156,59,8
242831,169,156,60,15
242832,169,156,61,15
242833,169,156,62,15
242834,169,156,63,15
242835,169,156,64,15
242836,169,156,65,15
242837,169,156,66,15
242838,169,156,67,15
242839,169,156,68,15
242840,169,156,69,15
242841,169,156,70,15
242842,169,156,71,15
242843,169,157,37,11
242844,169,157,38,13
242845,169,157,39,13
242846,169,157,40,13
242847,169,157,41,13
242848,169,157,42,13
242849,169,157,43,13
242850,169,157,44,13
242851,169,157,45,1
242852,169,157,46,1
242853,169,157,47,8
242854,169,157,48,8
242855,169,157,49,8
242856,169,157,50,10
242857,169,157,51,10
242858,169,157,52,8
242859,169,157,53,10
242860,169,157,54,8
242861,169,157,55,8
242862,169,157,56,8
242863,169,157,57,8
242864,169,157,58,8
242865,169,157,59,15
242866,169,157,60,15
242867,169,157,61,15
242868,169,157,62,15
242869,169,157,63,15
242870,169,157,64,15
242871,169,157,65,15
242872,169,157,66,15
242873,169,157,67,15
242874,169,157,68,15
242875,169,157,69,15
242876,169,157,70,15
242877,169,157,71,15
242878,169,158,36,11
242879,169,158,39,13
242880,169,158,40,13
242881,169,158,41,13
242882,169,158,42,13
242883,169,158,43,13
242884,169,158,44,13
242885,169,158,45,13
242886,169,158,46,13
242887,169,158,47,10
242888,169,158,48,13
242889,169,158,49,1
242890,169,158,50,8
242891,169,158,51,8
242892,169,158,52,8
242893,169,158,53,8
242894,169,158,54,8
242895,169,158,55,8
242896,169,158,56,8
242897,169,158,57,15
242898,169,158,58,15
242899,169,158,59,15
242900,169,158,60,15
242901,169,158,61,15
242902,169,158,62,15
242903,169,158,63,13
242904,169,158,64,13
242905,169,158,65,15
242906,169,158,66,15
242907,169,158,67,15
242908,169,158,68,15
242909,169,158,69,15
242910,169,158,70,15
242911,169,159,38,13
242912,169,159,39,13
242913,169,159,40,13
242914,169,159,41,13
242915,169,159,42,13
242916,169,159,43,13
242917,169,159,44,13
242918,169,159,45,13
242919,169,159,46,13
242920,169,159,47,13
242921,169,159,48,13
242922,169,159,49,13
242923,169,159,50,13
242924,169,159,51,13
242925,169,159,52,13
242926,169,159,53,13
242927,169,159,54,13
242928,169,159,55,13
242929,169,159,56,15
242930,169,159,57,15
242931,169,159,58,15
242932,169,159,59,15
242933,169,159,60,15
242934,169,159,61,15
242935,169,159,62,13
242936,169,159,63,13
242937,169,159,64,13
242938,169,159,65,13
242939,169,159,66,15
242940,169,159,67,15
242941,169,159,68,15
242942,169,159,69,15
242943,169,159,70,15
242944,169,160,39,13
242945,169,160,40,13
242946,169,160,41,13
242947,169,160,42,13
242948,169,160,43,13
242949,169,160,44,13
242950,169,160,45,13
242951,169,160,46,13
242952,169,160,47,13
242953,169,160,48,13
242954,169,160,49,13
242955,169,160,50,13
242956,169,160,51,13
242957,169,160,52,13
242958,169,160,53,13
242959,169,160,54,13
242960,169,160,55,13
242961,169,160,56,13
242962,169,160,57,15
242963,169,160,58,15
242964,169,160,59,15
242965,169,160,60,15
242966,169,160,61,13
242967,169,160,62,13
242968,169,160,63,13
242969,169,160,64,13
242970,169,160,65,13
242971,169,160,66,15
242972,169,160,67,15
242973,169,160,68,15
242974,169,160,69,15
242975,169,161,40,13
242976,169,161,41,13
242977,169,161,42,13
242978,169,161,43,13
242979,169,161,44,13
242980,169,161,45,13
242981,169,161,46,13
242982,169,161,47,13
242983,169,161,48,13
242984,169,161,49,13
242985,169,161,50,13
242986,169,161,51,13
242987,169,161,52,13
242988,169,161,53,13
242989,169,161,54,13
242990,169,161,55,13
242991,169,161,56,13
242992,169,161,57,13
242993,169,161,58,13
242994,169,161,59,13
242995,169,161,60,13
242996,169,161,61,13
242997,169,161,62,13
242998,169,161,63,13
242999,169,161,64,13
243000,169,161,65,13
243001,169,161,66,15
243002,169,161,67,15
243003,169,161,68,15
243004,169,161,69,15
243005,169,162,43,13
243006,169,162,44,11
243007,169,162,45,13
243008,169,162,46,13
243009,169,162,47,13
243010,169,162,48,13
243011,169,162,49,13
243012,169,162,50,13
243013,169,162,51,13
243014,169,162,52,13
243015,169,162,53,13
243016,169,162,54,13
243017,169,162,55,13
243018,169,162,56,13
243019,169,162,57,13
243020,169,162,58,13
243021,169,162,59,13
243022,169,162,60,13
243023,169,162,61,13
243024,169,162,62,13
243025,169,162,63,13
243026,169,162,64,13
243027,169,162,65,13
243028,169,162,66,13
243029,169,162,67,15
243030,169,162,68,15
243031,169,162,69,15
243032,169,163,44,11
243033,169,163,45,11
243034,169,163,46,13
243035,169,163,47,13
243036,169,163,48,13
243037,169,163,49,13
243038,169,163,50,13
243039,169,163,51,13
243040,169,163,52,13
243041,169,163,53,13
243042,169,163,54,13
243043,169,163,55,13
243044,169,163,56,13
243045,169,163,57,13
243046,169,163,58,13
243047,169,163,59,13
243048,169,163,60,13
243049,169,163,61,13
243050,169,163,62,13
243051,169,163,63,13
243052,169,163,64,13
243053,169,163,65,13
243054,169,163,66,13
243055,169,163,67,15
243056,169,163,68,15
243057,169,163,69,15
243058,169,164,45,11
243059,169,164,46,13
243060,169,164,47,13
243061,169,164,48,13
243062,169,164,49,13
243063,169,164,50,13
243064,169,164,51,13
243065,169,164,52,13
243066,169,164,53,13
243067,169,164,54,13
243068,169,164,55,13
243069,169,164,56,13
243070,169,164,57,13
243071,169,164,58,13
243072,169,164,59,13
243073,169,164,60,13
243074,169,164,61,13
243075,169,164,62,13
243076,169,164,63,13
243077,169,164,64,13
243078,169,164,65,13
243079,169,164,66,13
243080,169,164,67,15
243081,169,164,68,15
243082,169,164,69,15
243083,169,165,45,13
243084,169,165,46,13
243085,169,165,47,13
243086,169,165,48,13
243087,169,165,49,13
243088,169,165,50,13
243089,169,165,51,13
243090,169,165,52,13
243091,169,165,53,13
243092,169,165,54,13
243093,169,165,55,13
243094,169,165,56,13
243095,169,165,57,13
243096,169,165,58,13
243097,169,165,59,13
243098,169,165,60,13
243099,169,165,61,13
243100,169,165,62,13
243101,169,165,63,13
243102,169,165,64,13
243103,169,165,65,13
243104,169,165,66,13
243105,169,165,67,15
243106,169,165,68,15
243107,169,166,45,13
243108,169,166,46,13
243109,169,166,47,13
243110,169,166,48,13
243111,169,166,49,13
243112,169,166,50,13
243113,169,166,51,13
243114,169,166,52,13
243115,169,166,53,13
243116,169,166,54,13
243117,169,166,55,13
243118,169,166,56,13
243119,169,166,57,13
243120,169,166,58,13
243121,169,166,59,13
243122,169,166,60,13
243123,169,166,61,13
243124,169,166,62,13
243125,169,166,63,13
243126,169,166,64,13
243127,169,166,65,13
243128,169,166,66,13
243129,169,166,67,13
243130,169,166,68,15
243131,169,167,45,13
243132,169,167,46,13
243133,169,167,47,13
243134,169,167,48,13
243135,169,167,49,13
243136,169,167,50,13
243137,169,167,51,13
243138,169,167,52,13
243139,169,167,53,13
243140,169,167,54,13
243141,169,167,55,13
243142,169,167,56,13
243143,169,167,57,13
243144,169,167,58,13
243145,169,167,59,13
243146,169,167,60,13
243147,169,167,61,13
243148,169,167,62,13
243149,169,167,63,13
243150,169,167,64,13
243151,169,167,65,13
243152,169,167,66,13
243153,169,167,67,13
243154,169,167,68,15
243155,169,168,47,13
243156,169,168,48,13
243157,169,168,49,13
243158,169,168,50,13
243159,169,168,51,13
243160,169,168,52,13
243161,169,168,53,13
243162,169,168,54,13
243163,169,168,55,13
243164,169,168,56,13
243165,169,168,57,13
243166,169,168,58,13
243167,169,168,59,13
243168,169,168,60,13
243169,169,168,61,13
243170,169,168,62,13
243171,169,168,63,13
243172,169,168,64,13
243173,169,168,65,13
243174,169,168,66,13
243175,169,168,67,15
243176,169,168,68,15
243177,169,169,47,13
243178,169,169,48,13
243179,169,169,49,13
243180,169,169,50,13
243181,169,169,51,13
243182,169,169,52,13
243183,169,169,53,13
243184,169,169,54,13
243185,169,169,55,13
243186,169,169,56,13
243187,169,169,57,13
243188,169,169,58,13
243189,169,169,59,13
243190,169,169,60,13
243191,169,169,61,13
243192,169,169,62,13
243193,169,169,63,13
243194,169,169,64,13
243195,169,169,65,13
243196,169,169,66,13
243197,169,169,67,15
243198,169,170,49,13
243199,169,170,50,13
243200,169,170,51,13
243201,169,170,59,13
243202,169,170,60,13
243203,169,170,61,13
243204,169,170,62,13
243205,169,170,63,13
243206,169,170,64,13
243207,169,170,65,13
243208,169,170,66,13
243209,169,171,60,13
243210,169,171,61,13
243211,169,171,62,13
243212,169,171,63,13
243213,169,171,64,13
243214,169,171,65,13
243215,169,172,60,13
243216,169,172,61,13
243217,169,172,62,13
243218,169,172,63,13
243219,169,172,64,13
243220,170,119,54,16
243221,170,119,56,16
243222,170,120,51,9
243223,170,120,52,9
243224,170,120,53,9
243225,170,120,54,9
243226,170,120,55,16
243227,170,120,56,16
243228,170,120,57,16
243229,170,120,58,16
243230,170,121,49,11
243231,170,121,50,9
243232,170,121,51,9
243233,170,121,52,9
243234,170,121,53,9
243235,170,121,54,9
243236,170,121,55,9
243237,170,121,56,16
243238,170,121,57,16
243239,170,121,58,16
243240,170,121,59,16
243241,170,121,60,16
243242,170,121,61,16
243243,170,121,62,16
243244,170,122,48,11
243245,170,122,49,11
243246,170,122,50,9
243247,170,122,51,9
243248,170,122,52,9
243249,170,122,53,9
243250,170,122,54,9
243251,170,122,55,9
243252,170,122,56,9
243253,170,122,57,9
243254,170,122,58,16
243255,170,122,59,16
243256,170,122,60,16
243257,170,122,61,16
243258,170,122,62,16
243259,170,122,63,16
243260,170,123,45,11
243261,170,123,46,11
243262,170,123,47,11
243263,170,123,48,11
243264,170,123,49,11
243265,170,123,50,9
243266,170,123,51,9
243267,170,123,52,1
243268,170,123,53,9
243269,170,123,54,9
243270,170,123,55,5
243271,170,123,56,5
243272,170,123,57,5
243273,170,123,58,9
243274,170,123,59,16
243275,170,123,60,16
243276,170,123,61,16
243277,170,123,62,16
243278,170,123,63,16
243279,170,124,43,11
243280,170,124,44,11
243281,170,124,45,11
243282,170,124,46,11
243283,170,124,47,11
243284,170,124,48,11
243285,170,124,49,9
243286,170,124,50,9
243287,170,124,51,1
243288,170,124,52,1
243289,170,124,53,9
243290,170,124,54,9
243291,170,124,55,5
243292,170,124,56,5
243293,170,124,57,5
243294,170,124,58,5
243295,170,124,59,5
243296,170,124,60,5
243297,170,124,61,16
243298,170,124,62,16
243299,170,124,63,16
243300,170,124,64,16
243301,170,125,43,11
243302,170,125,44,11
243303,170,125,45,11
243304,170,125,46,11
243305,170,125,47,11
243306,170,125,48,9
243307,170,125,49,9
243308,170,125,50,1
243309,170,125,51,1
243310,170,125,52,9
243311,170,125,53,9
243312,170,125,54,9
243313,170,125,55,5
243314,170,125,56,5
243315,170,125,57,5
243316,170,125,58,1
243317,170,125,59,5
243318,170,125,60,5
243319,170,125,61,5
243320,170,125,62,16
243321,170,125,63,16
243322,170,125,64,16
243323,170,126,43,11
243324,170,126,44,11
243325,170,126,45,11
243326,170,126,46,5
243327,170,126,47,5
243328,170,126,48,1
243329,170,126,49,1
243330,170,126,50,1
243331,170,126,51,1
243332,170,126,52,9
243333,170,126,53,9
243334,170,126,54,9
243335,170,126,55,1
243336,170,126,56,1
243337,170,126,57,1
243338,170,126,58,4
243339,170,126,59,1
243340,170,126,60,5
243341,170,126,61,5
243342,170,126,62,16
243343,170,126,63,16
243344,170,126,64,16
243345,170,127,43,11
243346,170,127,44,11
243347,170,127,45,9
243348,170,127,46,9
243349,170,127,47,1
243350,170,127,48,1
243351,170,127,49,1
243352,170,127,50,1
243353,170,127,51,1
243354,170,127,52,1
243355,170,127,53,9
243356,170,127,54,9
243357,170,127,55,1
243358,170,127,56,1
243359,170,127,57,1
243360,170,127,58,1
243361,170,127,59,1
243362,170,127,60,5
243363,170,127,61,5
243364,170,127,62,16
243365,170,127,63,16
243366,170,127,64,16
243367,170,127,65,16
243368,170,128,43,11
243369,170,128,44,9
243370,170,128,45,9
243371,170,128,46,9
243372,170,128,47,1
243373,170,128,48,1
243374,170,128,49,1
243375,170,128,50,4
243376,170,128,51,1
243377,170,128,52,1
243378,170,128,53,1
243379,170,128,54,1
243380,170,128,55,1
243381,170,128,56,1
243382,170,128,57,4
243383,170,128,58,4
243384,170,128,59,4
243385,170,128,60,5
243386,170,128,61,5
243387,170,128,62,16
243388,170,128,63,16
243389,170,128,64,16
243390,170,129,43,11
243391,170,129,44,9
243392,170,129,45,9
243393,170,129,46,9
243394,170,129,47,1
243395,170,129,48,1
243396,170,129,49,1
243397,170,129,50,4
243398,170,129,51,4
243399,170,129,52,1
243400,170,129,53,1
243401,170,129,54,1
243402,170,129,55,1
243403,170,129,56,4
243404,170,129,57,4
243405,170,129,58,4
243406,170,129,59,4
243407,170,129,60,5
243408,170,129,61,5
243409,170,129,62,16
243410,170,129,63,16
243411,170,130,44,9
243412,170,130,45,9
243413,170,130,46,1
243414,170,130,47,1
243415,170,130,48,1
243416,170,130,49,1
243417,170,130,50,4
243418,170,130,51,4
243419,170,130,52,4
243420,170,130,53,1
243421,170,130,54,4
243422,170,130,55,4
243423,170,130,56,4
243424,170,130,57,4
243425,170,130,58,4
243426,170,130,59,5
243427,170,130,60,5
243428,170,130,61,5
243429,170,130,62,16
243430,170,130,63,16
243431,170,131,44,9
243432,170,131,45,9
243433,170,131,46,9
243434,170,131,47,9
243435,170,131,48,1
243436,170,131,49,1
243437,170,131,50,4
243438,170,131,51,4
243439,170,131,52,4
243440,170,131,53,4
243441,170,131,54,4
243442,170,131,55,4
243443,170,131,56,4
243444,170,131,57,4
243445,170,131,58,4
243446,170,131,59,5
243447,170,131,60,5
243448,170,131,61,5
243449,170,131,62,16
243450,170,131,63,16
243451,170,131,64,16
243452,170,131,65,16
243453,170,132,44,9
243454,170,132,45,9
243455,170,132,46,9
243456,170,132,47,9
243457,170,132,48,1
243458,170,132,49,4
243459,170,132,50,4
243460,170,132,51,4
243461,170,132,52,4
243462,170,132,53,4
243463,170,132,54,4
243464,170,132,55,4
243465,170,132,56,4
243466,170,132,57,5
243467,170,132,58,4
243468,170,132,59,4
243469,170,132,60,5
243470,170,132,61,5
243471,170,132,62,16
243472,170,132,63,16
243473,170,132,64,16
243474,170,132,65,16
243475,170,132,66,16
243476,170,133,44,11
243477,170,133,45,9
243478,170,133,46,9
243479,170,133,47,9
243480,170,133,48,1
243481,170,133,49,1
243482,170,133,50,4
243483,170,133,51,4
243484,170,133,52,4
243485,170,133,53,4
243486,170,133,54,4
243487,170,133,55,4
243488,170,133,56,5
243489,170,133,57,5
243490,170,133,58,4
243491,170,133,59,4
243492,170,133,60,5
243493,170,133,61,5
243494,170,133,62,5
243495,170,133,63,16
243496,170,133,64,16
243497,170,133,65,16
243498,170,134,43,11
243499,170,134,44,11
243500,170,134,45,9
243501,170,134,46,9
243502,170,134,47,9
243503,170,134,48,1
243504,170,134,49,1
243505,170,134,50,4
243506,170,134,51,4
243507,170,134,52,4
243508,170,134,53,4
243509,170,134,54,4
243510,170,134,55,4
243511,170,134,56,1
243512,170,134,57,5
243513,170,134,58,4
243514,170,134,59,4
243515,170,134,60,4
243516,170,134,61,5
243517,170,134,62,5
243518,170,134,63,5
243519,170,134,64,16
243520,170,134,65,16
243521,170,134,67,16
243522,170,134,68,16
243523,170,135,43,11
243524,170,135,44,11
243525,170,135,45,11
243526,170,135,46,9
243527,170,135,47,9
243528,170,135,48,1
243529,170,135,49,1
243530,170,135,50,4
243531,170,135,51,4
243532,170,135,52,4
243533,170,135,53,1
243534,170,135,54,1
243535,170,135,55,1
243536,170,135,56,1
243537,170,135,57,1
243538,170,135,58,1
243539,170,135,59,1
243540,170,135,60,1
243541,170,135,61,5
243542,170,135,62,5
243543,170,135,63,5
243544,170,135,64,5
243545,170,135,65,16
243546,170,135,66,16
243547,170,135,67,16
243548,170,135,68,16
243549,170,136,44,11
243550,170,136,45,11
243551,170,136,46,9
243552,170,136,47,9
243553,170,136,48,1
243554,170,136,49,1
243555,170,136,50,4
243556,170,136,51,4
243557,170,136,52,1
243558,170,136,53,8
243559,170,136,54,8
243560,170,136,55,1
243561,170,136,56,4
243562,170,136,57,1
243563,170,136,58,1
243564,170,136,59,1
243565,170,136,60,1
243566,170,136,61,4
243567,170,136,62,5
243568,170,136,63,5
243569,170,136,64,5
243570,170,136,65,5
243571,170,136,66,16
243572,170,136,67,16
243573,170,136,68,16
243574,170,136,69,16
243575,170,137,44,11
243576,170,137,45,11
243577,170,137,46,9
243578,170,137,47,1
243579,170,137,48,1
243580,170,137,49,1
243581,170,137,50,1
243582,170,137,51,1
243583,170,137,52,1
243584,170,137,53,8
243585,170,137,54,8
243586,170,137,55,1
243587,170,137,56,1
243588,170,137,57,1
243589,170,137,58,1
243590,170,137,59,1
243591,170,137,60,1
243592,170,137,61,4
243593,170,137,62,5
243594,170,137,63,5
243595,170,137,64,5
243596,170,137,65,5
243597,170,137,66,5
243598,170,137,67,16
243599,170,137,68,16
243600,170,137,69,16
243601,170,138,44,11
243602,170,138,45,11
243603,170,138,46,9
243604,170,138,47,9
243605,170,138,48,1
243606,170,138,49,1
243607,170,138,50,1
243608,170,138,51,1
243609,170,138,52,8
243610,170,138,53,8
243611,170,138,54,1
243612,170,138,55,1
243613,170,138,56,1
243614,170,138,57,1
243615,170,138,58,1
243616,170,138,59,1
243617,170,138,60,1
243618,170,138,61,4
243619,170,138,62,4
243620,170,138,63,5
243621,170,138,64,5
243622,170,138,65,5
243623,170,138,66,5
243624,170,138,67,16
243625,170,138,68,16
243626,170,138,69,16
243627,170,139,43,11
243628,170,139,44,11
243629,170,139,45,11
243630,170,139,46,9
243631,170,139,47,9
243632,170,139,48,8
243633,170,139,49,8
243634,170,139,50,8
243635,170,139,51,8
243636,170,139,52,8
243637,170,139,53,8
243638,170,139,54,1
243639,170,139,55,1
243640,170,139,56,1
243641,170,139,57,1
243642,170,139,58,1
243643,170,139,59,1
243644,170,139,60,1
243645,170,139,61,1
243646,170,139,62,5
243647,170,139,63,5
243648,170,139,64,5
243649,170,139,65,5
243650,170,139,66,5
243651,170,139,67,5
243652,170,139,68,16
243653,170,139,69,16
243654,170,139,70,16
243655,170,140,43,11
243656,170,140,44,11
243657,170,140,45,11
243658,170,140,46,9
243659,170,140,47,8
243660,170,140,48,8
243661,170,140,49,8
243662,170,140,50,8
243663,170,140,51,8
243664,170,140,52,8
243665,170,140,53,8
243666,170,140,54,8
243667,170,140,55,8
243668,170,140,56,8
243669,170,140,57,8
243670,170,140,58,1
243671,170,140,59,1
243672,170,140,60,1
243673,170,140,61,1
243674,170,140,62,5
243675,170,140,63,5
243676,170,140,64,5
243677,170,140,65,5
243678,170,140,66,5
243679,170,140,67,5
243680,170,140,68,16
243681,170,140,69,16
243682,170,140,70,16
243683,170,141,43,11
243684,170,141,44,11
243685,170,141,45,11
243686,170,141,46,8
243687,170,141,47,8
243688,170,141,48,8
243689,170,141,49,8
243690,170,141,50,8
243691,170,141,51,8
243692,170,141,52,8
243693,170,141,53,8
243694,170,141,54,8
243695,170,141,55,8
243696,170,141,56,8
243697,170,141,57,8
243698,170,141,58,8
243699,170,141,59,1
243700,170,141,60,1
243701,170,141,61,5
243702,170,141,62,5
243703,170,141,63,5
243704,170,141,64,5
243705,170,141,65,5
243706,170,141,66,5
243707,170,141,67,5
243708,170,141,68,5
243709,170,141,69,16
243710,170,141,70,16
243711,170,142,42,11
243712,170,142,43,11
243713,170,142,44,11
243714,170,142,45,8
243715,170,142,46,8
243716,170,142,47,8
243717,170,142,48,8
243718,170,142,49,8
243719,170,142,50,8
243720,170,142,51,8
243721,170,142,52,8
243722,170,142,53,8
243723,170,142,54,8
243724,170,142,55,8
243725,170,142,56,8
243726,170,142,57,8
243727,170,142,58,8
243728,170,142,59,8
243729,170,142,60,5
243730,170,142,61,5
243731,170,142,62,5
243732,170,142,63,5
243733,170,142,64,5
243734,170,142,65,5
243735,170,142,66,5
243736,170,142,67,5
243737,170,142,68,5
243738,170,142,69,16
243739,170,142,70,16
243740,170,142,71,16
243741,170,143,42,11
243742,170,143,43,9
243743,170,143,44,9
243744,170,143,45,8
243745,170,143,46,8
243746,170,143,47,8
243747,170,143,48,8
243748,170,143,49,8
243749,170,143,50,8
243750,170,143,51,8
243751,170,143,52,6
243752,170,143,53,10
243753,170,143,54,8
243754,170,143,55,8
243755,170,143,56,8
243756,170,143,57,8
243757,170,143,58,8
243758,170,143,59,8
243759,170,143,60,8
243760,170,143,61,5
243761,170,143,62,5
243762,170,143,63,5
243763,170,143,64,5
243764,170,143,65,5
243765,170,143,66,5
243766,170,143,67,5
243767,170,143,68,5
243768,170,143,69,5
243769,170,143,70,15
243770,170,143,71,16
243771,170,143,72,16
243772,170,144,42,11
243773,170,144,43,9
243774,170,144,44,8
243775,170,144,45,8
243776,170,144,46,8
243777,170,144,47,8
243778,170,144,48,1
243779,170,144,49,1
243780,170,144,50,6
243781,170,144,51,6
243782,170,144,52,6
243783,170,144,53,6
243784,170,144,54,6
243785,170,144,55,8
243786,170,144,56,8
243787,170,144,57,8
243788,170,144,58,8
243789,170,144,59,8
243790,170,144,60,8
243791,170,144,61,5
243792,170,144,62,5
243793,170,144,63,5
243794,170,144,64,5
243795,170,144,65,5
243796,170,144,66,5
243797,170,144,67,5
243798,170,144,68,5
243799,170,144,69,5
243800,170,144,70,15
243801,170,144,71,15
243802,170,145,42,11
243803,170,145,43,8
243804,170,145,44,8
243805,170,145,45,8
243806,170,145,46,8
243807,170,145,47,8
243808,170,145,48,6
243809,170,145,49,6
243810,170,145,50,6
243811,170,145,51,6
243812,170,145,52,6
243813,170,145,53,6
243814,170,145,54,13
243815,170,145,55,1
243816,170,145,56,3
243817,170,145,57,3
243818,170,145,58,8
243819,170,145,59,8
243820,170,145,60,8
243821,170,145,61,5
243822,170,145,62,5
243823,170,145,63,5
243824,170,145,64,5
243825,170,145,65,5
243826,170,145,66,5
243827,170,145,67,5
243828,170,145,68,5
243829,170,145,69,5
243830,170,145,70,15
243831,170,145,71,15
243832,170,146,42,11
243833,170,146,43,8
243834,170,146,44,8
243835,170,146,45,8
243836,170,146,46,8
243837,170,146,47,1
243838,170,146,48,6
243839,170,146,49,6
243840,170,146,50,6
243841,170,146,51,6
243842,170,146,52,6
243843,170,146,53,6
243844,170,146,54,6
243845,170,146,55,1
243846,170,146,56,3
243847,170,146,57,3
243848,170,146,58,5
243849,170,146,59,8
243850,170,146,60,8
243851,170,146,61,1
243852,170,146,62,5
243853,170,146,63,5
243854,170,146,64,5
243855,170,146,65,5
243856,170,146,66,5
243857,170,146,67,5
243858,170,146,68,5
243859,170,146,69,5
243860,170,146,70,15
243861,170,147,43,8
243862,170,147,44,8
243863,170,147,45,8
243864,170,147,46,8
243865,170,147,47,1
243866,170,147,48,6
243867,170,147,49,6
243868,170,147,50,6
243869,170,147,51,6
243870,170,147,52,6
243871,170,147,53,6
243872,170,147,54,6
243873,170,147,55,6
243874,170,147,56,3
243875,170,147,57,3
243876,170,147,58,8
243877,170,147,59,8
243878,170,147,60,8
243879,170,147,61,8
243880,170,147,62,5
243881,170,147,63,5
243882,170,147,64,5
243883,170,147,65,5
243884,170,147,66,5
243885,170,147,67,5
243886,170,147,68,5
243887,170,147,69,15
243888,170,148,43,8
243889,170,148,44,8
243890,170,148,45,8
243891,170,148,46,8
243892,170,148,47,6
243893,170,148,48,6
243894,170,148,49,6
243895,170,148,50,7
243896,170,148,51,7
243897,170,148,52,7
243898,170,148,53,6
243899,170,148,54,6
243900,170,148,55,6
243901,170,148,56,13
243902,170,148,57,5
243903,170,148,58,8
243904,170,148,59,8
243905,170,148,60,8
243906,170,148,61,8
243907,170,148,62,5
243908,170,148,63,5
243909,170,148,64,5
243910,170,148,65,5
243911,170,148,66,15
243912,170,148,67,15
243913,170,148,68,15
243914,170,148,69,15
243915,170,149,42,8
243916,170,149,43,8
243917,170,149,44,8
243918,170,149,45,8
243919,170,149,46,8
243920,170,149,47,10
243921,170,149,48,6
243922,170,149,49,6
243923,170,149,50,7
243924,170,149,51,7
243925,170,149,52,7
243926,170,149,53,7
243927,170,149,54,6
243928,170,149,55,6
243929,170,149,56,6
243930,170,149,57,1
243931,170,149,58,8
243932,170,149,59,8
243933,170,149,60,8
243934,170,149,61,8
243935,170,149,62,5
243936,170,149,63,5
243937,170,149,64,5
243938,170,149,65,15
243939,170,149,66,15
243940,170,149,67,15
243941,170,149,68,15
243942,170,150,39,11
243943,170,150,40,11
243944,170,150,41,11
243945,170,150,42,8
243946,170,150,43,8
243947,170,150,44,8
243948,170,150,45,8
243949,170,150,46,8
243950,170,150,47,10
243951,170,150,48,6
243952,170,150,49,6
243953,170,150,50,7
243954,170,150,51,7
243955,170,150,52,7
243956,170,150,53,7
243957,170,150,54,6
243958,170,150,55,6
243959,170,150,56,6
243960,170,150,57,6
243961,170,150,58,8
243962,170,150,59,8
243963,170,150,60,8
243964,170,150,61,8
243965,170,150,62,5
243966,170,150,63,5
243967,170,150,64,15
243968,170,150,65,15
243969,170,150,66,15
243970,170,150,67,15
243971,170,150,68,15
243972,170,151,39,11
243973,170,151,40,11
243974,170,151,41,11
243975,170,151,42,11
243976,170,151,43,8
243977,170,151,44,8
243978,170,151,45,8
243979,170,151,46,10
243980,170,151,47,10
243981,170,151,48,6
243982,170,151,49,6
243983,170,151,50,7
243984,170,151,51,7
243985,170,151,52,7
243986,170,151,53,7
243987,170,151,54,6
243988,170,151,55,6
243989,170,151,56,6
243990,170,151,57,10
243991,170,151,58,8
243992,170,151,59,8
243993,170,151,60,8
243994,170,151,61,8
243995,170,151,62,5
243996,170,151,63,15
243997,170,151,64,15
243998,170,151,65,15
243999,170,151,66,15
244000,170,151,67,15
244001,170,151,68,15
244002,170,152,37,11
244003,170,152,38,11
244004,170,152,39,1
244005,170,152,40,1
244006,170,152,41,1
244007,170,152,42,1
244008,170,152,43,8
244009,170,152,44,8
244010,170,152,45,8
244011,170,152,46,8
244012,170,152,47,10
244013,170,152,48,10
244014,170,152,49,6
244015,170,152,50,7
244016,170,152,51,7
244017,170,152,52,7
244018,170,152,53,7
244019,170,152,54,6
244020,170,152,55,10
244021,170,152,56,10
244022,170,152,57,10
244023,170,152,58,8
244024,170,152,59,8
244025,170,152,60,8
244026,170,152,61,8
244027,170,152,62,15
244028,170,152,63,15
244029,170,152,64,15
244030,170,152,65,15
244031,170,152,66,15
244032,170,152,67,15
244033,170,152,68,15
244034,170,153,37,11
244035,170,153,38,1
244036,170,153,39,13
244037,170,153,40,13
244038,170,153,41,1
244039,170,153,42,1
244040,170,153,43,1
244041,170,153,44,8
244042,170,153,45,8
244043,170,153,46,8
244044,170,153,47,10
244045,170,153,48,10
244046,170,153,49,6
244047,170,153,50,6
244048,170,153,51,6
244049,170,153,52,6
244050,170,153,53,6
244051,170,153,54,10
244052,170,153,55,10
244053,170,153,56,10
244054,170,153,57,8
244055,170,153,58,8
244056,170,153,59,8
244057,170,153,60,8
244058,170,153,61,8
244059,170,153,62,15
244060,170,153,63,15
244061,170,153,64,15
244062,170,153,65,15
244063,170,153,66,15
244064,170,153,67,15
244065,170,153,68,15
244066,170,153,69,15
244067,170,154,36,11
244068,170,154,37,11
244069,170,154,38,13
244070,170,154,39,13
244071,170,154,40,13
244072,170,154,41,13
244073,170,154,42,1
244074,170,154,43,1
244075,170,154,44,8
244076,170,154,45,8
244077,170,154,46,8
244078,170,154,47,10
244079,170,154,48,10
244080,170,154,49,10
244081,170,154,50,10
244082,170,154,51,6
244083,170,154,52,6
244084,170,154,53,6
244085,170,154,54,10
244086,170,154,55,10
244087,170,154,56,8
244088,170,154,57,8
244089,170,154,58,8
244090,170,154,59,8
244091,170,154,60,8
244092,170,154,61,15
244093,170,154,62,15
244094,170,154,63,15
244095,170,154,64,15
244096,170,154,65,15
244097,170,154,66,15
244098,170,154,67,15
244099,170,154,68,15
244100,170,154,69,15
244101,170,154,70,15
244102,170,155,36,11
244103,170,155,37,11
244104,170,155,38,13
244105,170,155,39,13
244106,170,155,40,13
244107,170,155,41,13
244108,170,155,42,13
244109,170,155,43,1
244110,170,155,44,1
244111,170,155,45,8
244112,170,155,46,8
244113,170,155,47,8
244114,170,155,48,10
244115,170,155,49,10
244116,170,155,50,10
244117,170,155,51,6
244118,170,155,52,6
244119,170,155,53,6
244120,170,155,54,10
244121,170,155,55,10
244122,170,155,56,8
244123,170,155,57,8
244124,170,155,58,8
244125,170,155,59,8
244126,170,155,60,15
244127,170,155,61,15
244128,170,155,62,15
244129,170,155,63,15
244130,170,155,64,15
244131,170,155,65,15
244132,170,155,66,15
244133,170,155,67,15
244134,170,155,68,15
244135,170,155,69,15
244136,170,155,70,15
244137,170,156,37,11
244138,170,156,38,13
244139,170,156,39,13
244140,170,156,40,13
244141,170,156,41,13
244142,170,156,42,13
244143,170,156,43,13
244144,170,156,44,1
244145,170,156,45,1
244146,170,156,46,8
244147,170,156,47,8
244148,170,156,48,8
244149,170,156,49,10
244150,170,156,50,10
244151,170,156,51,10
244152,170,156,52,10
244153,170,156,53,8
244154,170,156,54,8
244155,170,156,55,8
244156,170,156,56,8
244157,170,156,57,8
244158,170,156,58,15
244159,170,156,59,15
244160,170,156,60,15
244161,170,156,61,15
244162,170,156,62,15
244163,170,156,63,15
244164,170,156,64,15
244165,170,156,65,15
244166,170,156,66,15
244167,170,156,67,15
244168,170,156,68,15
244169,170,156,69,15
244170,170,156,70,15
244171,170,157,39,13
244172,170,157,40,13
244173,170,157,41,13
244174,170,157,42,13
244175,170,157,43,13
244176,170,157,44,13
244177,170,157,45,1
244178,170,157,46,1
244179,170,157,47,1
244180,170,157,48,8
244181,170,157,49,8
244182,170,157,50,8
244183,170,157,51,8
244184,170,157,52,8
244185,170,157,53,8
244186,170,157,54,8
244187,170,157,55,8
244188,170,157,56,8
244189,170,157,57,8
244190,170,157,58,15
244191,170,157,59,15
244192,170,157,60,15
244193,170,157,61,15
244194,170,157,62,15
244195,170,157,63,15
244196,170,157,64,13
244197,170,157,65,13
244198,170,157,66,15
244199,170,157,67,15
244200,170,157,68,15
244201,170,157,69,15
244202,170,157,70,15
244203,170,158,39,13
244204,170,158,40,13
244205,170,158,41,13
244206,170,158,42,13
244207,170,158,43,13
244208,170,158,44,13
244209,170,158,45,13
244210,170,158,46,13
244211,170,158,47,13
244212,170,158,48,13
244213,170,158,49,13
244214,170,158,50,8
244215,170,158,51,8
244216,170,158,52,8
244217,170,158,53,8
244218,170,158,54,11
244219,170,158,55,11
244220,170,158,56,11
244221,170,158,57,15
244222,170,158,58,15
244223,170,158,59,15
244224,170,158,60,15
244225,170,158,61,15
244226,170,158,62,13
244227,170,158,63,13
244228,170,158,64,13
244229,170,158,65,13
244230,170,158,66,13
244231,170,158,67,15
244232,170,158,68,15
244233,170,158,69,15
244234,170,158,70,15
244235,170,159,39,13
244236,170,159,40,13
244237,170,159,41,13
244238,170,159,42,13
244239,170,159,43,13
244240,170,159,44,13
244241,170,159,45,13
244242,170,159,46,13
244243,170,159,47,13
244244,170,159,48,13
244245,170,159,49,13
244246,170,159,50,13
244247,170,159,51,13
244248,170,159,52,1
244249,170,159,53,5
244250,170,159,54,15
244251,170,159,55,15
244252,170,159,56,15
244253,170,159,57,13
244254,170,159,58,15
244255,170,159,59,13
244256,170,159,60,13
244257,170,159,61,13
244258,170,159,62,13
244259,170,159,63,13
244260,170,159,64,13
244261,170,159,65,13
244262,170,159,66,13
244263,170,159,67,15
244264,170,159,68,15
244265,170,159,69,15
244266,170,159,70,15
244267,170,160,39,13
244268,170,160,40,13
244269,170,160,41,13
244270,170,160,42,13
244271,170,160,43,13
244272,170,160,44,13
244273,170,160,45,13
244274,170,160,46,13
244275,170,160,47,13
244276,170,160,48,13
244277,170,160,49,13
244278,170,160,50,13
244279,170,160,51,13
244280,170,160,52,13
244281,170,160,53,13
244282,170,160,54,13
244283,170,160,55,13
244284,170,160,56,13
244285,170,160,57,13
244286,170,160,58,13
244287,170,160,59,13
244288,170,160,60,13
244289,170,160,61,13
244290,170,160,62,13
244291,170,160,63,13
244292,170,160,64,13
244293,170,160,65,13
244294,170,160,66,15
244295,170,160,67,15
244296,170,160,68,15
244297,170,160,69,15
244298,170,161,40,13
244299,170,161,41,13
244300,170,161,42,13
244301,170,161,43,13
244302,170,161,44,13
244303,170,161,45,13
244304,170,161,46,13
244305,170,161,47,13
244306,170,161,48,13
244307,170,161,49,13
244308,170,161,50,13
244309,170,161,51,13
244310,170,161,52,13
244311,170,161,53,13
244312,170,161,54,13
244313,170,161,55,13
244314,170,161,56,13
244315,170,161,57,13
244316,170,161,58,13
244317,170,161,59,13
244318,170,161,60,13
244319,170,161,61,13
244320,170,161,62,13
244321,170,161,63,13
244322,170,161,64,13
244323,170,161,65,13
244324,170,161,66,13
244325,170,161,67,15
244326,170,161,68,15
244327,170,161,69,15
244328,170,162,42,13
244329,170,162,43,13
244330,170,162,44,13
244331,170,162,45,13
244332,170,162,46,13
244333,170,162,47,13
244334,170,162,48,13
244335,170,162,49,13
244336,170,162,50,13
244337,170,162,51,13
244338,170,162,52,13
244339,170,162,53,13
244340,170,162,54,13
244341,170,162,55,13
244342,170,162,56,13
244343,170,162,57,13
244344,170,162,58,13
244345,170,162,59,13
244346,170,162,60,13
244347,170,162,61,13
244348,170,162,62,13
244349,170,162,63,13
244350,170,162,64,13
244351,170,162,65,13
244352,170,162,66,13
244353,170,162,67,15
244354,170,162,68,15
244355,170,162,69,15
244356,170,163,43,13
244357,170,163,44,13
244358,170,163,45,13
244359,170,163,46,13
244360,170,163,47,13
244361,170,163,48,13
244362,170,163,49,13
244363,170,163,50,13
244364,170,163,51,13
244365,170,163,52,13
244366,170,163,53,13
244367,170,163,54,13
244368,170,163,55,13
244369,170,163,56,13
244370,170,163,57,13
244371,170,163,58,13
244372,170,163,59,13
244373,170,163,60,13
244374,170,163,61,13
244375,170,163,62,13
244376,170,163,63,13
244377,170,163,64,13
244378,170,163,65,13
244379,170,163,66,13
244380,170,163,67,15
244381,170,163,68,15
244382,170,163,69,15
244383,170,164,43,13
244384,170,164,44,13
244385,170,164,45,13
244386,170,164,46,13
244387,170,164,47,13
244388,170,164,48,13
244389,170,164,49,13
244390,170,164,50,13
244391,170,164,51,13
244392,170,164,52,13
244393,170,164,53,13
244394,170,164,54,13
244395,170,164,55,13
244396,170,164,56,13
244397,170,164,57,13
244398,170,164,58,13
244399,170,164,59,13
244400,170,164,60,13
244401,170,164,61,13
244402,170,164,62,13
244403,170,164,63,13
244404,170,164,64,13
244405,170,164,65,13
244406,170,164,66,13
244407,170,164,67,13
244408,170,164,68,15
244409,170,164,69,15
244410,170,165,44,13
244411,170,165,45,13
244412,170,165,46,13
244413,170,165,47,13
244414,170,165,48,13
244415,170,165,49,13
244416,170,165,50,13
244417,170,165,51,13
244418,170,165,52,13
244419,170,165,53,13
244420,170,165,54,13
244421,170,165,55,13
244422,170,165,56,13
244423,170,165,57,13
244424,170,165,58,13
244425,170,165,59,13
244426,170,165,60,13
244427,170,165,61,13
244428,170,165,62,13
244429,170,165,63,13
244430,170,165,64,13
244431,170,165,65,13
244432,170,165,66,13
244433,170,165,67,13
244434,170,165,68,15
244435,170,166,45,13
244436,170,166,46,13
244437,170,166,47,13
244438,170,166,48,13
244439,170,166,49,13
244440,170,166,50,13
244441,170,166,51,13
244442,170,166,52,13
244443,170,166,53,13
244444,170,166,54,13
244445,170,166,55,13
244446,170,166,56,13
244447,170,166,57,13
244448,170,166,58,13
244449,170,166,59,13
244450,170,166,60,13
244451,170,166,61,13
244452,170,166,62,13
244453,170,166,63,13
244454,170,166,64,13
244455,170,166,65,13
244456,170,166,66,13
244457,170,166,67,13
244458,170,167,46,13
244459,170,167,47,13
244460,170,167,48,13
244461,170,167,49,13
244462,170,167,50,13
244463,170,167,51,13
244464,170,167,52,13
244465,170,167,53,13
244466,170,167,54,13
244467,170,167,55,13
244468,170,167,56,13
244469,170,167,57,13
244470,170,167,58,13
244471,170,167,59,13
244472,170,167,60,13
244473,170,167,61,13
244474,170,167,62,13
244475,170,167,63,13
244476,170,167,64,13
244477,170,167,65,13
244478,170,167,66,13
244479,170,168,47,13
244480,170,168,48,13
244481,170,168,49,13
244482,170,168,50,13
244483,170,168,51,13
244484,170,168,52,13
244485,170,168,53,13
244486,170,168,54,13
244487,170,168,55,13
244488,170,168,56,13
244489,170,168,57,15
244490,170,168,58,15
244491,170,168,59,15
244492,170,168,60,13
244493,170,168,61,13
244494,170,168,62,13
244495,170,168,63,13
244496,170,168,64,13
244497,170,168,65,13
244498,170,168,66,13
244499,170,169,47,13
244500,170,169,48,13
244501,170,169,49,13
244502,170,169,50,13
244503,170,169,51,13
244504,170,169,52,13
244505,170,169,53,13
244506,170,169,54,13
244507,170,169,59,15
244508,170,169,60,13
244509,170,169,61,13
244510,170,169,62,13
244511,170,169,63,13
244512,170,169,64,13
244513,170,169,65,13
244514,170,170,60,13
244515,170,170,61,13
244516,170,170,62,13
244517,170,170,63,13
244518,170,170,64,13
244519,170,170,65,13
244520,170,171,60,13
244521,170,171,61,13
244522,170,171,62,13
244523,170,171,63,13
244524,170,171,64,13
244525,170,171,65,15
244526,170,172,60,13
244527,170,172,61,13
244528,170,172,62,13
244529,170,172,63,15
244530,170,172,64,15
244531,171,120,55,16
244532,171,120,56,16
244533,171,120,57,16
244534,171,120,58,16
244535,171,120,59,16
244536,171,121,50,9
244537,171,121,51,9
244538,171,121,52,9
244539,171,121,53,9
244540,171,121,54,9
244541,171,121,55,9
244542,171,121,56,16
244543,171,121,57,16
244544,171,121,58,16
244545,171,121,59,16
244546,171,121,60,16
244547,171,122,49,11
244548,171,122,50,9
244549,171,122,51,9
244550,171,122,52,9
244551,171,122,53,9
244552,171,122,54,9
244553,171,122,55,9
244554,171,122,56,9
244555,171,122,57,16
244556,171,122,58,16
244557,171,122,59,16
244558,171,122,60,16
244559,171,122,61,16
244560,171,122,62,16
244561,171,123,45,11
244562,171,123,46,11
244563,171,123,47,11
244564,171,123,48,11
244565,171,123,49,11
244566,171,123,50,9
244567,171,123,51,9
244568,171,123,52,9
244569,171,123,53,9
244570,171,123,54,9
244571,171,123,55,9
244572,171,123,56,5
244573,171,123,57,9
244574,171,123,58,9
244575,171,123,59,16
244576,171,123,60,16
244577,171,123,61,16
244578,171,123,62,16
244579,171,124,45,11
244580,171,124,46,11
244581,171,124,47,11
244582,171,124,48,11
244583,171,124,49,11
244584,171,124,50,9
244585,171,124,51,9
244586,171,124,52,9
244587,171,124,53,9
244588,171,124,54,9
244589,171,124,55,9
244590,171,124,56,5
244591,171,124,57,5
244592,171,124,58,5
244593,171,124,59,5
244594,171,124,60,16
244595,171,124,61,16
244596,171,124,62,16
244597,171,124,63,16
244598,171,125,43,11
244599,171,125,44,11
244600,171,125,45,11
244601,171,125,46,11
244602,171,125,47,11
244603,171,125,48,11
244604,171,125,49,9
244605,171,125,50,9
244606,171,125,51,9
244607,171,125,52,1
244608,171,125,53,1
244609,171,125,54,1
244610,171,125,55,5
244611,171,125,56,5
244612,171,125,57,5
244613,171,125,58,5
244614,171,125,59,5
244615,171,125,60,5
244616,171,125,61,16
244617,171,125,62,16
244618,171,125,63,16
244619,171,126,43,11
244620,171,126,44,11
244621,171,126,45,11
244622,171,126,46,11
244623,171,126,47,11
244624,171,126,48,11
244625,171,126,49,1
244626,171,126,50,1
244627,171,126,51,1
244628,171,126,52,1
244629,171,126,53,1
244630,171,126,54,9
244631,171,126,55,5
244632,171,126,56,5
244633,171,126,57,5
244634,171,126,58,1
244635,171,126,59,5
244636,171,126,60,5
244637,171,126,61,5
244638,171,126,62,16
244639,171,126,63,16
244640,171,127,43,9
244641,171,127,44,11
244642,171,127,45,11
244643,171,127,46,11
244644,171,127,47,11
244645,171,127,48,1
244646,171,127,49,1
244647,171,127,50,1
244648,171,127,51,1
244649,171,127,52,1
244650,171,127,53,1
244651,171,127,54,9
244652,171,127,55,9
244653,171,127,56,9
244654,171,127,57,1
244655,171,127,58,1
244656,171,127,59,1
244657,171,127,60,5
244658,171,127,61,5
244659,171,127,62,16
244660,171,127,63,16
244661,171,128,44,9
244662,171,128,45,9
244663,171,128,46,9
244664,171,128,47,1
244665,171,128,48,1
244666,171,128,49,1
244667,171,128,50,1
244668,171,128,51,1
244669,171,128,52,1
244670,171,128,53,1
244671,171,128,54,9
244672,171,128,55,9
244673,171,128,56,9
244674,171,128,57,1
244675,171,128,58,4
244676,171,128,59,5
244677,171,128,60,5
244678,171,128,61,5
244679,171,128,62,16
244680,171,128,63,16
244681,171,128,64,16
244682,171,129,44,9
244683,171,129,45,9
244684,171,129,46,1
244685,171,129,47,1
244686,171,129,48,1
244687,171,129,49,1
244688,171,129,50,1
244689,171,129,51,1
244690,171,129,52,1
244691,171,129,53,1
244692,171,129,54,9
244693,171,129,55,9
244694,171,129,56,9
244695,171,129,57,1
244696,171,129,58,4
244697,171,129,59,5
244698,171,129,60,5
244699,171,129,61,5
244700,171,129,62,16
244701,171,129,63,16
244702,171,130,43,11
244703,171,130,44,9
244704,171,130,45,1
244705,171,130,46,1
244706,171,130,47,1
244707,171,130,48,1
244708,171,130,49,1
244709,171,130,50,1
244710,171,130,51,1
244711,171,130,52,1
244712,171,130,53,1
244713,171,130,54,1
244714,171,130,55,5
244715,171,130,56,5
244716,171,130,57,1
244717,171,130,58,4
244718,171,130,59,5
244719,171,130,60,5
244720,171,130,61,16
244721,171,130,62,16
244722,171,130,63,16
244723,171,131,43,11
244724,171,131,44,9
244725,171,131,45,1
244726,171,131,46,1
244727,171,131,47,1
244728,171,131,48,1
244729,171,131,49,1
244730,171,131,50,4
244731,171,131,51,4
244732,171,131,52,1
244733,171,131,53,1
244734,171,131,54,1
244735,171,131,55,5
244736,171,131,56,5
244737,171,131,57,5
244738,171,131,58,4
244739,171,131,59,5
244740,171,131,60,5
244741,171,131,61,16
244742,171,131,62,16
244743,171,131,63,16
244744,171,131,64,16
244745,171,131,65,16
244746,171,132,43,11
244747,171,132,44,11
244748,171,132,45,9
244749,171,132,46,1
244750,171,132,47,1
244751,171,132,48,1
244752,171,132,49,4
244753,171,132,50,1
244754,171,132,51,4
244755,171,132,52,1
244756,171,132,53,1
244757,171,132,54,1
244758,171,132,55,5
244759,171,132,56,5
244760,171,132,57,5
244761,171,132,58,5
244762,171,132,59,5
244763,171,132,60,5
244764,171,132,61,5
244765,171,132,62,16
244766,171,132,63,16
244767,171,132,64,16
244768,171,132,65,16
244769,171,133,43,11
244770,171,133,44,11
244771,171,133,45,9
244772,171,133,46,9
244773,171,133,47,1
244774,171,133,48,1
244775,171,133,49,4
244776,171,133,50,1
244777,171,133,51,1
244778,171,133,52,1
244779,171,133,53,1
244780,171,133,54,1
244781,171,133,55,5
244782,171,133,56,5
244783,171,133,57,5
244784,171,133,58,5
244785,171,133,59,4
244786,171,133,60,5
244787,171,133,61,5
244788,171,133,62,5
244789,171,133,63,16
244790,171,133,64,16
244791,171,133,65,16
244792,171,133,66,16
244793,171,134,43,11
244794,171,134,44,11
244795,171,134,45,9
244796,171,134,46,9
244797,171,134,47,1
244798,171,134,48,1
244799,171,134,49,1
244800,171,134,50,4
244801,171,134,51,4
244802,171,134,52,1
244803,171,134,53,1
244804,171,134,54,1
244805,171,134,55,1
244806,171,134,56,5
244807,171,134,57,5
244808,171,134,58,1
244809,171,134,59,4
244810,171,134,60,1
244811,171,134,61,5
244812,171,134,62,5
244813,171,134,63,16
244814,171,134,64,16
244815,171,134,65,16
244816,171,134,66,16
244817,171,134,67,16
244818,171,135,43,11
244819,171,135,44,11
244820,171,135,45,9
244821,171,135,46,9
244822,171,135,47,1
244823,171,135,48,1
244824,171,135,49,1
244825,171,135,50,4
244826,171,135,51,4
244827,171,135,52,1
244828,171,135,53,1
244829,171,135,54,1
244830,171,135,55,4
244831,171,135,56,1
244832,171,135,57,1
244833,171,135,58,1
244834,171,135,59,1
244835,171,135,60,1
244836,171,135,61,5
244837,171,135,62,5
244838,171,135,63,5
244839,171,135,64,5
244840,171,135,65,16
244841,171,135,66,16
244842,171,135,67,16
244843,171,136,44,11
244844,171,136,45,9
244845,171,136,46,9
244846,171,136,47,1
244847,171,136,48,1
244848,171,136,49,1
244849,171,136,50,1
244850,171,136,51,1
244851,171,136,52,1
244852,171,136,53,1
244853,171,136,54,1
244854,171,136,55,4
244855,171,136,56,1
244856,171,136,57,1
244857,171,136,58,1
244858,171,136,59,1
244859,171,136,60,1
244860,171,136,61,1
244861,171,136,62,5
244862,171,136,63,5
244863,171,136,64,5
244864,171,136,65,5
244865,171,136,66,16
244866,171,136,67,16
244867,171,136,68,16
244868,171,137,44,11
244869,171,137,45,9
244870,171,137,46,9
244871,171,137,47,1
244872,171,137,48,4
244873,171,137,49,1
244874,171,137,50,1
244875,171,137,51,1
244876,171,137,52,1
244877,171,137,53,1
244878,171,137,54,1
244879,171,137,55,4
244880,171,137,56,4
244881,171,137,57,1
244882,171,137,58,1
244883,171,137,59,1
244884,171,137,60,1
244885,171,137,61,1
244886,171,137,62,5
244887,171,137,63,5
244888,171,137,64,5
244889,171,137,65,5
244890,171,137,66,16
244891,171,137,67,16
244892,171,137,68,16
244893,171,138,44,11
244894,171,138,45,9
244895,171,138,46,1
244896,171,138,47,1
244897,171,138,48,1
244898,171,138,49,1
244899,171,138,50,1
244900,171,138,51,1
244901,171,138,52,1
244902,171,138,53,1
244903,171,138,54,1
244904,171,138,55,1
244905,171,138,56,1
244906,171,138,57,1
244907,171,138,58,1
244908,171,138,59,1
244909,171,138,60,1
244910,171,138,61,5
244911,171,138,62,5
244912,171,138,63,5
244913,171,138,64,5
244914,171,138,65,5
244915,171,138,66,5
244916,171,138,67,16
244917,171,138,68,16
244918,171,139,43,11
244919,171,139,44,11
244920,171,139,45,5
244921,171,139,46,1
244922,171,139,47,1
244923,171,139,48,1
244924,171,139,49,1
244925,171,139,50,1
244926,171,139,51,1
244927,171,139,52,1
244928,171,139,53,1
244929,171,139,54,1
244930,171,139,55,1
244931,171,139,56,1
244932,171,139,57,1
244933,171,139,58,1
244934,171,139,59,1
244935,171,139,60,1
244936,171,139,61,5
244937,171,139,62,5
244938,171,139,63,5
244939,171,139,64,5
244940,171,139,65,5
244941,171,139,66,5
244942,171,139,67,5
244943,171,139,68,16
244944,171,139,69,16
244945,171,139,70,16
244946,171,140,42,11
244947,171,140,43,11
244948,171,140,44,11
244949,171,140,45,11
244950,171,140,46,1
244951,171,140,47,1
244952,171,140,48,8
244953,171,140,49,8
244954,171,140,50,8
244955,171,140,51,8
244956,171,140,52,8
244957,171,140,53,1
244958,171,140,54,1
244959,171,140,55,1
244960,171,140,56,1
244961,171,140,57,1
244962,171,140,58,1
244963,171,140,59,1
244964,171,140,60,1
244965,171,140,61,5
244966,171,140,62,5
244967,171,140,63,5
244968,171,140,64,5
244969,171,140,65,5
244970,171,140,66,5
244971,171,140,67,5
244972,171,140,68,16
244973,171,140,69,16
244974,171,140,70,16
244975,171,141,42,11
244976,171,141,43,11
244977,171,141,44,11
244978,171,141,45,11
244979,171,141,46,1
244980,171,141,47,1
244981,171,141,48,8
244982,171,141,49,8
244983,171,141,50,8
244984,171,141,51,8
244985,171,141,52,8
244986,171,141,53,8
244987,171,141,54,8
244988,171,141,55,8
244989,171,141,56,8
244990,171,141,57,1
244991,171,141,58,1
244992,171,141,59,1
244993,171,141,60,1
244994,171,141,61,5
244995,171,141,62,5
244996,171,141,63,5
244997,171,141,64,5
244998,171,141,65,5
244999,171,141,66,5
245000,171,141,67,5
245001,171,141,68,5
245002,171,141,69,16
245003,171,141,70,16
245004,171,141,71,16
245005,171,142,42,11
245006,171,142,43,11
245007,171,142,44,11
245008,171,142,45,9
245009,171,142,46,8
245010,171,142,47,8
245011,171,142,48,8
245012,171,142,49,8
245013,171,142,50,8
245014,171,142,51,8
245015,171,142,52,8
245016,171,142,53,8
245017,171,142,54,8
245018,171,142,55,8
245019,171,142,56,8
245020,171,142,57,8
245021,171,142,58,1
245022,171,142,59,1
245023,171,142,60,5
245024,171,142,61,5
245025,171,142,62,5
245026,171,142,63,5
245027,171,142,64,5
245028,171,142,65,5
245029,171,142,66,5
245030,171,142,67,5
245031,171,142,68,5
245032,171,142,69,16
245033,171,142,70,16
245034,171,142,71,16
245035,171,142,72,16
245036,171,143,42,11
245037,171,143,43,11
245038,171,143,44,9
245039,171,143,45,9
245040,171,143,46,8
245041,171,143,47,8
245042,171,143,48,8
245043,171,143,49,8
245044,171,143,50,8
245045,171,143,51,8
245046,171,143,52,8
245047,171,143,53,8
245048,171,143,54,8
245049,171,143,55,8
245050,171,143,56,8
245051,171,143,57,8
245052,171,143,58,8
245053,171,143,59,8
245054,171,143,60,5
245055,171,143,61,5
245056,171,143,62,5
245057,171,143,63,5
245058,171,143,64,5
245059,171,143,65,5
245060,171,143,66,5
245061,171,143,67,5
245062,171,143,68,5
245063,171,143,69,5
245064,171,143,70,16
245065,171,143,71,16
245066,171,143,72,16
245067,171,144,42,11
245068,171,144,43,11
245069,171,144,44,9
245070,171,144,45,1
245071,171,144,46,8
245072,171,144,47,8
245073,171,144,48,8
245074,171,144,49,8
245075,171,144,50,8
245076,171,144,51,8
245077,171,144,52,8
245078,171,144,53,8
245079,171,144,54,8
245080,171,144,55,8
245081,171,144,56,8
245082,171,144,57,8
245083,171,144,58,8
245084,171,144,59,8
245085,171,144,60,5
245086,171,144,61,5
245087,171,144,62,5
245088,171,144,63,5
245089,171,144,64,5
245090,171,144,65,5
245091,171,144,66,5
245092,171,144,67,5
245093,171,144,68,5
245094,171,144,69,5
245095,171,144,70,5
245096,171,144,71,16
245097,171,145,43,11
245098,171,145,44,8
245099,171,145,45,8
245100,171,145,46,8
245101,171,145,47,8
245102,171,145,48,8
245103,171,145,49,1
245104,171,145,50,1
245105,171,145,51,10
245106,171,145,52,10
245107,171,145,53,1
245108,171,145,54,8
245109,171,145,55,8
245110,171,145,56,8
245111,171,145,57,8
245112,171,145,58,8
245113,171,145,59,8
245114,171,145,60,5
245115,171,145,61,5
245116,171,145,62,5
245117,171,145,63,5
245118,171,145,64,5
245119,171,145,65,5
245120,171,145,66,5
245121,171,145,67,5
245122,171,145,68,5
245123,171,145,69,5
245124,171,145,70,5
245125,171,145,71,15
245126,171,146,43,11
245127,171,146,44,8
245128,171,146,45,8
245129,171,146,46,8
245130,171,146,47,8
245131,171,146,48,1
245132,171,146,49,6
245133,171,146,50,6
245134,171,146,51,6
245135,171,146,52,6
245136,171,146,53,13
245137,171,146,54,13
245138,171,146,55,8
245139,171,146,56,11
245140,171,146,57,8
245141,171,146,58,8
245142,171,146,59,8
245143,171,146,60,1
245144,171,146,61,5
245145,171,146,62,5
245146,171,146,63,5
245147,171,146,64,5
245148,171,146,65,5
245149,171,146,66,5
245150,171,146,67,5
245151,171,146,68,5
245152,171,146,69,5
245153,171,146,70,15
245154,171,147,43,9
245155,171,147,44,8
245156,171,147,45,8
245157,171,147,46,8
245158,171,147,47,8
245159,171,147,48,1
245160,171,147,49,6
245161,171,147,50,6
245162,171,147,51,6
245163,171,147,52,6
245164,171,147,53,6
245165,171,147,54,6
245166,171,147,55,6
245167,171,147,56,3
245168,171,147,57,5
245169,171,147,58,8
245170,171,147,59,8
245171,171,147,60,5
245172,171,147,61,5
245173,171,147,62,5
245174,171,147,63,5
245175,171,147,64,5
245176,171,147,65,5
245177,171,147,66,5
245178,171,147,67,5
245179,171,147,68,5
245180,171,147,69,15
245181,171,148,43,9
245182,171,148,44,8
245183,171,148,45,8
245184,171,148,46,8
245185,171,148,47,1
245186,171,148,48,6
245187,171,148,49,6
245188,171,148,50,6
245189,171,148,51,6
245190,171,148,52,6
245191,171,148,53,6
245192,171,148,54,13
245193,171,148,55,13
245194,171,148,56,1
245195,171,148,57,8
245196,171,148,58,8
245197,171,148,59,8
245198,171,148,60,5
245199,171,148,61,5
245200,171,148,62,5
245201,171,148,63,5
245202,171,148,64,15
245203,171,148,65,5
245204,171,148,66,15
245205,171,148,67,15
245206,171,148,68,15
245207,171,149,42,11
245208,171,149,43,8
245209,171,149,44,8
245210,171,149,45,8
245211,171,149,46,8
245212,171,149,47,1
245213,171,149,48,6
245214,171,149,49,6
245215,171,149,50,6
245216,171,149,51,6
245217,171,149,52,6
245218,171,149,53,6
245219,171,149,54,6
245220,171,149,55,1
245221,171,149,56,8
245222,171,149,57,8
245223,171,149,58,8
245224,171,149,59,8
245225,171,149,60,8
245226,171,149,61,5
245227,171,149,62,5
245228,171,149,63,5
245229,171,149,64,15
245230,171,149,65,15
245231,171,149,66,15
245232,171,149,67,15
245233,171,150,39,11
245234,171,150,40,11
245235,171,150,41,11
245236,171,150,42,8
245237,171,150,43,8
245238,171,150,44,8
245239,171,150,45,8
245240,171,150,46,8
245241,171,150,47,6
245242,171,150,48,6
245243,171,150,49,6
245244,171,150,50,6
245245,171,150,51,6
245246,171,150,52,6
245247,171,150,53,6
245248,171,150,54,6
245249,171,150,55,10
245250,171,150,56,8
245251,171,150,57,8
245252,171,150,58,8
245253,171,150,59,8
245254,171,150,60,8
245255,171,150,61,5
245256,171,150,62,5
245257,171,150,63,15
245258,171,150,64,15
245259,171,150,65,15
245260,171,150,66,15
245261,171,150,67,15
245262,171,151,39,11
245263,171,151,40,11
245264,171,151,41,11
245265,171,151,42,11
245266,171,151,43,8
245267,171,151,44,8
245268,171,151,45,8
245269,171,151,46,10
245270,171,151,47,10
245271,171,151,48,6
245272,171,151,49,6
245273,171,151,50,7
245274,171,151,51,7
245275,171,151,52,6
245276,171,151,53,6
245277,171,151,54,10
245278,171,151,55,10
245279,171,151,56,8
245280,171,151,57,8
245281,171,151,58,8
245282,171,151,59,8
245283,171,151,60,5
245284,171,151,61,5
245285,171,151,62,15
245286,171,151,63,15
245287,171,151,64,15
245288,171,151,65,15
245289,171,151,66,15
245290,171,151,67,15
245291,171,151,68,15
245292,171,152,37,11
245293,171,152,38,11
245294,171,152,39,11
245295,171,152,40,1
245296,171,152,41,1
245297,171,152,42,1
245298,171,152,43,8
245299,171,152,44,8
245300,171,152,45,8
245301,171,152,46,8
245302,171,152,47,10
245303,171,152,48,10
245304,171,152,49,10
245305,171,152,50,10
245306,171,152,51,6
245307,171,152,52,6
245308,171,152,53,10
245309,171,152,54,10
245310,171,152,55,8
245311,171,152,56,8
245312,171,152,57,8
245313,171,152,58,8
245314,171,152,59,8
245315,171,152,60,5
245316,171,152,61,15
245317,171,152,62,15
245318,171,152,63,15
245319,171,152,64,15
245320,171,152,65,15
245321,171,152,66,15
245322,171,152,67,15
245323,171,152,68,15
245324,171,153,37,11
245325,171,153,38,11
245326,171,153,39,13
245327,171,153,40,13
245328,171,153,41,1
245329,171,153,42,1
245330,171,153,43,1
245331,171,153,44,8
245332,171,153,45,8
245333,171,153,46,8
245334,171,153,47,8
245335,171,153,48,10
245336,171,153,49,10
245337,171,153,50,10
245338,171,153,51,10
245339,171,153,52,6
245340,171,153,53,10
245341,171,153,54,8
245342,171,153,55,8
245343,171,153,56,8
245344,171,153,57,8
245345,171,153,58,8
245346,171,153,59,15
245347,171,153,60,15
245348,171,153,61,15
245349,171,153,62,15
245350,171,153,63,15
245351,171,153,64,15
245352,171,153,65,15
245353,171,153,66,15
245354,171,153,67,15
245355,171,153,68,15
245356,171,154,36,11
245357,171,154,37,11
245358,171,154,38,13
245359,171,154,39,13
245360,171,154,40,13
245361,171,154,41,13
245362,171,154,42,13
245363,171,154,43,1
245364,171,154,44,8
245365,171,154,45,8
245366,171,154,46,8
245367,171,154,47,8
245368,171,154,48,8
245369,171,154,49,10
245370,171,154,50,10
245371,171,154,51,10
245372,171,154,52,10
245373,171,154,53,10
245374,171,154,54,8
245375,171,154,55,8
245376,171,154,56,8
245377,171,154,57,8
245378,171,154,58,8
245379,171,154,62,15
245380,171,154,63,15
245381,171,154,64,15
245382,171,154,65,15
245383,171,154,66,15
245384,171,154,67,15
245385,171,154,68,15
245386,171,155,36,11
245387,171,155,37,11
245388,171,155,38,13
245389,171,155,39,13
245390,171,155,40,13
245391,171,155,41,13
245392,171,155,42,13
245393,171,155,43,1
245394,171,155,44,1
245395,171,155,45,1
245396,171,155,46,8
245397,171,155,47,8
245398,171,155,48,8
245399,171,155,49,10
245400,171,155,50,8
245401,171,155,51,8
245402,171,155,52,8
245403,171,155,53,8
245404,171,155,54,8
245405,171,155,55,8
245406,171,155,56,8
245407,171,155,57,8
245408,171,155,58,15
245409,171,155,60,15
245410,171,155,61,15
245411,171,155,62,15
245412,171,155,63,15
245413,171,155,64,15
245414,171,155,65,15
245415,171,155,66,15
245416,171,155,67,15
245417,171,155,68,15
245418,171,155,69,15
245419,171,156,38,13
245420,171,156,39,13
245421,171,156,40,13
245422,171,156,41,13
245423,171,156,42,13
245424,171,156,43,13
245425,171,156,44,13
245426,171,156,45,13
245427,171,156,46,1
245428,171,156,47,1
245429,171,156,48,8
245430,171,156,49,8
245431,171,156,50,8
245432,171,156,51,8
245433,171,156,52,8
245434,171,156,53,8
245435,171,156,54,8
245436,171,156,55,8
245437,171,156,56,8
245438,171,156,57,15
245439,171,156,58,15
245440,171,156,59,15
245441,171,156,60,2
245442,171,156,61,15
245443,171,156,62,15
245444,171,156,63,15
245445,171,156,64,13
245446,171,156,65,15
245447,171,156,66,15
245448,171,156,67,15
245449,171,156,68,15
245450,171,156,69,15
245451,171,157,39,13
245452,171,157,40,13
245453,171,157,41,13
245454,171,157,42,13
245455,171,157,43,13
245456,171,157,44,13
245457,171,157,45,13
245458,171,157,46,13
245459,171,157,47,13
245460,171,157,48,1
245461,171,157,49,8
245462,171,157,50,8
245463,171,157,51,8
245464,171,157,52,8
245465,171,157,53,8
245466,171,157,54,11
245467,171,157,55,11
245468,171,157,56,11
245469,171,157,57,15
245470,171,157,58,15
245471,171,157,59,15
245472,171,157,60,15
245473,171,157,61,15
245474,171,157,62,15
245475,171,157,63,13
245476,171,157,64,13
245477,171,157,65,13
245478,171,157,66,15
245479,171,157,67,15
245480,171,157,68,15
245481,171,157,69,15
245482,171,157,70,15
245483,171,158,40,13
245484,171,158,41,13
245485,171,158,42,13
245486,171,158,43,13
245487,171,158,44,13
245488,171,158,45,13
245489,171,158,46,13
245490,171,158,47,13
245491,171,158,48,13
245492,171,158,49,13
245493,171,158,50,13
245494,171,158,51,8
245495,171,158,52,8
245496,171,158,53,11
245497,171,158,54,11
245498,171,158,55,15
245499,171,158,56,15
245500,171,158,57,5
245501,171,158,58,5
245502,171,158,59,13
245503,171,158,60,13
245504,171,158,61,13
245505,171,158,62,13
245506,171,158,63,13
245507,171,158,64,13
245508,171,158,65,13
245509,171,158,66,13
245510,171,158,67,15
245511,171,158,68,15
245512,171,158,69,15
245513,171,158,70,15
245514,171,159,40,13
245515,171,159,41,13
245516,171,159,42,13
245517,171,159,43,13
245518,171,159,44,13
245519,171,159,45,13
245520,171,159,46,13
245521,171,159,47,13
245522,171,159,48,13
245523,171,159,49,13
245524,171,159,50,13
245525,171,159,51,13
245526,171,159,52,13
245527,171,159,53,13
245528,171,159,54,13
245529,171,159,55,13
245530,171,159,56,1
245531,171,159,57,13
245532,171,159,58,13
245533,171,159,59,13
245534,171,159,60,13
245535,171,159,61,13
245536,171,159,62,13
245537,171,159,63,13
245538,171,159,64,13
245539,171,159,65,13
245540,171,159,66,13
245541,171,159,67,15
245542,171,159,68,15
245543,171,159,69,15
245544,171,159,70,15
245545,171,160,40,13
245546,171,160,41,13
245547,171,160,42,13
245548,171,160,43,13
245549,171,160,44,13
245550,171,160,45,13
245551,171,160,46,13
245552,171,160,47,13
245553,171,160,48,13
245554,171,160,49,13
245555,171,160,50,13
245556,171,160,51,13
245557,171,160,52,13
245558,171,160,53,13
245559,171,160,54,13
245560,171,160,55,13
245561,171,160,56,13
245562,171,160,57,13
245563,171,160,58,13
245564,171,160,59,13
245565,171,160,60,13
245566,171,160,61,13
245567,171,160,62,13
245568,171,160,63,13
245569,171,160,64,13
245570,171,160,65,13
245571,171,160,66,13
245572,171,160,67,15
245573,171,160,68,15
245574,171,160,69,15
245575,171,160,70,15
245576,171,161,40,13
245577,171,161,41,13
245578,171,161,42,13
245579,171,161,43,13
245580,171,161,44,13
245581,171,161,45,13
245582,171,161,46,13
245583,171,161,47,13
245584,171,161,48,13
245585,171,161,49,13
245586,171,161,50,13
245587,171,161,51,13
245588,171,161,52,13
245589,171,161,53,13
245590,171,161,54,13
245591,171,161,55,13
245592,171,161,56,13
245593,171,161,57,13
245594,171,161,58,13
245595,171,161,59,13
245596,171,161,60,13
245597,171,161,61,13
245598,171,161,62,13
245599,171,161,63,13
245600,171,161,64,13
245601,171,161,65,13
245602,171,161,66,13
245603,171,161,67,15
245604,171,161,68,15
245605,171,161,69,15
245606,171,161,70,15
245607,171,162,42,13
245608,171,162,43,13
245609,171,162,44,13
245610,171,162,45,13
245611,171,162,46,13
245612,171,162,47,13
245613,171,162,48,13
245614,171,162,49,13
245615,171,162,50,13
245616,171,162,51,13
245617,171,162,52,13
245618,171,162,53,13
245619,171,162,54,13
245620,171,162,55,13
245621,171,162,56,13
245622,171,162,57,13
245623,171,162,58,13
245624,171,162,59,13
245625,171,162,60,13
245626,171,162,61,13
245627,171,162,62,13
245628,171,162,63,13
245629,171,162,64,13
245630,171,162,65,13
245631,171,162,66,13
245632,171,162,67,15
245633,171,162,68,15
245634,171,162,69,15
245635,171,163,42,13
245636,171,163,43,13
245637,171,163,44,13
245638,171,163,45,13
245639,171,163,46,13
245640,171,163,47,13
245641,171,163,48,13
245642,171,163,49,13
245643,171,163,50,13
245644,171,163,51,13
245645,171,163,52,13
245646,171,163,53,13
245647,171,163,54,13
245648,171,163,55,13
245649,171,163,56,13
245650,171,163,57,13
245651,171,163,58,13
245652,171,163,59,13
245653,171,163,60,13
245654,171,163,61,13
245655,171,163,62,13
245656,171,163,63,13
245657,171,163,64,13
245658,171,163,65,13
245659,171,163,66,13
245660,171,163,67,13
245661,171,163,68,15
245662,171,163,69,15
245663,171,164,43,13
245664,171,164,44,13
245665,171,164,45,13
245666,171,164,46,13
245667,171,164,47,13
245668,171,164,48,13
245669,171,164,49,13
245670,171,164,50,13
245671,171,164,51,13
245672,171,164,52,13
245673,171,164,53,13
245674,171,164,54,13
245675,171,164,55,13
245676,171,164,56,13
245677,171,164,57,13
245678,171,164,58,13
245679,171,164,59,13
245680,171,164,60,13
245681,171,164,61,13
245682,171,164,62,13
245683,171,164,63,13
245684,171,164,64,13
245685,171,164,65,13
245686,171,164,66,13
245687,171,164,67,13
245688,171,164,68,15
245689,171,165,44,13
245690,171,165,45,13
245691,171,165,46,13
245692,171,165,47,13
245693,171,165,48,13
245694,171,165,49,13
245695,171,165,50,13
245696,171,165,51,13
245697,171,165,52,13
245698,171,165,53,13
245699,171,165,54,13
245700,171,165,55,13
245701,171,165,56,13
245702,171,165,57,13
245703,171,165,58,13
245704,171,165,61,13
245705,171,165,62,13
245706,171,165,63,13
245707,171,165,64,13
245708,171,165,65,13
245709,171,165,66,13
245710,171,165,67,13
245711,171,166,45,13
245712,171,166,46,13
245713,171,166,47,13
245714,171,166,48,13
245715,171,166,49,13
245716,171,166,50,13
245717,171,166,51,13
245718,171,166,52,13
245719,171,166,53,13
245720,171,166,54,13
245721,171,166,55,13
245722,171,166,56,13
245723,171,166,57,15
245724,171,166,58,15
245725,171,166,61,13
245726,171,166,62,13
245727,171,166,63,13
245728,171,166,64,13
245729,171,166,65,13
245730,171,166,66,13
245731,171,166,67,15
245732,171,167,46,13
245733,171,167,47,13
245734,171,167,48,13
245735,171,167,49,13
245736,171,167,50,13
245737,171,167,51,13
245738,171,167,52,13
245739,171,167,53,13
245740,171,167,54,13
245741,171,167,55,13
245742,171,167,56,13
245743,171,167,57,15
245744,171,167,61,13
245745,171,167,62,13
245746,171,167,63,13
245747,171,167,64,15
245748,171,167,65,15
245749,171,167,66,15
245750,171,168,47,13
245751,171,168,48,13
245752,171,168,49,13
245753,171,168,50,13
245754,171,168,51,13
245755,171,168,52,13
245756,171,168,53,13
245757,171,168,54,13
245758,171,168,55,13
245759,171,168,56,15
245760,171,168,60,15
245761,171,168,61,13
245762,171,168,62,13
245763,171,168,63,15
245764,171,168,64,15
245765,171,168,65,15
245766,171,169,49,13
245767,171,169,50,13
245768,171,169,51,13
245769,171,169,52,13
245770,171,169,60,13
245771,171,169,61,13
245772,171,169,62,13
245773,171,169,63,15
245774,171,169,64,15
245775,171,169,65,15
245776,171,170,60,13
245777,171,170,61,13
245778,171,170,62,13
245779,171,170,63,15
245780,171,170,64,15
245781,171,170,65,15
245782,171,171,60,13
245783,171,171,61,13
245784,171,171,62,15
245785,171,171,63,15
245786,171,171,64,15
245787,171,172,61,13
245788,171,172,62,15
245789,171,172,63,15
245790,172,120,56,16
245791,172,120,57,16
245792,172,120,58,16
245793,172,120,59,16
245794,172,120,60,16
245795,172,121,53,9
245796,172,121,54,9
245797,172,121,55,9
245798,172,121,56,16
245799,172,121,57,16
245800,172,121,58,16
245801,172,121,59,16
245802,172,121,60,16
245803,172,122,51,9
245804,172,122,52,9
245805,172,122,53,9
245806,172,122,54,9
245807,172,122,55,9
245808,172,122,56,16
245809,172,122,57,16
245810,172,122,58,16
245811,172,122,59,16
245812,172,122,60,16
245813,172,122,61,16
245814,172,122,62,16
245815,172,123,47,11
245816,172,123,48,11
245817,172,123,49,11
245818,172,123,50,11
245819,172,123,51,9
245820,172,123,52,9
245821,172,123,53,9
245822,172,123,54,9
245823,172,123,55,9
245824,172,123,56,9
245825,172,123,57,16
245826,172,123,58,16
245827,172,123,59,16
245828,172,123,60,16
245829,172,123,61,16
245830,172,123,62,16
245831,172,124,45,11
245832,172,124,46,11
245833,172,124,47,11
245834,172,124,48,11
245835,172,124,49,11
245836,172,124,50,11
245837,172,124,51,9
245838,172,124,52,9
245839,172,124,53,9
245840,172,124,54,9
245841,172,124,55,9
245842,172,124,56,9
245843,172,124,57,9
245844,172,124,58,5
245845,172,124,59,5
245846,172,124,60,16
245847,172,124,61,16
245848,172,124,62,16
245849,172,124,63,16
245850,172,125,44,11
245851,172,125,45,11
245852,172,125,46,11
245853,172,125,47,11
245854,172,125,48,11
245855,172,125,49,11
245856,172,125,50,11
245857,172,125,51,9
245858,172,125,52,9
245859,172,125,53,9
245860,172,125,54,9
245861,172,125,55,9
245862,172,125,56,9
245863,172,125,57,5
245864,172,125,58,5
245865,172,125,59,5
245866,172,125,60,5
245867,172,125,61,16
245868,172,125,62,16
245869,172,125,63,16
245870,172,126,43,11
245871,172,126,44,11
245872,172,126,45,11
245873,172,126,46,11
245874,172,126,47,11
245875,172,126,48,11
245876,172,126,49,5
245877,172,126,50,1
245878,172,126,51,1
245879,172,126,52,1
245880,172,126,53,1
245881,172,126,54,1
245882,172,126,55,9
245883,172,126,56,9
245884,172,126,57,5
245885,172,126,58,5
245886,172,126,59,5
245887,172,126,60,5
245888,172,126,61,5
245889,172,126,62,16
245890,172,126,63,16
245891,172,127,43,11
245892,172,127,44,11
245893,172,127,45,11
245894,172,127,46,11
245895,172,127,47,11
245896,172,127,48,1
245897,172,127,49,1
245898,172,127,50,1
245899,172,127,51,1
245900,172,127,52,1
245901,172,127,53,1
245902,172,127,54,9
245903,172,127,55,9
245904,172,127,56,9
245905,172,127,57,1
245906,172,127,58,1
245907,172,127,59,5
245908,172,127,60,5
245909,172,127,61,16
245910,172,127,62,16
245911,172,128,44,9
245912,172,128,45,9
245913,172,128,46,9
245914,172,128,47,1
245915,172,128,48,1
245916,172,128,49,1
245917,172,128,50,1
245918,172,128,51,1
245919,172,128,52,1
245920,172,128,53,9
245921,172,128,54,9
245922,172,128,55,9
245923,172,128,56,9
245924,172,128,57,9
245925,172,128,58,1
245926,172,128,59,5
245927,172,128,60,5
245928,172,128,61,16
245929,172,128,62,16
245930,172,129,44,9
245931,172,129,45,1
245932,172,129,46,1
245933,172,129,47,1
245934,172,129,48,1
245935,172,129,49,1
245936,172,129,50,1
245937,172,129,51,1
245938,172,129,52,1
245939,172,129,53,1
245940,172,129,54,9
245941,172,129,55,9
245942,172,129,56,9
245943,172,129,57,1
245944,172,129,58,1
245945,172,129,59,5
245946,172,129,60,5
245947,172,129,61,16
245948,172,129,62,16
245949,172,130,43,11
245950,172,130,44,1
245951,172,130,45,1
245952,172,130,46,1
245953,172,130,47,1
245954,172,130,48,1
245955,172,130,49,1
245956,172,130,50,1
245957,172,130,51,1
245958,172,130,52,1
245959,172,130,53,9
245960,172,130,54,9
245961,172,130,55,9
245962,172,130,56,9
245963,172,130,57,5
245964,172,130,58,1
245965,172,130,59,5
245966,172,130,60,5
245967,172,130,61,16
245968,172,130,62,16
245969,172,131,42,11
245970,172,131,43,11
245971,172,131,44,1
245972,172,131,45,1
245973,172,131,46,1
245974,172,131,47,1
245975,172,131,48,1
245976,172,131,49,1
245977,172,131,50,1
245978,172,131,51,1
245979,172,131,52,1
245980,172,131,53,1
245981,172,131,54,9
245982,172,131,55,5
245983,172,131,56,9
245984,172,131,57,5
245985,172,131,58,1
245986,172,131,59,5
245987,172,131,60,5
245988,172,131,61,16
245989,172,131,62,16
245990,172,131,63,16
245991,172,132,42,11
245992,172,132,43,11
245993,172,132,44,1
245994,172,132,45,1
245995,172,132,46,1
245996,172,132,47,1
245997,172,132,48,1
245998,172,132,49,1
245999,172,132,50,1
246000,172,132,51,1
246001,172,132,52,1
246002,172,132,53,1
246003,172,132,54,5
246004,172,132,55,5
246005,172,132,56,5
246006,172,132,57,5
246007,172,132,58,5
246008,172,132,59,5
246009,172,132,60,5
246010,172,132,61,5
246011,172,132,62,16
246012,172,132,63,16
246013,172,132,64,16
246014,172,132,65,16
246015,172,133,42,11
246016,172,133,43,11
246017,172,133,44,9
246018,172,133,45,1
246019,172,133,46,1
246020,172,133,47,1
246021,172,133,48,1
246022,172,133,49,1
246023,172,133,50,1
246024,172,133,51,1
246025,172,133,52,1
246026,172,133,53,1
246027,172,133,54,5
246028,172,133,55,5
246029,172,133,56,5
246030,172,133,57,5
246031,172,133,58,5
246032,172,133,59,5
246033,172,133,60,5
246034,172,133,61,5
246035,172,133,62,5
246036,172,133,63,16
246037,172,133,64,16
246038,172,133,65,16
246039,172,134,43,11
246040,172,134,44,9
246041,172,134,45,9
246042,172,134,46,1
246043,172,134,47,1
246044,172,134,48,1
246045,172,134,49,1
246046,172,134,50,1
246047,172,134,51,1
246048,172,134,52,1
246049,172,134,53,1
246050,172,134,54,1
246051,172,134,55,1
246052,172,134,56,1
246053,172,134,57,1
246054,172,134,58,1
246055,172,134,59,1
246056,172,134,60,1
246057,172,134,61,5
246058,172,134,62,5
246059,172,134,63,16
246060,172,134,64,16
246061,172,134,65,16
246062,172,134,66,16
246063,172,134,67,16
246064,172,135,45,9
246065,172,135,46,1
246066,172,135,47,1
246067,172,135,48,1
246068,172,135,49,1
246069,172,135,50,1
246070,172,135,51,1
246071,172,135,52,1
246072,172,135,53,1
246073,172,135,54,1
246074,172,135,55,1
246075,172,135,56,1
246076,172,135,57,1
246077,172,135,58,1
246078,172,135,59,1
246079,172,135,60,1
246080,172,135,61,5
246081,172,135,62,5
246082,172,135,63,5
246083,172,135,64,5
246084,172,135,65,16
246085,172,135,66,16
246086,172,135,67,16
246087,172,136,44,11
246088,172,136,45,9
246089,172,136,46,1
246090,172,136,47,1
246091,172,136,48,4
246092,172,136,49,1
246093,172,136,50,1
246094,172,136,51,1
246095,172,136,52,1
246096,172,136,53,1
246097,172,136,54,1
246098,172,136,55,1
246099,172,136,56,1
246100,172,136,57,1
246101,172,136,58,1
246102,172,136,59,1
246103,172,136,60,1
246104,172,136,61,1
246105,172,136,62,5
246106,172,136,63,5
246107,172,136,64,5
246108,172,136,65,5
246109,172,136,66,16
246110,172,136,67,16
246111,172,137,44,9
246112,172,137,45,9
246113,172,137,46,1
246114,172,137,47,1
246115,172,137,48,1
246116,172,137,49,1
246117,172,137,50,1
246118,172,137,51,1
246119,172,137,52,1
246120,172,137,53,1
246121,172,137,54,1
246122,172,137,55,1
246123,172,137,56,1
246124,172,137,57,1
246125,172,137,58,1
246126,172,137,59,1
246127,172,137,60,1
246128,172,137,61,1
246129,172,137,62,5
246130,172,137,63,5
246131,172,137,64,5
246132,172,137,65,5
246133,172,137,66,16
246134,172,137,67,16
246135,172,138,43,11
246136,172,138,44,11
246137,172,138,45,1
246138,172,138,46,1
246139,172,138,47,1
246140,172,138,48,1
246141,172,138,49,1
246142,172,138,50,1
246143,172,138,51,1
246144,172,138,52,1
246145,172,138,53,1
246146,172,138,54,1
246147,172,138,55,1
246148,172,138,56,1
246149,172,138,57,1
246150,172,138,58,1
246151,172,138,59,1
246152,172,138,60,1
246153,172,138,61,5
246154,172,138,62,5
246155,172,138,63,5
246156,172,138,64,5
246157,172,138,65,5
246158,172,138,66,5
246159,172,138,67,16
246160,172,138,68,16
246161,172,138,69,16
246162,172,139,42,11
246163,172,139,43,11
246164,172,139,44,11
246165,172,139,45,1
246166,172,139,46,1
246167,172,139,47,1
246168,172,139,48,1
246169,172,139,49,1
246170,172,139,50,1
246171,172,139,51,1
246172,172,139,52,1
246173,172,139,53,1
246174,172,139,54,1
246175,172,139,55,1
246176,172,139,56,1
246177,172,139,57,1
246178,172,139,58,1
246179,172,139,59,1
246180,172,139,60,1
246181,172,139,61,5
246182,172,139,62,5
246183,172,139,63,5
246184,172,139,64,5
246185,172,139,65,5
246186,172,139,66,5
246187,172,139,67,16
246188,172,139,68,16
246189,172,139,69,16
246190,172,140,41,11
246191,172,140,42,11
246192,172,140,43,11
246193,172,140,44,11
246194,172,140,45,1
246195,172,140,46,1
246196,172,140,47,1
246197,172,140,48,1
246198,172,140,49,1
246199,172,140,50,1
246200,172,140,51,1
246201,172,140,52,1
246202,172,140,53,1
246203,172,140,54,1
246204,172,140,55,1
246205,172,140,56,1
246206,172,140,57,1
246207,172,140,58,1
246208,172,140,59,1
246209,172,140,60,1
246210,172,140,61,5
246211,172,140,62,5
246212,172,140,63,5
246213,172,140,64,5
246214,172,140,65,5
246215,172,140,66,5
246216,172,140,67,16
246217,172,140,68,16
246218,172,140,69,16
246219,172,140,70,16
246220,172,141,42,11
246221,172,141,43,9
246222,172,141,44,9
246223,172,141,45,1
246224,172,141,46,1
246225,172,141,47,1
246226,172,141,48,1
246227,172,141,49,8
246228,172,141,50,8
246229,172,141,51,1
246230,172,141,52,1
246231,172,141,53,1
246232,172,141,54,1
246233,172,141,55,1
246234,172,141,56,1
246235,172,141,57,1
246236,172,141,58,1
246237,172,141,59,1
246238,172,141,60,5
246239,172,141,61,5
246240,172,141,62,5
246241,172,141,63,5
246242,172,141,64,5
246243,172,141,65,5
246244,172,141,66,5
246245,172,141,67,5
246246,172,141,68,16
246247,172,141,69,16
246248,172,141,70,16
246249,172,141,71,16
246250,172,141,72,16
246251,172,142,42,11
246252,172,142,43,11
246253,172,142,44,1
246254,172,142,45,1
246255,172,142,46,1
246256,172,142,47,1
246257,172,142,48,1
246258,172,142,49,8
246259,172,142,50,8
246260,172,142,51,8
246261,172,142,52,8
246262,172,142,53,8
246263,172,142,54,1
246264,172,142,55,1
246265,172,142,56,1
246266,172,142,57,1
246267,172,142,58,1
246268,172,142,59,1
246269,172,142,60,5
246270,172,142,61,5
246271,172,142,62,5
246272,172,142,63,5
246273,172,142,64,5
246274,172,142,65,5
246275,172,142,66,5
246276,172,142,67,5
246277,172,142,68,5
246278,172,142,69,16
246279,172,142,70,16
246280,172,142,71,16
246281,172,143,42,11
246282,172,143,43,11
246283,172,143,44,9
246284,172,143,45,1
246285,172,143,46,1
246286,172,143,47,8
246287,172,143,48,8
246288,172,143,49,8
246289,172,143,50,8
246290,172,143,51,8
246291,172,143,52,8
246292,172,143,53,8
246293,172,143,54,8
246294,172,143,55,8
246295,172,143,56,8
246296,172,143,57,8
246297,172,143,58,1
246298,172,143,59,5
246299,172,143,60,5
246300,172,143,61,5
246301,172,143,62,5
246302,172,143,63,5
246303,172,143,64,5
246304,172,143,65,5
246305,172,143,66,5
246306,172,143,67,5
246307,172,143,68,5
246308,172,143,69,5
246309,172,143,70,16
246310,172,143,71,16
246311,172,144,42,11
246312,172,144,43,11
246313,172,144,44,11
246314,172,144,45,9
246315,172,144,46,1
246316,172,144,47,8
246317,172,144,48,8
246318,172,144,49,8
246319,172,144,50,8
246320,172,144,51,8
246321,172,144,52,8
246322,172,144,53,8
246323,172,144,54,8
246324,172,144,55,8
246325,172,144,56,8
246326,172,144,57,8
246327,172,144,58,8
246328,172,144,59,5
246329,172,144,60,5
246330,172,144,61,5
246331,172,144,62,5
246332,172,144,63,5
246333,172,144,64,5
246334,172,144,65,5
246335,172,144,66,5
246336,172,144,67,5
246337,172,144,68,5
246338,172,144,69,5
246339,172,144,70,15
246340,172,144,71,16
246341,172,145,44,9
246342,172,145,45,9
246343,172,145,46,1
246344,172,145,47,8
246345,172,145,48,8
246346,172,145,49,8
246347,172,145,50,8
246348,172,145,51,8
246349,172,145,52,8
246350,172,145,53,8
246351,172,145,54,8
246352,172,145,55,8
246353,172,145,56,8
246354,172,145,57,8
246355,172,145,58,8
246356,172,145,59,5
246357,172,145,60,5
246358,172,145,61,5
246359,172,145,62,5
246360,172,145,63,5
246361,172,145,64,5
246362,172,145,65,5
246363,172,145,66,5
246364,172,145,67,5
246365,172,145,68,5
246366,172,145,69,5
246367,172,145,70,15
246368,172,146,44,9
246369,172,146,45,8
246370,172,146,46,8
246371,172,146,47,8
246372,172,146,48,8
246373,172,146,49,8
246374,172,146,50,8
246375,172,146,51,8
246376,172,146,52,8
246377,172,146,53,8
246378,172,146,54,8
246379,172,146,55,8
246380,172,146,56,8
246381,172,146,57,8
246382,172,146,58,8
246383,172,146,59,5
246384,172,146,60,5
246385,172,146,61,5
246386,172,146,62,5
246387,172,146,63,5
246388,172,146,64,5
246389,172,146,65,5
246390,172,146,66,5
246391,172,146,67,5
246392,172,146,68,5
246393,172,146,69,15
246394,172,147,43,11
246395,172,147,44,9
246396,172,147,45,8
246397,172,147,46,8
246398,172,147,47,8
246399,172,147,48,8
246400,172,147,49,10
246401,172,147,50,10
246402,172,147,51,8
246403,172,147,52,8
246404,172,147,53,8
246405,172,147,54,8
246406,172,147,55,8
246407,172,147,56,8
246408,172,147,57,8
246409,172,147,58,8
246410,172,147,59,5
246411,172,147,60,5
246412,172,147,61,5
246413,172,147,62,5
246414,172,147,63,5
246415,172,147,64,5
246416,172,147,65,5
246417,172,147,66,5
246418,172,147,67,5
246419,172,148,43,11
246420,172,148,44,8
246421,172,148,45,8
246422,172,148,46,8
246423,172,148,47,8
246424,172,148,48,1
246425,172,148,49,10
246426,172,148,50,10
246427,172,148,51,10
246428,172,148,52,10
246429,172,148,53,10
246430,172,148,54,8
246431,172,148,55,8
246432,172,148,56,8
246433,172,148,57,8
246434,172,148,58,1
246435,172,148,59,5
246436,172,148,60,5
246437,172,148,61,5
246438,172,148,62,5
246439,172,148,63,15
246440,172,148,64,15
246441,172,148,65,15
246442,172,148,66,15
246443,172,149,42,11
246444,172,149,43,11
246445,172,149,44,8
246446,172,149,45,8
246447,172,149,46,8
246448,172,149,47,8
246449,172,149,48,1
246450,172,149,49,10
246451,172,149,50,10
246452,172,149,51,10
246453,172,149,52,10
246454,172,149,53,8
246455,172,149,54,8
246456,172,149,55,8
246457,172,149,56,8
246458,172,149,57,8
246459,172,149,58,5
246460,172,149,59,5
246461,172,149,60,5
246462,172,149,61,15
246463,172,149,62,15
246464,172,149,63,15
246465,172,149,64,15
246466,172,149,65,15
246467,172,150,38,11
246468,172,150,39,11
246469,172,150,40,11
246470,172,150,41,11
246471,172,150,42,11
246472,172,150,43,8
246473,172,150,44,8
246474,172,150,45,8
246475,172,150,46,8
246476,172,150,47,8
246477,172,150,48,6
246478,172,150,49,10
246479,172,150,50,10
246480,172,150,51,10
246481,172,150,52,10
246482,172,150,53,8
246483,172,150,54,8
246484,172,150,55,8
246485,172,150,56,8
246486,172,150,57,8
246487,172,150,58,5
246488,172,150,59,5
246489,172,150,60,15
246490,172,150,61,15
246491,172,150,62,15
246492,172,150,63,15
246493,172,150,64,15
246494,172,150,65,15
246495,172,151,37,11
246496,172,151,38,11
246497,172,151,39,11
246498,172,151,40,11
246499,172,151,41,11
246500,172,151,42,11
246501,172,151,43,11
246502,172,151,44,8
246503,172,151,45,8
246504,172,151,46,8
246505,172,151,47,10
246506,172,151,48,10
246507,172,151,49,10
246508,172,151,50,10
246509,172,151,51,10
246510,172,151,52,10
246511,172,151,53,8
246512,172,151,54,8
246513,172,151,55,8
246514,172,151,56,8
246515,172,151,57,8
246516,172,151,58,5
246517,172,151,59,5
246518,172,151,60,15
246519,172,151,61,15
246520,172,151,64,15
246521,172,151,65,15
246522,172,152,36,11
246523,172,152,37,11
246524,172,152,38,11
246525,172,152,39,11
246526,172,152,40,1
246527,172,152,41,1
246528,172,152,42,1
246529,172,152,43,1
246530,172,152,44,8
246531,172,152,45,8
246532,172,152,46,8
246533,172,152,47,8
246534,172,152,48,10
246535,172,152,49,10
246536,172,152,50,10
246537,172,152,51,10
246538,172,152,52,8
246539,172,152,53,8
246540,172,152,54,8
246541,172,152,55,8
246542,172,152,56,8
246543,172,152,57,8
246544,172,152,58,5
246545,172,152,59,15
246546,172,152,65,15
246547,172,152,66,15
246548,172,152,67,15
246549,172,153,36,11
246550,172,153,37,11
246551,172,153,38,11
246552,172,153,39,1
246553,172,153,40,1
246554,172,153,41,1
246555,172,153,42,1
246556,172,153,43,1
246557,172,153,44,1
246558,172,153,45,8
246559,172,153,46,8
246560,172,153,47,8
246561,172,153,48,8
246562,172,153,49,8
246563,172,153,50,8
246564,172,153,51,8
246565,172,153,52,8
246566,172,153,53,8
246567,172,153,54,8
246568,172,153,55,8
246569,172,153,56,8
246570,172,153,57,8
246571,172,153,66,15
246572,172,153,67,15
246573,172,154,37,11
246574,172,154,38,13
246575,172,154,39,1
246576,172,154,40,13
246577,172,154,41,13
246578,172,154,42,13
246579,172,154,43,13
246580,172,154,44,13
246581,172,154,45,1
246582,172,154,46,1
246583,172,154,47,1
246584,172,154,48,8
246585,172,154,49,8
246586,172,154,50,8
246587,172,154,51,8
246588,172,154,52,8
246589,172,154,53,8
246590,172,154,54,8
246591,172,154,55,8
246592,172,154,66,15
246593,172,154,67,15
246594,172,155,37,11
246595,172,155,38,13
246596,172,155,39,13
246597,172,155,40,13
246598,172,155,41,13
246599,172,155,42,13
246600,172,155,43,13
246601,172,155,44,13
246602,172,155,45,13
246603,172,155,46,1
246604,172,155,47,1
246605,172,155,48,8
246606,172,155,49,8
246607,172,155,50,8
246608,172,155,51,8
246609,172,155,52,8
246610,172,155,53,8
246611,172,155,54,8
246612,172,155,62,15
246613,172,155,65,15
246614,172,155,66,15
246615,172,155,67,15
246616,172,155,68,15
246617,172,155,69,15
246618,172,156,39,13
246619,172,156,40,13
246620,172,156,41,13
246621,172,156,42,13
246622,172,156,43,13
246623,172,156,44,13
246624,172,156,45,13
246625,172,156,46,1
246626,172,156,47,1
246627,172,156,48,1
246628,172,156,49,1
246629,172,156,50,8
246630,172,156,51,8
246631,172,156,52,8
246632,172,156,53,8
246633,172,156,54,11
246634,172,156,60,15
246635,172,156,61,15
246636,172,156,62,15
246637,172,156,63,15
246638,172,156,64,15
246639,172,156,65,15
246640,172,156,66,15
246641,172,156,67,15
246642,172,156,68,15
246643,172,156,69,15
246644,172,157,39,13
246645,172,157,40,13
246646,172,157,41,13
246647,172,157,42,13
246648,172,157,43,13
246649,172,157,44,13
246650,172,157,45,13
246651,172,157,46,13
246652,172,157,47,13
246653,172,157,48,1
246654,172,157,49,13
246655,172,157,50,13
246656,172,157,51,11
246657,172,157,52,8
246658,172,157,53,11
246659,172,157,54,11
246660,172,157,55,11
246661,172,157,56,11
246662,172,157,57,11
246663,172,157,58,11
246664,172,157,59,15
246665,172,157,60,15
246666,172,157,61,15
246667,172,157,62,15
246668,172,157,63,15
246669,172,157,64,15
246670,172,157,65,15
246671,172,157,66,15
246672,172,157,67,15
246673,172,157,68,15
246674,172,157,69,15
246675,172,158,40,13
246676,172,158,41,13
246677,172,158,42,13
246678,172,158,43,13
246679,172,158,44,13
246680,172,158,45,13
246681,172,158,46,13
246682,172,158,47,13
246683,172,158,48,1
246684,172,158,49,13
246685,172,158,50,13
246686,172,158,51,13
246687,172,158,52,5
246688,172,158,53,11
246689,172,158,54,11
246690,172,158,55,11
246691,172,158,56,15
246692,172,158,57,15
246693,172,158,58,15
246694,172,158,59,15
246695,172,158,60,15
246696,172,158,61,15
246697,172,158,62,13
246698,172,158,63,13
246699,172,158,64,13
246700,172,158,65,13
246701,172,158,66,15
246702,172,158,67,15
246703,172,158,68,15
246704,172,158,69,15
246705,172,159,40,13
246706,172,159,41,13
246707,172,159,42,13
246708,172,159,43,13
246709,172,159,44,13
246710,172,159,45,13
246711,172,159,46,13
246712,172,159,47,13
246713,172,159,48,13
246714,172,159,49,13
246715,172,159,50,13
246716,172,159,51,13
246717,172,159,52,13
246718,172,159,53,13
246719,172,159,54,13
246720,172,159,55,13
246721,172,159,56,13
246722,172,159,57,13
246723,172,159,58,13
246724,172,159,59,13
246725,172,159,60,13
246726,172,159,61,13
246727,172,159,62,13
246728,172,159,63,13
246729,172,159,64,13
246730,172,159,65,13
246731,172,159,66,15
246732,172,159,67,15
246733,172,159,68,15
246734,172,159,69,15
246735,172,159,70,15
246736,172,159,71,15
246737,172,159,72,15
246738,172,160,41,13
246739,172,160,42,13
246740,172,160,43,13
246741,172,160,44,13
246742,172,160,45,13
246743,172,160,46,13
246744,172,160,47,13
246745,172,160,48,13
246746,172,160,49,13
246747,172,160,50,13
246748,172,160,51,13
246749,172,160,52,13
246750,172,160,53,13
246751,172,160,54,13
246752,172,160,55,13
246753,172,160,56,13
246754,172,160,57,13
246755,172,160,58,13
246756,172,160,59,13
246757,172,160,60,13
246758,172,160,61,13
246759,172,160,62,13
246760,172,160,63,13
246761,172,160,64,13
246762,172,160,65,13
246763,172,160,66,13
246764,172,160,67,15
246765,172,160,68,15
246766,172,160,69,15
246767,172,160,70,15
246768,172,160,71,15
246769,172,161,41,13
246770,172,161,42,13
246771,172,161,43,13
246772,172,161,44,13
246773,172,161,45,13
246774,172,161,46,13
246775,172,161,47,13
246776,172,161,48,13
246777,172,161,49,13
246778,172,161,50,13
246779,172,161,51,13
246780,172,161,52,13
246781,172,161,53,13
246782,172,161,54,13
246783,172,161,55,13
246784,172,161,56,13
246785,172,161,57,13
246786,172,161,58,13
246787,172,161,59,13
246788,172,161,60,13
246789,172,161,61,13
246790,172,161,62,13
246791,172,161,63,13
246792,172,161,64,13
246793,172,161,65,13
246794,172,161,66,13
246795,172,161,67,13
246796,172,161,68,15
246797,172,161,69,15
246798,172,161,70,15
246799,172,161,71,15
246800,172,162,41,13
246801,172,162,42,13
246802,172,162,43,13
246803,172,162,44,13
246804,172,162,45,13
246805,172,162,46,13
246806,172,162,47,13
246807,172,162,48,13
246808,172,162,49,13
246809,172,162,50,13
246810,172,162,51,13
246811,172,162,52,13
246812,172,162,53,13
246813,172,162,54,13
246814,172,162,55,13
246815,172,162,56,13
246816,172,162,57,13
246817,172,162,58,13
246818,172,162,59,13
246819,172,162,60,13
246820,172,162,61,13
246821,172,162,62,13
246822,172,162,63,13
246823,172,162,64,13
246824,172,162,65,13
246825,172,162,66,13
246826,172,162,67,13
246827,172,162,68,13
246828,172,162,69,15
246829,172,162,70,15
246830,172,163,42,13
246831,172,163,43,13
246832,172,163,44,13
246833,172,163,45,13
246834,172,163,46,13
246835,172,163,47,13
246836,172,163,48,13
246837,172,163,49,13
246838,172,163,50,13
246839,172,163,51,13
246840,172,163,52,13
246841,172,163,53,13
246842,172,163,54,13
246843,172,163,55,13
246844,172,163,56,13
246845,172,163,57,13
246846,172,163,58,13
246847,172,163,59,13
246848,172,163,60,13
246849,172,163,61,13
246850,172,163,62,13
246851,172,163,63,13
246852,172,163,64,13
246853,172,163,65,13
246854,172,163,66,13
246855,172,163,67,13
246856,172,163,68,15
246857,172,163,69,15
246858,172,164,43,13
246859,172,164,44,13
246860,172,164,45,13
246861,172,164,46,13
246862,172,164,47,13
246863,172,164,48,13
246864,172,164,49,13
246865,172,164,50,13
246866,172,164,51,13
246867,172,164,52,13
246868,172,164,53,13
246869,172,164,54,13
246870,172,164,55,13
246871,172,164,56,13
246872,172,164,57,15
246873,172,164,60,13
246874,172,164,61,13
246875,172,164,62,13
246876,172,164,63,13
246877,172,164,64,13
246878,172,164,65,13
246879,172,164,66,13
246880,172,164,67,13
246881,172,164,68,15
246882,172,165,44,13
246883,172,165,45,13
246884,172,165,46,13
246885,172,165,47,13
246886,172,165,48,13
246887,172,165,49,13
246888,172,165,50,13
246889,172,165,51,13
246890,172,165,52,13
246891,172,165,53,13
246892,172,165,54,13
246893,172,165,55,13
246894,172,165,56,15
246895,172,165,61,13
246896,172,165,62,13
246897,172,165,63,13
246898,172,165,64,15
246899,172,165,65,13
246900,172,165,66,13
246901,172,166,45,13
246902,172,166,46,13
246903,172,166,47,13
246904,172,166,48,13
246905,172,166,49,13
246906,172,166,50,13
246907,172,166,51,13
246908,172,166,52,13
246909,172,166,53,13
246910,172,166,54,13
246911,172,166,55,13
246912,172,166,62,15
246913,172,166,63,15
246914,172,166,64,15
246915,172,167,44,11
246916,172,167,45,13
246917,172,167,48,13
246918,172,167,49,13
246919,172,167,50,13
246920,172,167,51,13
246921,172,167,52,13
246922,172,167,53,13
246923,172,167,54,13
246924,172,167,62,15
246925,172,168,43,11
246926,172,168,44,11
246927,172,168,48,13
246928,172,168,49,13
246929,172,168,50,13
246930,172,168,51,13
246931,172,168,52,13
246932,172,169,50,13
246933,173,121,54,9
246934,173,121,55,9
246935,173,121,56,16
246936,173,121,57,16
246937,173,122,52,9
246938,173,122,53,9
246939,173,122,54,9
246940,173,122,55,9
246941,173,122,56,9
246942,173,122,57,16
246943,173,122,58,16
246944,173,122,59,16
246945,173,122,60,16
246946,173,122,61,16
246947,173,122,62,16
246948,173,123,49,11
246949,173,123,50,11
246950,173,123,51,9
246951,173,123,52,9
246952,173,123,53,9
246953,173,123,54,9
246954,173,123,55,9
246955,173,123,56,9
246956,173,123,57,11
246957,173,123,58,16
246958,173,123,59,16
246959,173,123,60,16
246960,173,123,61,16
246961,173,123,62,16
246962,173,124,42,11
246963,173,124,46,11
246964,173,124,47,11
246965,173,124,48,11
246966,173,124,49,11
246967,173,124,50,11
246968,173,124,51,9
246969,173,124,52,9
246970,173,124,53,9
246971,173,124,54,9
246972,173,124,55,9
246973,173,124,56,9
246974,173,124,57,5
246975,173,124,58,5
246976,173,124,59,5
246977,173,124,60,16
246978,173,124,61,16
246979,173,124,62,16
246980,173,124,63,16
246981,173,125,42,11
246982,173,125,44,11
246983,173,125,45,11
246984,173,125,46,11
246985,173,125,47,11
246986,173,125,48,11
246987,173,125,49,11
246988,173,125,50,11
246989,173,125,51,11
246990,173,125,52,9
246991,173,125,53,9
246992,173,125,54,9
246993,173,125,55,9
246994,173,125,56,9
246995,173,125,57,5
246996,173,125,58,5
246997,173,125,59,5
246998,173,125,60,5
246999,173,125,61,16
247000,173,125,62,16
247001,173,125,63,16
247002,173,126,42,11
247003,173,126,43,11
247004,173,126,44,11
247005,173,126,45,11
247006,173,126,46,11
247007,173,126,47,11
247008,173,126,48,11
247009,173,126,49,11
247010,173,126,50,11
247011,173,126,51,11
247012,173,126,52,9
247013,173,126,53,9
247014,173,126,54,9
247015,173,126,55,9
247016,173,126,56,9
247017,173,126,57,1
247018,173,126,58,5
247019,173,126,59,5
247020,173,126,60,5
247021,173,126,61,16
247022,173,126,62,16
247023,173,126,63,16
247024,173,127,42,11
247025,173,127,43,11
247026,173,127,44,11
247027,173,127,45,11
247028,173,127,46,11
247029,173,127,47,11
247030,173,127,48,11
247031,173,127,49,11
247032,173,127,50,9
247033,173,127,51,1
247034,173,127,52,1
247035,173,127,53,9
247036,173,127,54,9
247037,173,127,55,9
247038,173,127,56,9
247039,173,127,57,1
247040,173,127,58,1
247041,173,127,59,5
247042,173,127,60,5
247043,173,127,61,16
247044,173,127,62,16
247045,173,127,63,16
247046,173,128,44,11
247047,173,128,45,11
247048,173,128,46,11
247049,173,128,47,11
247050,173,128,48,1
247051,173,128,49,1
247052,173,128,50,1
247053,173,128,51,1
247054,173,128,52,9
247055,173,128,53,9
247056,173,128,54,9
247057,173,128,55,9
247058,173,128,56,9
247059,173,128,57,9
247060,173,128,58,1
247061,173,128,59,5
247062,173,128,60,5
247063,173,128,61,16
247064,173,128,62,16
247065,173,129,44,9
247066,173,129,45,9
247067,173,129,46,1
247068,173,129,47,1
247069,173,129,48,1
247070,173,129,49,1
247071,173,129,50,1
247072,173,129,51,1
247073,173,129,52,9
247074,173,129,53,9
247075,173,129,55,9
247076,173,129,56,9
247077,173,129,57,9
247078,173,129,58,1
247079,173,129,59,5
247080,173,129,60,5
247081,173,129,61,16
247082,173,129,62,16
247083,173,130,44,9
247084,173,130,45,1
247085,173,130,46,1
247086,173,130,47,1
247087,173,130,48,1
247088,173,130,49,1
247089,173,130,50,1
247090,173,130,51,1
247091,173,130,52,9
247092,173,130,53,9
247093,173,130,54,9
247094,173,130,55,9
247095,173,130,56,9
247096,173,130,57,9
247097,173,130,58,1
247098,173,130,59,5
247099,173,130,60,5
247100,173,130,61,16
247101,173,130,62,16
247102,173,131,43,11
247103,173,131,44,1
247104,173,131,45,1
247105,173,131,46,1
247106,173,131,47,1
247107,173,131,48,1
247108,173,131,49,1
247109,173,131,50,1
247110,173,131,51,9
247111,173,131,52,9
247112,173,131,53,9
247113,173,131,54,9
247114,173,131,55,9
247115,173,131,56,9
247116,173,131,57,5
247117,173,131,58,5
247118,173,131,59,5
247119,173,131,60,5
247120,173,131,61,16
247121,173,131,62,16
247122,173,131,63,16
247123,173,132,42,11
247124,173,132,43,11
247125,173,132,44,1
247126,173,132,45,1
247127,173,132,46,1
247128,173,132,47,1
247129,173,132,48,1
247130,173,132,49,1
247131,173,132,50,1
247132,173,132,51,1
247133,173,132,52,9
247134,173,132,53,9
247135,173,132,54,9
247136,173,132,55,9
247137,173,132,56,5
247138,173,132,57,5
247139,173,132,58,5
247140,173,132,59,1
247141,173,132,60,5
247142,173,132,61,5
247143,173,132,62,16
247144,173,132,63,16
247145,173,132,64,16
247146,173,133,42,11
247147,173,133,43,11
247148,173,133,44,1
247149,173,133,45,1
247150,173,133,46,1
247151,173,133,47,1
247152,173,133,48,1
247153,173,133,49,1
247154,173,133,50,1
247155,173,133,51,1
247156,173,133,52,9
247157,173,133,53,9
247158,173,133,54,9
247159,173,133,55,5
247160,173,133,56,5
247161,173,133,57,1
247162,173,133,58,1
247163,173,133,59,1
247164,173,133,60,5
247165,173,133,61,5
247166,173,133,62,16
247167,173,133,63,16
247168,173,133,64,16
247169,173,133,65,16
247170,173,134,43,11
247171,173,134,44,1
247172,173,134,45,1
247173,173,134,46,1
247174,173,134,47,1
247175,173,134,48,1
247176,173,134,49,1
247177,173,134,50,1
247178,173,134,51,9
247179,173,134,52,9
247180,173,134,53,9
247181,173,134,54,9
247182,173,134,55,5
247183,173,134,56,1
247184,173,134,57,1
247185,173,134,58,1
247186,173,134,59,1
247187,173,134,60,1
247188,173,134,61,5
247189,173,134,62,5
247190,173,134,63,16
247191,173,134,64,16
247192,173,134,65,16
247193,173,134,66,16
247194,173,135,43,11
247195,173,135,44,1
247196,173,135,45,1
247197,173,135,46,1
247198,173,135,47,1
247199,173,135,48,1
247200,173,135,49,1
247201,173,135,50,1
247202,173,135,51,9
247203,173,135,52,9
247204,173,135,53,9
247205,173,135,54,5
247206,173,135,55,1
247207,173,135,56,1
247208,173,135,57,1
247209,173,135,58,1
247210,173,135,59,1
247211,173,135,60,1
247212,173,135,61,5
247213,173,135,62,5
247214,173,135,63,5
247215,173,135,64,16
247216,173,135,65,16
247217,173,135,66,16
247218,173,136,42,11
247219,173,136,43,11
247220,173,136,44,9
247221,173,136,45,1
247222,173,136,46,1
247223,173,136,47,1
247224,173,136,48,1
247225,173,136,49,1
247226,173,136,50,1
247227,173,136,51,9
247228,173,136,52,9
247229,173,136,53,5
247230,173,136,54,1
247231,173,136,55,1
247232,173,136,56,1
247233,173,136,57,1
247234,173,136,58,1
247235,173,136,59,1
247236,173,136,60,1
247237,173,136,61,5
247238,173,136,62,5
247239,173,136,63,5
247240,173,136,64,5
247241,173,136,65,5
247242,173,136,66,16
247243,173,136,67,16
247244,173,137,42,11
247245,173,137,43,11
247246,173,137,44,9
247247,173,137,45,1
247248,173,137,46,1
247249,173,137,47,1
247250,173,137,48,1
247251,173,137,49,1
247252,173,137,50,1
247253,173,137,51,9
247254,173,137,52,5
247255,173,137,53,1
247256,173,137,54,1
247257,173,137,55,1
247258,173,137,56,1
247259,173,137,57,1
247260,173,137,58,1
247261,173,137,59,1
247262,173,137,60,1
247263,173,137,61,5
247264,173,137,62,5
247265,173,137,63,5
247266,173,137,64,5
247267,173,137,65,5
247268,173,137,66,16
247269,173,137,67,16
247270,173,138,41,11
247271,173,138,42,11
247272,173,138,43,11
247273,173,138,44,1
247274,173,138,45,1
247275,173,138,46,1
247276,173,138,47,1
247277,173,138,48,1
247278,173,138,49,1
247279,173,138,50,1
247280,173,138,51,1
247281,173,138,52,5
247282,173,138,53,1
247283,173,138,54,1
247284,173,138,55,1
247285,173,138,56,1
247286,173,138,57,1
247287,173,138,58,1
247288,173,138,59,1
247289,173,138,60,1
247290,173,138,61,5
247291,173,138,62,5
247292,173,138,63,5
247293,173,138,64,5
247294,173,138,65,5
247295,173,138,66,16
247296,173,138,67,16
247297,173,139,41,11
247298,173,139,42,11
247299,173,139,43,11
247300,173,139,44,1
247301,173,139,45,1
247302,173,139,46,1
247303,173,139,47,1
247304,173,139,48,1
247305,173,139,49,1
247306,173,139,50,1
247307,173,139,51,1
247308,173,139,52,1
247309,173,139,53,1
247310,173,139,54,1
247311,173,139,55,1
247312,173,139,56,1
247313,173,139,57,1
247314,173,139,58,1
247315,173,139,59,1
247316,173,139,60,1
247317,173,139,61,5
247318,173,139,62,5
247319,173,139,63,5
247320,173,139,64,5
247321,173,139,65,5
247322,173,139,66,16
247323,173,139,67,16
247324,173,140,42,11
247325,173,140,43,11
247326,173,140,44,1
247327,173,140,45,1
247328,173,140,46,1
247329,173,140,47,1
247330,173,140,48,1
247331,173,140,49,1
247332,173,140,50,1
247333,173,140,51,1
247334,173,140,52,1
247335,173,140,53,1
247336,173,140,54,1
247337,173,140,55,1
247338,173,140,56,1
247339,173,140,57,1
247340,173,140,58,1
247341,173,140,59,1
247342,173,140,60,5
247343,173,140,61,5
247344,173,140,62,5
247345,173,140,63,5
247346,173,140,64,5
247347,173,140,65,5
247348,173,140,66,16
247349,173,140,67,16
247350,173,141,41,11
247351,173,141,42,11
247352,173,141,43,11
247353,173,141,44,1
247354,173,141,45,1
247355,173,141,46,1
247356,173,141,47,1
247357,173,141,48,1
247358,173,141,49,1
247359,173,141,50,1
247360,173,141,51,1
247361,173,141,52,1
247362,173,141,53,1
247363,173,141,54,1
247364,173,141,55,1
247365,173,141,56,1
247366,173,141,57,1
247367,173,141,58,1
247368,173,141,59,5
247369,173,141,60,5
247370,173,141,61,5
247371,173,141,62,5
247372,173,141,63,5
247373,173,141,64,5
247374,173,141,65,5
247375,173,141,66,5
247376,173,141,67,5
247377,173,141,68,16
247378,173,141,69,16
247379,173,141,70,16
247380,173,141,71,16
247381,173,142,40,11
247382,173,142,41,11
247383,173,142,42,11
247384,173,142,43,11
247385,173,142,44,1
247386,173,142,45,1
247387,173,142,46,1
247388,173,142,47,1
247389,173,142,48,1
247390,173,142,49,1
247391,173,142,50,1
247392,173,142,51,1
247393,173,142,52,1
247394,173,142,53,1
247395,173,142,54,1
247396,173,142,55,1
247397,173,142,56,1
247398,173,142,57,1
247399,173,142,58,1
247400,173,142,59,5
247401,173,142,60,5
247402,173,142,61,5
247403,173,142,62,5
247404,173,142,63,5
247405,173,142,64,5
247406,173,142,65,5
247407,173,142,66,5
247408,173,142,67,5
247409,173,142,68,5
247410,173,142,69,16
247411,173,142,70,16
247412,173,142,71,16
247413,173,143,41,11
247414,173,143,42,11
247415,173,143,43,11
247416,173,143,44,9
247417,173,143,45,9
247418,173,143,46,1
247419,173,143,47,1
247420,173,143,48,1
247421,173,143,49,1
247422,173,143,50,8
247423,173,143,51,1
247424,173,143,52,1
247425,173,143,53,1
247426,173,143,54,1
247427,173,143,55,1
247428,173,143,56,1
247429,173,143,57,1
247430,173,143,58,5
247431,173,143,59,5
247432,173,143,60,5
247433,173,143,61,5
247434,173,143,62,5
247435,173,143,63,5
247436,173,143,64,5
247437,173,143,65,5
247438,173,143,66,5
247439,173,143,67,5
247440,173,143,68,5
247441,173,143,69,15
247442,173,143,70,15
247443,173,143,71,16
247444,173,144,41,11
247445,173,144,42,9
247446,173,144,43,9
247447,173,144,44,9
247448,173,144,45,9
247449,173,144,46,9
247450,173,144,47,1
247451,173,144,48,1
247452,173,144,49,8
247453,173,144,50,8
247454,173,144,51,8
247455,173,144,52,8
247456,173,144,53,1
247457,173,144,54,1
247458,173,144,55,1
247459,173,144,56,1
247460,173,144,57,5
247461,173,144,58,5
247462,173,144,59,5
247463,173,144,60,5
247464,173,144,61,5
247465,173,144,62,5
247466,173,144,63,15
247467,173,144,64,15
247468,173,144,65,5
247469,173,144,66,5
247470,173,144,67,5
247471,173,144,68,5
247472,173,144,69,5
247473,173,144,70,15
247474,173,144,71,16
247475,173,145,42,11
247476,173,145,44,11
247477,173,145,45,9
247478,173,145,46,9
247479,173,145,47,1
247480,173,145,48,8
247481,173,145,49,8
247482,173,145,50,8
247483,173,145,51,8
247484,173,145,52,8
247485,173,145,53,8
247486,173,145,54,8
247487,173,145,55,8
247488,173,145,56,1
247489,173,145,57,5
247490,173,145,58,5
247491,173,145,59,5
247492,173,145,60,5
247493,173,145,61,5
247494,173,145,62,15
247495,173,145,63,15
247496,173,145,64,15
247497,173,145,65,15
247498,173,145,66,5
247499,173,145,67,5
247500,173,145,68,5
247501,173,145,69,5
247502,173,145,70,15
247503,173,146,42,11
247504,173,146,44,11
247505,173,146,45,9
247506,173,146,46,9
247507,173,146,47,8
247508,173,146,48,8
247509,173,146,49,8
247510,173,146,50,8
247511,173,146,51,8
247512,173,146,52,8
247513,173,146,53,8
247514,173,146,54,8
247515,173,146,55,8
247516,173,146,56,8
247517,173,146,57,8
247518,173,146,58,5
247519,173,146,59,5
247520,173,146,60,5
247521,173,146,61,5
247522,173,146,62,15
247523,173,146,63,15
247524,173,146,64,15
247525,173,146,65,15
247526,173,146,66,15
247527,173,146,67,5
247528,173,146,68,15
247529,173,146,69,15
247530,173,147,42,11
247531,173,147,43,11
247532,173,147,44,9
247533,173,147,45,9
247534,173,147,46,8
247535,173,147,47,8
247536,173,147,48,8
247537,173,147,49,8
247538,173,147,50,8
247539,173,147,51,8
247540,173,147,52,8
247541,173,147,53,8
247542,173,147,54,8
247543,173,147,55,8
247544,173,147,56,8
247545,173,147,57,8
247546,173,147,58,5
247547,173,147,59,5
247548,173,147,60,5
247549,173,147,61,5
247550,173,147,62,15
247551,173,147,63,15
247552,173,147,64,15
247553,173,147,65,15
247554,173,147,66,15
247555,173,148,41,11
247556,173,148,42,11
247557,173,148,43,11
247558,173,148,44,11
247559,173,148,45,8
247560,173,148,46,8
247561,173,148,47,8
247562,173,148,48,8
247563,173,148,49,8
247564,173,148,50,8
247565,173,148,51,8
247566,173,148,52,8
247567,173,148,53,8
247568,173,148,54,8
247569,173,148,55,8
247570,173,148,56,8
247571,173,148,57,8
247572,173,148,58,5
247573,173,148,59,5
247574,173,148,60,5
247575,173,148,61,5
247576,173,148,62,15
247577,173,148,63,11
247578,173,148,64,11
247579,173,148,65,15
247580,173,149,41,11
247581,173,149,42,11
247582,173,149,43,11
247583,173,149,44,11
247584,173,149,45,8
247585,173,149,46,8
247586,173,149,47,8
247587,173,149,48,8
247588,173,149,49,8
247589,173,149,50,8
247590,173,149,51,8
247591,173,149,52,8
247592,173,149,53,8
247593,173,149,54,8
247594,173,149,55,8
247595,173,149,56,8
247596,173,149,57,8
247597,173,149,58,5
247598,173,149,59,5
247599,173,149,60,5
247600,173,149,61,15
247601,173,149,62,15
247602,173,150,40,11
247603,173,150,41,11
247604,173,150,42,11
247605,173,150,43,11
247606,173,150,44,11
247607,173,150,45,8
247608,173,150,46,8
247609,173,150,47,8
247610,173,150,48,8
247611,173,150,49,8
247612,173,150,50,8
247613,173,150,51,8
247614,173,150,52,8
247615,173,150,53,8
247616,173,150,54,8
247617,173,150,55,8
247618,173,150,56,8
247619,173,150,57,5
247620,173,150,58,5
247621,173,150,59,5
247622,173,150,60,5
247623,173,150,61,15
247624,173,151,38,11
247625,173,151,39,11
247626,173,151,40,11
247627,173,151,41,11
247628,173,151,42,11
247629,173,151,43,1
247630,173,151,44,1
247631,173,151,45,8
247632,173,151,46,8
247633,173,151,47,8
247634,173,151,48,8
247635,173,151,49,8
247636,173,151,50,8
247637,173,151,51,8
247638,173,151,52,8
247639,173,151,53,8
247640,173,151,54,8
247641,173,151,55,8
247642,173,151,56,8
247643,173,151,57,5
247644,173,151,58,5
247645,173,151,59,15
247646,173,152,36,11
247647,173,152,37,11
247648,173,152,38,11
247649,173,152,39,11
247650,173,152,40,1
247651,173,152,41,1
247652,173,152,42,1
247653,173,152,43,1
247654,173,152,44,1
247655,173,152,45,1
247656,173,152,46,8
247657,173,152,47,8
247658,173,152,48,8
247659,173,152,49,8
247660,173,152,50,8
247661,173,152,51,8
247662,173,152,52,8
247663,173,152,53,8
247664,173,152,54,8
247665,173,152,55,8
247666,173,152,56,8
247667,173,152,57,15
247668,173,153,36,11
247669,173,153,37,11
247670,173,153,38,11
247671,173,153,39,1
247672,173,153,40,1
247673,173,153,41,1
247674,173,153,42,13
247675,173,153,43,1
247676,173,153,44,13
247677,173,153,45,1
247678,173,153,46,8
247679,173,153,47,8
247680,173,153,48,8
247681,173,153,49,8
247682,173,153,50,8
247683,173,153,51,8
247684,173,153,52,8
247685,173,153,53,8
247686,173,153,54,8
247687,173,153,55,8
247688,173,154,36,11
247689,173,154,37,11
247690,173,154,38,11
247691,173,154,39,13
247692,173,154,40,13
247693,173,154,41,13
247694,173,154,42,13
247695,173,154,43,13
247696,173,154,44,13
247697,173,154,45,1
247698,173,154,46,1
247699,173,154,47,1
247700,173,154,48,8
247701,173,154,49,8
247702,173,154,50,8
247703,173,154,51,8
247704,173,154,52,8
247705,173,154,53,11
247706,173,154,54,11
247707,173,155,37,11
247708,173,155,38,13
247709,173,155,39,13
247710,173,155,40,13
247711,173,155,41,13
247712,173,155,42,13
247713,173,155,43,13
247714,173,155,44,13
247715,173,155,45,13
247716,173,155,46,1
247717,173,155,47,1
247718,173,155,48,1
247719,173,155,49,8
247720,173,155,50,8
247721,173,155,51,8
247722,173,155,52,11
247723,173,155,53,11
247724,173,155,54,11
247725,173,155,67,15
247726,173,155,68,15
247727,173,156,37,11
247728,173,156,38,11
247729,173,156,39,13
247730,173,156,40,13
247731,173,156,41,13
247732,173,156,42,13
247733,173,156,43,13
247734,173,156,44,13
247735,173,156,45,13
247736,173,156,46,13
247737,173,156,47,13
247738,173,156,48,1
247739,173,156,49,1
247740,173,156,50,1
247741,173,156,51,8
247742,173,156,52,11
247743,173,156,53,11
247744,173,156,61,11
247745,173,156,62,11
247746,173,156,63,11
247747,173,156,64,15
247748,173,156,65,15
247749,173,156,66,15
247750,173,156,67,15
247751,173,156,68,15
247752,173,157,39,13
247753,173,157,40,13
247754,173,157,41,13
247755,173,157,42,13
247756,173,157,43,13
247757,173,157,44,13
247758,173,157,45,13
247759,173,157,46,13
247760,173,157,47,13
247761,173,157,48,13
247762,173,157,49,13
247763,173,157,50,13
247764,173,157,51,1
247765,173,157,52,11
247766,173,157,53,11
247767,173,157,56,11
247768,173,157,57,11
247769,173,157,58,11
247770,173,157,59,11
247771,173,157,60,11
247772,173,157,61,11
247773,173,157,62,11
247774,173,157,63,15
247775,173,157,64,15
247776,173,157,65,15
247777,173,157,66,15
247778,173,157,67,15
247779,173,157,68,15
247780,173,157,69,15
247781,173,157,70,15
247782,173,158,40,13
247783,173,158,41,13
247784,173,158,42,13
247785,173,158,43,13
247786,173,158,44,13
247787,173,158,45,13
247788,173,158,46,13
247789,173,158,47,13
247790,173,158,48,13
247791,173,158,49,13
247792,173,158,50,1
247793,173,158,51,1
247794,173,158,52,1
247795,173,158,53,11
247796,173,158,54,11
247797,173,158,55,11
247798,173,158,56,11
247799,173,158,57,11
247800,173,158,58,11
247801,173,158,59,11
247802,173,158,60,11
247803,173,158,61,11
247804,173,158,62,15
247805,173,158,63,15
247806,173,158,64,15
247807,173,158,65,15
247808,173,158,66,15
247809,173,158,67,15
247810,173,158,68,15
247811,173,158,69,15
247812,173,158,70,15
247813,173,158,71,15
247814,173,158,72,15
247815,173,159,40,13
247816,173,159,41,13
247817,173,159,42,13
247818,173,159,43,13
247819,173,159,44,13
247820,173,159,45,13
247821,173,159,46,13
247822,173,159,47,13
247823,173,159,48,13
247824,173,159,49,13
247825,173,159,50,13
247826,173,159,51,13
247827,173,159,52,13
247828,173,159,53,13
247829,173,159,54,13
247830,173,159,55,13
247831,173,159,56,11
247832,173,159,57,11
247833,173,159,58,11
247834,173,159,59,11
247835,173,159,60,13
247836,173,159,61,13
247837,173,159,62,13
247838,173,159,63,13
247839,173,159,64,13
247840,173,159,65,15
247841,173,159,66,15
247842,173,159,67,15
247843,173,159,68,15
247844,173,159,69,15
247845,173,159,70,15
247846,173,159,71,15
247847,173,159,72,15
247848,173,160,41,13
247849,173,160,42,13
247850,173,160,43,13
247851,173,160,44,13
247852,173,160,45,13
247853,173,160,46,13
247854,173,160,47,13
247855,173,160,48,13
247856,173,160,49,13
247857,173,160,50,13
247858,173,160,51,13
247859,173,160,52,13
247860,173,160,53,13
247861,173,160,54,13
247862,173,160,55,13
247863,173,160,56,13
247864,173,160,57,11
247865,173,160,58,13
247866,173,160,59,13
247867,173,160,60,13
247868,173,160,61,13
247869,173,160,62,13
247870,173,160,63,13
247871,173,160,64,13
247872,173,160,65,13
247873,173,160,66,13
247874,173,160,67,13
247875,173,160,68,15
247876,173,160,69,15
247877,173,160,70,15
247878,173,160,71,15
247879,173,160,72,15
247880,173,161,41,13
247881,173,161,42,13
247882,173,161,43,13
247883,173,161,44,13
247884,173,161,45,13
247885,173,161,46,13
247886,173,161,47,13
247887,173,161,48,13
247888,173,161,49,13
247889,173,161,50,13
247890,173,161,51,13
247891,173,161,52,13
247892,173,161,53,13
247893,173,161,54,13
247894,173,161,55,13
247895,173,161,56,13
247896,173,161,57,15
247897,173,161,58,13
247898,173,161,59,13
247899,173,161,60,13
247900,173,161,61,13
247901,173,161,62,13
247902,173,161,63,13
247903,173,161,64,13
247904,173,161,65,13
247905,173,161,66,13
247906,173,161,67,13
247907,173,161,68,13
247908,173,161,69,15
247909,173,161,70,15
247910,173,161,71,15
247911,173,162,42,13
247912,173,162,43,13
247913,173,162,44,13
247914,173,162,45,13
247915,173,162,46,13
247916,173,162,47,13
247917,173,162,48,13
247918,173,162,49,13
247919,173,162,50,13
247920,173,162,51,13
247921,173,162,52,13
247922,173,162,53,13
247923,173,162,54,13
247924,173,162,55,13
247925,173,162,56,13
247926,173,162,57,15
247927,173,162,58,15
247928,173,162,59,13
247929,173,162,60,13
247930,173,162,61,13
247931,173,162,62,13
247932,173,162,63,13
247933,173,162,64,13
247934,173,162,65,13
247935,173,162,66,13
247936,173,162,67,13
247937,173,162,68,13
247938,173,162,69,15
247939,173,162,70,15
247940,173,163,43,13
247941,173,163,44,13
247942,173,163,45,13
247943,173,163,46,13
247944,173,163,47,13
247945,173,163,48,13
247946,173,163,49,13
247947,173,163,50,13
247948,173,163,51,13
247949,173,163,52,13
247950,173,163,53,13
247951,173,163,54,13
247952,173,163,55,13
247953,173,163,56,11
247954,173,163,58,15
247955,173,163,59,15
247956,173,163,60,13
247957,173,163,61,13
247958,173,163,62,13
247959,173,163,63,13
247960,173,163,64,13
247961,173,163,65,13
247962,173,163,66,13
247963,173,163,67,13
247964,173,163,68,13
247965,173,164,43,13
247966,173,164,44,13
247967,173,164,45,13
247968,173,164,46,13
247969,173,164,47,13
247970,173,164,48,13
247971,173,164,49,13
247972,173,164,50,13
247973,173,164,51,13
247974,173,164,52,13
247975,173,164,53,13
247976,173,164,54,13
247977,173,164,55,11
247978,173,164,61,13
247979,173,164,62,15
247980,173,164,67,13
247981,173,165,43,13
247982,173,165,46,13
247983,173,165,47,13
247984,173,165,48,13
247985,173,165,49,13
247986,173,165,50,13
247987,173,165,51,13
247988,173,165,52,13
247989,173,165,53,13
247990,173,165,54,13
247991,173,165,55,11
247992,173,166,46,13
247993,173,166,47,13
247994,173,166,48,13
247995,173,166,49,13
247996,173,166,51,13
247997,173,166,52,13
247998,173,166,53,13
247999,173,166,54,11
248000,173,167,48,13
248001,173,167,52,13
248002,174,122,56,9
248003,174,122,57,16
248004,174,122,58,16
248005,174,122,59,16
248006,174,122,60,16
248007,174,122,61,16
248008,174,122,62,16
248009,174,123,50,11
248010,174,123,51,9
248011,174,123,54,9
248012,174,123,55,9
248013,174,123,56,9
248014,174,123,57,11
248015,174,123,58,16
248016,174,123,59,16
248017,174,123,60,16
248018,174,123,61,16
248019,174,123,62,16
248020,174,124,46,11
248021,174,124,47,11
248022,174,124,48,11
248023,174,124,49,11
248024,174,124,50,11
248025,174,124,51,9
248026,174,124,52,9
248027,174,124,53,9
248028,174,124,54,9
248029,174,124,55,9
248030,174,124,56,9
248031,174,124,57,9
248032,174,124,58,5
248033,174,124,59,5
248034,174,124,60,16
248035,174,124,61,16
248036,174,124,62,16
248037,174,124,63,16
248038,174,125,44,11
248039,174,125,45,11
248040,174,125,46,11
248041,174,125,47,11
248042,174,125,48,11
248043,174,125,49,11
248044,174,125,50,11
248045,174,125,51,11
248046,174,125,52,9
248047,174,125,53,9
248048,174,125,54,9
248049,174,125,55,9
248050,174,125,56,9
248051,174,125,57,5
248052,174,125,58,5
248053,174,125,59,5
248054,174,125,60,5
248055,174,125,61,16
248056,174,125,62,16
248057,174,126,44,11
248058,174,126,45,11
248059,174,126,46,11
248060,174,126,47,11
248061,174,126,48,11
248062,174,126,49,11
248063,174,126,50,11
248064,174,126,51,11
248065,174,126,52,9
248066,174,126,53,9
248067,174,126,54,9
248068,174,126,55,9
248069,174,126,56,9
248070,174,126,57,9
248071,174,126,58,1
248072,174,126,59,5
248073,174,126,60,5
248074,174,126,61,16
248075,174,126,62,16
248076,174,127,43,11
248077,174,127,44,11
248078,174,127,45,11
248079,174,127,46,11
248080,174,127,47,11
248081,174,127,48,11
248082,174,127,49,11
248083,174,127,50,11
248084,174,127,51,11
248085,174,127,52,11
248086,174,127,53,9
248087,174,127,54,9
248088,174,127,55,9
248089,174,127,56,9
248090,174,127,57,1
248091,174,127,58,1
248092,174,127,59,5
248093,174,127,60,5
248094,174,127,61,16
248095,174,127,62,16
248096,174,128,43,11
248097,174,128,44,11
248098,174,128,45,11
248099,174,128,46,11
248100,174,128,47,11
248101,174,128,48,11
248102,174,128,49,11
248103,174,128,50,5
248104,174,128,51,11
248105,174,128,52,11
248106,174,128,56,9
248107,174,128,57,1
248108,174,128,58,1
248109,174,128,59,5
248110,174,128,60,5
248111,174,128,61,16
248112,174,128,62,16
248113,174,129,44,11
248114,174,129,45,11
248115,174,129,46,11
248116,174,129,47,1
248117,174,129,48,1
248118,174,129,49,1
248119,174,129,50,9
248120,174,129,51,9
248121,174,129,52,11
248122,174,129,56,9
248123,174,129,57,1
248124,174,129,58,1
248125,174,129,59,5
248126,174,129,60,5
248127,174,129,61,16
248128,174,129,62,16
248129,174,130,43,11
248130,174,130,44,11
248131,174,130,45,1
248132,174,130,46,1
248133,174,130,47,1
248134,174,130,48,1
248135,174,130,49,1
248136,174,130,50,9
248137,174,130,51,9
248138,174,130,56,9
248139,174,130,57,5
248140,174,130,58,1
248141,174,130,59,5
248142,174,130,60,5
248143,174,130,61,16
248144,174,130,62,16
248145,174,130,63,16
248146,174,131,42,11
248147,174,131,43,11
248148,174,131,44,1
248149,174,131,45,1
248150,174,131,46,1
248151,174,131,47,1
248152,174,131,48,1
248153,174,131,49,1
248154,174,131,50,9
248155,174,131,51,11
248156,174,131,55,9
248157,174,131,56,9
248158,174,131,57,5
248159,174,131,58,1
248160,174,131,59,5
248161,174,131,60,5
248162,174,131,61,16
248163,174,131,62,16
248164,174,131,63,16
248165,174,132,42,11
248166,174,132,43,11
248167,174,132,44,1
248168,174,132,45,1
248169,174,132,46,1
248170,174,132,47,1
248171,174,132,48,1
248172,174,132,49,1
248173,174,132,50,9
248174,174,132,51,11
248175,174,132,54,11
248176,174,132,55,9
248177,174,132,56,9
248178,174,132,57,5
248179,174,132,58,1
248180,174,132,59,1
248181,174,132,60,5
248182,174,132,61,5
248183,174,132,62,16
248184,174,132,63,16
248185,174,132,64,16
248186,174,133,42,11
248187,174,133,43,11
248188,174,133,44,1
248189,174,133,45,1
248190,174,133,46,1
248191,174,133,47,1
248192,174,133,48,1
248193,174,133,49,1
248194,174,133,50,9
248195,174,133,51,11
248196,174,133,52,11
248197,174,133,54,11
248198,174,133,55,11
248199,174,133,56,1
248200,174,133,57,1
248201,174,133,58,1
248202,174,133,59,1
248203,174,133,60,5
248204,174,133,61,5
248205,174,133,62,5
248206,174,133,63,16
248207,174,133,64,16
248208,174,134,42,11
248209,174,134,43,11
248210,174,134,44,1
248211,174,134,45,1
248212,174,134,46,1
248213,174,134,47,1
248214,174,134,48,1
248215,174,134,49,1
248216,174,134,50,11
248217,174,134,51,11
248218,174,134,52,11
248219,174,134,53,11
248220,174,134,54,11
248221,174,134,55,9
248222,174,134,56,1
248223,174,134,57,1
248224,174,134,58,1
248225,174,134,59,1
248226,174,134,60,1
248227,174,134,61,5
248228,174,134,62,5
248229,174,134,63,16
248230,174,134,64,16
248231,174,134,65,16
248232,174,134,66,16
248233,174,135,41,11
248234,174,135,42,11
248235,174,135,43,11
248236,174,135,44,1
248237,174,135,45,1
248238,174,135,46,1
248239,174,135,47,1
248240,174,135,48,1
248241,174,135,49,1
248242,174,135,50,11
248243,174,135,51,11
248244,174,135,52,11
248245,174,135,53,11
248246,174,135,54,11
248247,174,135,55,1
248248,174,135,56,1
248249,174,135,57,1
248250,174,135,58,1
248251,174,135,59,1
248252,174,135,60,1
248253,174,135,61,5
248254,174,135,62,5
248255,174,135,63,5
248256,174,135,64,16
248257,174,135,65,16
248258,174,135,66,16
248259,174,136,41,11
248260,174,136,42,11
248261,174,136,43,11
248262,174,136,44,1
248263,174,136,45,1
248264,174,136,46,1
248265,174,136,47,1
248266,174,136,48,1
248267,174,136,49,1
248268,174,136,50,11
248269,174,136,51,11
248270,174,136,52,11
248271,174,136,53,11
248272,174,136,54,5
248273,174,136,55,1
248274,174,136,56,1
248275,174,136,57,1
248276,174,136,58,1
248277,174,136,59,1
248278,174,136,60,1
248279,174,136,61,5
248280,174,136,62,5
248281,174,136,63,5
248282,174,136,64,5
248283,174,136,65,16
248284,174,136,66,16
248285,174,137,41,11
248286,174,137,42,11
248287,174,137,43,11
248288,174,137,44,1
248289,174,137,45,1
248290,174,137,46,1
248291,174,137,47,1
248292,174,137,48,1
248293,174,137,49,1
248294,174,137,50,11
248295,174,137,51,11
248296,174,137,52,11
248297,174,137,53,11
248298,174,137,54,1
248299,174,137,55,1
248300,174,137,56,1
248301,174,137,57,1
248302,174,137,58,1
248303,174,137,59,1
248304,174,137,60,1
248305,174,137,61,5
248306,174,137,62,5
248307,174,137,63,5
248308,174,137,64,5
248309,174,137,65,16
248310,174,138,41,11
248311,174,138,42,11
248312,174,138,43,9
248313,174,138,44,1
248314,174,138,45,1
248315,174,138,46,1
248316,174,138,47,1
248317,174,138,48,1
248318,174,138,49,1
248319,174,138,50,11
248320,174,138,51,11
248321,174,138,52,11
248322,174,138,53,11
248323,174,138,54,1
248324,174,138,55,1
248325,174,138,56,1
248326,174,138,57,1
248327,174,138,58,1
248328,174,138,59,1
248329,174,138,60,1
248330,174,138,61,5
248331,174,138,62,5
248332,174,138,63,5
248333,174,138,64,5
248334,174,139,41,11
248335,174,139,42,11
248336,174,139,43,11
248337,174,139,44,1
248338,174,139,45,1
248339,174,139,46,1
248340,174,139,47,1
248341,174,139,48,1
248342,174,139,49,9
248343,174,139,50,11
248344,174,139,51,11
248345,174,139,52,11
248346,174,139,53,1
248347,174,139,54,1
248348,174,139,55,1
248349,174,139,56,1
248350,174,139,57,1
248351,174,139,58,1
248352,174,139,59,1
248353,174,139,60,1
248354,174,139,61,5
248355,174,139,62,5
248356,174,139,63,5
248357,174,139,64,5
248358,174,140,41,11
248359,174,140,42,11
248360,174,140,43,11
248361,174,140,44,1
248362,174,140,45,1
248363,174,140,46,1
248364,174,140,47,1
248365,174,140,48,1
248366,174,140,49,9
248367,174,140,50,11
248368,174,140,51,11
248369,174,140,52,1
248370,174,140,53,1
248371,174,140,54,1
248372,174,140,55,1
248373,174,140,56,1
248374,174,140,57,1
248375,174,140,58,1
248376,174,140,59,1
248377,174,140,60,5
248378,174,140,61,5
248379,174,140,62,5
248380,174,140,63,5
248381,174,140,64,5
248382,174,141,40,11
248383,174,141,41,11
248384,174,141,42,11
248385,174,141,43,1
248386,174,141,44,1
248387,174,141,45,1
248388,174,141,46,1
248389,174,141,47,1
248390,174,141,48,9
248391,174,141,49,9
248392,174,141,50,11
248393,174,141,51,11
248394,174,141,52,1
248395,174,141,53,1
248396,174,141,54,1
248397,174,141,55,1
248398,174,141,56,1
248399,174,141,57,1
248400,174,141,58,1
248401,174,141,59,1
248402,174,141,60,5
248403,174,141,61,5
248404,174,141,62,5
248405,174,141,63,5
248406,174,141,67,16
248407,174,141,68,16
248408,174,141,69,16
248409,174,142,40,11
248410,174,142,41,11
248411,174,142,42,11
248412,174,142,43,11
248413,174,142,44,9
248414,174,142,45,9
248415,174,142,46,9
248416,174,142,47,9
248417,174,142,48,9
248418,174,142,49,9
248419,174,142,50,1
248420,174,142,51,1
248421,174,142,52,1
248422,174,142,53,1
248423,174,142,54,1
248424,174,142,55,1
248425,174,142,56,1
248426,174,142,57,1
248427,174,142,58,1
248428,174,142,59,5
248429,174,142,60,5
248430,174,142,61,9
248431,174,142,62,9
248432,174,142,66,16
248433,174,142,67,16
248434,174,142,68,16
248435,174,142,69,16
248436,174,142,70,16
248437,174,142,71,16
248438,174,143,40,11
248439,174,143,41,11
248440,174,143,42,11
248441,174,143,43,9
248442,174,143,44,9
248443,174,143,45,9
248444,174,143,46,9
248445,174,143,47,9
248446,174,143,48,9
248447,174,143,49,1
248448,174,143,50,1
248449,174,143,51,1
248450,174,143,52,1
248451,174,143,53,1
248452,174,143,54,1
248453,174,143,55,1
248454,174,143,56,1
248455,174,143,57,1
248456,174,143,58,1
248457,174,143,59,5
248458,174,143,60,5
248459,174,143,61,11
248460,174,143,66,15
248461,174,143,67,15
248462,174,143,68,5
248463,174,143,69,15
248464,174,143,70,15
248465,174,143,71,16
248466,174,144,41,9
248467,174,144,42,9
248468,174,144,43,9
248469,174,144,44,9
248470,174,144,47,9
248471,174,144,48,11
248472,174,144,49,11
248473,174,144,50,1
248474,174,144,51,1
248475,174,144,52,1
248476,174,144,53,1
248477,174,144,54,1
248478,174,144,55,1
248479,174,144,56,1
248480,174,144,57,1
248481,174,144,58,5
248482,174,144,59,5
248483,174,144,60,5
248484,174,144,61,11
248485,174,144,66,15
248486,174,144,67,5
248487,174,144,68,5
248488,174,144,69,5
248489,174,144,70,15
248490,174,145,41,9
248491,174,145,42,9
248492,174,145,43,11
248493,174,145,44,11
248494,174,145,45,9
248495,174,145,46,9
248496,174,145,47,9
248497,174,145,48,1
248498,174,145,49,1
248499,174,145,50,8
248500,174,145,51,1
248501,174,145,52,1
248502,174,145,53,1
248503,174,145,54,1
248504,174,145,55,1
248505,174,145,56,1
248506,174,145,57,1
248507,174,145,58,5
248508,174,145,59,5
248509,174,145,60,5
248510,174,145,61,11
248511,174,145,67,5
248512,174,145,68,5
248513,174,145,69,15
248514,174,146,41,11
248515,174,146,42,11
248516,174,146,44,11
248517,174,146,45,9
248518,174,146,46,9
248519,174,146,47,11
248520,174,146,48,1
248521,174,146,49,8
248522,174,146,50,1
248523,174,146,51,1
248524,174,146,52,1
248525,174,146,53,1
248526,174,146,54,1
248527,174,146,55,1
248528,174,146,56,1
248529,174,146,57,1
248530,174,146,58,5
248531,174,146,59,5
248532,174,146,60,5
248533,174,146,61,11
248534,174,147,44,11
248535,174,147,45,11
248536,174,147,46,11
248537,174,147,47,1
248538,174,147,48,1
248539,174,147,49,8
248540,174,147,50,1
248541,174,147,51,1
248542,174,147,52,1
248543,174,147,53,1
248544,174,147,54,8
248545,174,147,55,1
248546,174,147,56,1
248547,174,147,57,5
248548,174,147,58,5
248549,174,147,59,5
248550,174,147,60,5
248551,174,147,61,11
248552,174,148,42,11
248553,174,148,43,11
248554,174,148,44,11
248555,174,148,45,11
248556,174,148,46,11
248557,174,148,47,8
248558,174,148,48,8
248559,174,148,49,1
248560,174,148,50,1
248561,174,148,51,1
248562,174,148,52,1
248563,174,148,53,1
248564,174,148,54,8
248565,174,148,55,1
248566,174,148,56,1
248567,174,148,57,5
248568,174,148,58,5
248569,174,148,59,5
248570,174,148,60,5
248571,174,148,61,11
248572,174,149,41,11
248573,174,149,42,11
248574,174,149,43,11
248575,174,149,44,11
248576,174,149,45,1
248577,174,149,46,1
248578,174,149,47,8
248579,174,149,48,8
248580,174,149,49,1
248581,174,149,50,1
248582,174,149,51,1
248583,174,149,52,1
248584,174,149,53,8
248585,174,149,54,8
248586,174,149,55,5
248587,174,149,56,5
248588,174,149,57,5
248589,174,149,58,5
248590,174,149,59,5
248591,174,149,60,5
248592,174,150,40,11
248593,174,150,41,11
248594,174,150,42,11
248595,174,150,43,11
248596,174,150,44,1
248597,174,150,45,11
248598,174,150,46,8
248599,174,150,47,8
248600,174,150,48,1
248601,174,150,49,1
248602,174,150,50,1
248603,174,150,51,1
248604,174,150,52,1
248605,174,150,53,8
248606,174,150,54,8
248607,174,150,55,5
248608,174,150,56,5
248609,174,150,57,5
248610,174,150,58,5
248611,174,150,59,5
248612,174,151,38,11
248613,174,151,39,11
248614,174,151,40,11
248615,174,151,41,11
248616,174,151,42,1
248617,174,151,43,1
248618,174,151,44,1
248619,174,151,45,1
248620,174,151,46,8
248621,174,151,47,8
248622,174,151,48,1
248623,174,151,49,1
248624,174,151,50,1
248625,174,151,51,1
248626,174,151,52,1
248627,174,151,53,8
248628,174,151,54,8
248629,174,151,55,5
248630,174,151,56,5
248631,174,151,57,5
248632,174,152,38,11
248633,174,152,39,11
248634,174,152,40,1
248635,174,152,41,1
248636,174,152,42,1
248637,174,152,43,1
248638,174,152,44,1
248639,174,152,45,1
248640,174,152,46,1
248641,174,152,47,1
248642,174,152,48,1
248643,174,152,49,1
248644,174,152,50,1
248645,174,152,51,1
248646,174,152,52,1
248647,174,152,53,8
248648,174,152,54,8
248649,174,152,55,8
248650,174,153,36,11
248651,174,153,37,11
248652,174,153,38,11
248653,174,153,39,13
248654,174,153,40,1
248655,174,153,41,1
248656,174,153,42,1
248657,174,153,43,1
248658,174,153,44,1
248659,174,153,45,1
248660,174,153,46,1
248661,174,153,47,1
248662,174,153,48,1
248663,174,153,49,1
248664,174,153,50,1
248665,174,153,51,1
248666,174,153,52,1
248667,174,153,53,5
248668,174,153,54,11
248669,174,154,36,11
248670,174,154,37,11
248671,174,154,38,11
248672,174,154,39,13
248673,174,154,40,13
248674,174,154,41,13
248675,174,154,42,13
248676,174,154,43,1
248677,174,154,44,13
248678,174,154,45,1
248679,174,154,46,1
248680,174,154,47,13
248681,174,154,48,13
248682,174,154,49,1
248683,174,154,50,1
248684,174,154,51,1
248685,174,154,52,1
248686,174,154,53,11
248687,174,155,36,11
248688,174,155,37,11
248689,174,155,38,11
248690,174,155,39,1
248691,174,155,40,13
248692,174,155,41,13
248693,174,155,42,13
248694,174,155,43,13
248695,174,155,44,13
248696,174,155,45,13
248697,174,155,46,13
248698,174,155,47,13
248699,174,155,48,13
248700,174,155,49,1
248701,174,155,50,1
248702,174,155,51,1
248703,174,155,52,11
248704,174,155,53,11
248705,174,156,36,11
248706,174,156,37,11
248707,174,156,38,11
248708,174,156,39,13
248709,174,156,40,13
248710,174,156,41,13
248711,174,156,42,13
248712,174,156,43,13
248713,174,156,44,13
248714,174,156,45,13
248715,174,156,46,13
248716,174,156,47,13
248717,174,156,48,13
248718,174,156,49,1
248719,174,156,50,1
248720,174,156,51,1
248721,174,156,52,11
248722,174,156,53,11
248723,174,156,66,15
248724,174,156,67,15
248725,174,157,36,11
248726,174,157,37,11
248727,174,157,38,11
248728,174,157,39,11
248729,174,157,40,13
248730,174,157,41,13
248731,174,157,42,13
248732,174,157,43,13
248733,174,157,44,13
248734,174,157,45,13
248735,174,157,46,13
248736,174,157,47,13
248737,174,157,48,13
248738,174,157,49,13
248739,174,157,50,1
248740,174,157,51,11
248741,174,157,52,11
248742,174,157,53,11
248743,174,157,58,11
248744,174,157,59,11
248745,174,157,60,11
248746,174,157,61,11
248747,174,157,62,11
248748,174,157,63,11
248749,174,157,64,15
248750,174,157,65,15
248751,174,157,66,15
248752,174,157,67,15
248753,174,157,68,15
248754,174,157,69,15
248755,174,157,70,15
248756,174,158,36,11
248757,174,158,37,11
248758,174,158,38,11
248759,174,158,39,11
248760,174,158,40,13
248761,174,158,41,13
248762,174,158,42,13
248763,174,158,43,13
248764,174,158,44,13
248765,174,158,45,13
248766,174,158,46,13
248767,174,158,47,13
248768,174,158,48,13
248769,174,158,49,13
248770,174,158,50,1
248771,174,158,51,11
248772,174,158,52,11
248773,174,158,57,11
248774,174,158,58,11
248775,174,158,59,11
248776,174,158,60,11
248777,174,158,61,11
248778,174,158,62,11
248779,174,158,63,15
248780,174,158,64,15
248781,174,158,65,15
248782,174,158,66,15
248783,174,158,67,15
248784,174,158,68,15
248785,174,158,69,15
248786,174,158,70,15
248787,174,158,71,15
248788,174,158,72,15
248789,174,158,73,15
248790,174,159,37,11
248791,174,159,38,11
248792,174,159,40,11
248793,174,159,41,13
248794,174,159,42,13
248795,174,159,43,13
248796,174,159,44,13
248797,174,159,45,13
248798,174,159,46,13
248799,174,159,47,13
248800,174,159,48,13
248801,174,159,49,13
248802,174,159,50,13
248803,174,159,51,11
248804,174,159,52,11
248805,174,159,57,11
248806,174,159,58,11
248807,174,159,59,11
248808,174,159,60,15
248809,174,159,61,15
248810,174,159,62,15
248811,174,159,63,15
248812,174,159,64,13
248813,174,159,65,13
248814,174,159,66,13
248815,174,159,67,13
248816,174,159,68,15
248817,174,159,69,15
248818,174,159,70,15
248819,174,159,71,15
248820,174,159,72,15
248821,174,159,73,15
248822,174,160,37,11
248823,174,160,38,11
248824,174,160,40,11
248825,174,160,41,13
248826,174,160,42,13
248827,174,160,43,13
248828,174,160,44,13
248829,174,160,45,13
248830,174,160,46,13
248831,174,160,47,13
248832,174,160,48,13
248833,174,160,49,13
248834,174,160,50,13
248835,174,160,51,13
248836,174,160,52,13
248837,174,160,53,13
248838,174,160,54,11
248839,174,160,55,11
248840,174,160,58,11
248841,174,160,59,11
248842,174,160,60,13
248843,174,160,61,13
248844,174,160,62,13
248845,174,160,63,13
248846,174,160,64,13
248847,174,160,65,13
248848,174,160,66,13
248849,174,160,67,13
248850,174,160,68,13
248851,174,160,69,15
248852,174,160,70,15
248853,174,160,71,15
248854,174,160,72,15
248855,174,161,38,11
248856,174,161,39,11
248857,174,161,40,11
248858,174,161,41,13
248859,174,161,42,13
248860,174,161,43,13
248861,174,161,44,13
248862,174,161,45,13
248863,174,161,46,13
248864,174,161,47,13
248865,174,161,48,13
248866,174,161,49,13
248867,174,161,50,13
248868,174,161,51,13
248869,174,161,52,13
248870,174,161,53,13
248871,174,161,54,11
248872,174,161,58,11
248873,174,161,59,15
248874,174,161,60,13
248875,174,161,61,13
248876,174,161,62,13
248877,174,161,63,13
248878,174,161,64,13
248879,174,161,65,13
248880,174,161,66,13
248881,174,161,67,13
248882,174,161,68,13
248883,174,161,69,13
248884,174,161,70,15
248885,174,161,71,15
248886,174,162,38,11
248887,174,162,39,11
248888,174,162,40,11
248889,174,162,41,11
248890,174,162,42,13
248891,174,162,43,13
248892,174,162,44,13
248893,174,162,45,13
248894,174,162,46,13
248895,174,162,47,13
248896,174,162,48,13
248897,174,162,49,13
248898,174,162,50,13
248899,174,162,51,13
248900,174,162,52,13
248901,174,162,53,13
248902,174,162,54,11
248903,174,162,59,15
248904,174,162,60,13
248905,174,162,61,13
248906,174,162,62,13
248907,174,162,63,15
248908,174,162,64,15
248909,174,162,65,13
248910,174,162,66,13
248911,174,162,67,13
248912,174,162,68,13
248913,174,162,69,15
248914,174,162,70,15
248915,174,163,40,11
248916,174,163,41,11
248917,174,163,42,11
248918,174,163,43,13
248919,174,163,44,13
248920,174,163,45,13
248921,174,163,46,13
248922,174,163,47,13
248923,174,163,48,13
248924,174,163,49,13
248925,174,163,50,13
248926,174,163,51,13
248927,174,163,52,13
248928,174,163,53,13
248929,174,163,67,13
248930,174,164,41,11
248931,174,164,42,11
248932,174,164,43,13
248933,174,164,44,13
248934,174,164,45,13
248935,174,164,46,13
248936,174,164,47,13
248937,174,164,48,13
248938,174,164,49,13
248939,174,164,50,13
248940,174,164,51,13
248941,174,164,52,13
248942,174,165,46,13
248943,174,165,47,13
248944,174,165,48,13
248945,174,165,49,13
248946,174,165,50,13
248947,174,165,51,13
248948,175,121,60,16
248949,175,122,57,16
248950,175,122,58,16
248951,175,122,59,16
248952,175,122,60,16
248953,175,122,61,16
248954,175,122,62,16
248955,175,123,56,9
248956,175,123,57,9
248957,175,123,58,16
248958,175,123,59,16
248959,175,123,60,16
248960,175,123,61,16
248961,175,123,62,16
248962,175,124,56,9
248963,175,124,57,9
248964,175,124,58,9
248965,175,124,59,5
248966,175,124,60,16
248967,175,124,61,16
248968,175,124,62,16
248969,175,124,63,16
248970,175,125,55,9
248971,175,125,56,9
248972,175,125,57,9
248973,175,125,58,5
248974,175,125,59,5
248975,175,125,60,5
248976,175,125,61,16
248977,175,125,62,16
248978,175,126,44,11
248979,175,126,45,11
248980,175,126,46,11
248981,175,126,47,11
248982,175,126,48,11
248983,175,126,49,11
248984,175,126,50,11
248985,175,126,55,9
248986,175,126,56,9
248987,175,126,57,9
248988,175,126,58,5
248989,175,126,59,5
248990,175,126,60,5
248991,175,126,61,16
248992,175,126,62,16
248993,175,127,43,11
248994,175,127,44,11
248995,175,127,45,11
248996,175,127,46,11
248997,175,127,47,11
248998,175,127,48,11
248999,175,127,49,11
249000,175,127,50,11
249001,175,127,51,11
249002,175,127,55,11
249003,175,127,56,9
249004,175,127,57,9
249005,175,127,58,1
249006,175,127,59,5
249007,175,127,60,5
249008,175,127,61,16
249009,175,127,62,16
249010,175,128,43,11
249011,175,128,44,11
249012,175,128,45,11
249013,175,128,46,11
249014,175,128,47,11
249015,175,128,48,11
249016,175,128,49,11
249017,175,128,50,11
249018,175,128,51,11
249019,175,128,55,11
249020,175,128,56,9
249021,175,128,57,1
249022,175,128,58,1
249023,175,128,59,5
249024,175,128,60,5
249025,175,128,61,16
249026,175,128,62,16
249027,175,129,43,11
249028,175,129,44,11
249029,175,129,45,11
249030,175,129,46,11
249031,175,129,47,11
249032,175,129,48,11
249033,175,129,49,11
249034,175,129,50,11
249035,175,129,51,11
249036,175,129,52,11
249037,175,129,55,11
249038,175,129,56,11
249039,175,129,57,1
249040,175,129,58,1
249041,175,129,59,5
249042,175,129,60,11
249043,175,129,61,16
249044,175,129,62,16
249045,175,130,43,11
249046,175,130,44,11
249047,175,130,45,1
249048,175,130,46,1
249049,175,130,47,11
249050,175,130,48,11
249051,175,130,49,11
249052,175,130,50,11
249053,175,130,51,11
249054,175,130,52,11
249055,175,130,55,11
249056,175,130,56,11
249057,175,130,57,5
249058,175,130,58,1
249059,175,130,59,5
249060,175,130,60,5
249061,175,130,61,16
249062,175,130,62,16
249063,175,130,63,16
249064,175,131,43,11
249065,175,131,44,11
249066,175,131,45,1
249067,175,131,46,1
249068,175,131,47,1
249069,175,131,48,9
249070,175,131,49,9
249071,175,131,50,11
249072,175,131,51,11
249073,175,131,55,11
249074,175,131,56,11
249075,175,131,57,5
249076,175,131,58,1
249077,175,131,59,1
249078,175,131,60,5
249079,175,131,61,11
249080,175,131,62,16
249081,175,131,63,16
249082,175,132,42,11
249083,175,132,43,11
249084,175,132,44,1
249085,175,132,45,1
249086,175,132,46,1
249087,175,132,47,1
249088,175,132,48,9
249089,175,132,49,9
249090,175,132,50,11
249091,175,132,51,11
249092,175,132,54,11
249093,175,132,55,11
249094,175,132,56,5
249095,175,132,57,1
249096,175,132,58,1
249097,175,132,59,1
249098,175,132,60,5
249099,175,132,61,5
249100,175,132,62,16
249101,175,132,63,16
249102,175,132,64,16
249103,175,133,41,11
249104,175,133,42,11
249105,175,133,43,11
249106,175,133,44,1
249107,175,133,45,1
249108,175,133,46,1
249109,175,133,47,1
249110,175,133,48,1
249111,175,133,49,11
249112,175,133,50,11
249113,175,133,51,11
249114,175,133,54,11
249115,175,133,55,11
249116,175,133,56,1
249117,175,133,57,1
249118,175,133,58,1
249119,175,133,59,1
249120,175,133,60,5
249121,175,133,61,5
249122,175,133,62,5
249123,175,133,63,16
249124,175,133,64,16
249125,175,134,41,11
249126,175,134,42,11
249127,175,134,43,11
249128,175,134,44,1
249129,175,134,45,1
249130,175,134,46,1
249131,175,134,47,1
249132,175,134,48,1
249133,175,134,49,11
249134,175,134,50,11
249135,175,134,51,11
249136,175,134,52,11
249137,175,134,53,11
249138,175,134,54,11
249139,175,134,55,11
249140,175,134,56,1
249141,175,134,57,1
249142,175,134,58,1
249143,175,134,59,1
249144,175,134,60,1
249145,175,134,61,5
249146,175,134,62,5
249147,175,134,63,16
249148,175,134,64,16
249149,175,134,65,16
249150,175,135,41,11
249151,175,135,42,11
249152,175,135,43,11
249153,175,135,44,1
249154,175,135,45,1
249155,175,135,46,1
249156,175,135,47,1
249157,175,135,48,1
249158,175,135,49,11
249159,175,135,52,11
249160,175,135,53,11
249161,175,135,54,11
249162,175,135,55,1
249163,175,135,56,1
249164,175,135,57,1
249165,175,135,58,1
249166,175,135,59,1
249167,175,135,60,1
249168,175,135,61,5
249169,175,135,62,5
249170,175,135,63,5
249171,175,135,64,16
249172,175,136,41,11
249173,175,136,42,11
249174,175,136,43,11
249175,175,136,44,1
249176,175,136,45,1
249177,175,136,46,1
249178,175,136,47,1
249179,175,136,48,9
249180,175,136,49,11
249181,175,136,50,11
249182,175,136,52,11
249183,175,136,53,11
249184,175,136,54,11
249185,175,136,55,1
249186,175,136,56,1
249187,175,136,57,1
249188,175,136,58,1
249189,175,136,59,1
249190,175,136,60,1
249191,175,136,61,5
249192,175,136,62,5
249193,175,136,63,5
249194,175,136,64,16
249195,175,137,41,11
249196,175,137,42,11
249197,175,137,43,1
249198,175,137,44,1
249199,175,137,45,1
249200,175,137,46,1
249201,175,137,47,1
249202,175,137,48,1
249203,175,137,49,11
249204,175,137,50,11
249205,175,137,51,11
249206,175,137,52,11
249207,175,137,53,11
249208,175,137,54,1
249209,175,137,55,1
249210,175,137,56,1
249211,175,137,57,1
249212,175,137,58,1
249213,175,137,59,1
249214,175,137,60,1
249215,175,137,61,5
249216,175,137,62,5
249217,175,137,63,5
249218,175,138,41,11
249219,175,138,42,11
249220,175,138,43,1
249221,175,138,44,1
249222,175,138,45,1
249223,175,138,46,1
249224,175,138,47,1
249225,175,138,48,11
249226,175,138,49,11
249227,175,138,50,11
249228,175,138,51,11
249229,175,138,52,11
249230,175,138,53,11
249231,175,138,54,1
249232,175,138,55,1
249233,175,138,56,1
249234,175,138,57,1
249235,175,138,58,1
249236,175,138,59,1
249237,175,138,60,1
249238,175,138,61,5
249239,175,138,62,5
249240,175,139,41,11
249241,175,139,42,11
249242,175,139,43,1
249243,175,139,44,1
249244,175,139,45,1
249245,175,139,46,1
249246,175,139,47,1
249247,175,139,48,11
249248,175,139,49,11
249249,175,139,50,11
249250,175,139,51,11
249251,175,139,52,11
249252,175,139,53,1
249253,175,139,54,1
249254,175,139,55,1
249255,175,139,56,1
249256,175,139,57,1
249257,175,139,58,1
249258,175,139,59,1
249259,175,139,60,5
249260,175,139,61,5
249261,175,140,40,11
249262,175,140,41,11
249263,175,140,42,11
249264,175,140,43,1
249265,175,140,44,1
249266,175,140,45,1
249267,175,140,46,9
249268,175,140,47,9
249269,175,140,50,11
249270,175,140,51,11
249271,175,140,52,1
249272,175,140,53,1
249273,175,140,54,1
249274,175,140,55,1
249275,175,140,56,1
249276,175,140,57,1
249277,175,140,58,1
249278,175,140,59,1
249279,175,140,60,5
249280,175,140,61,5
249281,175,141,40,11
249282,175,141,41,11
249283,175,141,42,11
249284,175,141,43,1
249285,175,141,44,1
249286,175,141,45,1
249287,175,141,50,11
249288,175,141,51,11
249289,175,141,52,1
249290,175,141,53,1
249291,175,141,54,1
249292,175,141,55,1
249293,175,141,56,1
249294,175,141,57,1
249295,175,141,58,1
249296,175,141,59,5
249297,175,141,60,5
249298,175,142,41,11
249299,175,142,42,11
249300,175,142,43,9
249301,175,142,44,9
249302,175,142,45,9
249303,175,142,49,11
249304,175,142,50,11
249305,175,142,51,11
249306,175,142,52,1
249307,175,142,53,1
249308,175,142,54,1
249309,175,142,55,1
249310,175,142,56,1
249311,175,142,57,1
249312,175,142,58,1
249313,175,142,59,5
249314,175,142,60,11
249315,175,142,67,16
249316,175,142,68,16
249317,175,143,41,11
249318,175,143,42,11
249319,175,143,43,9
249320,175,143,44,1
249321,175,143,45,9
249322,175,143,46,9
249323,175,143,47,9
249324,175,143,48,11
249325,175,143,49,11
249326,175,143,50,11
249327,175,143,51,1
249328,175,143,52,1
249329,175,143,53,1
249330,175,143,54,1
249331,175,143,55,1
249332,175,143,56,1
249333,175,143,57,1
249334,175,143,58,5
249335,175,143,59,5
249336,175,143,60,11
249337,175,143,67,11
249338,175,143,68,5
249339,175,144,42,11
249340,175,144,43,11
249341,175,144,44,1
249342,175,144,45,9
249343,175,144,46,9
249344,175,144,47,11
249345,175,144,48,11
249346,175,144,49,11
249347,175,144,50,1
249348,175,144,51,1
249349,175,144,52,1
249350,175,144,53,1
249351,175,144,54,1
249352,175,144,55,1
249353,175,144,56,1
249354,175,144,57,1
249355,175,144,58,5
249356,175,144,59,5
249357,175,144,60,11
249358,175,144,61,11
249359,175,144,68,15
249360,175,144,69,5
249361,175,145,41,11
249362,175,145,42,11
249363,175,145,43,11
249364,175,145,44,11
249365,175,145,45,9
249366,175,145,46,9
249367,175,145,47,11
249368,175,145,48,11
249369,175,145,49,11
249370,175,145,50,1
249371,175,145,51,1
249372,175,145,52,1
249373,175,145,53,1
249374,175,145,54,1
249375,175,145,55,1
249376,175,145,56,1
249377,175,145,57,1
249378,175,145,58,5
249379,175,145,59,5
249380,175,145,60,11
249381,175,145,61,11
249382,175,146,41,11
249383,175,146,42,11
249384,175,146,43,11
249385,175,146,44,11
249386,175,146,45,11
249387,175,146,46,11
249388,175,146,47,11
249389,175,146,48,11
249390,175,146,49,1
249391,175,146,50,1
249392,175,146,51,1
249393,175,146,52,1
249394,175,146,53,1
249395,175,146,54,1
249396,175,146,55,1
249397,175,146,56,1
249398,175,146,57,1
249399,175,146,58,5
249400,175,146,59,5
249401,175,146,60,11
249402,175,147,40,11
249403,175,147,41,11
249404,175,147,43,11
249405,175,147,44,11
249406,175,147,45,11
249407,175,147,46,11
249408,175,147,47,11
249409,175,147,48,11
249410,175,147,49,1
249411,175,147,50,1
249412,175,147,51,1
249413,175,147,52,1
249414,175,147,53,1
249415,175,147,54,1
249416,175,147,55,1
249417,175,147,56,1
249418,175,147,57,1
249419,175,147,58,5
249420,175,147,59,5
249421,175,147,60,11
249422,175,148,42,11
249423,175,148,43,11
249424,175,148,44,11
249425,175,148,45,11
249426,175,148,46,11
249427,175,148,47,1
249428,175,148,48,1
249429,175,148,49,1
249430,175,148,50,1
249431,175,148,51,1
249432,175,148,52,1
249433,175,148,53,1
249434,175,148,54,1
249435,175,148,55,1
249436,175,148,56,1
249437,175,148,57,1
249438,175,148,58,1
249439,175,148,59,5
249440,175,148,60,11
249441,175,149,41,11
249442,175,149,42,11
249443,175,149,43,11
249444,175,149,44,11
249445,175,149,45,11
249446,175,149,46,1
249447,175,149,47,1
249448,175,149,48,1
249449,175,149,49,1
249450,175,149,50,1
249451,175,149,51,1
249452,175,149,52,1
249453,175,149,53,1
249454,175,149,54,1
249455,175,149,55,1
249456,175,149,56,1
249457,175,149,57,1
249458,175,149,58,1
249459,175,149,59,5
249460,175,149,60,11
249461,175,150,40,11
249462,175,150,41,11
249463,175,150,42,11
249464,175,150,43,11
249465,175,150,44,1
249466,175,150,45,1
249467,175,150,46,1
249468,175,150,47,1
249469,175,150,48,1
249470,175,150,49,1
249471,175,150,50,1
249472,175,150,51,1
249473,175,150,52,1
249474,175,150,53,1
249475,175,150,54,1
249476,175,150,55,1
249477,175,150,56,1
249478,175,150,57,1
249479,175,150,58,1
249480,175,150,59,11
249481,175,151,38,11
249482,175,151,39,11
249483,175,151,40,11
249484,175,151,41,11
249485,175,151,42,1
249486,175,151,43,1
249487,175,151,44,1
249488,175,151,45,1
249489,175,151,46,1
249490,175,151,47,1
249491,175,151,48,1
249492,175,151,49,1
249493,175,151,50,1
249494,175,151,51,1
249495,175,151,52,1
249496,175,151,53,1
249497,175,151,54,1
249498,175,151,55,1
249499,175,151,56,1
249500,175,151,57,5
249501,175,152,38,11
249502,175,152,39,11
249503,175,152,40,1
249504,175,152,41,1
249505,175,152,42,1
249506,175,152,43,1
249507,175,152,44,1
249508,175,152,45,1
249509,175,152,46,1
249510,175,152,47,1
249511,175,152,48,1
249512,175,152,49,1
249513,175,152,50,1
249514,175,152,51,1
249515,175,152,52,1
249516,175,152,53,1
249517,175,152,54,1
249518,175,152,55,5
249519,175,153,38,11
249520,175,153,39,11
249521,175,153,40,13
249522,175,153,41,1
249523,175,153,42,1
249524,175,153,43,1
249525,175,153,44,1
249526,175,153,45,1
249527,175,153,46,1
249528,175,153,47,1
249529,175,153,48,1
249530,175,153,49,1
249531,175,153,50,1
249532,175,153,51,1
249533,175,153,52,1
249534,175,153,53,1
249535,175,153,54,11
249536,175,154,39,11
249537,175,154,40,13
249538,175,154,41,13
249539,175,154,42,1
249540,175,154,43,13
249541,175,154,44,13
249542,175,154,45,13
249543,175,154,46,13
249544,175,154,47,13
249545,175,154,48,13
249546,175,154,49,1
249547,175,154,50,1
249548,175,154,51,13
249549,175,154,52,1
249550,175,154,53,11
249551,175,155,38,11
249552,175,155,39,11
249553,175,155,40,11
249554,175,155,41,13
249555,175,155,42,13
249556,175,155,43,13
249557,175,155,44,13
249558,175,155,45,13
249559,175,155,46,13
249560,175,155,47,13
249561,175,155,48,13
249562,175,155,49,13
249563,175,155,50,1
249564,175,155,51,13
249565,175,155,52,11
249566,175,155,53,11
249567,175,156,38,11
249568,175,156,39,11
249569,175,156,40,11
249570,175,156,41,13
249571,175,156,42,13
249572,175,156,43,13
249573,175,156,44,13
249574,175,156,45,13
249575,175,156,46,13
249576,175,156,47,13
249577,175,156,48,13
249578,175,156,49,13
249579,175,156,50,13
249580,175,156,51,11
249581,175,156,52,11
249582,175,157,39,11
249583,175,157,40,11
249584,175,157,41,13
249585,175,157,42,13
249586,175,157,43,13
249587,175,157,44,13
249588,175,157,45,13
249589,175,157,46,13
249590,175,157,47,13
249591,175,157,48,13
249592,175,157,49,13
249593,175,157,50,11
249594,175,157,51,11
249595,175,157,64,15
249596,175,157,65,15
249597,175,157,66,15
249598,175,157,67,15
249599,175,157,68,15
249600,175,157,69,15
249601,175,157,70,15
249602,175,158,37,11
249603,175,158,38,11
249604,175,158,39,11
249605,175,158,40,11
249606,175,158,41,13
249607,175,158,42,13
249608,175,158,43,13
249609,175,158,44,13
249610,175,158,45,13
249611,175,158,46,13
249612,175,158,47,13
249613,175,158,48,13
249614,175,158,49,13
249615,175,158,50,11
249616,175,158,59,11
249617,175,158,60,11
249618,175,158,61,11
249619,175,158,62,11
249620,175,158,63,11
249621,175,158,64,15
249622,175,158,65,15
249623,175,158,66,15
249624,175,158,67,15
249625,175,158,68,15
249626,175,158,69,15
249627,175,158,70,15
249628,175,158,71,15
249629,175,159,37,11
249630,175,159,38,11
249631,175,159,39,11
249632,175,159,40,11
249633,175,159,41,13
249634,175,159,42,13
249635,175,159,43,13
249636,175,159,44,13
249637,175,159,45,13
249638,175,159,46,13
249639,175,159,47,13
249640,175,159,48,13
249641,175,159,49,11
249642,175,159,58,11
249643,175,159,59,11
249644,175,159,60,11
249645,175,159,61,15
249646,175,159,62,15
249647,175,159,63,15
249648,175,159,64,15
249649,175,159,65,15
249650,175,159,66,13
249651,175,159,67,15
249652,175,159,68,15
249653,175,159,69,15
249654,175,159,70,15
249655,175,159,71,15
249656,175,159,72,15
249657,175,159,73,15
249658,175,160,39,11
249659,175,160,40,11
249660,175,160,41,13
249661,175,160,42,13
249662,175,160,43,13
249663,175,160,44,13
249664,175,160,45,13
249665,175,160,46,13
249666,175,160,47,13
249667,175,160,48,13
249668,175,160,49,11
249669,175,160,58,11
249670,175,160,59,11
249671,175,160,60,15
249672,175,160,61,13
249673,175,160,62,13
249674,175,160,63,13
249675,175,160,64,15
249676,175,160,65,13
249677,175,160,66,13
249678,175,160,67,13
249679,175,160,68,15
249680,175,160,69,15
249681,175,160,70,15
249682,175,160,71,15
249683,175,160,72,15
249684,175,160,73,15
249685,175,161,39,11
249686,175,161,40,11
249687,175,161,41,11
249688,175,161,42,13
249689,175,161,43,13
249690,175,161,44,13
249691,175,161,45,13
249692,175,161,46,13
249693,175,161,47,13
249694,175,161,48,13
249695,175,161,49,11
249696,175,161,58,11
249697,175,161,59,15
249698,175,161,60,15
249699,175,161,62,13
249700,175,161,63,15
249701,175,161,64,15
249702,175,161,65,13
249703,175,161,66,13
249704,175,161,67,13
249705,175,161,68,13
249706,175,161,69,13
249707,175,161,70,15
249708,175,161,71,15
249709,175,161,72,15
249710,175,162,39,11
249711,175,162,40,11
249712,175,162,41,11
249713,175,162,42,11
249714,175,162,43,13
249715,175,162,44,13
249716,175,162,45,13
249717,175,162,46,13
249718,175,162,47,13
249719,175,162,48,11
249720,175,162,49,11
249721,175,162,50,11
249722,175,162,59,15
249723,175,162,66,15
249724,175,162,67,13
249725,175,162,68,13
249726,175,162,69,13
249727,175,162,70,15
249728,175,163,40,11
249729,175,163,41,11
249730,175,163,43,11
249731,175,163,44,13
249732,175,163,45,13
249733,175,163,46,13
249734,175,163,47,11
249735,175,163,48,11
249736,175,163,49,11
249737,175,163,50,11
249738,175,163,66,15
249739,175,164,44,13
249740,175,164,45,13
249741,175,164,46,13
249742,175,164,47,11
249743,176,122,58,16
249744,176,122,59,16
249745,176,122,60,16
249746,176,122,61,16
249747,176,123,57,11
249748,176,123,58,16
249749,176,123,59,16
249750,176,123,60,16
249751,176,123,61,16
249752,176,124,56,9
249753,176,124,57,9
249754,176,124,58,9
249755,176,124,59,9
249756,176,124,60,16
249757,176,124,61,16
249758,176,124,62,16
249759,176,125,56,9
249760,176,125,57,9
249761,176,125,58,5
249762,176,125,59,5
249763,176,125,60,9
249764,176,125,61,16
249765,176,125,62,16
249766,176,126,39,11
249767,176,126,42,11
249768,176,126,43,11
249769,176,126,44,11
249770,176,126,47,11
249771,176,126,48,11
249772,176,126,49,11
249773,176,126,55,11
249774,176,126,56,9
249775,176,126,57,9
249776,176,126,58,5
249777,176,126,59,5
249778,176,126,60,9
249779,176,126,61,16
249780,176,126,62,16
249781,176,127,41,11
249782,176,127,42,11
249783,176,127,43,11
249784,176,127,44,11
249785,176,127,45,11
249786,176,127,46,11
249787,176,127,47,11
249788,176,127,48,11
249789,176,127,49,11
249790,176,127,55,11
249791,176,127,56,9
249792,176,127,57,9
249793,176,127,58,5
249794,176,127,59,5
249795,176,127,60,11
249796,176,127,61,16
249797,176,127,62,16
249798,176,128,41,11
249799,176,128,42,11
249800,176,128,43,11
249801,176,128,44,11
249802,176,128,45,11
249803,176,128,46,11
249804,176,128,47,11
249805,176,128,48,11
249806,176,128,49,11
249807,176,128,50,11
249808,176,128,51,11
249809,176,128,54,11
249810,176,128,55,11
249811,176,128,56,9
249812,176,128,57,9
249813,176,128,58,1
249814,176,128,59,5
249815,176,128,60,11
249816,176,128,61,16
249817,176,128,62,16
249818,176,129,42,11
249819,176,129,43,11
249820,176,129,44,11
249821,176,129,45,11
249822,176,129,46,11
249823,176,129,47,11
249824,176,129,48,11
249825,176,129,49,11
249826,176,129,50,11
249827,176,129,51,11
249828,176,129,52,11
249829,176,129,53,11
249830,176,129,54,11
249831,176,129,55,11
249832,176,129,56,11
249833,176,129,57,9
249834,176,129,58,1
249835,176,129,59,5
249836,176,129,60,11
249837,176,129,61,16
249838,176,129,62,16
249839,176,130,43,11
249840,176,130,44,11
249841,176,130,45,11
249842,176,130,46,11
249843,176,130,47,11
249844,176,130,48,11
249845,176,130,49,11
249846,176,130,50,11
249847,176,130,51,11
249848,176,130,52,11
249849,176,130,54,11
249850,176,130,55,11
249851,176,130,56,11
249852,176,130,57,5
249853,176,130,58,1
249854,176,130,59,5
249855,176,130,60,5
249856,176,130,61,16
249857,176,130,62,16
249858,176,130,63,16
249859,176,131,43,11
249860,176,131,44,11
249861,176,131,45,1
249862,176,131,46,1
249863,176,131,47,11
249864,176,131,48,11
249865,176,131,49,11
249866,176,131,50,11
249867,176,131,51,11
249868,176,131,55,11
249869,176,131,56,11
249870,176,131,57,5
249871,176,131,58,1
249872,176,131,59,1
249873,176,131,60,5
249874,176,131,61,11
249875,176,131,62,16
249876,176,131,63,16
249877,176,132,43,11
249878,176,132,44,11
249879,176,132,45,1
249880,176,132,46,1
249881,176,132,47,1
249882,176,132,48,11
249883,176,132,49,11
249884,176,132,50,11
249885,176,132,55,11
249886,176,132,56,11
249887,176,132,57,1
249888,176,132,58,1
249889,176,132,59,1
249890,176,132,60,5
249891,176,132,61,5
249892,176,132,62,16
249893,176,132,63,16
249894,176,133,41,11
249895,176,133,42,11
249896,176,133,43,11
249897,176,133,44,11
249898,176,133,45,1
249899,176,133,46,1
249900,176,133,47,9
249901,176,133,48,11
249902,176,133,49,11
249903,176,133,50,11
249904,176,133,54,11
249905,176,133,55,11
249906,176,133,56,1
249907,176,133,57,1
249908,176,133,58,1
249909,176,133,59,1
249910,176,133,60,5
249911,176,133,61,5
249912,176,133,62,11
249913,176,133,63,16
249914,176,133,64,16
249915,176,134,41,11
249916,176,134,42,11
249917,176,134,43,11
249918,176,134,44,11
249919,176,134,45,1
249920,176,134,46,1
249921,176,134,47,1
249922,176,134,48,11
249923,176,134,54,11
249924,176,134,55,11
249925,176,134,56,1
249926,176,134,57,1
249927,176,134,58,1
249928,176,134,59,1
249929,176,134,60,1
249930,176,134,61,5
249931,176,134,62,5
249932,176,134,63,16
249933,176,134,64,16
249934,176,135,41,11
249935,176,135,42,11
249936,176,135,43,11
249937,176,135,44,11
249938,176,135,45,1
249939,176,135,46,1
249940,176,135,47,9
249941,176,135,48,11
249942,176,135,49,11
249943,176,135,53,11
249944,176,135,54,11
249945,176,135,55,1
249946,176,135,56,1
249947,176,135,57,1
249948,176,135,58,1
249949,176,135,59,1
249950,176,135,60,1
249951,176,135,61,5
249952,176,135,62,5
249953,176,135,63,5
249954,176,135,64,16
249955,176,136,41,11
249956,176,136,42,11
249957,176,136,43,11
249958,176,136,44,1
249959,176,136,45,1
249960,176,136,46,1
249961,176,136,47,9
249962,176,136,48,11
249963,176,136,49,11
249964,176,136,52,11
249965,176,136,53,11
249966,176,136,54,11
249967,176,136,55,1
249968,176,136,56,1
249969,176,136,57,1
249970,176,136,58,1
249971,176,136,59,1
249972,176,136,60,1
249973,176,136,61,5
249974,176,136,62,5
249975,176,136,63,5
249976,176,137,40,11
249977,176,137,41,11
249978,176,137,42,11
249979,176,137,43,1
249980,176,137,44,1
249981,176,137,45,1
249982,176,137,46,1
249983,176,137,47,9
249984,176,137,48,11
249985,176,137,49,11
249986,176,137,53,11
249987,176,137,54,1
249988,176,137,55,1
249989,176,137,56,1
249990,176,137,57,1
249991,176,137,58,1
249992,176,137,59,1
249993,176,137,60,1
249994,176,137,61,5
249995,176,137,62,5
249996,176,138,40,11
249997,176,138,41,11
249998,176,138,42,1
249999,176,138,43,1
250000,176,138,44,1
250001,176,138,45,1
250002,176,138,46,1
250003,176,138,47,11
250004,176,138,48,11
250005,176,138,49,11
250006,176,138,50,11
250007,176,138,51,11
250008,176,138,52,11
250009,176,138,53,11
250010,176,138,54,1
250011,176,138,55,1
250012,176,138,56,1
250013,176,138,57,1
250014,176,138,58,1
250015,176,138,59,1
250016,176,138,60,5
250017,176,138,61,5
250018,176,139,40,11
250019,176,139,41,11
250020,176,139,42,1
250021,176,139,43,1
250022,176,139,44,1
250023,176,139,45,1
250024,176,139,46,9
250025,176,139,47,11
250026,176,139,51,11
250027,176,139,52,11
250028,176,139,53,1
250029,176,139,54,1
250030,176,139,55,1
250031,176,139,56,1
250032,176,139,57,1
250033,176,139,58,1
250034,176,139,59,1
250035,176,139,60,5
250036,176,139,61,9
250037,176,140,40,11
250038,176,140,41,11
250039,176,140,42,1
250040,176,140,43,1
250041,176,140,44,1
250042,176,140,45,9
250043,176,140,51,11
250044,176,140,52,11
250045,176,140,53,1
250046,176,140,54,1
250047,176,140,55,1
250048,176,140,56,1
250049,176,140,57,1
250050,176,140,58,1
250051,176,140,59,5
250052,176,140,60,9
250053,176,141,40,11
250054,176,141,41,11
250055,176,141,42,11
250056,176,141,43,9
250057,176,141,44,9
250058,176,141,51,11
250059,176,141,52,1
250060,176,141,53,1
250061,176,141,54,1
250062,176,141,55,1
250063,176,141,56,1
250064,176,141,57,1
250065,176,141,58,1
250066,176,141,59,11
250067,176,141,60,11
250068,176,142,41,11
250069,176,142,42,11
250070,176,142,43,9
250071,176,142,44,1
250072,176,142,45,1
250073,176,142,49,11
250074,176,142,50,11
250075,176,142,51,11
250076,176,142,52,1
250077,176,142,53,1
250078,176,142,54,1
250079,176,142,55,1
250080,176,142,56,1
250081,176,142,57,1
250082,176,142,58,1
250083,176,142,59,11
250084,176,142,60,11
250085,176,143,41,11
250086,176,143,42,11
250087,176,143,43,11
250088,176,143,44,1
250089,176,143,45,1
250090,176,143,46,11
250091,176,143,48,11
250092,176,143,49,11
250093,176,143,50,11
250094,176,143,51,1
250095,176,143,52,1
250096,176,143,53,1
250097,176,143,54,1
250098,176,143,55,1
250099,176,143,56,1
250100,176,143,57,1
250101,176,143,58,5
250102,176,143,59,11
250103,176,143,60,11
250104,176,143,61,11
250105,176,144,42,11
250106,176,144,43,11
250107,176,144,44,11
250108,176,144,45,11
250109,176,144,46,11
250110,176,144,47,11
250111,176,144,48,11
250112,176,144,49,11
250113,176,144,50,1
250114,176,144,51,1
250115,176,144,52,1
250116,176,144,53,1
250117,176,144,54,1
250118,176,144,55,1
250119,176,144,56,1
250120,176,144,57,1
250121,176,144,58,5
250122,176,144,59,11
250123,176,144,60,11
250124,176,144,61,11
250125,176,145,42,11
250126,176,145,43,11
250127,176,145,44,11
250128,176,145,45,11
250129,176,145,46,11
250130,176,145,47,11
250131,176,145,48,11
250132,176,145,49,11
250133,176,145,50,1
250134,176,145,51,1
250135,176,145,52,1
250136,176,145,53,1
250137,176,145,54,1
250138,176,145,55,1
250139,176,145,56,1
250140,176,145,57,1
250141,176,145,58,5
250142,176,145,59,11
250143,176,145,60,11
250144,176,145,61,11
250145,176,146,42,11
250146,176,146,43,11
250147,176,146,44,11
250148,176,146,45,11
250149,176,146,46,11
250150,176,146,47,11
250151,176,146,48,11
250152,176,146,49,1
250153,176,146,50,1
250154,176,146,51,1
250155,176,146,52,1
250156,176,146,53,1
250157,176,146,54,1
250158,176,146,55,1
250159,176,146,56,1
250160,176,146,57,1
250161,176,146,58,1
250162,176,146,59,11
250163,176,146,60,11
250164,176,146,61,11
250165,176,147,40,11
250166,176,147,41,11
250167,176,147,42,11
250168,176,147,43,11
250169,176,147,44,11
250170,176,147,45,11
250171,176,147,46,11
250172,176,147,47,11
250173,176,147,48,1
250174,176,147,49,1
250175,176,147,50,1
250176,176,147,51,1
250177,176,147,52,1
250178,176,147,53,1
250179,176,147,54,1
250180,176,147,55,1
250181,176,147,56,1
250182,176,147,57,1
250183,176,147,58,1
250184,176,147,59,5
250185,176,147,60,11
250186,176,147,61,11
250187,176,148,40,11
250188,176,148,41,11
250189,176,148,42,11
250190,176,148,43,11
250191,176,148,44,11
250192,176,148,45,11
250193,176,148,46,11
250194,176,148,47,1
250195,176,148,48,1
250196,176,148,49,1
250197,176,148,50,1
250198,176,148,51,1
250199,176,148,52,1
250200,176,148,53,1
250201,176,148,54,1
250202,176,148,55,1
250203,176,148,56,1
250204,176,148,57,1
250205,176,148,58,1
250206,176,148,59,5
250207,176,148,60,11
250208,176,148,61,11
250209,176,149,40,11
250210,176,149,41,11
250211,176,149,42,11
250212,176,149,43,11
250213,176,149,44,11
250214,176,149,45,11
250215,176,149,46,1
250216,176,149,47,1
250217,176,149,48,1
250218,176,149,49,1
250219,176,149,50,1
250220,176,149,51,1
250221,176,149,52,1
250222,176,149,53,1
250223,176,149,54,1
250224,176,149,55,1
250225,176,149,56,1
250226,176,149,57,1
250227,176,149,58,1
250228,176,149,59,1
250229,176,150,40,11
250230,176,150,41,11
250231,176,150,42,1
250232,176,150,43,1
250233,176,150,44,1
250234,176,150,45,1
250235,176,150,46,1
250236,176,150,47,1
250237,176,150,48,1
250238,176,150,49,1
250239,176,150,50,13
250240,176,150,51,1
250241,176,150,52,1
250242,176,150,53,1
250243,176,150,54,1
250244,176,150,55,1
250245,176,150,56,1
250246,176,150,57,1
250247,176,150,58,1
250248,176,150,59,11
250249,176,151,38,11
250250,176,151,39,11
250251,176,151,40,11
250252,176,151,41,1
250253,176,151,42,1
250254,176,151,43,1
250255,176,151,44,1
250256,176,151,45,1
250257,176,151,46,1
250258,176,151,47,1
250259,176,151,48,1
250260,176,151,49,1
250261,176,151,50,13
250262,176,151,51,1
250263,176,151,52,1
250264,176,151,53,1
250265,176,151,54,1
250266,176,151,55,1
250267,176,151,56,1
250268,176,151,57,13
250269,176,151,58,11
250270,176,152,38,11
250271,176,152,39,11
250272,176,152,40,11
250273,176,152,41,1
250274,176,152,42,1
250275,176,152,43,1
250276,176,152,44,1
250277,176,152,45,1
250278,176,152,46,1
250279,176,152,47,1
250280,176,152,48,1
250281,176,152,49,1
250282,176,152,50,1
250283,176,152,51,1
250284,176,152,52,1
250285,176,152,53,1
250286,176,152,54,1
250287,176,152,55,13
250288,176,152,56,11
250289,176,153,38,11
250290,176,153,39,11
250291,176,153,40,11
250292,176,153,41,13
250293,176,153,42,13
250294,176,153,43,1
250295,176,153,44,1
250296,176,153,45,1
250297,176,153,46,13
250298,176,153,47,13
250299,176,153,48,13
250300,176,153,49,13
250301,176,153,50,13
250302,176,153,51,1
250303,176,153,52,13
250304,176,153,53,13
250305,176,153,54,11
250306,176,154,39,11
250307,176,154,40,11
250308,176,154,41,11
250309,176,154,42,1
250310,176,154,43,1
250311,176,154,44,13
250312,176,154,45,13
250313,176,154,46,13
250314,176,154,47,13
250315,176,154,48,13
250316,176,154,49,13
250317,176,154,50,13
250318,176,154,51,13
250319,176,154,52,13
250320,176,155,39,11
250321,176,155,40,11
250322,176,155,41,11
250323,176,155,42,13
250324,176,155,43,1
250325,176,155,44,13
250326,176,155,45,13
250327,176,155,46,13
250328,176,155,47,13
250329,176,155,48,13
250330,176,155,49,13
250331,176,155,50,13
250332,176,155,51,13
250333,176,156,38,11
250334,176,156,39,11
250335,176,156,40,11
250336,176,156,41,11
250337,176,156,42,13
250338,176,156,43,13
250339,176,156,44,13
250340,176,156,45,13
250341,176,156,46,13
250342,176,156,47,13
250343,176,156,48,13
250344,176,156,49,13
250345,176,156,50,13
250346,176,156,51,13
250347,176,157,40,11
250348,176,157,41,11
250349,176,157,42,13
250350,176,157,43,13
250351,176,157,44,13
250352,176,157,45,13
250353,176,157,46,13
250354,176,157,47,13
250355,176,157,48,13
250356,176,157,49,13
250357,176,157,50,11
250358,176,157,51,11
250359,176,157,66,15
250360,176,157,67,15
250361,176,157,68,15
250362,176,157,69,15
250363,176,157,70,15
250364,176,158,40,11
250365,176,158,41,11
250366,176,158,42,13
250367,176,158,43,13
250368,176,158,44,13
250369,176,158,45,13
250370,176,158,46,13
250371,176,158,47,13
250372,176,158,48,13
250373,176,158,49,11
250374,176,158,50,11
250375,176,158,62,11
250376,176,158,63,11
250377,176,158,64,15
250378,176,158,65,15
250379,176,158,66,15
250380,176,158,67,15
250381,176,158,68,15
250382,176,158,69,15
250383,176,158,70,15
250384,176,159,40,11
250385,176,159,41,11
250386,176,159,42,13
250387,176,159,43,13
250388,176,159,44,13
250389,176,159,45,13
250390,176,159,46,13
250391,176,159,47,13
250392,176,159,48,13
250393,176,159,59,11
250394,176,159,60,11
250395,176,159,61,11
250396,176,159,62,15
250397,176,159,63,15
250398,176,159,64,15
250399,176,159,65,15
250400,176,159,66,15
250401,176,159,67,15
250402,176,159,68,15
250403,176,159,69,15
250404,176,159,70,15
250405,176,159,71,15
250406,176,159,72,15
250407,176,160,40,11
250408,176,160,41,11
250409,176,160,42,13
250410,176,160,43,13
250411,176,160,44,13
250412,176,160,45,13
250413,176,160,46,13
250414,176,160,47,13
250415,176,160,48,11
250416,176,160,59,11
250417,176,160,60,15
250418,176,160,61,15
250419,176,160,62,15
250420,176,160,63,15
250421,176,160,64,15
250422,176,160,65,15
250423,176,160,66,15
250424,176,160,67,13
250425,176,160,68,15
250426,176,160,69,15
250427,176,160,70,15
250428,176,160,71,15
250429,176,160,72,15
250430,176,160,73,15
250431,176,161,43,13
250432,176,161,44,13
250433,176,161,45,13
250434,176,161,46,13
250435,176,161,47,13
250436,176,161,65,15
250437,176,161,66,13
250438,176,161,67,13
250439,176,161,68,13
250440,176,161,69,15
250441,176,161,70,15
250442,176,161,71,15
250443,176,161,72,15
250444,176,162,43,13
250445,176,162,44,13
250446,176,162,45,13
250447,176,162,67,13
250448,176,162,68,13
250449,176,162,69,13
250450,176,162,70,15
250451,177,122,58,11
250452,177,122,59,16
250453,177,122,60,16
250454,177,123,43,11
250455,177,123,58,9
250456,177,123,59,11
250457,177,123,60,16
250458,177,124,42,11
250459,177,124,43,11
250460,177,124,57,9
250461,177,124,58,9
250462,177,124,59,9
250463,177,124,60,16
250464,177,124,61,16
250465,177,125,42,11
250466,177,125,43,11
250467,177,125,44,11
250468,177,125,57,9
250469,177,125,58,9
250470,177,125,59,9
250471,177,125,60,11
250472,177,126,40,11
250473,177,126,41,11
250474,177,126,42,11
250475,177,126,43,11
250476,177,126,44,11
250477,177,126,47,11
250478,177,126,48,11
250479,177,126,57,9
250480,177,126,58,9
250481,177,126,59,9
250482,177,126,60,11
250483,177,126,61,16
250484,177,127,39,11
250485,177,127,40,11
250486,177,127,41,11
250487,177,127,42,11
250488,177,127,43,11
250489,177,127,44,11
250490,177,127,45,11
250491,177,127,46,11
250492,177,127,47,11
250493,177,127,48,11
250494,177,127,49,11
250495,177,127,55,11
250496,177,127,56,11
250497,177,127,57,9
250498,177,127,58,9
250499,177,127,59,5
250500,177,127,60,11
250501,177,127,61,16
250502,177,127,62,16
250503,177,128,40,11
250504,177,128,41,11
250505,177,128,42,11
250506,177,128,43,11
250507,177,128,44,11
250508,177,128,45,11
250509,177,128,46,11
250510,177,128,47,11
250511,177,128,48,11
250512,177,128,49,11
250513,177,128,54,11
250514,177,128,55,11
250515,177,128,56,11
250516,177,128,57,9
250517,177,128,58,5
250518,177,128,59,5
250519,177,128,60,11
250520,177,128,61,16
250521,177,129,40,11
250522,177,129,41,11
250523,177,129,42,11
250524,177,129,43,11
250525,177,129,44,11
250526,177,129,45,11
250527,177,129,46,11
250528,177,129,47,11
250529,177,129,48,11
250530,177,129,49,11
250531,177,129,50,11
250532,177,129,51,11
250533,177,129,52,11
250534,177,129,53,11
250535,177,129,54,11
250536,177,129,55,11
250537,177,129,56,11
250538,177,129,57,9
250539,177,129,58,1
250540,177,129,59,5
250541,177,129,60,11
250542,177,129,61,16
250543,177,130,43,11
250544,177,130,44,11
250545,177,130,45,11
250546,177,130,46,11
250547,177,130,47,11
250548,177,130,48,11
250549,177,130,49,11
250550,177,130,50,11
250551,177,130,51,11
250552,177,130,52,11
250553,177,130,53,11
250554,177,130,54,11
250555,177,130,55,11
250556,177,130,56,11
250557,177,130,57,11
250558,177,130,58,1
250559,177,130,59,5
250560,177,130,60,11
250561,177,130,61,11
250562,177,130,62,16
250563,177,131,43,11
250564,177,131,44,11
250565,177,131,45,11
250566,177,131,46,11
250567,177,131,47,11
250568,177,131,48,11
250569,177,131,49,11
250570,177,131,50,11
250571,177,131,51,11
250572,177,131,52,11
250573,177,131,55,11
250574,177,131,56,11
250575,177,131,57,5
250576,177,131,58,1
250577,177,131,59,5
250578,177,131,60,5
250579,177,131,61,11
250580,177,131,62,16
250581,177,132,43,11
250582,177,132,44,11
250583,177,132,45,11
250584,177,132,46,11
250585,177,132,47,11
250586,177,132,48,11
250587,177,132,55,11
250588,177,132,56,11
250589,177,132,57,1
250590,177,132,58,1
250591,177,132,59,1
250592,177,132,60,5
250593,177,132,61,5
250594,177,132,62,16
250595,177,132,63,16
250596,177,133,41,11
250597,177,133,42,11
250598,177,133,43,11
250599,177,133,44,11
250600,177,133,45,11
250601,177,133,46,11
250602,177,133,47,11
250603,177,133,48,11
250604,177,133,49,11
250605,177,133,54,11
250606,177,133,55,11
250607,177,133,56,1
250608,177,133,57,1
250609,177,133,58,1
250610,177,133,59,1
250611,177,133,60,5
250612,177,133,61,5
250613,177,133,62,11
250614,177,133,63,16
250615,177,134,41,11
250616,177,134,42,11
250617,177,134,43,11
250618,177,134,44,11
250619,177,134,45,11
250620,177,134,46,11
250621,177,134,47,9
250622,177,134,48,11
250623,177,134,49,11
250624,177,134,50,11
250625,177,134,51,11
250626,177,134,53,11
250627,177,134,54,11
250628,177,134,55,11
250629,177,134,56,1
250630,177,134,57,1
250631,177,134,58,1
250632,177,134,59,1
250633,177,134,60,5
250634,177,134,61,5
250635,177,134,62,5
250636,177,134,63,16
250637,177,135,41,11
250638,177,135,42,11
250639,177,135,43,11
250640,177,135,44,11
250641,177,135,45,11
250642,177,135,46,11
250643,177,135,47,11
250644,177,135,48,11
250645,177,135,49,11
250646,177,135,50,11
250647,177,135,51,11
250648,177,135,52,11
250649,177,135,53,11
250650,177,135,54,11
250651,177,135,55,1
250652,177,135,56,1
250653,177,135,57,1
250654,177,135,58,1
250655,177,135,59,1
250656,177,135,60,5
250657,177,135,61,5
250658,177,135,62,5
250659,177,135,63,16
250660,177,136,40,11
250661,177,136,41,11
250662,177,136,42,11
250663,177,136,43,11
250664,177,136,44,11
250665,177,136,45,11
250666,177,136,46,11
250667,177,136,47,11
250668,177,136,48,11
250669,177,136,49,11
250670,177,136,50,11
250671,177,136,51,11
250672,177,136,52,11
250673,177,136,53,11
250674,177,136,54,11
250675,177,136,55,1
250676,177,136,56,1
250677,177,136,57,1
250678,177,136,58,1
250679,177,136,59,1
250680,177,136,60,5
250681,177,136,61,5
250682,177,136,62,9
250683,177,137,40,11
250684,177,137,41,11
250685,177,137,42,11
250686,177,137,43,11
250687,177,137,44,11
250688,177,137,45,9
250689,177,137,46,11
250690,177,137,47,11
250691,177,137,48,11
250692,177,137,49,11
250693,177,137,50,11
250694,177,137,51,11
250695,177,137,52,11
250696,177,137,53,11
250697,177,137,54,1
250698,177,137,55,1
250699,177,137,56,1
250700,177,137,57,1
250701,177,137,58,1
250702,177,137,59,1
250703,177,137,60,5
250704,177,137,61,9
250705,177,137,62,16
250706,177,138,40,11
250707,177,138,41,11
250708,177,138,42,11
250709,177,138,43,11
250710,177,138,44,11
250711,177,138,45,11
250712,177,138,46,11
250713,177,138,47,11
250714,177,138,48,11
250715,177,138,49,11
250716,177,138,50,11
250717,177,138,51,11
250718,177,138,52,11
250719,177,138,53,11
250720,177,138,54,1
250721,177,138,55,1
250722,177,138,56,1
250723,177,138,57,1
250724,177,138,58,1
250725,177,138,59,5
250726,177,138,60,5
250727,177,138,61,11
250728,177,139,40,11
250729,177,139,41,11
250730,177,139,42,11
250731,177,139,43,1
250732,177,139,44,1
250733,177,139,45,9
250734,177,139,46,11
250735,177,139,47,11
250736,177,139,48,11
250737,177,139,49,11
250738,177,139,50,11
250739,177,139,51,11
250740,177,139,52,11
250741,177,139,53,1
250742,177,139,54,1
250743,177,139,55,1
250744,177,139,56,1
250745,177,139,57,1
250746,177,139,58,1
250747,177,139,59,5
250748,177,139,60,9
250749,177,140,40,11
250750,177,140,41,11
250751,177,140,42,11
250752,177,140,43,1
250753,177,140,44,1
250754,177,140,45,11
250755,177,140,46,11
250756,177,140,50,11
250757,177,140,51,11
250758,177,140,52,11
250759,177,140,53,1
250760,177,140,54,1
250761,177,140,55,1
250762,177,140,56,1
250763,177,140,57,1
250764,177,140,58,1
250765,177,140,59,5
250766,177,141,40,11
250767,177,141,41,11
250768,177,141,42,11
250769,177,141,43,9
250770,177,141,44,9
250771,177,141,45,9
250772,177,141,51,11
250773,177,141,52,1
250774,177,141,53,1
250775,177,141,54,1
250776,177,141,55,1
250777,177,141,56,1
250778,177,141,57,1
250779,177,141,58,5
250780,177,141,59,11
250781,177,141,60,11
250782,177,142,41,11
250783,177,142,42,11
250784,177,142,43,11
250785,177,142,44,1
250786,177,142,45,11
250787,177,142,50,11
250788,177,142,51,1
250789,177,142,52,1
250790,177,142,53,1
250791,177,142,54,1
250792,177,142,55,1
250793,177,142,56,1
250794,177,142,57,1
250795,177,142,58,5
250796,177,142,59,11
250797,177,142,60,11
250798,177,143,41,11
250799,177,143,42,11
250800,177,143,43,11
250801,177,143,44,11
250802,177,143,45,11
250803,177,143,46,11
250804,177,143,48,11
250805,177,143,49,11
250806,177,143,50,11
250807,177,143,51,1
250808,177,143,52,1
250809,177,143,53,1
250810,177,143,54,1
250811,177,143,55,1
250812,177,143,56,1
250813,177,143,57,1
250814,177,143,58,5
250815,177,143,59,11
250816,177,143,60,11
250817,177,143,61,11
250818,177,144,42,11
250819,177,144,43,11
250820,177,144,44,11
250821,177,144,45,11
250822,177,144,46,11
250823,177,144,47,11
250824,177,144,48,11
250825,177,144,49,11
250826,177,144,50,1
250827,177,144,51,1
250828,177,144,52,1
250829,177,144,53,1
250830,177,144,54,1
250831,177,144,55,1
250832,177,144,56,1
250833,177,144,57,1
250834,177,144,58,5
250835,177,144,59,11
250836,177,144,60,11
250837,177,144,61,11
250838,177,145,42,11
250839,177,145,43,11
250840,177,145,44,11
250841,177,145,45,11
250842,177,145,46,11
250843,177,145,47,11
250844,177,145,48,11
250845,177,145,49,11
250846,177,145,50,1
250847,177,145,51,1
250848,177,145,52,1
250849,177,145,53,1
250850,177,145,54,1
250851,177,145,55,1
250852,177,145,56,1
250853,177,145,57,1
250854,177,145,58,5
250855,177,145,59,11
250856,177,145,60,11
250857,177,145,61,11
250858,177,146,42,11
250859,177,146,43,11
250860,177,146,44,11
250861,177,146,45,11
250862,177,146,46,11
250863,177,146,47,11
250864,177,146,48,11
250865,177,146,49,1
250866,177,146,50,1
250867,177,146,51,1
250868,177,146,52,1
250869,177,146,53,1
250870,177,146,54,1
250871,177,146,55,1
250872,177,146,56,1
250873,177,146,57,1
250874,177,146,58,1
250875,177,146,59,11
250876,177,146,60,11
250877,177,146,61,11
250878,177,147,40,11
250879,177,147,41,11
250880,177,147,42,11
250881,177,147,43,11
250882,177,147,44,11
250883,177,147,45,11
250884,177,147,46,11
250885,177,147,47,11
250886,177,147,48,1
250887,177,147,49,1
250888,177,147,50,1
250889,177,147,51,1
250890,177,147,52,1
250891,177,147,53,1
250892,177,147,54,1
250893,177,147,55,1
250894,177,147,56,1
250895,177,147,57,1
250896,177,147,58,1
250897,177,147,59,11
250898,177,147,60,11
250899,177,147,61,11
250900,177,148,40,11
250901,177,148,41,11
250902,177,148,42,11
250903,177,148,43,11
250904,177,148,44,11
250905,177,148,45,11
250906,177,148,46,11
250907,177,148,47,1
250908,177,148,48,1
250909,177,148,49,1
250910,177,148,50,1
250911,177,148,51,1
250912,177,148,52,1
250913,177,148,53,1
250914,177,148,54,1
250915,177,148,55,1
250916,177,148,56,1
250917,177,148,57,1
250918,177,148,58,1
250919,177,148,59,1
250920,177,148,60,11
250921,177,148,61,11
250922,177,149,40,11
250923,177,149,41,11
250924,177,149,42,11
250925,177,149,43,11
250926,177,149,44,11
250927,177,149,45,11
250928,177,149,46,1
250929,177,149,47,1
250930,177,149,48,1
250931,177,149,49,1
250932,177,149,50,1
250933,177,149,51,1
250934,177,149,52,1
250935,177,149,53,1
250936,177,149,54,1
250937,177,149,55,1
250938,177,149,56,1
250939,177,149,57,1
250940,177,149,58,1
250941,177,149,59,1
250942,177,149,60,11
250943,177,150,40,11
250944,177,150,41,11
250945,177,150,42,1
250946,177,150,43,1
250947,177,150,44,11
250948,177,150,45,1
250949,177,150,46,1
250950,177,150,47,1
250951,177,150,48,1
250952,177,150,49,1
250953,177,150,50,1
250954,177,150,51,1
250955,177,150,52,1
250956,177,150,53,1
250957,177,150,54,1
250958,177,150,55,1
250959,177,150,56,1
250960,177,150,57,1
250961,177,150,58,13
250962,177,151,40,11
250963,177,151,41,11
250964,177,151,42,1
250965,177,151,43,1
250966,177,151,44,1
250967,177,151,45,1
250968,177,151,46,1
250969,177,151,47,1
250970,177,151,48,1
250971,177,151,49,13
250972,177,151,50,13
250973,177,151,51,1
250974,177,151,52,1
250975,177,151,53,1
250976,177,151,54,13
250977,177,151,55,13
250978,177,151,56,1
250979,177,152,40,11
250980,177,152,41,11
250981,177,152,42,11
250982,177,152,43,1
250983,177,152,44,1
250984,177,152,45,1
250985,177,152,46,13
250986,177,152,47,13
250987,177,152,48,13
250988,177,152,49,13
250989,177,152,50,13
250990,177,152,51,13
250991,177,152,52,1
250992,177,152,53,13
250993,177,152,54,13
250994,177,152,55,13
250995,177,153,40,11
250996,177,153,41,11
250997,177,153,42,11
250998,177,153,43,13
250999,177,153,44,1
251000,177,153,45,1
251001,177,153,46,13
251002,177,153,47,13
251003,177,153,48,13
251004,177,153,49,13
251005,177,153,50,13
251006,177,153,51,13
251007,177,153,52,13
251008,177,153,53,13
251009,177,153,54,11
251010,177,154,40,11
251011,177,154,41,11
251012,177,154,42,11
251013,177,154,43,1
251014,177,154,44,1
251015,177,154,45,13
251016,177,154,46,13
251017,177,154,47,13
251018,177,154,48,13
251019,177,154,49,13
251020,177,154,50,13
251021,177,154,51,13
251022,177,154,52,13
251023,177,155,40,11
251024,177,155,41,11
251025,177,155,42,11
251026,177,155,43,13
251027,177,155,44,13
251028,177,155,45,13
251029,177,155,46,13
251030,177,155,47,13
251031,177,155,48,13
251032,177,155,49,13
251033,177,155,50,13
251034,177,155,51,13
251035,177,156,40,11
251036,177,156,41,11
251037,177,156,42,11
251038,177,156,43,13
251039,177,156,44,13
251040,177,156,45,13
251041,177,156,46,13
251042,177,156,47,13
251043,177,156,48,13
251044,177,156,49,13
251045,177,156,50,13
251046,177,157,42,11
251047,177,157,43,13
251048,177,157,44,13
251049,177,157,45,13
251050,177,157,46,13
251051,177,157,47,13
251052,177,157,48,13
251053,177,157,49,13
251054,177,157,64,11
251055,177,157,65,15
251056,177,157,66,15
251057,177,157,67,15
251058,177,157,68,15
251059,177,158,42,13
251060,177,158,43,13
251061,177,158,44,13
251062,177,158,45,13
251063,177,158,46,13
251064,177,158,47,13
251065,177,158,48,13
251066,177,158,62,11
251067,177,158,63,11
251068,177,158,64,15
251069,177,158,65,15
251070,177,158,66,15
251071,177,158,67,15
251072,177,158,68,15
251073,177,159,42,11
251074,177,159,43,13
251075,177,159,44,13
251076,177,159,45,13
251077,177,159,46,13
251078,177,159,47,13
251079,177,159,48,11
251080,177,159,59,11
251081,177,159,60,11
251082,177,159,61,11
251083,177,159,62,15
251084,177,159,63,15
251085,177,159,64,15
251086,177,159,65,15
251087,177,159,66,15
251088,177,159,67,15
251089,177,159,68,15
251090,177,159,69,15
251091,177,159,71,15
251092,177,159,72,15
251093,177,160,42,11
251094,177,160,43,13
251095,177,160,44,13
251096,177,160,45,13
251097,177,160,46,13
251098,177,160,47,13
251099,177,160,59,11
251100,177,160,60,15
251101,177,160,61,15
251102,177,160,62,15
251103,177,160,65,15
251104,177,160,66,15
251105,177,160,67,13
251106,177,160,68,15
251107,177,160,69,15
251108,177,160,70,15
251109,177,160,71,15
251110,177,160,72,15
251111,177,161,44,13
251112,177,161,45,13
251113,177,161,70,15
251114,177,161,71,15
251115,178,124,59,9
251116,178,125,57,9
251117,178,125,58,9
251118,178,125,59,9
251119,178,126,43,11
251120,178,126,57,9
251121,178,126,58,9
251122,178,126,59,9
251123,178,126,60,11
251124,178,127,40,1
251125,178,127,42,11
251126,178,127,43,11
251127,178,127,44,11
251128,178,127,45,11
251129,178,127,46,11
251130,178,127,56,11
251131,178,127,57,9
251132,178,127,58,9
251133,178,127,59,11
251134,178,127,60,11
251135,178,128,40,1
251136,178,128,41,1
251137,178,128,42,11
251138,178,128,43,11
251139,178,128,44,11
251140,178,128,45,11
251141,178,128,46,11
251142,178,128,47,11
251143,178,128,55,11
251144,178,128,56,11
251145,178,128,57,9
251146,178,128,58,9
251147,178,128,59,11
251148,178,128,60,11
251149,178,128,61,16
251150,178,129,41,1
251151,178,129,42,11
251152,178,129,43,11
251153,178,129,44,11
251154,178,129,45,11
251155,178,129,46,11
251156,178,129,47,11
251157,178,129,48,11
251158,178,129,55,11
251159,178,129,56,11
251160,178,129,57,11
251161,178,129,58,1
251162,178,129,59,11
251163,178,129,60,11
251164,178,129,61,16
251165,178,130,41,9
251166,178,130,42,11
251167,178,130,43,11
251168,178,130,44,11
251169,178,130,45,11
251170,178,130,46,11
251171,178,130,47,11
251172,178,130,48,11
251173,178,130,56,11
251174,178,130,57,11
251175,178,130,58,1
251176,178,130,59,5
251177,178,130,60,11
251178,178,130,61,11
251179,178,131,44,11
251180,178,131,45,11
251181,178,131,46,11
251182,178,131,47,11
251183,178,131,56,11
251184,178,131,57,11
251185,178,131,58,1
251186,178,131,59,5
251187,178,131,60,5
251188,178,131,61,11
251189,178,132,43,11
251190,178,132,44,11
251191,178,132,45,11
251192,178,132,46,11
251193,178,132,47,11
251194,178,132,55,11
251195,178,132,56,11
251196,178,132,57,1
251197,178,132,58,1
251198,178,132,59,5
251199,178,132,60,5
251200,178,132,61,5
251201,178,132,62,11
251202,178,133,43,11
251203,178,133,44,11
251204,178,133,45,11
251205,178,133,46,11
251206,178,133,47,11
251207,178,133,54,11
251208,178,133,55,11
251209,178,133,56,1
251210,178,133,57,1
251211,178,133,58,1
251212,178,133,59,1
251213,178,133,60,5
251214,178,133,61,5
251215,178,133,62,11
251216,178,134,42,11
251217,178,134,43,11
251218,178,134,44,11
251219,178,134,45,11
251220,178,134,46,11
251221,178,134,47,11
251222,178,134,48,11
251223,178,134,49,11
251224,178,134,50,11
251225,178,134,53,11
251226,178,134,54,11
251227,178,134,55,11
251228,178,134,56,1
251229,178,134,57,1
251230,178,134,58,1
251231,178,134,59,1
251232,178,134,60,5
251233,178,134,61,5
251234,178,134,62,5
251235,178,135,41,11
251236,178,135,42,11
251237,178,135,43,11
251238,178,135,44,11
251239,178,135,45,11
251240,178,135,46,11
251241,178,135,47,11
251242,178,135,48,11
251243,178,135,49,11
251244,178,135,50,11
251245,178,135,51,11
251246,178,135,52,11
251247,178,135,53,11
251248,178,135,54,11
251249,178,135,55,1
251250,178,135,56,1
251251,178,135,57,1
251252,178,135,58,1
251253,178,135,59,1
251254,178,135,60,5
251255,178,135,61,5
251256,178,135,62,11
251257,178,136,40,11
251258,178,136,41,11
251259,178,136,42,11
251260,178,136,43,11
251261,178,136,44,11
251262,178,136,45,11
251263,178,136,46,11
251264,178,136,47,11
251265,178,136,48,11
251266,178,136,49,11
251267,178,136,50,11
251268,178,136,51,11
251269,178,136,52,11
251270,178,136,53,11
251271,178,136,54,11
251272,178,136,55,1
251273,178,136,56,1
251274,178,136,57,1
251275,178,136,58,1
251276,178,136,59,5
251277,178,136,60,5
251278,178,136,61,9
251279,178,137,40,11
251280,178,137,41,11
251281,178,137,42,11
251282,178,137,43,11
251283,178,137,44,11
251284,178,137,45,11
251285,178,137,46,11
251286,178,137,47,11
251287,178,137,48,11
251288,178,137,49,11
251289,178,137,50,11
251290,178,137,51,11
251291,178,137,52,11
251292,178,137,53,11
251293,178,137,54,1
251294,178,137,55,1
251295,178,137,56,1
251296,178,137,57,1
251297,178,137,58,1
251298,178,137,59,5
251299,178,137,60,9
251300,178,138,40,11
251301,178,138,41,11
251302,178,138,42,11
251303,178,138,43,11
251304,178,138,44,11
251305,178,138,45,11
251306,178,138,46,11
251307,178,138,47,11
251308,178,138,48,11
251309,178,138,49,11
251310,178,138,50,11
251311,178,138,51,11
251312,178,138,52,11
251313,178,138,53,1
251314,178,138,54,1
251315,178,138,55,1
251316,178,138,56,1
251317,178,138,57,1
251318,178,138,58,1
251319,178,138,59,5
251320,178,138,60,11
251321,178,139,40,11
251322,178,139,41,11
251323,178,139,42,11
251324,178,139,43,11
251325,178,139,44,11
251326,178,139,45,11
251327,178,139,46,11
251328,178,139,47,11
251329,178,139,48,11
251330,178,139,49,11
251331,178,139,50,11
251332,178,139,51,11
251333,178,139,52,11
251334,178,139,53,1
251335,178,139,54,1
251336,178,139,55,1
251337,178,139,56,1
251338,178,139,57,1
251339,178,139,58,1
251340,178,139,59,11
251341,178,140,41,11
251342,178,140,42,11
251343,178,140,43,11
251344,178,140,44,11
251345,178,140,45,11
251346,178,140,46,11
251347,178,140,47,11
251348,178,140,48,11
251349,178,140,49,11
251350,178,140,50,11
251351,178,140,51,11
251352,178,140,52,1
251353,178,140,53,1
251354,178,140,54,1
251355,178,140,55,1
251356,178,140,56,1
251357,178,140,57,1
251358,178,140,58,5
251359,178,140,59,11
251360,178,141,41,11
251361,178,141,42,11
251362,178,141,43,11
251363,178,141,44,11
251364,178,141,45,11
251365,178,141,46,11
251366,178,141,47,11
251367,178,141,50,11
251368,178,141,51,11
251369,178,141,52,1
251370,178,141,53,1
251371,178,141,54,1
251372,178,141,55,1
251373,178,141,56,1
251374,178,141,57,1
251375,178,141,58,5
251376,178,141,59,11
251377,178,141,60,11
251378,178,142,41,11
251379,178,142,42,11
251380,178,142,43,11
251381,178,142,44,11
251382,178,142,45,11
251383,178,142,46,11
251384,178,142,47,11
251385,178,142,49,11
251386,178,142,50,11
251387,178,142,51,1
251388,178,142,52,1
251389,178,142,53,1
251390,178,142,54,1
251391,178,142,55,1
251392,178,142,56,1
251393,178,142,57,1
251394,178,142,58,11
251395,178,142,59,11
251396,178,142,60,11
251397,178,143,44,11
251398,178,143,45,11
251399,178,143,46,11
251400,178,143,47,11
251401,178,143,48,11
251402,178,143,49,11
251403,178,143,50,11
251404,178,143,51,1
251405,178,143,52,1
251406,178,143,53,1
251407,178,143,54,1
251408,178,143,55,1
251409,178,143,56,1
251410,178,143,57,1
251411,178,143,58,11
251412,178,143,59,11
251413,178,143,60,11
251414,178,144,42,11
251415,178,144,43,11
251416,178,144,44,11
251417,178,144,45,11
251418,178,144,46,11
251419,178,144,47,11
251420,178,144,48,11
251421,178,144,49,11
251422,178,144,50,1
251423,178,144,51,1
251424,178,144,52,1
251425,178,144,53,1
251426,178,144,54,1
251427,178,144,55,1
251428,178,144,56,1
251429,178,144,57,1
251430,178,144,58,11
251431,178,144,59,11
251432,178,144,60,11
251433,178,145,42,11
251434,178,145,43,11
251435,178,145,44,11
251436,178,145,45,11
251437,178,145,46,11
251438,178,145,47,11
251439,178,145,48,11
251440,178,145,49,11
251441,178,145,50,1
251442,178,145,51,1
251443,178,145,52,1
251444,178,145,53,1
251445,178,145,54,1
251446,178,145,55,1
251447,178,145,56,1
251448,178,145,57,1
251449,178,145,58,1
251450,178,145,59,11
251451,178,145,60,11
251452,178,145,61,11
251453,178,146,43,11
251454,178,146,44,11
251455,178,146,45,11
251456,178,146,46,11
251457,178,146,47,11
251458,178,146,48,11
251459,178,146,49,1
251460,178,146,50,1
251461,178,146,51,1
251462,178,146,52,1
251463,178,146,53,1
251464,178,146,54,1
251465,178,146,55,1
251466,178,146,56,1
251467,178,146,57,1
251468,178,146,58,1
251469,178,146,59,11
251470,178,146,60,11
251471,178,146,61,11
251472,178,147,42,11
251473,178,147,43,11
251474,178,147,44,11
251475,178,147,45,11
251476,178,147,46,11
251477,178,147,47,11
251478,178,147,48,1
251479,178,147,49,1
251480,178,147,50,1
251481,178,147,51,1
251482,178,147,52,1
251483,178,147,53,1
251484,178,147,54,1
251485,178,147,55,1
251486,178,147,56,1
251487,178,147,57,1
251488,178,147,58,1
251489,178,147,59,11
251490,178,147,60,11
251491,178,147,61,11
251492,178,148,41,9
251493,178,148,42,11
251494,178,148,43,11
251495,178,148,44,11
251496,178,148,45,11
251497,178,148,46,1
251498,178,148,47,1
251499,178,148,48,1
251500,178,148,49,1
251501,178,148,50,1
251502,178,148,51,1
251503,178,148,52,1
251504,178,148,53,1
251505,178,148,54,1
251506,178,148,55,1
251507,178,148,56,1
251508,178,148,57,1
251509,178,148,58,1
251510,178,148,59,1
251511,178,148,60,11
251512,178,149,41,11
251513,178,149,42,1
251514,178,149,43,11
251515,178,149,44,11
251516,178,149,45,11
251517,178,149,46,1
251518,178,149,47,1
251519,178,149,48,1
251520,178,149,49,1
251521,178,149,50,1
251522,178,149,51,13
251523,178,149,52,1
251524,178,149,53,1
251525,178,149,54,1
251526,178,149,55,1
251527,178,149,56,1
251528,178,149,57,1
251529,178,149,58,1
251530,178,149,59,11
251531,178,150,41,11
251532,178,150,42,1
251533,178,150,43,1
251534,178,150,44,1
251535,178,150,45,1
251536,178,150,46,1
251537,178,150,47,1
251538,178,150,48,1
251539,178,150,49,1
251540,178,150,50,1
251541,178,150,51,13
251542,178,150,52,1
251543,178,150,53,1
251544,178,150,54,1
251545,178,150,55,1
251546,178,150,56,1
251547,178,150,57,13
251548,178,150,58,13
251549,178,151,41,11
251550,178,151,42,1
251551,178,151,43,1
251552,178,151,44,1
251553,178,151,45,1
251554,178,151,46,1
251555,178,151,47,1
251556,178,151,48,1
251557,178,151,49,1
251558,178,151,50,13
251559,178,151,51,1
251560,178,151,52,1
251561,178,151,53,1
251562,178,151,54,13
251563,178,151,55,13
251564,178,151,56,13
251565,178,152,41,11
251566,178,152,42,11
251567,178,152,43,1
251568,178,152,44,1
251569,178,152,45,1
251570,178,152,46,1
251571,178,152,47,1
251572,178,152,48,13
251573,178,152,49,13
251574,178,152,50,13
251575,178,152,51,13
251576,178,152,52,1
251577,178,152,53,13
251578,178,152,54,13
251579,178,152,55,13
251580,178,153,41,11
251581,178,153,42,11
251582,178,153,43,11
251583,178,153,44,1
251584,178,153,45,1
251585,178,153,46,13
251586,178,153,47,13
251587,178,153,48,13
251588,178,153,49,13
251589,178,153,50,1
251590,178,153,51,1
251591,178,153,52,13
251592,178,153,53,13
251593,178,153,54,13
251594,178,154,41,11
251595,178,154,42,11
251596,178,154,43,11
251597,178,154,44,1
251598,178,154,45,13
251599,178,154,46,13
251600,178,154,47,13
251601,178,154,48,13
251602,178,154,49,13
251603,178,154,50,13
251604,178,154,51,13
251605,178,154,52,13
251606,178,155,41,11
251607,178,155,42,11
251608,178,155,43,11
251609,178,155,44,13
251610,178,155,45,13
251611,178,155,46,13
251612,178,155,47,13
251613,178,155,48,13
251614,178,155,49,13
251615,178,155,50,13
251616,178,155,51,13
251617,178,156,43,11
251618,178,156,44,13
251619,178,156,45,13
251620,178,156,46,13
251621,178,156,47,13
251622,178,156,48,13
251623,178,156,49,13
251624,178,156,50,13
251625,178,157,42,11
251626,178,157,43,11
251627,178,157,44,13
251628,178,157,45,13
251629,178,157,46,13
251630,178,157,47,13
251631,178,157,48,13
251632,178,157,49,13
251633,178,157,50,13
251634,178,157,64,11
251635,178,157,65,15
251636,178,157,66,15
251637,178,158,42,11
251638,178,158,43,11
251639,178,158,44,13
251640,178,158,45,13
251641,178,158,46,13
251642,178,158,47,13
251643,178,158,48,13
251644,178,158,63,15
251645,178,158,64,15
251646,178,158,65,15
251647,178,158,66,15
251648,178,158,67,15
251649,178,159,43,11
251650,178,159,44,13
251651,178,159,45,13
251652,178,159,46,13
251653,178,159,47,13
251654,178,159,62,15
251655,178,159,63,15
251656,178,159,64,15
251657,178,159,65,15
251658,178,159,66,15
251659,178,159,71,15
251660,178,159,72,15
251661,178,160,46,13
251662,178,160,70,15
251663,178,160,71,15
251664,178,160,72,15
251665,178,161,70,15
251666,178,161,71,15
251667,179,126,57,9
251668,179,127,57,9
251669,179,127,58,9
251670,179,127,59,11
251671,179,128,44,11
251672,179,128,57,9
251673,179,128,58,9
251674,179,128,59,11
251675,179,128,60,11
251676,179,129,44,11
251677,179,129,45,11
251678,179,129,46,11
251679,179,129,47,11
251680,179,129,57,11
251681,179,129,58,9
251682,179,129,59,11
251683,179,129,60,11
251684,179,129,61,16
251685,179,130,44,11
251686,179,130,45,11
251687,179,130,46,11
251688,179,130,47,11
251689,179,130,57,11
251690,179,130,58,5
251691,179,130,59,5
251692,179,130,60,11
251693,179,130,61,11
251694,179,131,44,11
251695,179,131,45,11
251696,179,131,46,11
251697,179,131,47,11
251698,179,131,56,11
251699,179,131,57,11
251700,179,131,58,5
251701,179,131,59,5
251702,179,131,60,5
251703,179,131,61,11
251704,179,132,44,11
251705,179,132,45,11
251706,179,132,46,11
251707,179,132,55,11
251708,179,132,56,11
251709,179,132,57,1
251710,179,132,58,5
251711,179,132,59,5
251712,179,132,60,5
251713,179,132,61,5
251714,179,132,62,11
251715,179,132,63,16
251716,179,133,44,11
251717,179,133,45,11
251718,179,133,46,11
251719,179,133,54,11
251720,179,133,55,11
251721,179,133,56,1
251722,179,133,57,1
251723,179,133,58,1
251724,179,133,59,5
251725,179,133,60,5
251726,179,133,61,5
251727,179,133,62,11
251728,179,134,40,9
251729,179,134,42,11
251730,179,134,43,11
251731,179,134,44,11
251732,179,134,45,11
251733,179,134,54,11
251734,179,134,55,11
251735,179,134,56,1
251736,179,134,57,1
251737,179,134,58,1
251738,179,134,59,1
251739,179,134,60,5
251740,179,134,61,5
251741,179,135,41,11
251742,179,135,42,11
251743,179,135,43,11
251744,179,135,44,11
251745,179,135,45,11
251746,179,135,46,11
251747,179,135,52,11
251748,179,135,53,11
251749,179,135,54,11
251750,179,135,55,11
251751,179,135,56,1
251752,179,135,57,1
251753,179,135,58,1
251754,179,135,59,1
251755,179,135,60,5
251756,179,136,40,11
251757,179,136,41,11
251758,179,136,42,11
251759,179,136,43,11
251760,179,136,44,11
251761,179,136,45,11
251762,179,136,46,11
251763,179,136,47,11
251764,179,136,48,11
251765,179,136,49,11
251766,179,136,50,11
251767,179,136,51,11
251768,179,136,52,11
251769,179,136,53,11
251770,179,136,54,1
251771,179,136,55,1
251772,179,136,56,1
251773,179,136,57,1
251774,179,136,58,1
251775,179,136,59,1
251776,179,136,60,5
251777,179,137,40,11
251778,179,137,41,11
251779,179,137,42,11
251780,179,137,43,11
251781,179,137,44,11
251782,179,137,45,11
251783,179,137,46,11
251784,179,137,47,11
251785,179,137,48,11
251786,179,137,49,11
251787,179,137,50,11
251788,179,137,51,11
251789,179,137,52,11
251790,179,137,53,11
251791,179,137,54,1
251792,179,137,55,1
251793,179,137,56,1
251794,179,137,57,1
251795,179,137,58,1
251796,179,137,59,5
251797,179,137,60,11
251798,179,138,39,11
251799,179,138,40,11
251800,179,138,41,11
251801,179,138,42,11
251802,179,138,43,11
251803,179,138,44,11
251804,179,138,45,11
251805,179,138,46,11
251806,179,138,47,11
251807,179,138,48,11
251808,179,138,49,11
251809,179,138,50,11
251810,179,138,51,11
251811,179,138,52,11
251812,179,138,53,1
251813,179,138,54,1
251814,179,138,55,1
251815,179,138,56,1
251816,179,138,57,1
251817,179,138,58,1
251818,179,138,59,11
251819,179,139,40,11
251820,179,139,41,11
251821,179,139,42,11
251822,179,139,43,11
251823,179,139,44,11
251824,179,139,45,11
251825,179,139,46,11
251826,179,139,47,11
251827,179,139,48,11
251828,179,139,49,11
251829,179,139,50,11
251830,179,139,51,11
251831,179,139,52,1
251832,179,139,53,1
251833,179,139,54,1
251834,179,139,55,1
251835,179,139,56,1
251836,179,139,57,1
251837,179,139,58,1
251838,179,139,59,11
251839,179,140,41,11
251840,179,140,42,11
251841,179,140,43,11
251842,179,140,44,11
251843,179,140,45,11
251844,179,140,46,11
251845,179,140,47,11
251846,179,140,48,11
251847,179,140,49,11
251848,179,140,50,11
251849,179,140,51,11
251850,179,140,52,1
251851,179,140,53,1
251852,179,140,54,1
251853,179,140,55,1
251854,179,140,56,1
251855,179,140,57,1
251856,179,140,58,11
251857,179,140,59,11
251858,179,141,41,11
251859,179,141,42,11
251860,179,141,43,11
251861,179,141,44,11
251862,179,141,45,11
251863,179,141,46,11
251864,179,141,47,11
251865,179,141,48,11
251866,179,141,49,11
251867,179,141,50,11
251868,179,141,51,11
251869,179,141,52,1
251870,179,141,53,1
251871,179,141,54,1
251872,179,141,55,1
251873,179,141,56,1
251874,179,141,57,1
251875,179,141,58,11
251876,179,141,59,11
251877,179,142,44,11
251878,179,142,45,11
251879,179,142,46,11
251880,179,142,47,11
251881,179,142,48,11
251882,179,142,49,11
251883,179,142,50,11
251884,179,142,51,1
251885,179,142,52,1
251886,179,142,53,1
251887,179,142,54,1
251888,179,142,55,1
251889,179,142,56,1
251890,179,142,57,1
251891,179,142,58,11
251892,179,142,59,11
251893,179,143,44,11
251894,179,143,45,11
251895,179,143,46,11
251896,179,143,47,11
251897,179,143,48,11
251898,179,143,49,11
251899,179,143,50,1
251900,179,143,51,1
251901,179,143,52,1
251902,179,143,53,1
251903,179,143,54,1
251904,179,143,55,1
251905,179,143,56,1
251906,179,143,57,1
251907,179,143,58,11
251908,179,143,59,11
251909,179,143,60,11
251910,179,144,42,11
251911,179,144,43,11
251912,179,144,44,11
251913,179,144,45,11
251914,179,144,46,11
251915,179,144,47,11
251916,179,144,48,11
251917,179,144,49,11
251918,179,144,50,1
251919,179,144,51,1
251920,179,144,52,1
251921,179,144,53,1
251922,179,144,54,1
251923,179,144,55,1
251924,179,144,56,1
251925,179,144,57,1
251926,179,144,58,11
251927,179,144,59,11
251928,179,144,60,11
251929,179,145,42,11
251930,179,145,43,11
251931,179,145,44,11
251932,179,145,45,11
251933,179,145,46,11
251934,179,145,47,11
251935,179,145,48,1
251936,179,145,49,1
251937,179,145,50,1
251938,179,145,51,1
251939,179,145,52,1
251940,179,145,53,1
251941,179,145,54,1
251942,179,145,55,1
251943,179,145,56,1
251944,179,145,57,1
251945,179,145,58,1
251946,179,145,59,11
251947,179,145,60,11
251948,179,146,43,11
251949,179,146,44,11
251950,179,146,45,11
251951,179,146,46,11
251952,179,146,47,11
251953,179,146,48,1
251954,179,146,49,1
251955,179,146,50,1
251956,179,146,51,1
251957,179,146,52,1
251958,179,146,53,1
251959,179,146,54,1
251960,179,146,55,1
251961,179,146,56,1
251962,179,146,57,1
251963,179,146,58,1
251964,179,146,59,11
251965,179,146,60,11
251966,179,147,42,11
251967,179,147,43,11
251968,179,147,44,11
251969,179,147,45,11
251970,179,147,46,11
251971,179,147,47,1
251972,179,147,48,1
251973,179,147,49,1
251974,179,147,50,1
251975,179,147,51,1
251976,179,147,52,1
251977,179,147,53,1
251978,179,147,54,1
251979,179,147,55,1
251980,179,147,56,1
251981,179,147,57,1
251982,179,147,58,1
251983,179,147,59,11
251984,179,147,60,11
251985,179,148,42,11
251986,179,148,43,11
251987,179,148,44,11
251988,179,148,45,11
251989,179,148,46,1
251990,179,148,47,1
251991,179,148,48,1
251992,179,148,49,1
251993,179,148,50,1
251994,179,148,51,13
251995,179,148,52,13
251996,179,148,53,1
251997,179,148,54,1
251998,179,148,55,1
251999,179,148,56,1
252000,179,148,57,1
252001,179,148,58,1
252002,179,148,59,11
252003,179,149,42,11
252004,179,149,43,11
252005,179,149,44,11
252006,179,149,45,11
252007,179,149,46,1
252008,179,149,47,1
252009,179,149,48,1
252010,179,149,49,1
252011,179,149,50,1
252012,179,149,51,13
252013,179,149,52,1
252014,179,149,53,1
252015,179,149,54,1
252016,179,149,55,1
252017,179,149,56,1
252018,179,149,57,1
252019,179,149,58,1
252020,179,150,42,9
252021,179,150,43,1
252022,179,150,44,1
252023,179,150,45,1
252024,179,150,46,1
252025,179,150,47,1
252026,179,150,48,1
252027,179,150,49,1
252028,179,150,50,1
252029,179,150,51,13
252030,179,150,52,1
252031,179,150,53,1
252032,179,150,54,1
252033,179,150,55,1
252034,179,150,56,1
252035,179,150,57,1
252036,179,151,43,11
252037,179,151,44,1
252038,179,151,45,1
252039,179,151,46,1
252040,179,151,47,1
252041,179,151,48,1
252042,179,151,49,1
252043,179,151,50,1
252044,179,151,51,1
252045,179,151,52,1
252046,179,151,53,13
252047,179,151,54,1
252048,179,151,55,1
252049,179,151,56,13
252050,179,152,43,11
252051,179,152,44,11
252052,179,152,45,1
252053,179,152,46,1
252054,179,152,47,1
252055,179,152,48,1
252056,179,152,49,1
252057,179,152,50,1
252058,179,152,51,1
252059,179,152,52,1
252060,179,152,53,1
252061,179,152,54,1
252062,179,152,55,1
252063,179,153,43,11
252064,179,153,44,11
252065,179,153,45,1
252066,179,153,46,1
252067,179,153,47,1
252068,179,153,48,1
252069,179,153,49,1
252070,179,153,50,1
252071,179,153,51,1
252072,179,153,52,1
252073,179,153,53,13
252074,179,153,54,13
252075,179,154,43,11
252076,179,154,44,11
252077,179,154,45,13
252078,179,154,46,1
252079,179,154,47,1
252080,179,154,48,13
252081,179,154,49,13
252082,179,154,50,1
252083,179,154,51,1
252084,179,154,52,13
252085,179,155,43,11
252086,179,155,44,11
252087,179,155,45,13
252088,179,155,46,13
252089,179,155,47,13
252090,179,155,48,13
252091,179,155,49,13
252092,179,155,50,1
252093,179,155,51,13
252094,179,156,44,11
252095,179,156,45,13
252096,179,156,46,13
252097,179,156,47,13
252098,179,156,48,13
252099,179,156,49,13
252100,179,156,50,13
252101,179,157,44,11
252102,179,157,45,13
252103,179,157,46,13
252104,179,157,47,13
252105,179,157,48,13
252106,179,157,49,13
252107,179,157,65,15
252108,179,157,66,15
252109,179,158,46,13
252110,179,158,47,13
252111,179,158,48,13
252112,179,158,63,15
252113,179,158,64,15
252114,179,158,65,15
252115,179,159,46,13
252116,179,159,47,13
252117,179,159,62,15
252118,179,159,63,15
252119,179,159,64,15
252120,180,128,58,9
252121,180,128,59,11
252122,180,129,45,11
252123,180,129,57,11
252124,180,129,58,9
252125,180,129,59,11
252126,180,129,60,11
252127,180,130,45,11
252128,180,130,57,11
252129,180,130,58,5
252130,180,130,59,5
252131,180,130,60,11
252132,180,130,61,11
252133,180,131,57,11
252134,180,131,58,5
252135,180,131,59,5
252136,180,131,60,5
252137,180,131,61,11
252138,180,132,56,11
252139,180,132,57,1
252140,180,132,58,1
252141,180,132,59,5
252142,180,132,60,5
252143,180,132,61,5
252144,180,132,62,11
252145,180,133,54,11
252146,180,133,55,11
252147,180,133,56,1
252148,180,133,57,1
252149,180,133,58,1
252150,180,133,59,1
252151,180,133,60,5
252152,180,133,61,5
252153,180,133,62,11
252154,180,134,53,11
252155,180,134,54,11
252156,180,134,55,11
252157,180,134,56,1
252158,180,134,57,1
252159,180,134,58,1
252160,180,134,59,1
252161,180,134,60,5
252162,180,134,61,5
252163,180,135,45,11
252164,180,135,46,11
252165,180,135,52,11
252166,180,135,53,11
252167,180,135,54,11
252168,180,135,55,11
252169,180,135,56,1
252170,180,135,57,1
252171,180,135,58,1
252172,180,135,59,1
252173,180,135,60,5
252174,180,136,43,11
252175,180,136,44,11
252176,180,136,45,11
252177,180,136,46,11
252178,180,136,50,11
252179,180,136,51,11
252180,180,136,52,11
252181,180,136,53,11
252182,180,136,54,11
252183,180,136,55,1
252184,180,136,56,1
252185,180,136,57,1
252186,180,136,58,1
252187,180,136,59,1
252188,180,136,60,11
252189,180,137,42,11
252190,180,137,43,11
252191,180,137,44,11
252192,180,137,45,11
252193,180,137,46,11
252194,180,137,47,11
252195,180,137,48,11
252196,180,137,49,11
252197,180,137,50,11
252198,180,137,51,11
252199,180,137,52,11
252200,180,137,53,1
252201,180,137,54,1
252202,180,137,55,1
252203,180,137,56,1
252204,180,137,57,1
252205,180,137,58,1
252206,180,137,59,11
252207,180,138,42,11
252208,180,138,43,11
252209,180,138,44,11
252210,180,138,45,11
252211,180,138,46,11
252212,180,138,47,11
252213,180,138,48,11
252214,180,138,49,11
252215,180,138,50,11
252216,180,138,51,11
252217,180,138,52,1
252218,180,138,53,1
252219,180,138,54,1
252220,180,138,55,1
252221,180,138,56,1
252222,180,138,57,1
252223,180,138,58,1
252224,180,138,59,11
252225,180,139,41,11
252226,180,139,42,11
252227,180,139,43,11
252228,180,139,44,11
252229,180,139,45,11
252230,180,139,46,11
252231,180,139,47,11
252232,180,139,48,11
252233,180,139,49,11
252234,180,139,50,11
252235,180,139,51,11
252236,180,139,52,1
252237,180,139,53,1
252238,180,139,54,1
252239,180,139,55,1
252240,180,139,56,1
252241,180,139,57,1
252242,180,139,58,1
252243,180,139,59,11
252244,180,140,40,11
252245,180,140,41,11
252246,180,140,42,11
252247,180,140,43,11
252248,180,140,44,11
252249,180,140,45,11
252250,180,140,48,11
252251,180,140,49,11
252252,180,140,50,11
252253,180,140,51,1
252254,180,140,52,1
252255,180,140,53,1
252256,180,140,54,1
252257,180,140,55,1
252258,180,140,56,1
252259,180,140,57,1
252260,180,140,58,11
252261,180,140,59,11
252262,180,141,44,11
252263,180,141,45,11
252264,180,141,46,11
252265,180,141,47,11
252266,180,141,48,11
252267,180,141,49,11
252268,180,141,50,11
252269,180,141,51,1
252270,180,141,52,1
252271,180,141,53,1
252272,180,141,54,1
252273,180,141,55,1
252274,180,141,56,1
252275,180,141,57,1
252276,180,141,58,11
252277,180,141,59,11
252278,180,142,44,11
252279,180,142,45,11
252280,180,142,46,11
252281,180,142,47,11
252282,180,142,48,11
252283,180,142,49,11
252284,180,142,50,1
252285,180,142,51,1
252286,180,142,52,1
252287,180,142,53,1
252288,180,142,54,1
252289,180,142,55,1
252290,180,142,56,1
252291,180,142,57,1
252292,180,142,58,11
252293,180,142,59,11
252294,180,143,44,11
252295,180,143,45,11
252296,180,143,46,11
252297,180,143,47,11
252298,180,143,48,11
252299,180,143,49,1
252300,180,143,50,1
252301,180,143,51,1
252302,180,143,52,1
252303,180,143,53,1
252304,180,143,54,1
252305,180,143,55,1
252306,180,143,56,1
252307,180,143,57,1
252308,180,143,58,11
252309,180,143,59,11
252310,180,143,60,11
252311,180,144,44,11
252312,180,144,45,11
252313,180,144,46,11
252314,180,144,47,11
252315,180,144,48,11
252316,180,144,49,1
252317,180,144,50,1
252318,180,144,51,1
252319,180,144,52,1
252320,180,144,53,1
252321,180,144,54,1
252322,180,144,55,1
252323,180,144,56,1
252324,180,144,57,1
252325,180,144,58,11
252326,180,144,59,11
252327,180,144,60,11
252328,180,145,43,11
252329,180,145,44,11
252330,180,145,45,11
252331,180,145,46,11
252332,180,145,47,11
252333,180,145,48,1
252334,180,145,49,1
252335,180,145,50,1
252336,180,145,51,1
252337,180,145,52,1
252338,180,145,53,1
252339,180,145,54,1
252340,180,145,55,1
252341,180,145,56,1
252342,180,145,57,1
252343,180,145,58,11
252344,180,145,59,11
252345,180,145,60,11
252346,180,145,61,11
252347,180,146,42,11
252348,180,146,43,11
252349,180,146,44,11
252350,180,146,45,11
252351,180,146,46,11
252352,180,146,47,1
252353,180,146,48,1
252354,180,146,49,1
252355,180,146,50,1
252356,180,146,51,1
252357,180,146,52,1
252358,180,146,53,1
252359,180,146,54,1
252360,180,146,55,1
252361,180,146,56,1
252362,180,146,57,1
252363,180,146,58,1
252364,180,146,59,11
252365,180,146,60,11
252366,180,147,42,11
252367,180,147,43,11
252368,180,147,44,11
252369,180,147,45,11
252370,180,147,46,1
252371,180,147,47,1
252372,180,147,48,1
252373,180,147,49,1
252374,180,147,50,1
252375,180,147,51,1
252376,180,147,52,1
252377,180,147,53,1
252378,180,147,54,1
252379,180,147,55,1
252380,180,147,56,1
252381,180,147,57,1
252382,180,147,58,1
252383,180,147,59,11
252384,180,148,43,11
252385,180,148,44,11
252386,180,148,45,11
252387,180,148,46,11
252388,180,148,47,1
252389,180,148,48,1
252390,180,148,49,1
252391,180,148,50,1
252392,180,148,51,1
252393,180,148,52,1
252394,180,148,53,13
252395,180,148,54,1
252396,180,148,55,1
252397,180,148,56,1
252398,180,148,57,1
252399,180,148,58,1
252400,180,148,59,11
252401,180,149,43,11
252402,180,149,44,11
252403,180,149,45,11
252404,180,149,46,11
252405,180,149,47,1
252406,180,149,48,1
252407,180,149,49,1
252408,180,149,50,1
252409,180,149,51,1
252410,180,149,52,1
252411,180,149,53,13
252412,180,149,54,1
252413,180,149,55,1
252414,180,149,56,1
252415,180,149,57,1
252416,180,149,58,11
252417,180,150,43,11
252418,180,150,44,11
252419,180,150,45,11
252420,180,150,46,11
252421,180,150,47,1
252422,180,150,48,1
252423,180,150,49,11
252424,180,150,50,1
252425,180,150,51,1
252426,180,150,52,1
252427,180,150,53,1
252428,180,150,54,1
252429,180,150,55,1
252430,180,150,56,1
252431,180,150,57,1
252432,180,151,43,11
252433,180,151,44,11
252434,180,151,45,11
252435,180,151,46,11
252436,180,151,47,11
252437,180,151,48,1
252438,180,151,49,11
252439,180,151,50,11
252440,180,151,51,1
252441,180,151,52,1
252442,180,151,53,13
252443,180,151,54,1
252444,180,151,55,1
252445,180,151,56,13
252446,180,152,44,11
252447,180,152,45,11
252448,180,152,46,11
252449,180,152,47,11
252450,180,152,48,11
252451,180,152,49,11
252452,180,152,50,11
252453,180,152,51,1
252454,180,152,52,13
252455,180,152,53,13
252456,180,152,54,1
252457,180,152,55,1
252458,180,153,44,11
252459,180,153,45,11
252460,180,153,46,11
252461,180,153,47,11
252462,180,153,48,1
252463,180,153,49,1
252464,180,153,50,1
252465,180,153,51,1
252466,180,153,52,1
252467,180,153,53,1
252468,180,153,54,13
252469,180,154,44,11
252470,180,154,45,11
252471,180,154,46,11
252472,180,154,47,1
252473,180,154,48,1
252474,180,154,49,1
252475,180,154,50,1
252476,180,154,51,1
252477,180,154,52,11
252478,180,154,53,11
252479,180,154,54,11
252480,180,155,44,11
252481,180,155,45,11
252482,180,155,46,11
252483,180,155,47,1
252484,180,155,48,1
252485,180,155,49,1
252486,180,155,50,1
252487,180,155,51,11
252488,180,155,52,11
252489,180,156,46,11
252490,180,156,47,13
252491,180,156,48,1
252492,180,156,49,1
252493,180,156,50,11
252494,180,156,51,11
252495,180,157,46,11
252496,180,157,47,13
252497,180,157,48,11
252498,180,157,49,11
252499,180,158,46,11
252500,180,158,47,11
252501,180,158,64,15
252502,181,129,59,11
252503,181,130,58,11
252504,181,130,59,9
252505,181,130,60,11
252506,181,130,61,11
252507,181,131,57,11
252508,181,131,58,5
252509,181,131,59,5
252510,181,131,60,5
252511,181,131,61,11
252512,181,132,57,11
252513,181,132,58,1
252514,181,132,59,1
252515,181,132,60,5
252516,181,132,61,11
252517,181,132,62,11
252518,181,133,46,11
252519,181,133,47,11
252520,181,133,55,11
252521,181,133,56,11
252522,181,133,57,1
252523,181,133,58,1
252524,181,133,59,1
252525,181,133,60,5
252526,181,133,61,5
252527,181,133,62,11
252528,181,134,44,11
252529,181,134,45,11
252530,181,134,46,11
252531,181,134,47,11
252532,181,134,54,11
252533,181,134,55,11
252534,181,134,56,1
252535,181,134,57,1
252536,181,134,58,1
252537,181,134,59,1
252538,181,134,60,1
252539,181,134,61,5
252540,181,135,44,11
252541,181,135,45,11
252542,181,135,46,11
252543,181,135,50,11
252544,181,135,51,11
252545,181,135,52,11
252546,181,135,53,11
252547,181,135,54,11
252548,181,135,55,11
252549,181,135,56,1
252550,181,135,57,1
252551,181,135,58,1
252552,181,135,59,1
252553,181,135,60,5
252554,181,135,61,11
252555,181,136,43,11
252556,181,136,44,11
252557,181,136,45,11
252558,181,136,49,11
252559,181,136,50,11
252560,181,136,51,11
252561,181,136,52,11
252562,181,136,53,11
252563,181,136,54,11
252564,181,136,55,1
252565,181,136,56,1
252566,181,136,57,1
252567,181,136,58,1
252568,181,136,59,1
252569,181,136,60,11
252570,181,137,42,11
252571,181,137,43,11
252572,181,137,44,11
252573,181,137,48,11
252574,181,137,49,11
252575,181,137,50,11
252576,181,137,51,11
252577,181,137,52,11
252578,181,137,53,1
252579,181,137,54,1
252580,181,137,55,1
252581,181,137,56,1
252582,181,137,57,1
252583,181,137,58,1
252584,181,137,59,11
252585,181,138,41,11
252586,181,138,42,11
252587,181,138,43,11
252588,181,138,47,11
252589,181,138,48,11
252590,181,138,49,11
252591,181,138,50,11
252592,181,138,51,11
252593,181,138,52,1
252594,181,138,53,1
252595,181,138,54,1
252596,181,138,55,1
252597,181,138,56,1
252598,181,138,57,1
252599,181,138,58,1
252600,181,138,59,11
252601,181,139,42,11
252602,181,139,43,11
252603,181,139,46,11
252604,181,139,47,11
252605,181,139,48,11
252606,181,139,49,11
252607,181,139,50,11
252608,181,139,51,1
252609,181,139,52,1
252610,181,139,53,1
252611,181,139,54,1
252612,181,139,55,1
252613,181,139,56,1
252614,181,139,57,1
252615,181,139,58,11
252616,181,139,59,11
252617,181,140,42,11
252618,181,140,43,11
252619,181,140,44,11
252620,181,140,45,11
252621,181,140,46,11
252622,181,140,47,11
252623,181,140,48,11
252624,181,140,49,11
252625,181,140,50,11
252626,181,140,51,1
252627,181,140,52,1
252628,181,140,53,1
252629,181,140,54,1
252630,181,140,55,1
252631,181,140,56,1
252632,181,140,57,1
252633,181,140,58,11
252634,181,140,59,11
252635,181,141,44,11
252636,181,141,45,11
252637,181,141,46,11
252638,181,141,47,11
252639,181,141,48,11
252640,181,141,49,11
252641,181,141,50,1
252642,181,141,51,1
252643,181,141,52,1
252644,181,141,53,1
252645,181,141,54,1
252646,181,141,55,1
252647,181,141,56,1
252648,181,141,57,1
252649,181,141,58,11
252650,181,141,59,11
252651,181,142,44,11
252652,181,142,45,11
252653,181,142,46,11
252654,181,142,47,11
252655,181,142,48,11
252656,181,142,49,11
252657,181,142,50,1
252658,181,142,51,1
252659,181,142,52,1
252660,181,142,53,1
252661,181,142,54,1
252662,181,142,55,1
252663,181,142,56,1
252664,181,142,57,1
252665,181,142,58,11
252666,181,142,59,11
252667,181,143,45,11
252668,181,143,46,11
252669,181,143,47,11
252670,181,143,48,11
252671,181,143,49,11
252672,181,143,50,1
252673,181,143,51,1
252674,181,143,52,1
252675,181,143,53,1
252676,181,143,54,1
252677,181,143,55,1
252678,181,143,56,1
252679,181,143,57,1
252680,181,143,58,11
252681,181,143,59,11
252682,181,143,60,11
252683,181,144,45,11
252684,181,144,46,11
252685,181,144,47,11
252686,181,144,48,11
252687,181,144,49,11
252688,181,144,50,1
252689,181,144,51,1
252690,181,144,52,1
252691,181,144,53,1
252692,181,144,54,1
252693,181,144,55,1
252694,181,144,56,1
252695,181,144,57,1
252696,181,144,58,11
252697,181,144,59,11
252698,181,144,60,11
252699,181,145,45,11
252700,181,145,46,11
252701,181,145,47,11
252702,181,145,48,11
252703,181,145,49,11
252704,181,145,50,1
252705,181,145,51,1
252706,181,145,52,1
252707,181,145,53,1
252708,181,145,54,1
252709,181,145,55,1
252710,181,145,56,1
252711,181,145,57,1
252712,181,145,58,11
252713,181,145,59,11
252714,181,145,60,11
252715,181,146,45,11
252716,181,146,46,11
252717,181,146,47,11
252718,181,146,48,11
252719,181,146,49,11
252720,181,146,50,11
252721,181,146,51,11
252722,181,146,52,1
252723,181,146,53,1
252724,181,146,54,1
252725,181,146,55,1
252726,181,146,56,1
252727,181,146,57,1
252728,181,146,58,1
252729,181,146,59,11
252730,181,147,44,11
252731,181,147,45,11
252732,181,147,46,11
252733,181,147,47,11
252734,181,147,48,11
252735,181,147,49,11
252736,181,147,50,11
252737,181,147,51,11
252738,181,147,52,1
252739,181,147,53,1
252740,181,147,54,13
252741,181,147,55,1
252742,181,147,56,1
252743,181,147,57,1
252744,181,147,58,1
252745,181,147,59,11
252746,181,148,44,11
252747,181,148,45,11
252748,181,148,46,11
252749,181,148,47,11
252750,181,148,48,11
252751,181,148,49,11
252752,181,148,50,11
252753,181,148,51,11
252754,181,148,52,11
252755,181,148,53,1
252756,181,148,54,13
252757,181,148,55,13
252758,181,148,56,13
252759,181,148,57,1
252760,181,148,58,11
252761,181,149,45,11
252762,181,149,46,11
252763,181,149,47,11
252764,181,149,48,11
252765,181,149,49,11
252766,181,149,50,11
252767,181,149,51,11
252768,181,149,52,11
252769,181,149,53,1
252770,181,149,54,1
252771,181,149,55,1
252772,181,149,56,1
252773,181,149,57,1
252774,181,150,45,11
252775,181,150,46,11
252776,181,150,47,11
252777,181,150,48,11
252778,181,150,49,11
252779,181,150,50,11
252780,181,150,51,11
252781,181,150,52,11
252782,181,150,53,1
252783,181,150,54,1
252784,181,150,55,1
252785,181,150,56,1
252786,181,151,46,11
252787,181,151,47,11
252788,181,151,48,11
252789,181,151,49,11
252790,181,151,50,11
252791,181,151,51,11
252792,181,151,52,11
252793,181,151,53,13
252794,181,151,54,1
252795,181,151,55,1
252796,181,152,46,11
252797,181,152,47,11
252798,181,152,48,11
252799,181,152,49,11
252800,181,152,50,11
252801,181,152,51,11
252802,181,152,52,11
252803,181,152,53,1
252804,181,152,54,1
252805,181,153,46,11
252806,181,153,47,11
252807,181,153,48,11
252808,181,153,49,11
252809,181,153,50,11
252810,181,153,51,11
252811,181,153,52,11
252812,181,153,53,11
252813,181,153,54,11
252814,181,154,47,11
252815,181,154,48,11
252816,181,154,49,11
252817,181,154,50,11
252818,181,154,51,11
252819,181,154,52,11
252820,181,154,53,11
252821,181,154,54,11
252822,181,155,48,11
252823,181,155,49,11
252824,181,155,50,11
252825,181,155,51,11
252826,181,155,52,11
252827,181,156,48,11
252828,181,156,49,11
252829,181,156,50,11
252830,181,156,51,11
252831,181,157,49,11
252832,181,157,50,11
252833,182,130,59,11
252834,182,130,60,11
252835,182,131,58,11
252836,182,131,59,11
252837,182,131,60,11
252838,182,131,61,11
252839,182,131,62,11
252840,182,132,46,11
252841,182,132,47,11
252842,182,132,56,11
252843,182,132,57,11
252844,182,132,58,1
252845,182,132,59,1
252846,182,132,60,1
252847,182,132,61,11
252848,182,132,62,11
252849,182,133,45,11
252850,182,133,46,11
252851,182,133,47,11
252852,182,133,55,11
252853,182,133,56,11
252854,182,133,57,1
252855,182,133,58,1
252856,182,133,59,1
252857,182,133,60,1
252858,182,133,61,11
252859,182,133,62,11
252860,182,134,44,11
252861,182,134,45,11
252862,182,134,46,11
252863,182,134,47,11
252864,182,134,48,11
252865,182,134,54,11
252866,182,134,55,11
252867,182,134,56,1
252868,182,134,57,1
252869,182,134,58,1
252870,182,134,59,1
252871,182,134,60,1
252872,182,134,61,11
252873,182,135,44,11
252874,182,135,45,11
252875,182,135,46,11
252876,182,135,47,11
252877,182,135,48,11
252878,182,135,50,11
252879,182,135,51,11
252880,182,135,52,11
252881,182,135,53,11
252882,182,135,54,11
252883,182,135,55,11
252884,182,135,56,1
252885,182,135,57,1
252886,182,135,58,1
252887,182,135,59,1
252888,182,135,60,1
252889,182,135,61,11
252890,182,136,43,11
252891,182,136,48,11
252892,182,136,49,11
252893,182,136,50,11
252894,182,136,51,11
252895,182,136,52,11
252896,182,136,53,11
252897,182,136,54,11
252898,182,136,55,1
252899,182,136,56,1
252900,182,136,57,1
252901,182,136,58,1
252902,182,136,59,1
252903,182,136,60,11
252904,182,137,42,9
252905,182,137,43,11
252906,182,137,44,11
252907,182,137,48,11
252908,182,137,49,11
252909,182,137,50,11
252910,182,137,51,11
252911,182,137,52,11
252912,182,137,53,11
252913,182,137,54,1
252914,182,137,55,1
252915,182,137,56,1
252916,182,137,57,1
252917,182,137,58,1
252918,182,137,59,11
252919,182,138,42,11
252920,182,138,43,11
252921,182,138,48,11
252922,182,138,49,11
252923,182,138,50,11
252924,182,138,51,11
252925,182,138,52,11
252926,182,138,53,1
252927,182,138,54,1
252928,182,138,55,1
252929,182,138,56,1
252930,182,138,57,1
252931,182,138,58,1
252932,182,138,59,11
252933,182,139,47,11
252934,182,139,48,11
252935,182,139,49,11
252936,182,139,50,11
252937,182,139,51,11
252938,182,139,52,11
252939,182,139,53,1
252940,182,139,54,1
252941,182,139,55,1
252942,182,139,56,1
252943,182,139,57,1
252944,182,139,58,11
252945,182,139,59,11
252946,182,140,46,11
252947,182,140,47,11
252948,182,140,48,11
252949,182,140,49,11
252950,182,140,50,11
252951,182,140,51,11
252952,182,140,52,11
252953,182,140,53,1
252954,182,140,54,1
252955,182,140,55,1
252956,182,140,56,1
252957,182,140,57,1
252958,182,140,58,11
252959,182,140,59,11
252960,182,141,44,11
252961,182,141,45,11
252962,182,141,46,11
252963,182,141,47,11
252964,182,141,48,11
252965,182,141,49,11
252966,182,141,50,11
252967,182,141,51,11
252968,182,141,52,11
252969,182,141,53,1
252970,182,141,54,1
252971,182,141,55,1
252972,182,141,56,1
252973,182,141,57,1
252974,182,141,58,11
252975,182,141,59,11
252976,182,142,44,11
252977,182,142,45,11
252978,182,142,46,11
252979,182,142,47,11
252980,182,142,48,11
252981,182,142,49,11
252982,182,142,50,11
252983,182,142,51,11
252984,182,142,52,11
252985,182,142,53,11
252986,182,142,54,1
252987,182,142,55,1
252988,182,142,56,1
252989,182,142,57,1
252990,182,142,58,11
252991,182,142,59,11
252992,182,143,44,11
252993,182,143,45,11
252994,182,143,46,11
252995,182,143,47,11
252996,182,143,48,11
252997,182,143,49,11
252998,182,143,50,11
252999,182,143,52,11
253000,182,143,53,11
253001,182,143,54,1
253002,182,143,55,1
253003,182,143,56,1
253004,182,143,57,1
253005,182,143,58,11
253006,182,143,59,11
253007,182,143,60,11
253008,182,144,44,11
253009,182,144,45,11
253010,182,144,46,11
253011,182,144,47,11
253012,182,144,48,11
253013,182,144,49,11
253014,182,144,50,11
253015,182,144,51,11
253016,182,144,52,11
253017,182,144,53,11
253018,182,144,54,1
253019,182,144,55,1
253020,182,144,56,1
253021,182,144,57,1
253022,182,144,58,11
253023,182,144,59,11
253024,182,145,45,11
253025,182,145,46,11
253026,182,145,47,11
253027,182,145,48,11
253028,182,145,49,11
253029,182,145,50,11
253030,182,145,51,11
253031,182,145,52,11
253032,182,145,53,11
253033,182,145,54,1
253034,182,145,55,1
253035,182,145,56,1
253036,182,145,57,1
253037,182,145,58,11
253038,182,145,59,11
253039,182,146,45,11
253040,182,146,46,11
253041,182,146,47,11
253042,182,146,48,11
253043,182,146,49,11
253044,182,146,50,11
253045,182,146,51,11
253046,182,146,52,11
253047,182,146,53,1
253048,182,146,54,1
253049,182,146,55,1
253050,182,146,56,1
253051,182,146,57,1
253052,182,146,58,11
253053,182,146,59,11
253054,182,147,44,9
253055,182,147,45,11
253056,182,147,46,11
253057,182,147,47,11
253058,182,147,48,11
253059,182,147,49,11
253060,182,147,50,11
253061,182,147,51,11
253062,182,147,52,11
253063,182,147,53,1
253064,182,147,54,1
253065,182,147,55,1
253066,182,147,56,1
253067,182,147,57,1
253068,182,147,58,11
253069,182,148,44,11
253070,182,148,45,11
253071,182,148,46,11
253072,182,148,47,11
253073,182,148,48,11
253074,182,148,49,11
253075,182,148,50,11
253076,182,148,51,11
253077,182,148,52,11
253078,182,148,53,11
253079,182,148,54,1
253080,182,148,55,13
253081,182,148,56,1
253082,182,149,45,11
253083,182,149,46,11
253084,182,149,47,11
253085,182,149,49,11
253086,182,149,50,11
253087,182,149,51,11
253088,182,149,52,11
253089,182,149,53,11
253090,182,149,54,1
253091,182,149,55,1
253092,182,150,45,11
253093,182,150,46,11
253094,182,150,51,11
253095,182,150,52,11
253096,182,150,53,11
253097,182,150,54,11
253098,182,150,55,1
253099,182,151,45,11
253100,182,151,46,11
253101,182,151,50,11
253102,182,151,51,11
253103,182,151,52,11
253104,182,151,53,11
253105,182,151,54,11
253106,182,151,55,11
253107,182,152,49,11
253108,182,152,50,11
253109,182,152,51,11
253110,182,152,52,11
253111,182,152,53,11
253112,182,152,54,11
253113,182,153,49,11
253114,182,153,50,11
253115,182,153,51,11
253116,182,153,52,11
253117,182,153,53,11
253118,182,154,49,11
253119,182,154,50,11
253120,182,154,51,11
253121,182,154,52,11
253122,182,154,53,11
253123,182,155,49,11
253124,182,155,50,11
253125,182,155,51,11
253126,182,155,52,11
253127,182,155,53,11
253128,182,156,50,11
253129,182,156,51,11
253130,182,156,52,11
253131,183,129,47,1
253132,183,130,46,11
253133,183,130,47,11
253134,183,131,46,11
253135,183,131,59,11
253136,183,131,60,11
253137,183,132,57,11
253138,183,132,58,11
253139,183,132,59,11
253140,183,132,60,11
253141,183,132,61,11
253142,183,133,56,11
253143,183,133,57,1
253144,183,133,58,1
253145,183,133,59,1
253146,183,133,60,11
253147,183,133,61,11
253148,183,133,62,11
253149,183,134,48,1
253150,183,134,49,1
253151,183,134,56,11
253152,183,134,57,1
253153,183,134,58,1
253154,183,134,59,1
253155,183,134,60,1
253156,183,134,61,11
253157,183,135,48,1
253158,183,135,49,1
253159,183,135,52,11
253160,183,135,53,11
253161,183,135,54,11
253162,183,135,55,11
253163,183,135,56,1
253164,183,135,57,1
253165,183,135,58,1
253166,183,135,59,1
253167,183,135,60,1
253168,183,136,48,11
253169,183,136,49,11
253170,183,136,50,11
253171,183,136,51,11
253172,183,136,52,11
253173,183,136,53,11
253174,183,136,54,11
253175,183,136,55,1
253176,183,136,56,1
253177,183,136,57,1
253178,183,136,58,1
253179,183,136,59,1
253180,183,136,60,11
253181,183,137,48,11
253182,183,137,49,11
253183,183,137,50,11
253184,183,137,51,11
253185,183,137,52,11
253186,183,137,53,11
253187,183,137,54,11
253188,183,137,55,1
253189,183,137,56,1
253190,183,137,57,1
253191,183,137,58,1
253192,183,137,59,11
253193,183,137,60,11
253194,183,138,48,11
253195,183,138,49,11
253196,183,138,50,11
253197,183,138,51,11
253198,183,138,52,11
253199,183,138,53,11
253200,183,138,54,11
253201,183,138,55,1
253202,183,138,56,1
253203,183,138,57,1
253204,183,138,58,1
253205,183,138,59,11
253206,183,139,48,11
253207,183,139,49,11
253208,183,139,50,11
253209,183,139,51,11
253210,183,139,52,11
253211,183,139,53,11
253212,183,139,54,11
253213,183,139,55,1
253214,183,139,56,1
253215,183,139,57,1
253216,183,139,58,1
253217,183,139,59,11
253218,183,140,46,11
253219,183,140,47,11
253220,183,140,48,11
253221,183,140,49,11
253222,183,140,50,11
253223,183,140,51,11
253224,183,140,52,11
253225,183,140,53,11
253226,183,140,54,11
253227,183,140,55,1
253228,183,140,56,1
253229,183,140,57,1
253230,183,140,58,11
253231,183,140,59,11
253232,183,141,46,11
253233,183,141,47,11
253234,183,141,48,11
253235,183,141,49,11
253236,183,141,50,11
253237,183,141,51,11
253238,183,141,52,11
253239,183,141,53,11
253240,183,141,54,11
253241,183,141,55,1
253242,183,141,56,1
253243,183,141,57,1
253244,183,141,58,11
253245,183,141,59,11
253246,183,142,47,11
253247,183,142,48,11
253248,183,142,49,11
253249,183,142,50,11
253250,183,142,51,11
253251,183,142,52,11
253252,183,142,53,11
253253,183,142,54,11
253254,183,142,55,1
253255,183,142,56,1
253256,183,142,57,1
253257,183,142,58,11
253258,183,142,59,11
253259,183,143,47,11
253260,183,143,48,11
253261,183,143,49,11
253262,183,143,50,11
253263,183,143,52,11
253264,183,143,53,11
253265,183,143,54,11
253266,183,143,55,1
253267,183,143,56,1
253268,183,143,57,1
253269,183,143,58,11
253270,183,143,59,11
253271,183,144,47,11
253272,183,144,48,11
253273,183,144,49,11
253274,183,144,51,11
253275,183,144,52,11
253276,183,144,53,11
253277,183,144,54,11
253278,183,144,55,1
253279,183,144,56,1
253280,183,144,57,1
253281,183,144,58,11
253282,183,144,59,11
253283,183,145,47,11
253284,183,145,48,11
253285,183,145,54,11
253286,183,145,55,1
253287,183,145,56,1
253288,183,145,57,1
253289,183,145,58,11
253290,183,146,47,11
253291,183,146,48,11
253292,183,146,54,11
253293,183,146,55,1
253294,183,146,56,1
253295,183,146,57,1
253296,183,147,47,11
253297,183,147,48,11
253298,183,147,54,11
253299,183,147,55,11
253300,183,147,56,11
253301,184,133,55,11
253302,184,133,57,11
253303,184,133,58,11
253304,184,133,59,11
253305,184,133,60,11
253306,184,134,49,1
253307,184,134,55,11
253308,184,134,56,11
253309,184,134,57,11
253310,184,134,58,11
253311,184,134,59,11
253312,184,134,60,11
253313,184,135,48,1
253314,184,135,49,1
253315,184,135,50,1
253316,184,135,56,11
253317,184,135,57,11
253318,184,135,58,1
253319,184,135,59,1
253320,184,135,60,11
253321,184,136,48,1
253322,184,136,49,1
253323,184,136,50,11
253324,184,136,55,11
253325,184,136,56,11
253326,184,136,57,11
253327,184,136,58,1
253328,184,136,59,5
253329,184,136,60,11
253330,184,137,49,11
253331,184,137,50,11
253332,184,137,51,11
253333,184,137,55,11
253334,184,137,56,11
253335,184,137,57,1
253336,184,137,58,1
253337,184,137,59,11
253338,184,137,60,11
253339,184,138,49,11
253340,184,138,50,11
253341,184,138,51,11
253342,184,138,55,11
253343,184,138,56,1
253344,184,138,57,1
253345,184,138,58,1
253346,184,138,59,11
253347,184,138,60,11
253348,184,139,49,11
253349,184,139,50,11
253350,184,139,51,11
253351,184,139,54,11
253352,184,139,55,11
253353,184,139,56,1
253354,184,139,57,1
253355,184,139,58,1
253356,184,139,59,11
253357,184,140,49,11
253358,184,140,50,11
253359,184,140,51,11
253360,184,140,53,11
253361,184,140,54,11
253362,184,140,55,11
253363,184,140,56,1
253364,184,140,57,1
253365,184,140,58,11
253366,184,141,50,11
253367,184,141,53,11
253368,184,141,54,11
253369,184,141,55,11
253370,184,141,56,1
253371,184,141,57,1
253372,184,141,58,11
253373,184,141,59,11
253374,184,142,53,11
253375,184,142,54,11
253376,184,142,55,1
253377,184,142,56,1
253378,184,142,57,11
253379,184,142,58,11
253380,184,143,53,11
253381,184,143,54,11
253382,184,143,55,11
253383,184,143,56,1
253384,184,143,57,1
253385,184,143,58,11
253386,184,144,54,11
253387,184,144,55,11
253388,184,144,56,1
253389,184,144,57,1
253390,184,145,54,11
253391,184,145,55,11
253392,184,145,56,11
253393,184,145,57,11
253394,184,146,55,11
253395,184,146,56,11
253396,184,146,57,11
253397,184,147,55,11
253398,184,147,56,11
253399,185,135,55,11
253400,185,135,58,11
253401,185,136,55,11
253402,185,136,58,11
253403,185,136,59,11
253404,185,137,55,11
253405,185,137,58,11
