label,MRI,,,KMeans_k20_c16_s0_Clustering,KMeans_k40_c16_s0_Clustering
1,117,186,106,6,6
2,117,187,106,13,13
3,118,183,106,6,6
4,118,183,107,6,6
5,118,183,108,6,6
6,118,184,106,1,1
7,118,184,107,1,1
8,118,184,108,6,6
9,118,184,109,13,13
10,118,184,110,13,13
11,118,184,111,13,13
12,118,185,106,1,1
13,118,185,107,1,1
14,118,185,108,6,6
15,118,185,109,13,13
16,118,185,110,13,13
17,118,185,111,13,13
18,118,186,106,1,1
19,118,186,107,1,1
20,118,186,108,6,6
21,118,186,109,13,13
22,118,186,110,13,13
23,118,186,111,13,13
24,118,187,106,1,1
25,118,187,107,6,6
26,118,187,108,13,13
27,118,187,109,13,13
28,118,187,110,13,13
29,118,187,111,13,13
30,118,188,106,6,6
31,118,188,107,13,13
32,118,188,109,13,13
33,118,188,111,13,13
34,118,189,106,6,6
35,118,190,106,13,13
36,118,191,106,13,13
37,119,179,125,9,9
38,119,182,106,1,1
39,119,182,107,6,6
40,119,183,106,1,1
41,119,183,107,1,1
42,119,183,108,1,1
43,119,183,109,1,1
44,119,183,110,6,6
45,119,183,111,6,6
46,119,184,106,4,4
47,119,184,107,1,1
48,119,184,108,1,1
49,119,184,109,1,1
50,119,184,110,6,6
51,119,184,111,6,6
52,119,184,112,13,13
53,119,185,106,4,4
54,119,185,107,4,4
55,119,185,108,1,1
56,119,185,109,6,6
57,119,185,110,6,6
58,119,185,111,13,13
59,119,185,112,13,13
60,119,185,113,13,13
61,119,186,106,1,1
62,119,186,107,1,1
63,119,186,108,1,1
64,119,186,109,6,6
65,119,186,110,13,13
66,119,186,111,13,13
67,119,186,112,13,13
68,119,186,113,13,13
69,119,187,106,1,1
70,119,187,107,1,1
71,119,187,108,6,6
72,119,187,109,6,6
73,119,187,110,13,13
74,119,187,111,13,13
75,119,187,112,13,13
76,119,188,106,1,1
77,119,188,107,6,6
78,119,188,108,6,6
79,119,188,109,13,13
80,119,188,110,13,13
81,119,188,111,13,13
82,119,188,112,13,13
83,119,189,106,6,6
84,119,189,107,6,6
85,119,189,108,13,13
86,119,189,109,13,13
87,119,189,110,13,13
88,119,189,111,13,13
89,119,190,106,6,6
90,119,190,107,13,13
91,119,190,108,13,13
92,119,190,109,13,13
93,119,190,110,13,13
94,119,191,106,13,13
95,119,191,107,13,13
96,119,192,106,13,13
97,119,193,106,13,13
98,120,175,124,6,6
99,120,175,125,6,6
100,120,176,124,6,6
101,120,176,125,6,6
102,120,177,122,6,6
103,120,177,123,6,6
104,120,177,124,6,6
105,120,177,125,6,6
106,120,177,126,9,9
107,120,178,119,6,6
108,120,178,122,6,6
109,120,178,123,6,6
110,120,178,124,6,6
111,120,178,125,6,6
112,120,178,126,9,9
113,120,179,122,6,6
114,120,179,123,6,6
115,120,179,124,13,13
116,120,179,125,13,13
117,120,179,126,9,9
118,120,180,112,6,6
119,120,180,113,6,6
120,120,180,115,13,13
121,120,180,116,13,13
122,120,180,122,6,6
123,120,180,123,13,13
124,120,180,124,13,13
125,120,180,125,9,9
126,120,181,109,6,6
127,120,181,110,6,6
128,120,181,111,6,6
129,120,181,112,6,6
130,120,181,113,6,6
131,120,181,115,13,13
132,120,181,116,13,13
133,120,181,117,13,13
134,120,182,106,1,1
135,120,182,107,1,1
136,120,182,108,1,1
137,120,182,109,1,1
138,120,182,110,1,1
139,120,182,111,6,6
140,120,182,112,6,6
141,120,182,113,13,13
142,120,182,115,13,13
143,120,182,116,13,13
144,120,182,117,13,13
145,120,183,106,4,4
146,120,183,107,4,4
147,120,183,108,4,4
148,120,183,109,1,1
149,120,183,110,1,1
150,120,183,111,1,1
151,120,183,112,6,6
152,120,183,113,13,13
153,120,183,115,13,13
154,120,183,116,13,13
155,120,184,106,4,4
156,120,184,107,4,4
157,120,184,108,4,4
158,120,184,109,1,1
159,120,184,110,1,1
160,120,184,111,6,6
161,120,184,112,6,6
162,120,184,113,13,13
163,120,185,106,4,4
164,120,185,107,4,4
165,120,185,108,1,1
166,120,185,109,1,1
167,120,185,110,1,1
168,120,185,111,6,6
169,120,185,112,13,13
170,120,185,113,13,13
171,120,186,106,4,4
172,120,186,107,4,4
173,120,186,108,1,1
174,120,186,109,1,1
175,120,186,110,6,6
176,120,186,111,6,6
177,120,186,112,13,13
178,120,186,113,13,13
179,120,187,106,1,1
180,120,187,107,1,1
181,120,187,108,1,1
182,120,187,109,6,6
183,120,187,110,13,13
184,120,187,111,13,13
185,120,187,112,13,13
186,120,187,113,13,13
187,120,188,106,1,1
188,120,188,107,1,1
189,120,188,108,6,6
190,120,188,109,6,6
191,120,188,110,13,13
192,120,188,111,13,13
193,120,188,112,13,13
194,120,188,113,13,13
195,120,189,106,1,1
196,120,189,107,6,6
197,120,189,108,6,6
198,120,189,109,13,13
199,120,189,110,13,13
200,120,189,111,13,13
201,120,190,106,6,6
202,120,190,107,6,6
203,120,190,108,13,13
204,120,190,109,13,13
205,120,190,110,13,13
206,120,190,111,13,13
207,120,191,106,6,6
208,120,191,107,13,13
209,120,191,108,13,13
210,120,192,106,6,6
211,121,173,125,1,1
212,121,174,124,1,1
213,121,174,125,1,1
214,121,174,126,6,6
215,121,175,124,1,1
216,121,175,125,1,1
217,121,175,126,6,6
218,121,176,121,4,4
219,121,176,122,4,4
220,121,176,123,4,4
221,121,176,124,1,1
222,121,176,125,6,6
223,121,176,126,6,6
224,121,176,127,9,9
225,121,177,118,1,1
226,121,177,119,4,4
227,121,177,120,4,4
228,121,177,121,4,4
229,121,177,122,1,1
230,121,177,123,1,1
231,121,177,124,6,6
232,121,177,125,6,6
233,121,177,126,6,6
234,121,177,127,9,9
235,121,178,112,4,4
236,121,178,113,4,4
237,121,178,114,4,4
238,121,178,115,1,1
239,121,178,116,1,1
240,121,178,117,1,1
241,121,178,118,1,1
242,121,178,119,1,1
243,121,178,120,1,1
244,121,178,121,1,1
245,121,178,122,1,1
246,121,178,123,6,6
247,121,178,124,6,6
248,121,178,125,6,6
249,121,178,126,6,6
250,121,178,127,9,9
251,121,179,111,1,1
252,121,179,112,4,4
253,121,179,113,4,4
254,121,179,114,4,4
255,121,179,115,1,1
256,121,179,116,1,1
257,121,179,117,1,1
258,121,179,118,1,1
259,121,179,119,1,1
260,121,179,120,1,1
261,121,179,121,6,6
262,121,179,122,6,6
263,121,179,123,6,6
264,121,179,124,6,6
265,121,179,125,13,13
266,121,179,126,13,13
267,121,179,127,9,9
268,121,180,110,1,1
269,121,180,111,1,1
270,121,180,112,1,1
271,121,180,113,1,1
272,121,180,114,1,1
273,121,180,115,1,1
274,121,180,116,1,1
275,121,180,117,1,1
276,121,180,118,6,6
277,121,180,119,6,6
278,121,180,121,6,6
279,121,180,122,6,6
280,121,180,123,6,6
281,121,180,124,13,13
282,121,180,125,13,13
283,121,180,126,6,6
284,121,180,127,9,9
285,121,181,108,1,1
286,121,181,109,1,1
287,121,181,110,4,4
288,121,181,111,4,4
289,121,181,112,1,1
290,121,181,113,1,1
291,121,181,114,1,1
292,121,181,115,1,1
293,121,181,116,6,6
294,121,181,117,6,6
295,121,181,118,6,6
296,121,181,122,6,6
297,121,181,123,13,13
298,121,181,124,13,13
299,121,181,125,13,13
300,121,181,126,9,9
301,121,182,106,1,1
302,121,182,107,1,1
303,121,182,108,1,1
304,121,182,109,4,4
305,121,182,110,4,4
306,121,182,111,1,1
307,121,182,112,1,1
308,121,182,113,6,6
309,121,182,114,6,6
310,121,182,115,6,6
311,121,182,116,6,6
312,121,182,117,6,6
313,121,182,118,6,6
314,121,182,122,6,6
315,121,182,123,6,6
316,121,183,106,4,4
317,121,183,107,4,4
318,121,183,108,4,4
319,121,183,109,4,4
320,121,183,110,4,4
321,121,183,111,1,1
322,121,183,112,6,6
323,121,183,113,6,6
324,121,183,114,6,6
325,121,183,115,6,6
326,121,183,116,6,6
327,121,183,117,6,6
328,121,183,118,6,6
329,121,183,123,1,1
330,121,184,106,4,4
331,121,184,107,4,4
332,121,184,108,4,4
333,121,184,109,4,4
334,121,184,110,1,1
335,121,184,111,1,1
336,121,184,112,6,6
337,121,184,113,13,13
338,121,184,114,13,13
339,121,184,115,13,13
340,121,184,116,13,13
341,121,184,117,6,6
342,121,184,123,9,9
343,121,185,106,4,4
344,121,185,107,4,4
345,121,185,108,1,1
346,121,185,109,1,1
347,121,185,110,1,1
348,121,185,111,6,6
349,121,185,112,6,6
350,121,185,113,13,13
351,121,185,114,13,13
352,121,185,115,13,13
353,121,185,116,13,13
354,121,186,106,4,4
355,121,186,107,1,1
356,121,186,108,1,1
357,121,186,109,1,1
358,121,186,110,1,1
359,121,186,111,6,6
360,121,186,112,13,13
361,121,186,113,13,13
362,121,187,106,1,1
363,121,187,107,1,1
364,121,187,108,1,1
365,121,187,109,6,6
366,121,187,110,6,6
367,121,187,111,13,13
368,121,187,112,13,13
369,121,187,113,13,13
370,121,188,106,1,1
371,121,188,107,1,1
372,121,188,108,6,6
373,121,188,109,6,6
374,121,188,110,13,13
375,121,188,111,13,13
376,121,188,112,13,13
377,121,188,113,13,13
378,121,189,106,1,1
379,121,189,107,6,6
380,121,189,108,6,6
381,121,189,109,13,13
382,121,189,110,13,13
383,121,189,111,13,13
384,121,189,112,13,13
385,121,190,106,6,6
386,121,190,107,6,6
387,121,190,108,6,6
388,121,190,109,13,13
389,121,190,110,13,13
390,121,190,111,13,13
391,121,191,106,6,6
392,121,191,107,6,6
393,121,191,108,13,13
394,121,191,109,13,13
395,121,191,110,13,13
396,121,192,106,6,6
397,121,192,107,6,6
398,122,173,124,4,4
399,122,173,125,1,1
400,122,174,124,4,4
401,122,174,125,4,4
402,122,174,126,1,1
403,122,175,121,4,4
404,122,175,122,4,4
405,122,175,123,4,4
406,122,175,124,4,4
407,122,175,125,4,4
408,122,175,126,1,1
409,122,175,127,6,6
410,122,176,115,4,4
411,122,176,116,4,4
412,122,176,117,4,4
413,122,176,118,4,4
414,122,176,119,4,4
415,122,176,120,4,4
416,122,176,121,4,4
417,122,176,122,4,4
418,122,176,123,4,4
419,122,176,124,4,4
420,122,176,125,1,1
421,122,176,126,1,1
422,122,176,127,6,6
423,122,176,128,9,9
424,122,177,113,4,4
425,122,177,114,4,4
426,122,177,115,4,4
427,122,177,116,4,4
428,122,177,117,4,4
429,122,177,118,4,4
430,122,177,119,4,4
431,122,177,120,4,4
432,122,177,121,4,4
433,122,177,122,4,4
434,122,177,123,4,4
435,122,177,124,1,1
436,122,177,125,6,6
437,122,177,126,6,6
438,122,177,127,6,6
439,122,177,128,9,9
440,122,178,111,4,4
441,122,178,112,4,4
442,122,178,113,4,4
443,122,178,114,4,4
444,122,178,115,4,4
445,122,178,116,4,4
446,122,178,117,4,4
447,122,178,118,4,4
448,122,178,119,4,4
449,122,178,120,4,4
450,122,178,121,4,4
451,122,178,122,4,4
452,122,178,123,1,1
453,122,178,124,6,6
454,122,178,125,6,6
455,122,178,126,6,6
456,122,178,127,6,6
457,122,178,128,9,9
458,122,179,110,1,1
459,122,179,111,4,4
460,122,179,112,4,4
461,122,179,113,4,4
462,122,179,114,4,4
463,122,179,115,4,4
464,122,179,116,4,4
465,122,179,117,4,4
466,122,179,118,4,4
467,122,179,119,4,4
468,122,179,120,4,4
469,122,179,121,1,1
470,122,179,122,1,1
471,122,179,123,6,6
472,122,179,124,6,6
473,122,179,125,6,6
474,122,179,126,6,6
475,122,179,127,1,1
476,122,179,128,9,9
477,122,180,109,1,1
478,122,180,110,4,4
479,122,180,111,4,4
480,122,180,112,4,4
481,122,180,113,4,4
482,122,180,114,4,4
483,122,180,115,4,4
484,122,180,116,4,4
485,122,180,117,4,4
486,122,180,118,4,4
487,122,180,119,4,4
488,122,180,120,1,1
489,122,180,121,1,1
490,122,180,122,6,6
491,122,180,123,6,6
492,122,180,124,6,6
493,122,180,125,6,6
494,122,180,126,6,6
495,122,180,127,9,9
496,122,181,108,1,1
497,122,181,109,4,4
498,122,181,110,4,4
499,122,181,111,4,4
500,122,181,112,4,4
501,122,181,113,4,4
502,122,181,114,1,1
503,122,181,115,1,1
504,122,181,116,1,1
505,122,181,117,1,1
506,122,181,118,1,1
507,122,181,119,1,1
508,122,181,120,1,1
509,122,181,121,6,6
510,122,181,122,6,6
511,122,181,123,6,6
512,122,181,124,6,6
513,122,181,125,6,6
514,122,181,126,6,6
515,122,182,108,4,4
516,122,182,109,4,4
517,122,182,110,4,4
518,122,182,111,4,4
519,122,182,112,1,1
520,122,182,113,1,1
521,122,182,114,1,1
522,122,182,115,1,1
523,122,182,116,1,1
524,122,182,117,1,1
525,122,182,118,1,1
526,122,182,119,6,6
527,122,182,120,6,6
528,122,182,121,6,6
529,122,182,122,6,6
530,122,182,123,6,6
531,122,182,124,6,6
532,122,183,108,4,4
533,122,183,109,4,4
534,122,183,110,4,4
535,122,183,111,1,1
536,122,183,112,1,1
537,122,183,113,6,6
538,122,183,114,6,6
539,122,183,115,6,6
540,122,183,116,6,6
541,122,183,117,6,6
542,122,183,118,6,6
543,122,183,119,6,6
544,122,183,120,6,6
545,122,183,121,6,6
546,122,183,122,6,6
547,122,183,123,1,1
548,122,184,108,4,4
549,122,184,109,4,4
550,122,184,110,4,4
551,122,184,111,1,1
552,122,184,112,6,6
553,122,184,113,13,13
554,122,184,114,13,13
555,122,184,115,6,6
556,122,184,116,6,6
557,122,184,117,6,6
558,122,184,118,6,6
559,122,184,119,6,6
560,122,184,120,6,6
561,122,184,121,6,6
562,122,184,122,12,12
563,122,184,123,12,12
564,122,185,109,1,1
565,122,185,110,1,1
566,122,185,111,1,1
567,122,185,112,6,6
568,122,185,113,13,13
569,122,185,114,13,13
570,122,185,115,13,13
571,122,185,116,13,13
572,122,185,117,6,6
573,122,185,118,6,6
574,122,185,120,6,6
575,122,185,123,12,12
576,122,186,107,1,1
577,122,186,108,1,1
578,122,186,109,1,1
579,122,186,110,1,1
580,122,186,111,6,6
581,122,186,112,13,13
582,122,186,113,13,13
583,122,186,115,13,13
584,122,187,106,1,1
585,122,187,107,1,1
586,122,187,108,1,1
587,122,187,109,6,6
588,122,187,110,6,6
589,122,187,111,13,13
590,122,187,112,13,13
591,122,187,113,13,13
592,122,188,106,1,1
593,122,188,107,1,1
594,122,188,108,6,6
595,122,188,109,6,6
596,122,188,110,13,13
597,122,188,111,13,13
598,122,188,112,13,13
599,122,189,106,6,6
600,122,189,107,6,6
601,122,189,108,6,6
602,122,189,109,13,13
603,122,189,110,13,13
604,122,189,111,13,13
605,122,190,106,6,6
606,122,190,107,6,6
607,122,190,108,6,6
608,122,190,109,13,13
609,122,190,110,13,13
610,122,190,111,13,13
611,122,191,106,6,6
612,122,191,107,6,6
613,122,191,108,13,13
614,122,191,109,13,13
615,122,191,110,13,13
616,122,192,106,6,6
617,122,192,107,6,6
618,122,192,108,6,6
619,123,172,124,1,1
620,123,173,124,4,4
621,123,173,125,4,4
622,123,174,121,10,10
623,123,174,122,4,4
624,123,174,123,4,4
625,123,174,124,4,4
626,123,174,125,4,4
627,123,174,126,1,1
628,123,174,127,6,6
629,123,174,128,13,13
630,123,175,120,10,10
631,123,175,121,10,10
632,123,175,122,10,10
633,123,175,123,4,4
634,123,175,124,4,4
635,123,175,125,4,4
636,123,175,126,1,1
637,123,175,127,6,6
638,123,175,128,6,6
639,123,176,115,4,4
640,123,176,116,4,4
641,123,176,117,4,4
642,123,176,118,4,4
643,123,176,119,4,4
644,123,176,120,10,10
645,123,176,121,10,10
646,123,176,122,10,10
647,123,176,123,4,4
648,123,176,124,4,4
649,123,176,125,4,4
650,123,176,126,1,1
651,123,176,127,1,1
652,123,176,128,6,6
653,123,176,129,9,9
654,123,177,111,4,4
655,123,177,112,4,4
656,123,177,113,4,4
657,123,177,114,4,4
658,123,177,115,4,4
659,123,177,116,4,4
660,123,177,117,4,4
661,123,177,118,4,4
662,123,177,119,4,4
663,123,177,120,10,10
664,123,177,121,10,10
665,123,177,122,10,10
666,123,177,123,4,4
667,123,177,124,4,4
668,123,177,125,12,12
669,123,177,126,1,1
670,123,177,127,1,1
671,123,177,128,12,12
672,123,177,129,9,9
673,123,178,110,4,4
674,123,178,111,4,4
675,123,178,112,4,4
676,123,178,113,4,4
677,123,178,114,4,4
678,123,178,115,4,4
679,123,178,116,4,4
680,123,178,117,4,4
681,123,178,118,4,4
682,123,178,119,4,4
683,123,178,120,10,10
684,123,178,121,4,4
685,123,178,122,4,4
686,123,178,123,4,4
687,123,178,124,12,12
688,123,178,125,12,12
689,123,178,126,12,12
690,123,178,127,12,12
691,123,178,128,9,9
692,123,178,129,9,9
693,123,179,109,1,1
694,123,179,110,4,4
695,123,179,111,4,4
696,123,179,112,4,4
697,123,179,113,4,4
698,123,179,114,4,4
699,123,179,115,4,4
700,123,179,116,4,4
701,123,179,117,4,4
702,123,179,118,4,4
703,123,179,119,4,4
704,123,179,120,10,10
705,123,179,121,10,10
706,123,179,122,4,4
707,123,179,123,4,4
708,123,179,124,12,12
709,123,179,125,12,12
710,123,179,126,12,12
711,123,179,127,12,12
712,123,179,128,9,9
713,123,180,109,1,1
714,123,180,110,4,4
715,123,180,111,4,4
716,123,180,112,4,4
717,123,180,113,4,4
718,123,180,114,4,4
719,123,180,115,4,4
720,123,180,116,4,4
721,123,180,117,4,4
722,123,180,118,4,4
723,123,180,119,4,4
724,123,180,120,10,10
725,123,180,121,10,10
726,123,180,122,4,4
727,123,180,123,1,1
728,123,180,124,12,12
729,123,180,125,12,12
730,123,180,126,4,4
731,123,180,127,4,4
732,123,181,109,4,4
733,123,181,110,4,4
734,123,181,111,4,4
735,123,181,112,4,4
736,123,181,113,4,4
737,123,181,114,4,4
738,123,181,115,4,4
739,123,181,116,4,4
740,123,181,117,4,4
741,123,181,118,4,4
742,123,181,119,10,10
743,123,181,120,10,10
744,123,181,121,1,1
745,123,181,122,6,6
746,123,181,123,6,6
747,123,181,124,12,12
748,123,181,125,12,12
749,123,181,126,12,12
750,123,182,108,4,4
751,123,182,109,4,4
752,123,182,110,4,4
753,123,182,111,4,4
754,123,182,112,4,4
755,123,182,113,1,1
756,123,182,114,1,1
757,123,182,115,4,4
758,123,182,116,4,4
759,123,182,117,4,4
760,123,182,118,4,4
761,123,182,119,4,4
762,123,182,120,1,1
763,123,182,121,6,6
764,123,182,122,6,6
765,123,182,123,6,6
766,123,182,124,1,1
767,123,183,109,10,10
768,123,183,110,4,4
769,123,183,111,1,1
770,123,183,112,1,1
771,123,183,113,6,6
772,123,183,114,1,1
773,123,183,115,1,1
774,123,183,116,1,1
775,123,183,117,1,1
776,123,183,118,1,1
777,123,183,119,1,1
778,123,183,120,1,1
779,123,183,121,6,6
780,123,183,122,6,6
781,123,183,123,6,6
782,123,184,109,4,4
783,123,184,110,4,4
784,123,184,111,1,1
785,123,184,112,6,6
786,123,184,113,13,13
787,123,184,114,6,6
788,123,184,115,6,6
789,123,184,116,6,6
790,123,184,117,6,6
791,123,184,118,6,6
792,123,184,119,6,6
793,123,184,120,6,6
794,123,184,121,6,6
795,123,184,122,6,6
796,123,184,123,12,12
797,123,185,109,4,4
798,123,185,110,1,1
799,123,185,111,1,1
800,123,185,112,6,6
801,123,185,113,13,13
802,123,185,114,13,13
803,123,185,115,13,13
804,123,185,116,6,6
805,123,185,117,6,6
806,123,185,118,6,6
807,123,185,119,6,6
808,123,185,120,6,6
809,123,185,121,1,1
810,123,185,122,1,1
811,123,185,123,4,4
812,123,186,108,1,1
813,123,186,109,1,1
814,123,186,110,1,1
815,123,186,111,6,6
816,123,186,112,13,13
817,123,186,113,13,13
818,123,186,115,13,13
819,123,186,116,13,13
820,123,186,117,6,6
821,123,186,118,6,6
822,123,186,119,6,6
823,123,186,120,6,6
824,123,186,121,1,1
825,123,187,106,1,1
826,123,187,107,1,1
827,123,187,108,1,1
828,123,187,109,1,1
829,123,187,110,6,6
830,123,187,111,6,6
831,123,188,106,1,1
832,123,188,107,1,1
833,123,188,108,6,6
834,123,188,109,6,6
835,123,188,110,6,6
836,123,188,111,13,13
837,123,189,106,6,6
838,123,189,107,6,6
839,123,189,108,6,6
840,123,189,109,13,13
841,123,189,110,13,13
842,123,189,111,13,13
843,123,190,106,6,6
844,123,190,107,6,6
845,123,190,108,13,13
846,123,190,109,13,13
847,123,190,110,13,13
848,123,190,111,13,13
849,123,191,106,13,13
850,123,191,107,13,13
851,123,191,108,13,13
852,123,191,109,13,13
853,123,191,110,13,13
854,123,192,106,13,13
855,123,192,107,13,13
856,123,192,108,13,13
857,124,172,124,4,4
858,124,173,120,10,10
859,124,173,121,10,10
860,124,173,124,4,4
861,124,173,125,4,4
862,124,174,117,10,10
863,124,174,118,10,10
864,124,174,119,10,10
865,124,174,120,10,10
866,124,174,121,10,10
867,124,174,122,10,10
868,124,174,123,4,4
869,124,174,124,4,4
870,124,174,125,4,4
871,124,174,126,4,4
872,124,174,127,1,1
873,124,174,128,6,6
874,124,174,129,9,9
875,124,175,115,4,4
876,124,175,116,4,4
877,124,175,117,10,10
878,124,175,118,10,10
879,124,175,119,10,10
880,124,175,120,10,10
881,124,175,121,10,10
882,124,175,122,10,10
883,124,175,123,10,10
884,124,175,124,4,4
885,124,175,125,4,4
886,124,175,126,4,4
887,124,175,127,1,1
888,124,175,128,1,1
889,124,175,129,9,9
890,124,176,111,4,4
891,124,176,112,4,4
892,124,176,113,4,4
893,124,176,114,4,4
894,124,176,115,4,4
895,124,176,116,4,4
896,124,176,117,10,10
897,124,176,118,10,10
898,124,176,119,10,10
899,124,176,120,10,10
900,124,176,121,10,10
901,124,176,122,10,10
902,124,176,123,10,10
903,124,176,124,10,10
904,124,176,125,4,4
905,124,176,126,4,4
906,124,176,127,4,4
907,124,176,128,12,12
908,124,176,129,9,9
909,124,177,110,4,4
910,124,177,111,4,4
911,124,177,112,4,4
912,124,177,113,4,4
913,124,177,114,10,10
914,124,177,115,10,10
915,124,177,116,10,10
916,124,177,117,10,10
917,124,177,118,10,10
918,124,177,119,10,10
919,124,177,120,10,10
920,124,177,121,10,10
921,124,177,122,10,10
922,124,177,123,10,10
923,124,177,124,12,12
924,124,177,125,12,12
925,124,177,126,4,4
926,124,177,127,12,12
927,124,177,128,12,12
928,124,177,129,9,9
929,124,178,109,4,4
930,124,178,110,4,4
931,124,178,111,4,4
932,124,178,112,4,4
933,124,178,113,4,4
934,124,178,114,10,10
935,124,178,115,10,10
936,124,178,116,10,10
937,124,178,117,10,10
938,124,178,118,10,10
939,124,178,119,10,10
940,124,178,120,10,10
941,124,178,121,10,10
942,124,178,122,10,10
943,124,178,123,12,12
944,124,178,124,12,12
945,124,178,125,12,12
946,124,178,126,12,12
947,124,178,127,12,12
948,124,178,128,12,12
949,124,178,129,9,9
950,124,179,109,4,4
951,124,179,110,4,4
952,124,179,111,4,4
953,124,179,112,4,4
954,124,179,113,4,4
955,124,179,114,10,10
956,124,179,115,10,10
957,124,179,116,10,10
958,124,179,117,10,10
959,124,179,118,10,10
960,124,179,119,10,10
961,124,179,120,10,10
962,124,179,121,10,10
963,124,179,122,10,10
964,124,179,123,12,12
965,124,179,124,12,12
966,124,179,125,12,12
967,124,179,126,12,12
968,124,179,127,12,12
969,124,179,128,9,9
970,124,180,109,4,4
971,124,180,110,10,10
972,124,180,111,10,10
973,124,180,112,4,4
974,124,180,113,4,4
975,124,180,114,10,10
976,124,180,115,10,10
977,124,180,116,10,10
978,124,180,117,10,10
979,124,180,118,10,10
980,124,180,119,10,10
981,124,180,120,10,10
982,124,180,121,10,10
983,124,180,122,10,10
984,124,180,123,12,12
985,124,180,124,12,12
986,124,180,125,12,12
987,124,180,126,12,12
988,124,180,127,4,4
989,124,181,109,10,10
990,124,181,110,10,10
991,124,181,111,10,10
992,124,181,112,10,10
993,124,181,113,4,4
994,124,181,114,10,10
995,124,181,115,10,10
996,124,181,116,10,10
997,124,181,117,10,10
998,124,181,118,10,10
999,124,181,119,10,10
1000,124,181,120,10,10
1001,124,181,121,10,10
1002,124,181,122,12,12
1003,124,181,123,4,4
1004,124,181,124,12,12
1005,124,181,125,12,12
1006,124,181,126,4,4
1007,124,181,127,4,4
1008,124,182,108,10,10
1009,124,182,109,10,10
1010,124,182,110,10,10
1011,124,182,111,10,10
1012,124,182,112,4,4
1013,124,182,113,10,10
1014,124,182,114,10,10
1015,124,182,115,10,10
1016,124,182,116,10,10
1017,124,182,117,10,10
1018,124,182,118,10,10
1019,124,182,119,10,10
1020,124,182,120,10,10
1021,124,182,121,12,12
1022,124,182,122,12,12
1023,124,182,123,12,12
1024,124,182,124,12,12
1025,124,183,107,10,10
1026,124,183,108,10,10
1027,124,183,109,10,10
1028,124,183,110,10,10
1029,124,183,111,10,10
1030,124,183,112,1,1
1031,124,183,113,1,1
1032,124,183,114,1,1
1033,124,183,115,10,10
1034,124,183,116,10,10
1035,124,183,117,10,10
1036,124,183,118,10,10
1037,124,183,119,10,10
1038,124,183,120,4,4
1039,124,183,121,1,1
1040,124,183,122,6,6
1041,124,183,123,12,12
1042,124,183,124,12,12
1043,124,184,107,10,10
1044,124,184,108,10,10
1045,124,184,109,10,10
1046,124,184,110,4,4
1047,124,184,111,1,1
1048,124,184,112,6,6
1049,124,184,113,6,6
1050,124,184,114,6,6
1051,124,184,115,6,6
1052,124,184,116,6,6
1053,124,184,117,1,1
1054,124,184,118,1,1
1055,124,184,119,1,1
1056,124,184,120,1,1
1057,124,184,121,1,1
1058,124,184,122,1,1
1059,124,184,123,4,4
1060,124,185,109,1,1
1061,124,185,110,1,1
1062,124,185,111,1,1
1063,124,185,112,6,6
1064,124,185,113,13,13
1065,124,185,114,13,13
1066,124,185,115,6,6
1067,124,185,116,6,6
1068,124,185,117,6,6
1069,124,185,118,6,6
1070,124,185,119,6,6
1071,124,185,120,1,1
1072,124,185,121,1,1
1073,124,185,122,1,1
1074,124,185,123,4,4
1075,124,186,108,1,1
1076,124,186,109,1,1
1077,124,186,110,1,1
1078,124,186,111,6,6
1079,124,186,112,13,13
1080,124,186,113,13,13
1081,124,186,114,13,13
1082,124,186,115,13,13
1083,124,186,116,13,13
1084,124,186,117,6,6
1085,124,186,118,6,6
1086,124,186,119,6,6
1087,124,186,120,12,12
1088,124,186,121,4,4
1089,124,187,105,1,1
1090,124,187,106,1,1
1091,124,187,107,1,1
1092,124,187,108,1,1
1093,124,187,109,6,6
1094,124,187,110,6,6
1095,124,187,111,13,13
1096,124,187,112,13,13
1097,124,187,115,13,13
1098,124,187,116,6,6
1099,124,187,117,6,6
1100,124,187,118,6,6
1101,124,187,120,12,12
1102,124,188,105,1,1
1103,124,188,106,1,1
1104,124,188,107,1,1
1105,124,188,108,6,6
1106,124,188,109,6,6
1107,124,188,110,13,13
1108,124,188,111,13,13
1109,124,188,118,12,12
1110,124,189,105,6,6
1111,124,189,106,6,6
1112,124,189,107,6,6
1113,124,189,108,6,6
1114,124,189,109,13,13
1115,124,189,110,13,13
1116,124,190,105,13,13
1117,124,190,106,13,13
1118,124,190,107,13,13
1119,124,190,108,13,13
1120,124,190,109,13,13
1121,124,190,110,13,13
1122,124,191,105,13,13
1123,124,191,106,13,13
1124,124,191,107,13,13
1125,124,191,108,13,13
1126,124,191,109,13,13
1127,124,191,110,13,13
1128,124,192,106,13,13
1129,124,192,107,13,13
1130,124,192,108,13,13
1131,125,172,124,4,4
1132,125,172,125,12,12
1133,125,173,117,10,10
1134,125,173,118,10,10
1135,125,173,119,10,10
1136,125,173,120,10,10
1137,125,173,121,10,10
1138,125,173,122,10,10
1139,125,173,123,4,4
1140,125,173,124,4,4
1141,125,173,125,12,12
1142,125,173,126,4,4
1143,125,173,127,1,1
1144,125,173,128,6,6
1145,125,174,116,10,10
1146,125,174,117,10,10
1147,125,174,118,10,10
1148,125,174,119,10,10
1149,125,174,120,10,10
1150,125,174,121,10,10
1151,125,174,122,10,10
1152,125,174,123,10,10
1153,125,174,124,4,4
1154,125,174,125,4,4
1155,125,174,126,4,4
1156,125,174,127,1,1
1157,125,174,128,1,1
1158,125,174,129,9,9
1159,125,175,111,4,4
1160,125,175,112,4,4
1161,125,175,114,10,10
1162,125,175,115,4,4
1163,125,175,116,4,4
1164,125,175,117,10,10
1165,125,175,118,10,10
1166,125,175,119,10,10
1167,125,175,120,10,10
1168,125,175,121,10,10
1169,125,175,122,10,10
1170,125,175,123,10,10
1171,125,175,124,10,10
1172,125,175,125,4,4
1173,125,175,126,4,4
1174,125,175,127,4,4
1175,125,175,128,12,12
1176,125,175,129,9,9
1177,125,175,130,9,9
1178,125,176,110,4,4
1179,125,176,111,4,4
1180,125,176,112,4,4
1181,125,176,113,4,4
1182,125,176,114,10,10
1183,125,176,115,10,10
1184,125,176,116,10,10
1185,125,176,117,10,10
1186,125,176,118,10,10
1187,125,176,119,10,10
1188,125,176,120,10,10
1189,125,176,121,10,10
1190,125,176,122,4,4
1191,125,176,123,10,10
1192,125,176,124,10,10
1193,125,176,125,4,4
1194,125,176,126,4,4
1195,125,176,127,4,4
1196,125,176,128,12,12
1197,125,176,129,9,9
1198,125,176,130,9,9
1199,125,177,110,4,4
1200,125,177,111,4,4
1201,125,177,112,4,4
1202,125,177,113,10,10
1203,125,177,114,10,10
1204,125,177,115,10,10
1205,125,177,116,10,10
1206,125,177,117,10,10
1207,125,177,118,10,10
1208,125,177,119,10,10
1209,125,177,120,10,10
1210,125,177,121,10,10
1211,125,177,122,4,4
1212,125,177,123,4,4
1213,125,177,124,12,12
1214,125,177,125,12,12
1215,125,177,126,4,4
1216,125,177,127,12,12
1217,125,177,128,12,12
1218,125,177,129,9,9
1219,125,177,130,9,9
1220,125,178,110,4,4
1221,125,178,111,4,4
1222,125,178,112,4,4
1223,125,178,113,10,10
1224,125,178,114,10,10
1225,125,178,115,10,10
1226,125,178,116,10,10
1227,125,178,117,10,10
1228,125,178,118,10,10
1229,125,178,119,10,10
1230,125,178,120,4,4
1231,125,178,121,10,10
1232,125,178,122,10,10
1233,125,178,123,10,10
1234,125,178,124,12,12
1235,125,178,125,12,12
1236,125,178,126,12,12
1237,125,178,127,12,12
1238,125,178,128,12,12
1239,125,178,129,9,9
1240,125,179,110,10,10
1241,125,179,111,10,10
1242,125,179,112,10,10
1243,125,179,113,10,10
1244,125,179,114,10,10
1245,125,179,115,10,10
1246,125,179,116,10,10
1247,125,179,117,10,10
1248,125,179,118,10,10
1249,125,179,119,4,4
1250,125,179,120,10,10
1251,125,179,121,10,10
1252,125,179,122,10,10
1253,125,179,123,12,12
1254,125,179,124,12,12
1255,125,179,125,12,12
1256,125,179,126,12,12
1257,125,179,127,12,12
1258,125,179,128,9,9
1259,125,180,109,10,10
1260,125,180,110,10,10
1261,125,180,111,10,10
1262,125,180,112,10,10
1263,125,180,113,10,10
1264,125,180,114,10,10
1265,125,180,115,10,10
1266,125,180,116,4,4
1267,125,180,117,10,10
1268,125,180,118,10,10
1269,125,180,119,10,10
1270,125,180,120,10,10
1271,125,180,121,10,10
1272,125,180,122,10,10
1273,125,180,123,12,12
1274,125,180,124,12,12
1275,125,180,125,12,12
1276,125,180,126,12,12
1277,125,180,127,4,4
1278,125,181,108,10,10
1279,125,181,109,10,10
1280,125,181,110,10,10
1281,125,181,111,10,10
1282,125,181,112,10,10
1283,125,181,113,10,10
1284,125,181,114,10,10
1285,125,181,115,10,10
1286,125,181,116,4,4
1287,125,181,117,4,4
1288,125,181,118,10,10
1289,125,181,119,10,10
1290,125,181,120,10,10
1291,125,181,121,10,10
1292,125,181,122,12,12
1293,125,181,123,12,12
1294,125,181,124,12,12
1295,125,181,125,12,12
1296,125,181,126,12,12
1297,125,181,127,4,4
1298,125,182,107,10,10
1299,125,182,108,10,10
1300,125,182,109,10,10
1301,125,182,110,10,10
1302,125,182,111,10,10
1303,125,182,112,10,10
1304,125,182,113,10,10
1305,125,182,114,10,10
1306,125,182,115,10,10
1307,125,182,116,4,4
1308,125,182,117,10,10
1309,125,182,118,10,10
1310,125,182,119,10,10
1311,125,182,120,10,10
1312,125,182,121,12,12
1313,125,182,122,12,12
1314,125,182,123,12,12
1315,125,182,124,12,12
1316,125,183,107,10,10
1317,125,183,108,10,10
1318,125,183,109,10,10
1319,125,183,110,10,10
1320,125,183,111,10,10
1321,125,183,112,10,10
1322,125,183,113,10,10
1323,125,183,114,10,10
1324,125,183,115,10,10
1325,125,183,116,10,10
1326,125,183,117,10,10
1327,125,183,118,10,10
1328,125,183,119,10,10
1329,125,183,120,10,10
1330,125,183,121,12,12
1331,125,183,122,12,12
1332,125,183,123,12,12
1333,125,183,124,12,12
1334,125,184,107,10,10
1335,125,184,108,10,10
1336,125,184,109,10,10
1337,125,184,110,10,10
1338,125,184,111,1,1
1339,125,184,112,1,1
1340,125,184,113,6,6
1341,125,184,114,6,6
1342,125,184,115,1,1
1343,125,184,116,10,10
1344,125,184,117,10,10
1345,125,184,118,10,10
1346,125,184,119,10,10
1347,125,184,120,4,4
1348,125,184,121,12,12
1349,125,184,122,12,12
1350,125,184,123,12,12
1351,125,185,107,10,10
1352,125,185,108,10,10
1353,125,185,109,1,1
1354,125,185,110,1,1
1355,125,185,111,6,6
1356,125,185,112,6,6
1357,125,185,113,6,6
1358,125,185,114,6,6
1359,125,185,115,6,6
1360,125,185,116,6,6
1361,125,185,117,6,6
1362,125,185,118,12,12
1363,125,185,119,12,12
1364,125,185,120,4,4
1365,125,185,121,4,4
1366,125,185,122,12,12
1367,125,185,123,12,12
1368,125,186,105,4,4
1369,125,186,106,4,4
1370,125,186,107,1,1
1371,125,186,108,1,1
1372,125,186,109,1,1
1373,125,186,110,6,6
1374,125,186,111,6,6
1375,125,186,112,13,13
1376,125,186,113,13,13
1377,125,186,114,13,13
1378,125,186,115,13,13
1379,125,186,116,13,13
1380,125,186,117,6,6
1381,125,186,118,6,6
1382,125,186,119,12,12
1383,125,186,120,12,12
1384,125,186,121,4,4
1385,125,187,105,1,1
1386,125,187,106,1,1
1387,125,187,107,1,1
1388,125,187,108,1,1
1389,125,187,109,6,6
1390,125,187,110,6,6
1391,125,187,111,13,13
1392,125,187,115,13,13
1393,125,187,116,6,6
1394,125,187,117,6,6
1395,125,187,118,12,12
1396,125,187,119,12,12
1397,125,188,105,6,6
1398,125,188,106,1,1
1399,125,188,107,1,1
1400,125,188,108,6,6
1401,125,188,109,6,6
1402,125,188,110,13,13
1403,125,188,117,12,12
1404,125,188,118,12,12
1405,125,189,105,6,6
1406,125,189,106,6,6
1407,125,189,107,6,6
1408,125,189,108,6,6
1409,125,189,109,13,13
1410,125,189,110,13,13
1411,125,190,105,13,13
1412,125,190,106,13,13
1413,125,190,107,13,13
1414,125,190,108,13,13
1415,125,190,109,13,13
1416,125,190,110,13,13
1417,125,191,105,13,13
1418,125,191,106,13,13
1419,125,191,107,13,13
1420,125,191,108,13,13
1421,125,191,109,13,13
1422,125,191,110,13,13
1423,125,192,106,13,13
1424,125,192,107,13,13
1425,126,172,121,10,10
1426,126,172,122,10,10
1427,126,172,124,4,4
1428,126,172,125,12,12
1429,126,173,115,10,10
1430,126,173,116,10,10
1431,126,173,117,10,10
1432,126,173,118,10,10
1433,126,173,119,10,10
1434,126,173,120,10,10
1435,126,173,121,10,10
1436,126,173,122,10,10
1437,126,173,123,10,10
1438,126,173,124,4,4
1439,126,173,125,12,12
1440,126,173,126,4,4
1441,126,173,127,1,1
1442,126,173,128,1,1
1443,126,173,129,1,1
1444,126,174,111,4,4
1445,126,174,114,10,10
1446,126,174,115,10,10
1447,126,174,116,10,10
1448,126,174,117,10,10
1449,126,174,118,10,10
1450,126,174,119,10,10
1451,126,174,120,10,10
1452,126,174,121,10,10
1453,126,174,122,10,10
1454,126,174,123,10,10
1455,126,174,124,4,4
1456,126,174,125,4,4
1457,126,174,126,4,4
1458,126,174,127,4,4
1459,126,174,128,1,1
1460,126,174,129,4,4
1461,126,174,130,9,9
1462,126,175,110,1,1
1463,126,175,111,4,4
1464,126,175,112,4,4
1465,126,175,113,4,4
1466,126,175,114,10,10
1467,126,175,115,10,10
1468,126,175,116,10,10
1469,126,175,117,10,10
1470,126,175,118,10,10
1471,126,175,119,10,10
1472,126,175,120,10,10
1473,126,175,121,10,10
1474,126,175,122,10,10
1475,126,175,123,10,10
1476,126,175,124,10,10
1477,126,175,125,4,4
1478,126,175,126,4,4
1479,126,175,127,4,4
1480,126,175,128,12,12
1481,126,175,129,12,12
1482,126,175,130,9,9
1483,126,176,109,1,1
1484,126,176,110,1,1
1485,126,176,111,4,4
1486,126,176,112,4,4
1487,126,176,113,4,4
1488,126,176,114,10,10
1489,126,176,115,10,10
1490,126,176,116,10,10
1491,126,176,117,10,10
1492,126,176,118,10,10
1493,126,176,119,10,10
1494,126,176,120,10,10
1495,126,176,121,4,4
1496,126,176,122,4,4
1497,126,176,123,10,10
1498,126,176,124,10,10
1499,126,176,125,10,10
1500,126,176,126,4,4
1501,126,176,127,12,12
1502,126,176,128,12,12
1503,126,176,129,12,12
1504,126,176,130,9,9
1505,126,177,109,4,4
1506,126,177,110,12,12
1507,126,177,111,4,4
1508,126,177,112,4,4
1509,126,177,113,10,10
1510,126,177,114,10,10
1511,126,177,115,10,10
1512,126,177,116,10,10
1513,126,177,117,10,10
1514,126,177,118,10,10
1515,126,177,119,10,10
1516,126,177,120,10,10
1517,126,177,121,10,10
1518,126,177,122,4,4
1519,126,177,123,4,4
1520,126,177,124,10,10
1521,126,177,125,12,12
1522,126,177,126,4,4
1523,126,177,127,12,12
1524,126,177,128,12,12
1525,126,177,129,9,9
1526,126,177,130,9,9
1527,126,178,109,4,4
1528,126,178,110,10,10
1529,126,178,111,10,10
1530,126,178,112,10,10
1531,126,178,113,10,10
1532,126,178,114,10,10
1533,126,178,115,10,10
1534,126,178,116,10,10
1535,126,178,117,10,10
1536,126,178,118,10,10
1537,126,178,119,10,10
1538,126,178,120,10,10
1539,126,178,121,10,10
1540,126,178,122,10,10
1541,126,178,123,10,10
1542,126,178,124,12,12
1543,126,178,125,12,12
1544,126,178,126,12,12
1545,126,178,127,12,12
1546,126,178,128,12,12
1547,126,178,129,9,9
1548,126,179,109,10,10
1549,126,179,110,10,10
1550,126,179,111,10,10
1551,126,179,112,10,10
1552,126,179,113,10,10
1553,126,179,114,10,10
1554,126,179,115,10,10
1555,126,179,116,10,10
1556,126,179,117,10,10
1557,126,179,118,4,4
1558,126,179,119,10,10
1559,126,179,120,10,10
1560,126,179,121,10,10
1561,126,179,122,10,10
1562,126,179,123,12,12
1563,126,179,124,12,12
1564,126,179,125,12,12
1565,126,179,126,12,12
1566,126,179,127,12,12
1567,126,179,128,12,12
1568,126,180,108,10,10
1569,126,180,109,10,10
1570,126,180,110,10,10
1571,126,180,111,10,10
1572,126,180,112,10,10
1573,126,180,113,10,10
1574,126,180,114,4,4
1575,126,180,115,4,4
1576,126,180,116,4,4
1577,126,180,117,4,4
1578,126,180,118,10,10
1579,126,180,119,10,10
1580,126,180,120,10,10
1581,126,180,121,4,4
1582,126,180,122,10,10
1583,126,180,123,12,12
1584,126,180,124,12,12
1585,126,180,125,12,12
1586,126,180,126,12,12
1587,126,180,127,12,12
1588,126,181,108,10,10
1589,126,181,109,10,10
1590,126,181,110,10,10
1591,126,181,111,10,10
1592,126,181,112,10,10
1593,126,181,113,4,4
1594,126,181,114,4,4
1595,126,181,115,4,4
1596,126,181,116,4,4
1597,126,181,117,10,10
1598,126,181,118,10,10
1599,126,181,119,10,10
1600,126,181,120,10,10
1601,126,181,121,10,10
1602,126,181,122,12,12
1603,126,181,123,12,12
1604,126,181,124,12,12
1605,126,181,125,12,12
1606,126,181,126,12,12
1607,126,182,107,10,10
1608,126,182,108,10,10
1609,126,182,109,4,4
1610,126,182,110,4,4
1611,126,182,111,10,10
1612,126,182,112,10,10
1613,126,182,113,4,4
1614,126,182,114,4,4
1615,126,182,115,4,4
1616,126,182,116,4,4
1617,126,182,117,10,10
1618,126,182,118,10,10
1619,126,182,119,10,10
1620,126,182,120,10,10
1621,126,182,121,12,12
1622,126,182,122,12,12
1623,126,182,123,12,12
1624,126,182,124,12,12
1625,126,182,125,12,12
1626,126,183,103,1,1
1627,126,183,107,10,10
1628,126,183,108,10,10
1629,126,183,109,4,4
1630,126,183,110,10,10
1631,126,183,111,10,10
1632,126,183,112,10,10
1633,126,183,113,10,10
1634,126,183,114,4,4
1635,126,183,115,4,4
1636,126,183,116,10,10
1637,126,183,117,10,10
1638,126,183,118,10,10
1639,126,183,119,10,10
1640,126,183,120,10,10
1641,126,183,121,12,12
1642,126,183,122,12,12
1643,126,183,123,12,12
1644,126,183,124,12,12
1645,126,184,101,1,1
1646,126,184,103,1,1
1647,126,184,104,4,4
1648,126,184,105,4,4
1649,126,184,107,10,10
1650,126,184,108,10,10
1651,126,184,109,10,10
1652,126,184,110,1,1
1653,126,184,111,1,1
1654,126,184,112,6,6
1655,126,184,113,6,6
1656,126,184,114,1,1
1657,126,184,115,1,1
1658,126,184,116,10,10
1659,126,184,117,10,10
1660,126,184,118,10,10
1661,126,184,119,10,10
1662,126,184,120,10,10
1663,126,184,121,12,12
1664,126,184,122,12,12
1665,126,184,123,12,12
1666,126,185,101,1,1
1667,126,185,102,1,1
1668,126,185,103,1,1
1669,126,185,104,4,4
1670,126,185,105,4,4
1671,126,185,106,4,4
1672,126,185,107,10,10
1673,126,185,108,10,10
1674,126,185,109,1,1
1675,126,185,110,6,6
1676,126,185,111,6,6
1677,126,185,112,6,6
1678,126,185,113,6,6
1679,126,185,114,6,6
1680,126,185,115,6,6
1681,126,185,116,6,6
1682,126,185,117,6,6
1683,126,185,118,12,12
1684,126,185,119,12,12
1685,126,185,120,12,12
1686,126,185,121,10,10
1687,126,185,122,12,12
1688,126,185,123,12,12
1689,126,186,101,1,1
1690,126,186,102,1,1
1691,126,186,103,1,1
1692,126,186,104,1,1
1693,126,186,105,4,4
1694,126,186,106,4,4
1695,126,186,107,4,4
1696,126,186,108,1,1
1697,126,186,109,6,6
1698,126,186,110,6,6
1699,126,186,111,13,13
1700,126,186,112,13,13
1701,126,186,113,13,13
1702,126,186,114,13,13
1703,126,186,115,6,6
1704,126,186,116,6,6
1705,126,186,117,6,6
1706,126,186,118,12,12
1707,126,186,119,12,12
1708,126,186,120,12,12
1709,126,186,121,4,4
1710,126,187,102,1,1
1711,126,187,104,1,1
1712,126,187,105,1,1
1713,126,187,106,1,1
1714,126,187,107,1,1
1715,126,187,108,1,1
1716,126,187,109,6,6
1717,126,187,110,13,13
1718,126,187,111,13,13
1719,126,187,112,13,13
1720,126,187,115,13,13
1721,126,187,116,6,6
1722,126,187,117,12,12
1723,126,187,118,12,12
1724,126,187,119,12,12
1725,126,188,104,6,6
1726,126,188,105,6,6
1727,126,188,106,1,1
1728,126,188,107,1,1
1729,126,188,108,6,6
1730,126,188,109,13,13
1731,126,188,110,13,13
1732,126,188,115,6,6
1733,126,188,116,6,6
1734,126,188,117,12,12
1735,126,188,118,12,12
1736,126,189,105,6,6
1737,126,189,106,6,6
1738,126,189,107,6,6
1739,126,189,108,13,13
1740,126,189,109,13,13
1741,126,189,110,13,13
1742,126,190,105,13,13
1743,126,190,106,13,13
1744,126,190,107,13,13
1745,126,190,108,13,13
1746,126,190,109,13,13
1747,126,190,110,13,13
1748,126,191,105,13,13
1749,126,191,106,13,13
1750,126,191,107,13,13
1751,126,191,108,13,13
1752,126,191,109,13,13
1753,127,171,122,10,10
1754,127,172,121,10,10
1755,127,172,122,10,10
1756,127,172,123,10,10
1757,127,172,124,4,4
1758,127,172,125,12,12
1759,127,173,114,10,10
1760,127,173,115,10,10
1761,127,173,116,10,10
1762,127,173,117,10,10
1763,127,173,118,10,10
1764,127,173,119,10,10
1765,127,173,120,10,10
1766,127,173,121,10,10
1767,127,173,122,10,10
1768,127,173,123,10,10
1769,127,173,124,4,4
1770,127,173,125,4,4
1771,127,173,126,4,4
1772,127,173,127,1,1
1773,127,173,128,1,1
1774,127,173,129,1,1
1775,127,173,130,9,9
1776,127,174,110,4,4
1777,127,174,111,4,4
1778,127,174,113,4,4
1779,127,174,114,10,10
1780,127,174,115,10,10
1781,127,174,116,10,10
1782,127,174,117,10,10
1783,127,174,118,10,10
1784,127,174,119,10,10
1785,127,174,120,10,10
1786,127,174,121,10,10
1787,127,174,122,10,10
1788,127,174,123,10,10
1789,127,174,124,10,10
1790,127,174,125,4,4
1791,127,174,126,4,4
1792,127,174,127,4,4
1793,127,174,128,1,1
1794,127,174,129,4,4
1795,127,174,130,9,9
1796,127,175,109,4,4
1797,127,175,110,4,4
1798,127,175,111,4,4
1799,127,175,112,4,4
1800,127,175,113,4,4
1801,127,175,114,10,10
1802,127,175,115,10,10
1803,127,175,116,10,10
1804,127,175,117,4,4
1805,127,175,118,10,10
1806,127,175,119,4,4
1807,127,175,120,4,4
1808,127,175,121,4,4
1809,127,175,122,10,10
1810,127,175,123,10,10
1811,127,175,124,10,10
1812,127,175,125,4,4
1813,127,175,126,4,4
1814,127,175,127,12,12
1815,127,175,128,12,12
1816,127,175,129,12,12
1817,127,175,130,9,9
1818,127,176,109,4,4
1819,127,176,110,4,4
1820,127,176,111,4,4
1821,127,176,112,4,4
1822,127,176,113,10,10
1823,127,176,114,10,10
1824,127,176,115,10,10
1825,127,176,116,10,10
1826,127,176,117,10,10
1827,127,176,118,10,10
1828,127,176,119,10,10
1829,127,176,120,10,10
1830,127,176,121,4,4
1831,127,176,122,4,4
1832,127,176,123,10,10
1833,127,176,124,10,10
1834,127,176,125,10,10
1835,127,176,126,4,4
1836,127,176,127,12,12
1837,127,176,128,12,12
1838,127,176,129,12,12
1839,127,176,130,9,9
1840,127,177,109,4,4
1841,127,177,110,10,10
1842,127,177,111,10,10
1843,127,177,112,10,10
1844,127,177,113,10,10
1845,127,177,114,10,10
1846,127,177,115,10,10
1847,127,177,116,10,10
1848,127,177,117,10,10
1849,127,177,118,10,10
1850,127,177,119,10,10
1851,127,177,120,10,10
1852,127,177,121,10,10
1853,127,177,122,4,4
1854,127,177,123,4,4
1855,127,177,124,10,10
1856,127,177,125,12,12
1857,127,177,126,4,4
1858,127,177,127,12,12
1859,127,177,128,12,12
1860,127,177,129,9,9
1861,127,177,130,9,9
1862,127,178,109,10,10
1863,127,178,110,10,10
1864,127,178,111,10,10
1865,127,178,112,10,10
1866,127,178,113,10,10
1867,127,178,114,10,10
1868,127,178,115,10,10
1869,127,178,116,10,10
1870,127,178,117,10,10
1871,127,178,118,10,10
1872,127,178,119,10,10
1873,127,178,120,10,10
1874,127,178,121,10,10
1875,127,178,122,10,10
1876,127,178,123,10,10
1877,127,178,124,12,12
1878,127,178,125,12,12
1879,127,178,126,12,12
1880,127,178,127,4,4
1881,127,178,128,12,12
1882,127,178,129,9,9
1883,127,179,108,10,10
1884,127,179,109,10,10
1885,127,179,110,10,10
1886,127,179,111,10,10
1887,127,179,112,10,10
1888,127,179,113,10,10
1889,127,179,114,10,10
1890,127,179,115,10,10
1891,127,179,116,10,10
1892,127,179,117,10,10
1893,127,179,118,10,10
1894,127,179,119,10,10
1895,127,179,120,10,10
1896,127,179,121,10,10
1897,127,179,122,10,10
1898,127,179,123,12,12
1899,127,179,124,12,12
1900,127,179,125,12,12
1901,127,179,126,12,12
1902,127,179,127,4,4
1903,127,179,128,4,4
1904,127,180,108,10,10
1905,127,180,109,10,10
1906,127,180,110,10,10
1907,127,180,111,10,10
1908,127,180,112,10,10
1909,127,180,113,10,10
1910,127,180,114,4,4
1911,127,180,115,4,4
1912,127,180,116,10,10
1913,127,180,117,10,10
1914,127,180,118,10,10
1915,127,180,119,10,10
1916,127,180,120,10,10
1917,127,180,121,4,4
1918,127,180,122,4,4
1919,127,180,123,12,12
1920,127,180,124,12,12
1921,127,180,125,12,12
1922,127,180,126,12,12
1923,127,181,104,1,1
1924,127,181,105,4,4
1925,127,181,106,4,4
1926,127,181,107,10,10
1927,127,181,108,10,10
1928,127,181,109,10,10
1929,127,181,110,10,10
1930,127,181,111,10,10
1931,127,181,112,4,4
1932,127,181,113,4,4
1933,127,181,114,4,4
1934,127,181,115,4,4
1935,127,181,116,10,10
1936,127,181,117,10,10
1937,127,181,118,10,10
1938,127,181,119,10,10
1939,127,181,120,4,4
1940,127,181,121,4,4
1941,127,181,122,12,12
1942,127,181,123,12,12
1943,127,181,124,12,12
1944,127,181,125,12,12
1945,127,181,126,12,12
1946,127,182,101,1,1
1947,127,182,103,1,1
1948,127,182,104,1,1
1949,127,182,105,4,4
1950,127,182,106,4,4
1951,127,182,107,10,10
1952,127,182,108,10,10
1953,127,182,109,4,4
1954,127,182,110,4,4
1955,127,182,111,4,4
1956,127,182,112,4,4
1957,127,182,113,4,4
1958,127,182,114,4,4
1959,127,182,115,4,4
1960,127,182,116,10,10
1961,127,182,117,10,10
1962,127,182,118,10,10
1963,127,182,119,10,10
1964,127,182,120,10,10
1965,127,182,121,12,12
1966,127,182,122,12,12
1967,127,182,123,12,12
1968,127,182,124,12,12
1969,127,182,125,12,12
1970,127,183,100,1,1
1971,127,183,101,1,1
1972,127,183,102,1,1
1973,127,183,103,1,1
1974,127,183,104,1,1
1975,127,183,105,4,4
1976,127,183,106,10,10
1977,127,183,107,10,10
1978,127,183,108,10,10
1979,127,183,109,4,4
1980,127,183,110,4,4
1981,127,183,111,10,10
1982,127,183,112,10,10
1983,127,183,113,10,10
1984,127,183,114,4,4
1985,127,183,115,4,4
1986,127,183,116,4,4
1987,127,183,117,10,10
1988,127,183,118,10,10
1989,127,183,119,10,10
1990,127,183,120,10,10
1991,127,183,121,12,12
1992,127,183,122,12,12
1993,127,183,123,12,12
1994,127,183,124,12,12
1995,127,184,100,1,1
1996,127,184,101,1,1
1997,127,184,102,1,1
1998,127,184,103,1,1
1999,127,184,104,4,4
2000,127,184,105,4,4
2001,127,184,106,10,10
2002,127,184,107,10,10
2003,127,184,108,10,10
2004,127,184,109,10,10
2005,127,184,110,1,1
2006,127,184,111,1,1
2007,127,184,112,1,1
2008,127,184,113,12,12
2009,127,184,114,10,10
2010,127,184,115,4,4
2011,127,184,116,4,4
2012,127,184,117,10,10
2013,127,184,118,10,10
2014,127,184,119,10,10
2015,127,184,120,10,10
2016,127,184,121,12,12
2017,127,184,122,12,12
2018,127,184,123,12,12
2019,127,185,100,1,1
2020,127,185,101,1,1
2021,127,185,102,1,1
2022,127,185,103,1,1
2023,127,185,104,4,4
2024,127,185,105,4,4
2025,127,185,106,4,4
2026,127,185,107,10,10
2027,127,185,108,10,10
2028,127,185,109,6,6
2029,127,185,110,6,6
2030,127,185,111,6,6
2031,127,185,112,6,6
2032,127,185,113,6,6
2033,127,185,114,6,6
2034,127,185,115,6,6
2035,127,185,116,1,1
2036,127,185,117,10,10
2037,127,185,118,12,12
2038,127,185,119,12,12
2039,127,185,120,12,12
2040,127,185,121,4,4
2041,127,185,122,12,12
2042,127,186,101,1,1
2043,127,186,102,1,1
2044,127,186,103,1,1
2045,127,186,104,1,1
2046,127,186,105,4,4
2047,127,186,106,4,4
2048,127,186,107,4,4
2049,127,186,108,1,1
2050,127,186,109,6,6
2051,127,186,110,13,13
2052,127,186,111,13,13
2053,127,186,112,13,13
2054,127,186,113,13,13
2055,127,186,114,6,6
2056,127,186,115,6,6
2057,127,186,116,6,6
2058,127,186,117,12,12
2059,127,186,118,12,12
2060,127,186,119,12,12
2061,127,186,120,12,12
2062,127,187,102,1,1
2063,127,187,103,1,1
2064,127,187,104,1,1
2065,127,187,105,1,1
2066,127,187,106,1,1
2067,127,187,107,1,1
2068,127,187,108,6,6
2069,127,187,109,6,6
2070,127,187,110,13,13
2071,127,187,111,13,13
2072,127,187,112,13,13
2073,127,187,113,13,13
2074,127,187,114,13,13
2075,127,187,115,6,6
2076,127,187,116,6,6
2077,127,187,117,12,12
2078,127,187,118,12,12
2079,127,187,119,12,12
2080,127,188,102,1,1
2081,127,188,103,1,1
2082,127,188,104,6,6
2083,127,188,105,6,6
2084,127,188,106,1,1
2085,127,188,107,1,1
2086,127,188,108,6,6
2087,127,188,109,13,13
2088,127,188,115,6,6
2089,127,188,116,12,12
2090,127,188,117,12,12
2091,127,188,118,12,12
2092,127,189,104,6,6
2093,127,189,105,6,6
2094,127,189,106,6,6
2095,127,189,107,6,6
2096,127,189,108,13,13
2097,127,189,109,13,13
2098,127,189,116,12,12
2099,127,189,117,12,12
2100,127,190,105,13,13
2101,127,190,106,13,13
2102,127,190,107,13,13
2103,127,190,108,13,13
2104,127,190,109,13,13
2105,127,191,105,13,13
2106,127,191,106,13,13
2107,127,191,107,13,13
2108,127,191,108,13,13
2109,128,171,122,10,10
2110,128,172,121,10,10
2111,128,172,122,10,10
2112,128,172,123,10,10
2113,128,172,125,4,4
2114,128,173,114,10,10
2115,128,173,115,10,10
2116,128,173,116,10,10
2117,128,173,117,10,10
2118,128,173,118,10,10
2119,128,173,119,10,10
2120,128,173,120,10,10
2121,128,173,121,10,10
2122,128,173,122,10,10
2123,128,173,123,10,10
2124,128,173,124,10,10
2125,128,173,125,4,4
2126,128,173,126,4,4
2127,128,173,127,1,1
2128,128,173,128,1,1
2129,128,173,129,1,1
2130,128,173,130,9,9
2131,128,174,110,4,4
2132,128,174,111,4,4
2133,128,174,112,10,10
2134,128,174,113,10,10
2135,128,174,114,10,10
2136,128,174,115,10,10
2137,128,174,116,4,4
2138,128,174,117,4,4
2139,128,174,118,10,10
2140,128,174,119,10,10
2141,128,174,120,4,4
2142,128,174,121,10,10
2143,128,174,122,10,10
2144,128,174,123,10,10
2145,128,174,124,10,10
2146,128,174,125,4,4
2147,128,174,126,4,4
2148,128,174,127,4,4
2149,128,174,128,12,12
2150,128,174,129,12,12
2151,128,174,130,9,9
2152,128,175,109,4,4
2153,128,175,110,4,4
2154,128,175,111,4,4
2155,128,175,112,10,10
2156,128,175,113,10,10
2157,128,175,114,10,10
2158,128,175,115,10,10
2159,128,175,116,1,1
2160,128,175,117,4,4
2161,128,175,118,4,4
2162,128,175,119,4,4
2163,128,175,120,4,4
2164,128,175,121,4,4
2165,128,175,122,4,4
2166,128,175,123,10,10
2167,128,175,124,10,10
2168,128,175,125,4,4
2169,128,175,126,4,4
2170,128,175,127,12,12
2171,128,175,128,12,12
2172,128,175,129,12,12
2173,128,175,130,9,9
2174,128,176,109,4,4
2175,128,176,110,10,10
2176,128,176,111,10,10
2177,128,176,112,10,10
2178,128,176,113,10,10
2179,128,176,114,10,10
2180,128,176,115,10,10
2181,128,176,116,10,10
2182,128,176,117,10,10
2183,128,176,118,10,10
2184,128,176,119,10,10
2185,128,176,120,10,10
2186,128,176,121,4,4
2187,128,176,122,4,4
2188,128,176,123,4,4
2189,128,176,124,10,10
2190,128,176,125,10,10
2191,128,176,126,4,4
2192,128,176,127,12,12
2193,128,176,128,12,12
2194,128,176,129,12,12
2195,128,176,130,9,9
2196,128,177,109,10,10
2197,128,177,110,10,10
2198,128,177,111,10,10
2199,128,177,112,10,10
2200,128,177,113,10,10
2201,128,177,114,10,10
2202,128,177,115,10,10
2203,128,177,116,10,10
2204,128,177,117,10,10
2205,128,177,118,10,10
2206,128,177,119,10,10
2207,128,177,120,10,10
2208,128,177,121,10,10
2209,128,177,122,10,10
2210,128,177,123,4,4
2211,128,177,124,10,10
2212,128,177,125,10,10
2213,128,177,126,4,4
2214,128,177,127,12,12
2215,128,177,128,12,12
2216,128,177,129,9,9
2217,128,178,108,10,10
2218,128,178,109,10,10
2219,128,178,110,10,10
2220,128,178,111,10,10
2221,128,178,112,10,10
2222,128,178,113,10,10
2223,128,178,114,10,10
2224,128,178,115,10,10
2225,128,178,116,10,10
2226,128,178,117,10,10
2227,128,178,118,10,10
2228,128,178,119,10,10
2229,128,178,120,10,10
2230,128,178,121,10,10
2231,128,178,122,10,10
2232,128,178,123,10,10
2233,128,178,124,12,12
2234,128,178,125,12,12
2235,128,178,126,4,4
2236,128,178,127,4,4
2237,128,178,128,12,12
2238,128,179,105,4,4
2239,128,179,108,10,10
2240,128,179,109,10,10
2241,128,179,110,10,10
2242,128,179,111,10,10
2243,128,179,112,10,10
2244,128,179,113,10,10
2245,128,179,114,10,10
2246,128,179,115,10,10
2247,128,179,116,10,10
2248,128,179,117,10,10
2249,128,179,118,10,10
2250,128,179,119,10,10
2251,128,179,120,10,10
2252,128,179,121,10,10
2253,128,179,122,10,10
2254,128,179,123,12,12
2255,128,179,124,12,12
2256,128,179,125,12,12
2257,128,179,126,12,12
2258,128,179,127,4,4
2259,128,180,104,1,1
2260,128,180,105,4,4
2261,128,180,106,4,4
2262,128,180,107,10,10
2263,128,180,108,10,10
2264,128,180,109,10,10
2265,128,180,110,10,10
2266,128,180,111,10,10
2267,128,180,112,10,10
2268,128,180,113,10,10
2269,128,180,114,4,4
2270,128,180,115,10,10
2271,128,180,116,4,4
2272,128,180,117,10,10
2273,128,180,118,10,10
2274,128,180,119,10,10
2275,128,180,120,10,10
2276,128,180,121,4,4
2277,128,180,122,4,4
2278,128,180,123,12,12
2279,128,180,124,12,12
2280,128,180,125,12,12
2281,128,180,126,12,12
2282,128,181,102,1,1
2283,128,181,103,1,1
2284,128,181,104,1,1
2285,128,181,105,4,4
2286,128,181,106,4,4
2287,128,181,107,10,10
2288,128,181,108,10,10
2289,128,181,109,10,10
2290,128,181,110,10,10
2291,128,181,111,4,4
2292,128,181,112,4,4
2293,128,181,113,4,4
2294,128,181,114,4,4
2295,128,181,115,4,4
2296,128,181,116,4,4
2297,128,181,117,10,10
2298,128,181,118,10,10
2299,128,181,119,10,10
2300,128,181,120,10,10
2301,128,181,121,4,4
2302,128,181,122,12,12
2303,128,181,123,12,12
2304,128,181,124,12,12
2305,128,181,125,12,12
2306,128,181,126,12,12
2307,128,182,101,1,1
2308,128,182,102,1,1
2309,128,182,103,1,1
2310,128,182,104,1,1
2311,128,182,105,4,4
2312,128,182,106,4,4
2313,128,182,107,10,10
2314,128,182,108,10,10
2315,128,182,109,4,4
2316,128,182,110,4,4
2317,128,182,111,4,4
2318,128,182,112,4,4
2319,128,182,113,4,4
2320,128,182,114,4,4
2321,128,182,115,4,4
2322,128,182,116,4,4
2323,128,182,117,10,10
2324,128,182,118,10,10
2325,128,182,119,10,10
2326,128,182,120,10,10
2327,128,182,121,12,12
2328,128,182,122,12,12
2329,128,182,123,12,12
2330,128,182,124,12,12
2331,128,182,125,6,6
2332,128,183,101,1,1
2333,128,183,102,1,1
2334,128,183,103,1,1
2335,128,183,104,1,1
2336,128,183,105,4,4
2337,128,183,106,10,10
2338,128,183,107,10,10
2339,128,183,108,10,10
2340,128,183,109,4,4
2341,128,183,110,4,4
2342,128,183,111,10,10
2343,128,183,112,10,10
2344,128,183,113,4,4
2345,128,183,114,4,4
2346,128,183,115,4,4
2347,128,183,116,4,4
2348,128,183,117,4,4
2349,128,183,118,10,10
2350,128,183,119,10,10
2351,128,183,120,4,4
2352,128,183,121,12,12
2353,128,183,122,12,12
2354,128,183,123,12,12
2355,128,183,124,12,12
2356,128,184,100,1,1
2357,128,184,101,1,1
2358,128,184,102,1,1
2359,128,184,103,1,1
2360,128,184,104,4,4
2361,128,184,105,4,4
2362,128,184,106,10,10
2363,128,184,107,10,10
2364,128,184,108,10,10
2365,128,184,109,4,4
2366,128,184,110,1,1
2367,128,184,111,10,10
2368,128,184,112,12,12
2369,128,184,113,12,12
2370,128,184,114,4,4
2371,128,184,115,4,4
2372,128,184,116,4,4
2373,128,184,117,10,10
2374,128,184,118,10,10
2375,128,184,119,10,10
2376,128,184,120,4,4
2377,128,184,121,12,12
2378,128,184,122,12,12
2379,128,184,123,12,12
2380,128,185,100,1,1
2381,128,185,101,1,1
2382,128,185,102,1,1
2383,128,185,103,1,1
2384,128,185,104,1,1
2385,128,185,105,4,4
2386,128,185,106,10,10
2387,128,185,107,10,10
2388,128,185,108,10,10
2389,128,185,109,1,1
2390,128,185,110,6,6
2391,128,185,111,6,6
2392,128,185,112,6,6
2393,128,185,113,12,12
2394,128,185,114,12,12
2395,128,185,115,10,10
2396,128,185,116,4,4
2397,128,185,117,4,4
2398,128,185,118,12,12
2399,128,185,119,12,12
2400,128,185,120,12,12
2401,128,185,121,12,12
2402,128,186,101,1,1
2403,128,186,102,1,1
2404,128,186,103,1,1
2405,128,186,104,1,1
2406,128,186,105,1,1
2407,128,186,106,1,1
2408,128,186,107,1,1
2409,128,186,108,1,1
2410,128,186,109,6,6
2411,128,186,110,13,13
2412,128,186,111,13,13
2413,128,186,112,6,6
2414,128,186,113,6,6
2415,128,186,114,6,6
2416,128,186,115,1,1
2417,128,186,116,12,12
2418,128,186,117,12,12
2419,128,186,118,12,12
2420,128,186,119,12,12
2421,128,186,120,12,12
2422,128,187,101,1,1
2423,128,187,102,1,1
2424,128,187,103,1,1
2425,128,187,104,1,1
2426,128,187,105,1,1
2427,128,187,106,1,1
2428,128,187,107,1,1
2429,128,187,108,6,6
2430,128,187,109,13,13
2431,128,187,110,13,13
2432,128,187,111,13,13
2433,128,187,112,13,13
2434,128,187,114,6,6
2435,128,187,115,6,6
2436,128,187,116,12,12
2437,128,187,117,12,12
2438,128,187,118,12,12
2439,128,187,119,12,12
2440,128,188,102,1,1
2441,128,188,103,1,1
2442,128,188,104,6,6
2443,128,188,105,6,6
2444,128,188,106,6,6
2445,128,188,107,1,1
2446,128,188,108,6,6
2447,128,188,109,13,13
2448,128,188,115,1,1
2449,128,188,116,12,12
2450,128,188,117,12,12
2451,128,188,118,12,12
2452,128,189,102,1,1
2453,128,189,103,6,6
2454,128,189,104,6,6
2455,128,189,105,6,6
2456,128,189,106,6,6
2457,128,189,107,6,6
2458,128,189,108,13,13
2459,128,189,115,12,12
2460,128,189,116,12,12
2461,128,189,117,12,12
2462,128,190,104,13,13
2463,128,190,105,13,13
2464,128,190,106,13,13
2465,128,190,107,13,13
2466,128,190,108,13,13
2467,128,191,105,13,13
2468,128,191,106,13,13
2469,128,191,107,13,13
2470,129,172,120,10,10
2471,129,172,121,10,10
2472,129,172,122,10,10
2473,129,172,123,10,10
2474,129,172,125,4,4
2475,129,173,112,10,10
2476,129,173,113,10,10
2477,129,173,114,10,10
2478,129,173,115,10,10
2479,129,173,116,10,10
2480,129,173,117,10,10
2481,129,173,118,10,10
2482,129,173,119,10,10
2483,129,173,120,10,10
2484,129,173,121,10,10
2485,129,173,122,10,10
2486,129,173,123,10,10
2487,129,173,124,10,10
2488,129,173,125,4,4
2489,129,173,126,4,4
2490,129,173,127,1,1
2491,129,173,128,1,1
2492,129,173,129,1,1
2493,129,173,130,9,9
2494,129,174,109,4,4
2495,129,174,110,10,10
2496,129,174,111,10,10
2497,129,174,112,10,10
2498,129,174,113,10,10
2499,129,174,114,10,10
2500,129,174,115,1,1
2501,129,174,116,1,1
2502,129,174,117,4,4
2503,129,174,118,10,10
2504,129,174,119,10,10
2505,129,174,120,10,10
2506,129,174,121,10,10
2507,129,174,122,10,10
2508,129,174,123,10,10
2509,129,174,124,10,10
2510,129,174,125,4,4
2511,129,174,126,4,4
2512,129,174,127,4,4
2513,129,174,128,12,12
2514,129,174,129,12,12
2515,129,174,130,9,9
2516,129,175,109,4,4
2517,129,175,110,10,10
2518,129,175,111,10,10
2519,129,175,112,10,10
2520,129,175,113,10,10
2521,129,175,114,1,1
2522,129,175,115,1,1
2523,129,175,116,1,1
2524,129,175,117,4,4
2525,129,175,118,4,4
2526,129,175,119,4,4
2527,129,175,120,4,4
2528,129,175,121,4,4
2529,129,175,122,10,10
2530,129,175,123,10,10
2531,129,175,124,10,10
2532,129,175,125,4,4
2533,129,175,126,4,4
2534,129,175,127,12,12
2535,129,175,128,12,12
2536,129,175,129,12,12
2537,129,175,130,9,9
2538,129,176,109,10,10
2539,129,176,110,10,10
2540,129,176,111,10,10
2541,129,176,112,10,10
2542,129,176,113,10,10
2543,129,176,114,10,10
2544,129,176,115,10,10
2545,129,176,116,10,10
2546,129,176,117,10,10
2547,129,176,118,10,10
2548,129,176,119,10,10
2549,129,176,120,10,10
2550,129,176,121,4,4
2551,129,176,122,10,10
2552,129,176,123,10,10
2553,129,176,124,10,10
2554,129,176,125,10,10
2555,129,176,126,4,4
2556,129,176,127,4,4
2557,129,176,128,12,12
2558,129,176,129,12,12
2559,129,176,130,9,9
2560,129,177,108,10,10
2561,129,177,109,10,10
2562,129,177,110,10,10
2563,129,177,111,10,10
2564,129,177,112,10,10
2565,129,177,113,10,10
2566,129,177,114,10,10
2567,129,177,115,10,10
2568,129,177,116,10,10
2569,129,177,117,10,10
2570,129,177,118,10,10
2571,129,177,119,10,10
2572,129,177,120,10,10
2573,129,177,121,10,10
2574,129,177,122,10,10
2575,129,177,123,10,10
2576,129,177,124,10,10
2577,129,177,125,12,12
2578,129,177,126,4,4
2579,129,177,127,4,4
2580,129,177,128,12,12
2581,129,177,129,9,9
2582,129,178,104,1,1
2583,129,178,105,4,4
2584,129,178,106,4,4
2585,129,178,107,4,4
2586,129,178,108,10,10
2587,129,178,109,10,10
2588,129,178,110,10,10
2589,129,178,111,10,10
2590,129,178,112,10,10
2591,129,178,113,10,10
2592,129,178,114,10,10
2593,129,178,115,10,10
2594,129,178,116,10,10
2595,129,178,117,10,10
2596,129,178,118,10,10
2597,129,178,119,10,10
2598,129,178,120,4,4
2599,129,178,121,10,10
2600,129,178,122,10,10
2601,129,178,123,10,10
2602,129,178,124,12,12
2603,129,178,125,12,12
2604,129,178,126,4,4
2605,129,178,127,4,4
2606,129,178,128,12,12
2607,129,179,103,1,1
2608,129,179,104,1,1
2609,129,179,105,1,1
2610,129,179,106,4,4
2611,129,179,107,10,10
2612,129,179,108,10,10
2613,129,179,109,10,10
2614,129,179,110,10,10
2615,129,179,111,10,10
2616,129,179,112,10,10
2617,129,179,113,10,10
2618,129,179,114,10,10
2619,129,179,115,10,10
2620,129,179,116,10,10
2621,129,179,117,10,10
2622,129,179,118,10,10
2623,129,179,119,10,10
2624,129,179,120,4,4
2625,129,179,121,10,10
2626,129,179,122,10,10
2627,129,179,123,10,10
2628,129,179,124,12,12
2629,129,179,125,12,12
2630,129,179,126,12,12
2631,129,179,127,4,4
2632,129,180,102,1,1
2633,129,180,103,1,1
2634,129,180,104,1,1
2635,129,180,105,1,1
2636,129,180,106,4,4
2637,129,180,107,10,10
2638,129,180,108,10,10
2639,129,180,109,10,10
2640,129,180,110,10,10
2641,129,180,111,4,4
2642,129,180,112,10,10
2643,129,180,113,4,4
2644,129,180,114,4,4
2645,129,180,115,10,10
2646,129,180,116,10,10
2647,129,180,117,10,10
2648,129,180,118,10,10
2649,129,180,119,10,10
2650,129,180,120,4,4
2651,129,180,121,10,10
2652,129,180,122,10,10
2653,129,180,123,12,12
2654,129,180,124,12,12
2655,129,180,125,12,12
2656,129,180,126,12,12
2657,129,181,101,1,1
2658,129,181,102,1,1
2659,129,181,103,1,1
2660,129,181,104,1,1
2661,129,181,105,1,1
2662,129,181,106,4,4
2663,129,181,107,10,10
2664,129,181,108,10,10
2665,129,181,109,4,4
2666,129,181,110,4,4
2667,129,181,111,4,4
2668,129,181,112,4,4
2669,129,181,113,4,4
2670,129,181,114,4,4
2671,129,181,115,10,10
2672,129,181,116,10,10
2673,129,181,117,10,10
2674,129,181,118,10,10
2675,129,181,119,10,10
2676,129,181,120,10,10
2677,129,181,121,10,10
2678,129,181,122,12,12
2679,129,181,123,12,12
2680,129,181,124,12,12
2681,129,181,125,12,12
2682,129,181,126,12,12
2683,129,182,101,1,1
2684,129,182,102,1,1
2685,129,182,103,1,1
2686,129,182,104,1,1
2687,129,182,105,4,4
2688,129,182,106,4,4
2689,129,182,107,10,10
2690,129,182,108,10,10
2691,129,182,109,4,4
2692,129,182,110,4,4
2693,129,182,111,4,4
2694,129,182,112,4,4
2695,129,182,113,4,4
2696,129,182,114,4,4
2697,129,182,115,4,4
2698,129,182,116,4,4
2699,129,182,117,4,4
2700,129,182,118,10,10
2701,129,182,119,10,10
2702,129,182,120,10,10
2703,129,182,121,12,12
2704,129,182,122,12,12
2705,129,182,123,12,12
2706,129,182,124,12,12
2707,129,182,125,12,12
2708,129,183,101,1,1
2709,129,183,102,1,1
2710,129,183,103,1,1
2711,129,183,104,1,1
2712,129,183,105,4,4
2713,129,183,106,4,4
2714,129,183,107,10,10
2715,129,183,108,10,10
2716,129,183,109,4,4
2717,129,183,110,10,10
2718,129,183,111,10,10
2719,129,183,112,10,10
2720,129,183,113,4,4
2721,129,183,114,4,4
2722,129,183,115,4,4
2723,129,183,116,4,4
2724,129,183,117,4,4
2725,129,183,118,4,4
2726,129,183,119,10,10
2727,129,183,120,10,10
2728,129,183,121,12,12
2729,129,183,122,12,12
2730,129,183,123,12,12
2731,129,183,124,12,12
2732,129,184,100,1,1
2733,129,184,101,1,1
2734,129,184,102,1,1
2735,129,184,103,1,1
2736,129,184,104,1,1
2737,129,184,105,4,4
2738,129,184,106,10,10
2739,129,184,107,10,10
2740,129,184,108,10,10
2741,129,184,109,10,10
2742,129,184,110,10,10
2743,129,184,111,10,10
2744,129,184,112,12,12
2745,129,184,113,12,12
2746,129,184,114,4,4
2747,129,184,115,4,4
2748,129,184,116,4,4
2749,129,184,117,4,4
2750,129,184,118,4,4
2751,129,184,119,10,10
2752,129,184,120,4,4
2753,129,184,121,12,12
2754,129,184,122,12,12
2755,129,185,100,1,1
2756,129,185,101,1,1
2757,129,185,102,1,1
2758,129,185,103,1,1
2759,129,185,104,1,1
2760,129,185,105,4,4
2761,129,185,106,10,10
2762,129,185,107,10,10
2763,129,185,108,10,10
2764,129,185,109,1,1
2765,129,185,110,6,6
2766,129,185,111,6,6
2767,129,185,112,1,1
2768,129,185,113,12,12
2769,129,185,114,12,12
2770,129,185,115,10,10
2771,129,185,116,4,4
2772,129,185,117,4,4
2773,129,185,118,4,4
2774,129,185,119,12,12
2775,129,185,120,4,4
2776,129,186,100,1,1
2777,129,186,101,1,1
2778,129,186,102,1,1
2779,129,186,103,1,1
2780,129,186,104,1,1
2781,129,186,105,1,1
2782,129,186,106,1,1
2783,129,186,107,1,1
2784,129,186,108,1,1
2785,129,186,109,6,6
2786,129,186,110,6,6
2787,129,186,111,6,6
2788,129,186,112,6,6
2789,129,186,113,12,12
2790,129,186,114,12,12
2791,129,186,115,10,10
2792,129,186,116,12,12
2793,129,186,117,12,12
2794,129,186,118,12,12
2795,129,186,119,12,12
2796,129,186,120,12,12
2797,129,187,100,1,1
2798,129,187,101,1,1
2799,129,187,102,1,1
2800,129,187,103,1,1
2801,129,187,104,1,1
2802,129,187,105,1,1
2803,129,187,106,1,1
2804,129,187,107,1,1
2805,129,187,108,6,6
2806,129,187,109,6,6
2807,129,187,110,13,13
2808,129,187,111,13,13
2809,129,187,112,6,6
2810,129,187,113,6,6
2811,129,187,114,12,12
2812,129,187,115,12,12
2813,129,187,116,12,12
2814,129,187,117,12,12
2815,129,187,118,12,12
2816,129,187,119,12,12
2817,129,188,101,1,1
2818,129,188,102,1,1
2819,129,188,103,1,1
2820,129,188,104,6,6
2821,129,188,105,6,6
2822,129,188,106,6,6
2823,129,188,107,6,6
2824,129,188,108,6,6
2825,129,188,109,13,13
2826,129,188,110,13,13
2827,129,188,111,13,13
2828,129,188,114,12,12
2829,129,188,115,12,12
2830,129,188,116,12,12
2831,129,188,117,12,12
2832,129,188,118,12,12
2833,129,189,102,1,1
2834,129,189,103,6,6
2835,129,189,104,13,13
2836,129,189,105,13,13
2837,129,189,106,6,6
2838,129,189,107,6,6
2839,129,189,108,13,13
2840,129,189,109,13,13
2841,129,189,115,12,12
2842,129,189,116,12,12
2843,129,189,117,12,12
2844,129,190,102,1,1
2845,129,190,103,6,6
2846,129,190,104,13,13
2847,129,190,105,13,13
2848,129,190,106,13,13
2849,129,190,107,13,13
2850,129,190,108,13,13
2851,129,190,115,12,12
2852,129,190,116,12,12
2853,129,191,105,13,13
2854,129,191,106,13,13
2855,130,172,120,10,10
2856,130,172,124,4,4
2857,130,172,125,4,4
2858,130,172,130,9,9
2859,130,173,110,10,10
2860,130,173,111,10,10
2861,130,173,112,10,10
2862,130,173,113,10,10
2863,130,173,114,10,10
2864,130,173,115,10,10
2865,130,173,116,10,10
2866,130,173,117,10,10
2867,130,173,118,10,10
2868,130,173,119,10,10
2869,130,173,120,10,10
2870,130,173,121,10,10
2871,130,173,122,10,10
2872,130,173,123,10,10
2873,130,173,124,4,4
2874,130,173,125,4,4
2875,130,173,126,4,4
2876,130,173,127,1,1
2877,130,173,128,1,1
2878,130,173,129,1,1
2879,130,173,130,9,9
2880,130,174,109,10,10
2881,130,174,110,10,10
2882,130,174,111,10,10
2883,130,174,112,10,10
2884,130,174,113,10,10
2885,130,174,114,10,10
2886,130,174,115,1,1
2887,130,174,116,4,4
2888,130,174,117,10,10
2889,130,174,118,10,10
2890,130,174,119,10,10
2891,130,174,120,10,10
2892,130,174,121,10,10
2893,130,174,122,10,10
2894,130,174,123,10,10
2895,130,174,124,10,10
2896,130,174,125,4,4
2897,130,174,126,4,4
2898,130,174,127,4,4
2899,130,174,128,12,12
2900,130,174,129,12,12
2901,130,174,130,9,9
2902,130,175,109,10,10
2903,130,175,110,10,10
2904,130,175,111,10,10
2905,130,175,112,10,10
2906,130,175,113,10,10
2907,130,175,114,1,1
2908,130,175,115,1,1
2909,130,175,116,4,4
2910,130,175,117,4,4
2911,130,175,118,4,4
2912,130,175,119,4,4
2913,130,175,120,4,4
2914,130,175,121,10,10
2915,130,175,122,10,10
2916,130,175,123,10,10
2917,130,175,124,10,10
2918,130,175,125,4,4
2919,130,175,126,4,4
2920,130,175,127,12,12
2921,130,175,128,12,12
2922,130,175,129,12,12
2923,130,175,130,9,9
2924,130,176,108,10,10
2925,130,176,109,10,10
2926,130,176,110,10,10
2927,130,176,111,10,10
2928,130,176,112,10,10
2929,130,176,113,10,10
2930,130,176,114,10,10
2931,130,176,115,10,10
2932,130,176,116,10,10
2933,130,176,117,10,10
2934,130,176,118,10,10
2935,130,176,119,4,4
2936,130,176,120,4,4
2937,130,176,121,4,4
2938,130,176,122,10,10
2939,130,176,123,10,10
2940,130,176,124,10,10
2941,130,176,125,4,4
2942,130,176,126,4,4
2943,130,176,127,4,4
2944,130,176,128,12,12
2945,130,176,129,12,12
2946,130,177,104,4,4
2947,130,177,105,4,4
2948,130,177,106,4,4
2949,130,177,107,4,4
2950,130,177,108,10,10
2951,130,177,109,10,10
2952,130,177,110,10,10
2953,130,177,111,10,10
2954,130,177,112,1,1
2955,130,177,113,10,10
2956,130,177,114,10,10
2957,130,177,115,10,10
2958,130,177,116,10,10
2959,130,177,117,10,10
2960,130,177,118,10,10
2961,130,177,119,10,10
2962,130,177,120,4,4
2963,130,177,121,10,10
2964,130,177,122,10,10
2965,130,177,123,10,10
2966,130,177,124,10,10
2967,130,177,125,12,12
2968,130,177,126,4,4
2969,130,177,127,4,4
2970,130,177,128,12,12
2971,130,178,103,1,1
2972,130,178,104,1,1
2973,130,178,105,1,1
2974,130,178,106,4,4
2975,130,178,107,4,4
2976,130,178,108,10,10
2977,130,178,109,10,10
2978,130,178,110,10,10
2979,130,178,111,10,10
2980,130,178,112,10,10
2981,130,178,113,10,10
2982,130,178,114,10,10
2983,130,178,115,10,10
2984,130,178,116,10,10
2985,130,178,117,10,10
2986,130,178,118,10,10
2987,130,178,119,10,10
2988,130,178,120,4,4
2989,130,178,121,10,10
2990,130,178,122,10,10
2991,130,178,123,10,10
2992,130,178,124,12,12
2993,130,178,125,12,12
2994,130,178,126,12,12
2995,130,178,127,4,4
2996,130,178,128,12,12
2997,130,179,101,1,1
2998,130,179,102,1,1
2999,130,179,103,1,1
3000,130,179,104,1,1
3001,130,179,105,1,1
3002,130,179,106,4,4
3003,130,179,107,10,10
3004,130,179,108,10,10
3005,130,179,109,10,10
3006,130,179,110,10,10
3007,130,179,111,10,10
3008,130,179,112,10,10
3009,130,179,113,10,10
3010,130,179,114,10,10
3011,130,179,115,10,10
3012,130,179,116,10,10
3013,130,179,117,10,10
3014,130,179,118,10,10
3015,130,179,119,10,10
3016,130,179,120,4,4
3017,130,179,121,10,10
3018,130,179,122,10,10
3019,130,179,123,10,10
3020,130,179,124,12,12
3021,130,179,125,12,12
3022,130,179,126,12,12
3023,130,180,101,1,1
3024,130,180,102,1,1
3025,130,180,103,1,1
3026,130,180,104,1,1
3027,130,180,105,1,1
3028,130,180,106,4,4
3029,130,180,107,10,10
3030,130,180,108,10,10
3031,130,180,109,4,4
3032,130,180,110,4,4
3033,130,180,111,4,4
3034,130,180,112,4,4
3035,130,180,113,4,4
3036,130,180,114,4,4
3037,130,180,115,10,10
3038,130,180,116,10,10
3039,130,180,117,10,10
3040,130,180,118,10,10
3041,130,180,119,10,10
3042,130,180,120,4,4
3043,130,180,121,10,10
3044,130,180,122,10,10
3045,130,180,123,10,10
3046,130,180,124,12,12
3047,130,180,125,12,12
3048,130,180,126,12,12
3049,130,181,101,1,1
3050,130,181,102,1,1
3051,130,181,103,1,1
3052,130,181,104,1,1
3053,130,181,105,1,1
3054,130,181,106,4,4
3055,130,181,107,10,10
3056,130,181,108,10,10
3057,130,181,109,4,4
3058,130,181,110,4,4
3059,130,181,111,4,4
3060,130,181,112,4,4
3061,130,181,113,4,4
3062,130,181,114,4,4
3063,130,181,115,10,10
3064,130,181,116,10,10
3065,130,181,117,10,10
3066,130,181,118,10,10
3067,130,181,119,10,10
3068,130,181,120,10,10
3069,130,181,121,10,10
3070,130,181,122,10,10
3071,130,181,123,12,12
3072,130,181,124,12,12
3073,130,181,125,12,12
3074,130,182,101,1,1
3075,130,182,102,1,1
3076,130,182,103,1,1
3077,130,182,104,1,1
3078,130,182,105,1,1
3079,130,182,106,4,4
3080,130,182,107,10,10
3081,130,182,108,10,10
3082,130,182,109,4,4
3083,130,182,110,10,10
3084,130,182,111,4,4
3085,130,182,112,4,4
3086,130,182,113,4,4
3087,130,182,114,4,4
3088,130,182,115,4,4
3089,130,182,116,10,10
3090,130,182,117,10,10
3091,130,182,118,10,10
3092,130,182,119,10,10
3093,130,182,120,10,10
3094,130,182,121,10,10
3095,130,182,122,12,12
3096,130,182,123,12,12
3097,130,182,124,12,12
3098,130,182,125,12,12
3099,130,183,101,1,1
3100,130,183,102,1,1
3101,130,183,103,1,1
3102,130,183,104,1,1
3103,130,183,105,1,1
3104,130,183,106,4,4
3105,130,183,107,10,10
3106,130,183,108,10,10
3107,130,183,109,10,10
3108,130,183,110,10,10
3109,130,183,111,10,10
3110,130,183,112,10,10
3111,130,183,113,4,4
3112,130,183,114,4,4
3113,130,183,115,4,4
3114,130,183,116,10,10
3115,130,183,117,4,4
3116,130,183,118,4,4
3117,130,183,119,10,10
3118,130,183,120,10,10
3119,130,183,121,12,12
3120,130,183,122,12,12
3121,130,183,123,12,12
3122,130,183,124,12,12
3123,130,184,101,1,1
3124,130,184,102,1,1
3125,130,184,103,1,1
3126,130,184,104,1,1
3127,130,184,105,4,4
3128,130,184,106,10,10
3129,130,184,107,10,10
3130,130,184,108,10,10
3131,130,184,109,10,10
3132,130,184,110,10,10
3133,130,184,111,10,10
3134,130,184,112,10,10
3135,130,184,113,12,12
3136,130,184,114,4,4
3137,130,184,115,4,4
3138,130,184,116,4,4
3139,130,184,117,4,4
3140,130,184,118,4,4
3141,130,184,119,4,4
3142,130,184,120,4,4
3143,130,184,121,4,4
3144,130,184,122,12,12
3145,130,185,100,4,4
3146,130,185,101,1,1
3147,130,185,102,1,1
3148,130,185,103,1,1
3149,130,185,104,1,1
3150,130,185,105,1,1
3151,130,185,106,10,10
3152,130,185,107,10,10
3153,130,185,108,10,10
3154,130,185,109,10,10
3155,130,185,110,1,1
3156,130,185,111,1,1
3157,130,185,112,12,12
3158,130,185,113,12,12
3159,130,185,114,12,12
3160,130,185,115,10,10
3161,130,185,116,10,10
3162,130,185,117,4,4
3163,130,185,118,4,4
3164,130,185,119,4,4
3165,130,185,120,4,4
3166,130,186,100,4,4
3167,130,186,101,4,4
3168,130,186,102,1,1
3169,130,186,103,1,1
3170,130,186,104,1,1
3171,130,186,105,1,1
3172,130,186,106,1,1
3173,130,186,107,1,1
3174,130,186,108,1,1
3175,130,186,109,6,6
3176,130,186,110,6,6
3177,130,186,111,6,6
3178,130,186,112,6,6
3179,130,186,113,12,12
3180,130,186,114,12,12
3181,130,186,115,10,10
3182,130,186,116,12,12
3183,130,186,117,12,12
3184,130,186,118,12,12
3185,130,186,119,12,12
3186,130,186,120,12,12
3187,130,187,100,4,4
3188,130,187,101,4,4
3189,130,187,102,1,1
3190,130,187,103,1,1
3191,130,187,104,6,6
3192,130,187,105,1,1
3193,130,187,106,1,1
3194,130,187,107,1,1
3195,130,187,108,6,6
3196,130,187,109,6,6
3197,130,187,110,13,13
3198,130,187,111,6,6
3199,130,187,112,6,6
3200,130,187,113,12,12
3201,130,187,114,12,12
3202,130,187,115,12,12
3203,130,187,116,12,12
3204,130,187,117,12,12
3205,130,187,118,12,12
3206,130,187,119,12,12
3207,130,188,101,4,4
3208,130,188,102,1,1
3209,130,188,103,6,6
3210,130,188,104,6,6
3211,130,188,105,6,6
3212,130,188,106,6,6
3213,130,188,107,6,6
3214,130,188,108,6,6
3215,130,188,109,13,13
3216,130,188,110,13,13
3217,130,188,111,13,13
3218,130,188,112,6,6
3219,130,188,113,12,12
3220,130,188,114,12,12
3221,130,188,115,12,12
3222,130,188,116,12,12
3223,130,188,117,12,12
3224,130,188,118,12,12
3225,130,189,101,4,4
3226,130,189,102,1,1
3227,130,189,103,6,6
3228,130,189,104,13,13
3229,130,189,105,13,13
3230,130,189,106,13,13
3231,130,189,107,13,13
3232,130,189,108,13,13
3233,130,189,109,13,13
3234,130,189,110,13,13
3235,130,189,114,12,12
3236,130,189,115,12,12
3237,130,189,116,12,12
3238,130,189,117,12,12
3239,130,190,102,1,1
3240,130,190,103,6,6
3241,130,190,105,13,13
3242,130,190,106,13,13
3243,130,190,107,13,13
3244,130,190,108,13,13
3245,130,190,115,12,12
3246,130,190,116,12,12
3247,131,172,124,4,4
3248,131,172,125,4,4
3249,131,172,126,1,1
3250,131,172,130,9,9
3251,131,173,109,10,10
3252,131,173,110,10,10
3253,131,173,111,10,10
3254,131,173,112,10,10
3255,131,173,113,10,10
3256,131,173,114,10,10
3257,131,173,115,10,10
3258,131,173,116,10,10
3259,131,173,117,10,10
3260,131,173,118,10,10
3261,131,173,119,10,10
3262,131,173,120,10,10
3263,131,173,121,10,10
3264,131,173,122,4,4
3265,131,173,123,4,4
3266,131,173,124,4,4
3267,131,173,125,4,4
3268,131,173,126,4,4
3269,131,173,127,1,1
3270,131,173,128,6,6
3271,131,173,129,1,1
3272,131,173,130,9,9
3273,131,174,108,10,10
3274,131,174,109,10,10
3275,131,174,110,10,10
3276,131,174,111,10,10
3277,131,174,112,10,10
3278,131,174,113,10,10
3279,131,174,114,10,10
3280,131,174,115,10,10
3281,131,174,116,10,10
3282,131,174,117,10,10
3283,131,174,118,10,10
3284,131,174,119,10,10
3285,131,174,120,10,10
3286,131,174,121,10,10
3287,131,174,122,10,10
3288,131,174,123,4,4
3289,131,174,124,4,4
3290,131,174,125,4,4
3291,131,174,126,4,4
3292,131,174,127,4,4
3293,131,174,128,12,12
3294,131,174,129,12,12
3295,131,174,130,9,9
3296,131,175,108,10,10
3297,131,175,109,10,10
3298,131,175,110,10,10
3299,131,175,111,10,10
3300,131,175,112,10,10
3301,131,175,113,10,10
3302,131,175,114,10,10
3303,131,175,115,10,10
3304,131,175,116,10,10
3305,131,175,117,10,10
3306,131,175,118,10,10
3307,131,175,119,10,10
3308,131,175,120,10,10
3309,131,175,121,10,10
3310,131,175,122,10,10
3311,131,175,123,4,4
3312,131,175,124,4,4
3313,131,175,125,4,4
3314,131,175,126,4,4
3315,131,175,127,12,12
3316,131,175,128,12,12
3317,131,175,129,12,12
3318,131,175,130,9,9
3319,131,176,104,1,1
3320,131,176,105,4,4
3321,131,176,106,4,4
3322,131,176,108,10,10
3323,131,176,109,10,10
3324,131,176,110,10,10
3325,131,176,111,1,1
3326,131,176,112,10,10
3327,131,176,113,10,10
3328,131,176,114,10,10
3329,131,176,115,10,10
3330,131,176,116,10,10
3331,131,176,117,10,10
3332,131,176,118,10,10
3333,131,176,119,10,10
3334,131,176,120,10,10
3335,131,176,121,10,10
3336,131,176,122,10,10
3337,131,176,123,10,10
3338,131,176,124,4,4
3339,131,176,125,4,4
3340,131,176,126,4,4
3341,131,176,127,12,12
3342,131,176,128,12,12
3343,131,176,129,9,9
3344,131,177,102,4,4
3345,131,177,103,1,1
3346,131,177,104,1,1
3347,131,177,105,1,1
3348,131,177,106,4,4
3349,131,177,107,10,10
3350,131,177,108,10,10
3351,131,177,109,10,10
3352,131,177,110,10,10
3353,131,177,111,10,10
3354,131,177,112,1,1
3355,131,177,113,10,10
3356,131,177,114,10,10
3357,131,177,115,10,10
3358,131,177,116,10,10
3359,131,177,117,10,10
3360,131,177,118,10,10
3361,131,177,119,10,10
3362,131,177,120,10,10
3363,131,177,121,10,10
3364,131,177,122,10,10
3365,131,177,123,10,10
3366,131,177,124,12,12
3367,131,177,125,12,12
3368,131,177,126,4,4
3369,131,177,127,4,4
3370,131,177,128,12,12
3371,131,178,102,1,1
3372,131,178,103,1,1
3373,131,178,104,1,1
3374,131,178,105,1,1
3375,131,178,106,4,4
3376,131,178,107,10,10
3377,131,178,108,10,10
3378,131,178,109,10,10
3379,131,178,110,10,10
3380,131,178,111,4,4
3381,131,178,112,1,1
3382,131,178,113,10,10
3383,131,178,114,10,10
3384,131,178,115,10,10
3385,131,178,116,10,10
3386,131,178,117,10,10
3387,131,178,118,10,10
3388,131,178,119,10,10
3389,131,178,120,10,10
3390,131,178,121,10,10
3391,131,178,122,10,10
3392,131,178,123,10,10
3393,131,178,124,12,12
3394,131,178,125,12,12
3395,131,178,126,12,12
3396,131,178,127,4,4
3397,131,179,100,1,1
3398,131,179,101,1,1
3399,131,179,102,1,1
3400,131,179,103,1,1
3401,131,179,104,1,1
3402,131,179,105,1,1
3403,131,179,106,4,4
3404,131,179,107,10,10
3405,131,179,108,10,10
3406,131,179,109,10,10
3407,131,179,110,4,4
3408,131,179,111,4,4
3409,131,179,112,4,4
3410,131,179,113,10,10
3411,131,179,114,10,10
3412,131,179,115,10,10
3413,131,179,116,10,10
3414,131,179,117,10,10
3415,131,179,118,10,10
3416,131,179,119,10,10
3417,131,179,120,10,10
3418,131,179,121,10,10
3419,131,179,122,10,10
3420,131,179,123,10,10
3421,131,179,124,12,12
3422,131,179,125,12,12
3423,131,179,126,12,12
3424,131,180,100,1,1
3425,131,180,101,1,1
3426,131,180,102,1,1
3427,131,180,103,1,1
3428,131,180,104,1,1
3429,131,180,105,1,1
3430,131,180,106,4,4
3431,131,180,107,10,10
3432,131,180,108,10,10
3433,131,180,109,10,10
3434,131,180,110,4,4
3435,131,180,111,4,4
3436,131,180,112,4,4
3437,131,180,113,4,4
3438,131,180,114,10,10
3439,131,180,115,10,10
3440,131,180,116,10,10
3441,131,180,117,10,10
3442,131,180,118,10,10
3443,131,180,119,10,10
3444,131,180,120,10,10
3445,131,180,121,10,10
3446,131,180,122,10,10
3447,131,180,123,10,10
3448,131,180,124,12,12
3449,131,180,125,12,12
3450,131,180,126,12,12
3451,131,181,100,1,1
3452,131,181,101,1,1
3453,131,181,102,1,1
3454,131,181,103,1,1
3455,131,181,104,1,1
3456,131,181,105,1,1
3457,131,181,106,4,4
3458,131,181,107,10,10
3459,131,181,108,10,10
3460,131,181,109,4,4
3461,131,181,110,4,4
3462,131,181,111,4,4
3463,131,181,112,4,4
3464,131,181,113,4,4
3465,131,181,114,4,4
3466,131,181,115,10,10
3467,131,181,116,10,10
3468,131,181,117,10,10
3469,131,181,118,10,10
3470,131,181,119,4,4
3471,131,181,120,4,4
3472,131,181,121,10,10
3473,131,181,122,10,10
3474,131,181,123,12,12
3475,131,181,124,12,12
3476,131,181,125,12,12
3477,131,182,100,1,1
3478,131,182,101,6,6
3479,131,182,102,1,1
3480,131,182,103,1,1
3481,131,182,104,1,1
3482,131,182,105,1,1
3483,131,182,106,4,4
3484,131,182,107,10,10
3485,131,182,108,10,10
3486,131,182,109,4,4
3487,131,182,110,10,10
3488,131,182,111,10,10
3489,131,182,112,4,4
3490,131,182,113,4,4
3491,131,182,114,4,4
3492,131,182,115,4,4
3493,131,182,116,10,10
3494,131,182,117,10,10
3495,131,182,118,10,10
3496,131,182,119,4,4
3497,131,182,120,4,4
3498,131,182,121,12,12
3499,131,182,122,12,12
3500,131,182,123,12,12
3501,131,182,124,12,12
3502,131,182,125,12,12
3503,131,183,100,1,1
3504,131,183,101,6,6
3505,131,183,102,1,1
3506,131,183,103,1,1
3507,131,183,104,1,1
3508,131,183,105,1,1
3509,131,183,106,4,4
3510,131,183,107,10,10
3511,131,183,108,10,10
3512,131,183,109,10,10
3513,131,183,110,10,10
3514,131,183,111,10,10
3515,131,183,112,10,10
3516,131,183,113,4,4
3517,131,183,114,4,4
3518,131,183,115,4,4
3519,131,183,116,4,4
3520,131,183,117,10,10
3521,131,183,118,10,10
3522,131,183,119,10,10
3523,131,183,120,4,4
3524,131,183,121,4,4
3525,131,183,122,12,12
3526,131,183,123,12,12
3527,131,183,124,12,12
3528,131,184,101,6,6
3529,131,184,102,1,1
3530,131,184,103,1,1
3531,131,184,104,1,1
3532,131,184,105,1,1
3533,131,184,106,4,4
3534,131,184,107,10,10
3535,131,184,108,10,10
3536,131,184,109,10,10
3537,131,184,110,10,10
3538,131,184,111,10,10
3539,131,184,112,10,10
3540,131,184,113,4,4
3541,131,184,114,4,4
3542,131,184,115,4,4
3543,131,184,116,4,4
3544,131,184,117,4,4
3545,131,184,118,10,10
3546,131,184,119,4,4
3547,131,184,120,4,4
3548,131,184,121,4,4
3549,131,184,122,12,12
3550,131,185,100,1,1
3551,131,185,101,1,1
3552,131,185,102,1,1
3553,131,185,103,1,1
3554,131,185,104,1,1
3555,131,185,105,1,1
3556,131,185,106,10,10
3557,131,185,107,10,10
3558,131,185,108,10,10
3559,131,185,109,10,10
3560,131,185,110,10,10
3561,131,185,111,10,10
3562,131,185,112,12,12
3563,131,185,113,12,12
3564,131,185,114,12,12
3565,131,185,115,10,10
3566,131,185,116,10,10
3567,131,185,117,4,4
3568,131,185,118,4,4
3569,131,185,119,12,12
3570,131,185,120,4,4
3571,131,186,100,1,1
3572,131,186,101,1,1
3573,131,186,102,1,1
3574,131,186,103,1,1
3575,131,186,104,1,1
3576,131,186,105,1,1
3577,131,186,106,1,1
3578,131,186,107,1,1
3579,131,186,108,1,1
3580,131,186,109,1,1
3581,131,186,110,6,6
3582,131,186,111,6,6
3583,131,186,112,12,12
3584,131,186,113,12,12
3585,131,186,114,4,4
3586,131,186,115,10,10
3587,131,186,116,12,12
3588,131,186,117,12,12
3589,131,186,118,12,12
3590,131,186,119,12,12
3591,131,186,120,12,12
3592,131,187,100,1,1
3593,131,187,101,1,1
3594,131,187,102,1,1
3595,131,187,103,6,6
3596,131,187,104,6,6
3597,131,187,105,6,6
3598,131,187,106,1,1
3599,131,187,107,1,1
3600,131,187,108,1,1
3601,131,187,109,6,6
3602,131,187,110,6,6
3603,131,187,111,6,6
3604,131,187,112,6,6
3605,131,187,113,12,12
3606,131,187,114,12,12
3607,131,187,115,12,12
3608,131,187,116,12,12
3609,131,187,117,12,12
3610,131,187,118,12,12
3611,131,188,101,1,1
3612,131,188,102,1,1
3613,131,188,103,6,6
3614,131,188,104,13,13
3615,131,188,105,6,6
3616,131,188,106,6,6
3617,131,188,107,6,6
3618,131,188,108,6,6
3619,131,188,109,13,13
3620,131,188,110,13,13
3621,131,188,111,13,13
3622,131,188,112,6,6
3623,131,188,113,12,12
3624,131,188,114,12,12
3625,131,188,115,12,12
3626,131,188,116,12,12
3627,131,188,117,12,12
3628,131,188,118,12,12
3629,131,189,101,1,1
3630,131,189,102,1,1
3631,131,189,103,13,13
3632,131,189,105,13,13
3633,131,189,106,13,13
3634,131,189,107,13,13
3635,131,189,108,13,13
3636,131,189,109,13,13
3637,131,189,110,13,13
3638,131,189,111,13,13
3639,131,189,112,6,6
3640,131,189,113,6,6
3641,131,189,114,12,12
3642,131,189,115,12,12
3643,131,189,116,12,12
3644,131,189,117,12,12
3645,131,190,101,1,1
3646,131,190,102,1,1
3647,131,190,106,13,13
3648,131,190,107,13,13
3649,131,190,114,12,12
3650,131,190,115,12,12
3651,131,190,116,12,12
3652,132,172,113,10,10
3653,132,172,122,4,4
3654,132,172,123,4,4
3655,132,172,124,4,4
3656,132,172,125,4,4
3657,132,172,126,1,1
3658,132,172,130,9,9
3659,132,173,109,10,10
3660,132,173,110,10,10
3661,132,173,111,10,10
3662,132,173,112,10,10
3663,132,173,113,10,10
3664,132,173,114,10,10
3665,132,173,115,10,10
3666,132,173,116,10,10
3667,132,173,121,4,4
3668,132,173,122,4,4
3669,132,173,123,4,4
3670,132,173,124,4,4
3671,132,173,125,4,4
3672,132,173,126,4,4
3673,132,173,127,6,6
3674,132,173,128,6,6
3675,132,173,129,1,1
3676,132,173,130,9,9
3677,132,174,108,10,10
3678,132,174,109,10,10
3679,132,174,110,10,10
3680,132,174,111,10,10
3681,132,174,112,10,10
3682,132,174,113,10,10
3683,132,174,114,10,10
3684,132,174,115,10,10
3685,132,174,116,10,10
3686,132,174,117,10,10
3687,132,174,118,10,10
3688,132,174,119,10,10
3689,132,174,120,10,10
3690,132,174,121,4,4
3691,132,174,122,4,4
3692,132,174,123,4,4
3693,132,174,124,4,4
3694,132,174,125,4,4
3695,132,174,126,4,4
3696,132,174,127,4,4
3697,132,174,128,12,12
3698,132,174,129,12,12
3699,132,174,130,9,9
3700,132,175,108,10,10
3701,132,175,109,10,10
3702,132,175,110,10,10
3703,132,175,111,10,10
3704,132,175,112,10,10
3705,132,175,113,10,10
3706,132,175,114,10,10
3707,132,175,115,10,10
3708,132,175,116,10,10
3709,132,175,117,10,10
3710,132,175,118,10,10
3711,132,175,119,10,10
3712,132,175,120,10,10
3713,132,175,121,10,10
3714,132,175,122,4,4
3715,132,175,123,4,4
3716,132,175,124,4,4
3717,132,175,125,4,4
3718,132,175,126,4,4
3719,132,175,127,12,12
3720,132,175,128,12,12
3721,132,175,129,9,9
3722,132,176,104,1,1
3723,132,176,105,1,1
3724,132,176,106,4,4
3725,132,176,107,10,10
3726,132,176,108,10,10
3727,132,176,109,10,10
3728,132,176,110,4,4
3729,132,176,111,4,4
3730,132,176,112,1,1
3731,132,176,113,10,10
3732,132,176,114,10,10
3733,132,176,115,10,10
3734,132,176,116,10,10
3735,132,176,117,10,10
3736,132,176,118,10,10
3737,132,176,119,10,10
3738,132,176,120,10,10
3739,132,176,121,10,10
3740,132,176,122,4,4
3741,132,176,123,4,4
3742,132,176,124,12,12
3743,132,176,125,12,12
3744,132,176,126,4,4
3745,132,176,127,12,12
3746,132,176,128,12,12
3747,132,177,102,1,1
3748,132,177,103,1,1
3749,132,177,104,1,1
3750,132,177,105,1,1
3751,132,177,106,4,4
3752,132,177,107,10,10
3753,132,177,108,10,10
3754,132,177,109,10,10
3755,132,177,110,10,10
3756,132,177,111,10,10
3757,132,177,112,1,1
3758,132,177,113,1,1
3759,132,177,114,10,10
3760,132,177,115,10,10
3761,132,177,116,10,10
3762,132,177,117,10,10
3763,132,177,118,10,10
3764,132,177,119,10,10
3765,132,177,120,10,10
3766,132,177,121,10,10
3767,132,177,122,10,10
3768,132,177,123,4,4
3769,132,177,124,12,12
3770,132,177,125,12,12
3771,132,177,126,12,12
3772,132,177,127,4,4
3773,132,178,102,1,1
3774,132,178,103,1,1
3775,132,178,104,1,1
3776,132,178,105,1,1
3777,132,178,106,4,4
3778,132,178,107,10,10
3779,132,178,108,10,10
3780,132,178,109,10,10
3781,132,178,110,10,10
3782,132,178,111,4,4
3783,132,178,112,1,1
3784,132,178,113,1,1
3785,132,178,114,10,10
3786,132,178,115,10,10
3787,132,178,116,10,10
3788,132,178,117,10,10
3789,132,178,118,10,10
3790,132,178,119,10,10
3791,132,178,120,10,10
3792,132,178,121,10,10
3793,132,178,122,10,10
3794,132,178,123,4,4
3795,132,178,124,12,12
3796,132,178,125,12,12
3797,132,178,126,12,12
3798,132,178,127,4,4
3799,132,179,100,1,1
3800,132,179,101,1,1
3801,132,179,102,1,1
3802,132,179,103,1,1
3803,132,179,104,1,1
3804,132,179,105,1,1
3805,132,179,106,4,4
3806,132,179,107,10,10
3807,132,179,108,10,10
3808,132,179,109,10,10
3809,132,179,110,4,4
3810,132,179,111,4,4
3811,132,179,112,4,4
3812,132,179,113,1,1
3813,132,179,114,10,10
3814,132,179,115,10,10
3815,132,179,116,10,10
3816,132,179,117,10,10
3817,132,179,118,10,10
3818,132,179,119,10,10
3819,132,179,120,10,10
3820,132,179,121,10,10
3821,132,179,122,10,10
3822,132,179,123,10,10
3823,132,179,124,12,12
3824,132,179,125,12,12
3825,132,179,126,12,12
3826,132,180,100,1,1
3827,132,180,101,1,1
3828,132,180,102,1,1
3829,132,180,103,1,1
3830,132,180,104,1,1
3831,132,180,105,1,1
3832,132,180,106,4,4
3833,132,180,107,10,10
3834,132,180,108,10,10
3835,132,180,109,10,10
3836,132,180,110,4,4
3837,132,180,111,10,10
3838,132,180,112,4,4
3839,132,180,113,4,4
3840,132,180,114,10,10
3841,132,180,115,10,10
3842,132,180,116,10,10
3843,132,180,117,10,10
3844,132,180,118,10,10
3845,132,180,119,10,10
3846,132,180,120,10,10
3847,132,180,121,10,10
3848,132,180,122,10,10
3849,132,180,123,10,10
3850,132,180,124,4,4
3851,132,180,125,12,12
3852,132,181,100,1,1
3853,132,181,101,6,6
3854,132,181,102,6,6
3855,132,181,103,1,1
3856,132,181,104,1,1
3857,132,181,105,1,1
3858,132,181,106,4,4
3859,132,181,107,10,10
3860,132,181,108,10,10
3861,132,181,109,10,10
3862,132,181,110,4,4
3863,132,181,111,10,10
3864,132,181,112,4,4
3865,132,181,113,4,4
3866,132,181,114,10,10
3867,132,181,115,10,10
3868,132,181,116,4,4
3869,132,181,117,4,4
3870,132,181,118,10,10
3871,132,181,119,10,10
3872,132,181,120,10,10
3873,132,181,121,10,10
3874,132,181,122,12,12
3875,132,181,123,4,4
3876,132,181,124,4,4
3877,132,181,125,12,12
3878,132,182,100,6,6
3879,132,182,101,6,6
3880,132,182,102,7,7
3881,132,182,103,1,1
3882,132,182,104,1,1
3883,132,182,106,4,4
3884,132,182,107,10,10
3885,132,182,108,10,10
3886,132,182,109,10,10
3887,132,182,110,10,10
3888,132,182,111,10,10
3889,132,182,112,4,4
3890,132,182,113,4,4
3891,132,182,114,4,4
3892,132,182,115,4,4
3893,132,182,116,4,4
3894,132,182,117,4,4
3895,132,182,118,10,10
3896,132,182,119,4,4
3897,132,182,120,4,4
3898,132,182,121,12,12
3899,132,182,122,12,12
3900,132,182,123,12,12
3901,132,182,124,12,12
3902,132,183,100,6,6
3903,132,183,101,6,6
3904,132,183,102,7,7
3905,132,183,103,1,1
3906,132,183,104,1,1
3907,132,183,106,4,4
3908,132,183,107,10,10
3909,132,183,108,10,10
3910,132,183,109,10,10
3911,132,183,110,10,10
3912,132,183,111,10,10
3913,132,183,112,4,4
3914,132,183,113,4,4
3915,132,183,114,4,4
3916,132,183,115,4,4
3917,132,183,116,4,4
3918,132,183,117,4,4
3919,132,183,118,10,10
3920,132,183,119,4,4
3921,132,183,120,4,4
3922,132,183,121,12,12
3923,132,183,122,12,12
3924,132,183,124,12,12
3925,132,184,101,13,13
3926,132,184,102,7,7
3927,132,184,103,6,6
3928,132,184,104,1,1
3929,132,184,106,4,4
3930,132,184,107,10,10
3931,132,184,108,10,10
3932,132,184,109,10,10
3933,132,184,110,10,10
3934,132,184,111,10,10
3935,132,184,112,10,10
3936,132,184,113,4,4
3937,132,184,114,4,4
3938,132,184,115,10,10
3939,132,184,116,4,4
3940,132,184,117,4,4
3941,132,184,118,10,10
3942,132,184,119,10,10
3943,132,184,120,4,4
3944,132,184,121,4,4
3945,132,185,100,6,6
3946,132,185,101,13,13
3947,132,185,102,6,6
3948,132,185,103,6,6
3949,132,185,105,1,1
3950,132,185,106,1,1
3951,132,185,107,4,4
3952,132,185,108,10,10
3953,132,185,109,10,10
3954,132,185,110,10,10
3955,132,185,111,10,10
3956,132,185,112,12,12
3957,132,185,113,12,12
3958,132,185,114,10,10
3959,132,185,115,10,10
3960,132,185,116,4,4
3961,132,185,117,4,4
3962,132,185,118,4,4
3963,132,185,119,12,12
3964,132,185,120,12,12
3965,132,186,101,13,13
3966,132,186,102,13,13
3967,132,186,103,6,6
3968,132,186,105,1,1
3969,132,186,106,1,1
3970,132,186,107,1,1
3971,132,186,108,1,1
3972,132,186,109,1,1
3973,132,186,110,1,1
3974,132,186,111,10,10
3975,132,186,112,12,12
3976,132,186,113,12,12
3977,132,186,114,12,12
3978,132,186,115,4,4
3979,132,186,116,12,12
3980,132,186,117,12,12
3981,132,186,118,12,12
3982,132,186,119,12,12
3983,132,187,101,6,6
3984,132,187,102,13,13
3985,132,187,103,6,6
3986,132,187,105,6,6
3987,132,187,106,6,6
3988,132,187,107,1,1
3989,132,187,108,1,1
3990,132,187,109,1,1
3991,132,187,110,6,6
3992,132,187,111,6,6
3993,132,187,112,12,12
3994,132,187,113,12,12
3995,132,187,114,12,12
3996,132,187,115,12,12
3997,132,187,116,12,12
3998,132,187,117,12,12
3999,132,187,118,12,12
4000,132,188,101,6,6
4001,132,188,102,13,13
4002,132,188,103,13,13
4003,132,188,106,6,6
4004,132,188,107,6,6
4005,132,188,108,6,6
4006,132,188,109,6,6
4007,132,188,110,6,6
4008,132,188,111,6,6
4009,132,188,112,6,6
4010,132,188,113,12,12
4011,132,188,114,12,12
4012,132,188,115,12,12
4013,132,188,116,12,12
4014,132,188,117,12,12
4015,132,189,101,6,6
4016,132,189,102,6,6
4017,132,189,106,13,13
4018,132,189,107,13,13
4019,132,189,108,13,13
4020,132,189,109,13,13
4021,132,189,110,13,13
4022,132,189,111,6,6
4023,132,189,112,6,6
4024,132,189,113,12,12
4025,132,189,114,12,12
4026,132,189,115,12,12
4027,132,189,116,12,12
4028,132,190,101,1,1
4029,132,190,111,6,6
4030,132,190,112,6,6
4031,132,190,113,12,12
4032,132,190,114,12,12
4033,132,190,115,12,12
4034,132,191,111,14,14
4035,133,172,112,10,10
4036,133,172,113,10,10
4037,133,172,121,4,4
4038,133,172,122,4,4
4039,133,172,123,4,4
4040,133,172,124,4,4
4041,133,172,125,4,4
4042,133,172,126,1,1
4043,133,172,130,9,9
4044,133,173,111,10,10
4045,133,173,112,10,10
4046,133,173,113,10,10
4047,133,173,114,10,10
4048,133,173,115,10,10
4049,133,173,117,4,4
4050,133,173,118,4,4
4051,133,173,119,4,4
4052,133,173,120,4,4
4053,133,173,121,4,4
4054,133,173,122,4,4
4055,133,173,123,4,4
4056,133,173,124,4,4
4057,133,173,125,4,4
4058,133,173,126,1,1
4059,133,173,127,6,6
4060,133,173,128,6,6
4061,133,173,129,9,9
4062,133,173,130,9,9
4063,133,174,108,10,10
4064,133,174,109,10,10
4065,133,174,110,10,10
4066,133,174,111,10,10
4067,133,174,112,10,10
4068,133,174,113,10,10
4069,133,174,114,10,10
4070,133,174,115,10,10
4071,133,174,116,4,4
4072,133,174,117,4,4
4073,133,174,118,4,4
4074,133,174,119,4,4
4075,133,174,120,4,4
4076,133,174,121,4,4
4077,133,174,122,4,4
4078,133,174,123,4,4
4079,133,174,124,4,4
4080,133,174,125,4,4
4081,133,174,126,4,4
4082,133,174,127,4,4
4083,133,174,128,12,12
4084,133,174,129,9,9
4085,133,174,130,9,9
4086,133,175,105,4,4
4087,133,175,106,4,4
4088,133,175,108,10,10
4089,133,175,109,10,10
4090,133,175,110,10,10
4091,133,175,111,10,10
4092,133,175,112,10,10
4093,133,175,113,10,10
4094,133,175,114,10,10
4095,133,175,115,10,10
4096,133,175,116,10,10
4097,133,175,117,4,4
4098,133,175,118,10,10
4099,133,175,119,10,10
4100,133,175,120,4,4
4101,133,175,121,4,4
4102,133,175,122,4,4
4103,133,175,123,4,4
4104,133,175,124,4,4
4105,133,175,125,12,12
4106,133,175,126,12,12
4107,133,175,127,12,12
4108,133,175,128,12,12
4109,133,175,129,9,9
4110,133,176,105,4,4
4111,133,176,106,4,4
4112,133,176,107,4,4
4113,133,176,108,10,10
4114,133,176,109,10,10
4115,133,176,110,4,4
4116,133,176,111,10,10
4117,133,176,112,10,10
4118,133,176,113,10,10
4119,133,176,114,10,10
4120,133,176,115,10,10
4121,133,176,116,10,10
4122,133,176,117,10,10
4123,133,176,118,10,10
4124,133,176,119,10,10
4125,133,176,120,10,10
4126,133,176,121,4,4
4127,133,176,122,4,4
4128,133,176,123,4,4
4129,133,176,124,12,12
4130,133,176,125,12,12
4131,133,176,126,12,12
4132,133,176,127,4,4
4133,133,176,128,12,12
4134,133,177,104,1,1
4135,133,177,105,1,1
4136,133,177,106,4,4
4137,133,177,107,10,10
4138,133,177,108,10,10
4139,133,177,109,10,10
4140,133,177,110,10,10
4141,133,177,111,10,10
4142,133,177,112,4,4
4143,133,177,113,10,10
4144,133,177,114,10,10
4145,133,177,115,10,10
4146,133,177,116,10,10
4147,133,177,117,10,10
4148,133,177,118,10,10
4149,133,177,119,10,10
4150,133,177,120,10,10
4151,133,177,121,10,10
4152,133,177,122,4,4
4153,133,177,123,4,4
4154,133,177,124,12,12
4155,133,177,125,12,12
4156,133,177,126,12,12
4157,133,177,127,4,4
4158,133,178,104,1,1
4159,133,178,105,1,1
4160,133,178,106,4,4
4161,133,178,107,10,10
4162,133,178,108,10,10
4163,133,178,109,10,10
4164,133,178,110,10,10
4165,133,178,111,10,10
4166,133,178,112,4,4
4167,133,178,113,1,1
4168,133,178,114,10,10
4169,133,178,115,10,10
4170,133,178,116,10,10
4171,133,178,117,10,10
4172,133,178,118,10,10
4173,133,178,119,10,10
4174,133,178,120,10,10
4175,133,178,121,10,10
4176,133,178,122,10,10
4177,133,178,123,4,4
4178,133,178,124,12,12
4179,133,178,125,12,12
4180,133,178,126,12,12
4181,133,179,104,1,1
4182,133,179,105,1,1
4183,133,179,106,1,1
4184,133,179,107,10,10
4185,133,179,108,10,10
4186,133,179,109,10,10
4187,133,179,110,4,4
4188,133,179,111,4,4
4189,133,179,112,4,4
4190,133,179,113,4,4
4191,133,179,114,10,10
4192,133,179,115,10,10
4193,133,179,116,10,10
4194,133,179,117,10,10
4195,133,179,118,4,4
4196,133,179,119,10,10
4197,133,179,120,10,10
4198,133,179,121,4,4
4199,133,179,122,10,10
4200,133,179,123,4,4
4201,133,179,124,12,12
4202,133,179,125,12,12
4203,133,179,126,12,12
4204,133,180,105,1,1
4205,133,180,106,1,1
4206,133,180,107,10,10
4207,133,180,108,10,10
4208,133,180,109,10,10
4209,133,180,110,4,4
4210,133,180,111,4,4
4211,133,180,112,4,4
4212,133,180,113,4,4
4213,133,180,114,10,10
4214,133,180,115,10,10
4215,133,180,116,10,10
4216,133,180,117,10,10
4217,133,180,118,4,4
4218,133,180,119,10,10
4219,133,180,120,10,10
4220,133,180,121,4,4
4221,133,180,122,10,10
4222,133,180,123,4,4
4223,133,180,124,12,12
4224,133,180,125,12,12
4225,133,181,106,1,1
4226,133,181,107,10,10
4227,133,181,108,10,10
4228,133,181,109,10,10
4229,133,181,110,10,10
4230,133,181,111,4,4
4231,133,181,112,4,4
4232,133,181,113,4,4
4233,133,181,114,10,10
4234,133,181,115,10,10
4235,133,181,116,10,10
4236,133,181,117,4,4
4237,133,181,118,4,4
4238,133,181,119,4,4
4239,133,181,120,4,4
4240,133,181,121,4,4
4241,133,181,122,12,12
4242,133,181,123,4,4
4243,133,181,124,4,4
4244,133,181,125,10,10
4245,133,182,106,1,1
4246,133,182,107,10,10
4247,133,182,108,10,10
4248,133,182,109,10,10
4249,133,182,110,10,10
4250,133,182,111,10,10
4251,133,182,112,4,4
4252,133,182,113,4,4
4253,133,182,114,4,4
4254,133,182,115,10,10
4255,133,182,116,4,4
4256,133,182,117,4,4
4257,133,182,118,4,4
4258,133,182,119,4,4
4259,133,182,120,4,4
4260,133,182,121,4,4
4261,133,182,122,12,12
4262,133,182,123,12,12
4263,133,182,124,4,4
4264,133,183,106,4,4
4265,133,183,107,4,4
4266,133,183,108,10,10
4267,133,183,109,10,10
4268,133,183,110,10,10
4269,133,183,111,10,10
4270,133,183,112,10,10
4271,133,183,113,4,4
4272,133,183,114,10,10
4273,133,183,115,4,4
4274,133,183,116,4,4
4275,133,183,117,4,4
4276,133,183,118,4,4
4277,133,183,119,4,4
4278,133,183,120,4,4
4279,133,183,121,4,4
4280,133,183,122,12,12
4281,133,183,123,12,12
4282,133,184,106,1,1
4283,133,184,107,4,4
4284,133,184,108,10,10
4285,133,184,109,10,10
4286,133,184,110,10,10
4287,133,184,111,10,10
4288,133,184,112,10,10
4289,133,184,113,10,10
4290,133,184,114,10,10
4291,133,184,115,10,10
4292,133,184,116,10,10
4293,133,184,117,10,10
4294,133,184,118,10,10
4295,133,184,119,4,4
4296,133,184,120,4,4
4297,133,184,121,4,4
4298,133,185,106,1,1
4299,133,185,107,4,4
4300,133,185,108,10,10
4301,133,185,109,10,10
4302,133,185,110,10,10
4303,133,185,111,10,10
4304,133,185,112,10,10
4305,133,185,113,12,12
4306,133,185,114,10,10
4307,133,185,115,10,10
4308,133,185,116,10,10
4309,133,185,117,10,10
4310,133,185,118,12,12
4311,133,185,119,12,12
4312,133,185,120,12,12
4313,133,186,106,1,1
4314,133,186,107,1,1
4315,133,186,108,1,1
4316,133,186,109,4,4
4317,133,186,110,10,10
4318,133,186,111,12,12
4319,133,186,112,12,12
4320,133,186,113,12,12
4321,133,186,114,10,10
4322,133,186,115,4,4
4323,133,186,116,12,12
4324,133,186,117,12,12
4325,133,186,118,12,12
4326,133,186,119,12,12
4327,133,187,106,6,6
4328,133,187,107,1,1
4329,133,187,108,1,1
4330,133,187,109,1,1
4331,133,187,110,12,12
4332,133,187,111,12,12
4333,133,187,112,12,12
4334,133,187,113,12,12
4335,133,187,114,12,12
4336,133,187,115,12,12
4337,133,187,116,12,12
4338,133,187,117,12,12
4339,133,187,118,12,12
4340,133,188,106,13,13
4341,133,188,107,6,6
4342,133,188,108,6,6
4343,133,188,109,6,6
4344,133,188,110,6,6
4345,133,188,111,6,6
4346,133,188,112,12,12
4347,133,188,113,12,12
4348,133,188,114,12,12
4349,133,188,115,12,12
4350,133,188,116,12,12
4351,133,188,117,12,12
4352,133,189,106,13,13
4353,133,189,107,13,13
4354,133,189,108,13,13
4355,133,189,109,6,6
4356,133,189,110,6,6
4357,133,189,111,6,6
4358,133,189,112,6,6
4359,133,189,113,12,12
4360,133,189,114,12,12
4361,133,189,115,12,12
4362,133,189,116,12,12
4363,133,190,111,6,6
4364,133,190,112,6,6
4365,133,190,113,12,12
4366,133,190,114,12,12
4367,133,190,115,12,12
4368,133,191,111,14,14
4369,134,172,112,10,10
4370,134,172,113,10,10
4371,134,172,118,4,4
4372,134,172,119,4,4
4373,134,172,120,4,4
4374,134,172,121,4,4
4375,134,172,122,4,4
4376,134,172,123,4,4
4377,134,172,124,4,4
4378,134,172,125,1,1
4379,134,172,130,9,9
4380,134,173,112,10,10
4381,134,173,113,10,10
4382,134,173,114,10,10
4383,134,173,115,10,10
4384,134,173,116,1,1
4385,134,173,117,1,1
4386,134,173,118,1,1
4387,134,173,119,1,1
4388,134,173,120,4,4
4389,134,173,121,4,4
4390,134,173,122,4,4
4391,134,173,123,4,4
4392,134,173,124,4,4
4393,134,173,125,1,1
4394,134,173,126,1,1
4395,134,173,127,6,6
4396,134,173,130,9,9
4397,134,174,109,10,10
4398,134,174,110,10,10
4399,134,174,111,10,10
4400,134,174,112,10,10
4401,134,174,113,10,10
4402,134,174,114,10,10
4403,134,174,115,10,10
4404,134,174,116,4,4
4405,134,174,117,4,4
4406,134,174,118,4,4
4407,134,174,119,4,4
4408,134,174,120,4,4
4409,134,174,121,4,4
4410,134,174,122,4,4
4411,134,174,123,4,4
4412,134,174,124,4,4
4413,134,174,125,4,4
4414,134,174,126,4,4
4415,134,174,127,4,4
4416,134,174,128,12,12
4417,134,175,105,1,1
4418,134,175,106,4,4
4419,134,175,108,10,10
4420,134,175,109,10,10
4421,134,175,110,10,10
4422,134,175,111,10,10
4423,134,175,112,10,10
4424,134,175,113,10,10
4425,134,175,114,10,10
4426,134,175,115,10,10
4427,134,175,116,4,4
4428,134,175,117,4,4
4429,134,175,118,4,4
4430,134,175,119,4,4
4431,134,175,120,4,4
4432,134,175,121,4,4
4433,134,175,122,4,4
4434,134,175,123,4,4
4435,134,175,124,4,4
4436,134,175,125,12,12
4437,134,175,126,12,12
4438,134,175,127,4,4
4439,134,175,128,12,12
4440,134,176,105,1,1
4441,134,176,106,4,4
4442,134,176,107,4,4
4443,134,176,108,10,10
4444,134,176,109,10,10
4445,134,176,110,10,10
4446,134,176,111,10,10
4447,134,176,112,10,10
4448,134,176,113,10,10
4449,134,176,114,10,10
4450,134,176,115,10,10
4451,134,176,116,4,4
4452,134,176,117,4,4
4453,134,176,118,4,4
4454,134,176,119,10,10
4455,134,176,120,4,4
4456,134,176,121,4,4
4457,134,176,122,4,4
4458,134,176,123,4,4
4459,134,176,124,12,12
4460,134,176,125,12,12
4461,134,176,126,12,12
4462,134,176,127,1,1
4463,134,177,105,1,1
4464,134,177,106,1,1
4465,134,177,107,4,4
4466,134,177,108,10,10
4467,134,177,109,10,10
4468,134,177,110,10,10
4469,134,177,111,10,10
4470,134,177,112,10,10
4471,134,177,113,10,10
4472,134,177,114,10,10
4473,134,177,115,10,10
4474,134,177,116,10,10
4475,134,177,117,10,10
4476,134,177,118,10,10
4477,134,177,119,10,10
4478,134,177,120,10,10
4479,134,177,121,4,4
4480,134,177,122,4,4
4481,134,177,123,4,4
4482,134,177,124,12,12
4483,134,177,125,12,12
4484,134,177,126,12,12
4485,134,177,127,4,4
4486,134,178,105,1,1
4487,134,178,106,1,1
4488,134,178,107,4,4
4489,134,178,108,10,10
4490,134,178,109,10,10
4491,134,178,110,10,10
4492,134,178,111,10,10
4493,134,178,112,10,10
4494,134,178,113,10,10
4495,134,178,114,10,10
4496,134,178,115,10,10
4497,134,178,116,10,10
4498,134,178,117,10,10
4499,134,178,118,10,10
4500,134,178,119,10,10
4501,134,178,120,10,10
4502,134,178,121,10,10
4503,134,178,122,10,10
4504,134,178,123,4,4
4505,134,178,124,12,12
4506,134,178,125,12,12
4507,134,178,126,12,12
4508,134,179,105,1,1
4509,134,179,106,1,1
4510,134,179,107,4,4
4511,134,179,108,10,10
4512,134,179,109,10,10
4513,134,179,110,10,10
4514,134,179,111,10,10
4515,134,179,112,10,10
4516,134,179,113,10,10
4517,134,179,114,10,10
4518,134,179,115,10,10
4519,134,179,116,10,10
4520,134,179,117,10,10
4521,134,179,118,10,10
4522,134,179,119,10,10
4523,134,179,120,10,10
4524,134,179,121,10,10
4525,134,179,122,10,10
4526,134,179,123,10,10
4527,134,179,124,12,12
4528,134,179,125,12,12
4529,134,180,105,1,1
4530,134,180,106,1,1
4531,134,180,107,10,10
4532,134,180,108,10,10
4533,134,180,109,10,10
4534,134,180,110,10,10
4535,134,180,111,10,10
4536,134,180,112,10,10
4537,134,180,113,10,10
4538,134,180,114,10,10
4539,134,180,115,10,10
4540,134,180,116,10,10
4541,134,180,117,10,10
4542,134,180,118,10,10
4543,134,180,119,4,4
4544,134,180,120,10,10
4545,134,180,121,10,10
4546,134,180,122,12,12
4547,134,180,123,10,10
4548,134,180,124,10,10
4549,134,180,125,10,10
4550,134,181,106,1,1
4551,134,181,107,10,10
4552,134,181,108,10,10
4553,134,181,109,10,10
4554,134,181,110,10,10
4555,134,181,111,10,10
4556,134,181,112,4,4
4557,134,181,113,4,4
4558,134,181,114,10,10
4559,134,181,115,10,10
4560,134,181,116,10,10
4561,134,181,117,10,10
4562,134,181,118,4,4
4563,134,181,119,4,4
4564,134,181,120,4,4
4565,134,181,121,12,12
4566,134,181,122,12,12
4567,134,181,123,12,12
4568,134,181,124,10,10
4569,134,181,125,9,9
4570,134,182,106,1,1
4571,134,182,107,4,4
4572,134,182,108,10,10
4573,134,182,109,10,10
4574,134,182,110,10,10
4575,134,182,111,10,10
4576,134,182,112,4,4
4577,134,182,113,4,4
4578,134,182,114,10,10
4579,134,182,115,10,10
4580,134,182,116,10,10
4581,134,182,117,4,4
4582,134,182,118,4,4
4583,134,182,119,4,4
4584,134,182,120,10,10
4585,134,182,121,12,12
4586,134,182,122,12,12
4587,134,182,123,4,4
4588,134,182,124,9,9
4589,134,183,106,1,1
4590,134,183,107,4,4
4591,134,183,108,10,10
4592,134,183,109,10,10
4593,134,183,110,10,10
4594,134,183,111,10,10
4595,134,183,112,10,10
4596,134,183,113,10,10
4597,134,183,114,10,10
4598,134,183,115,10,10
4599,134,183,116,10,10
4600,134,183,117,4,4
4601,134,183,118,4,4
4602,134,183,119,4,4
4603,134,183,120,4,4
4604,134,183,121,4,4
4605,134,183,122,12,12
4606,134,184,106,1,1
4607,134,184,107,4,4
4608,134,184,108,10,10
4609,134,184,109,10,10
4610,134,184,110,10,10
4611,134,184,111,10,10
4612,134,184,112,10,10
4613,134,184,113,10,10
4614,134,184,114,10,10
4615,134,184,115,10,10
4616,134,184,116,10,10
4617,134,184,117,10,10
4618,134,184,118,10,10
4619,134,184,119,10,10
4620,134,184,120,4,4
4621,134,184,121,4,4
4622,134,185,106,1,1
4623,134,185,107,4,4
4624,134,185,108,4,4
4625,134,185,109,10,10
4626,134,185,110,10,10
4627,134,185,111,10,10
4628,134,185,112,10,10
4629,134,185,113,10,10
4630,134,185,114,10,10
4631,134,185,115,10,10
4632,134,185,116,10,10
4633,134,185,117,10,10
4634,134,185,118,12,12
4635,134,185,119,12,12
4636,134,185,120,12,12
4637,134,186,106,6,6
4638,134,186,107,1,1
4639,134,186,108,4,4
4640,134,186,109,10,10
4641,134,186,110,12,12
4642,134,186,111,12,12
4643,134,186,112,4,4
4644,134,186,113,4,4
4645,134,186,114,10,10
4646,134,186,115,10,10
4647,134,186,116,12,12
4648,134,186,117,12,12
4649,134,186,118,12,12
4650,134,186,119,12,12
4651,134,187,106,6,6
4652,134,187,107,1,1
4653,134,187,108,1,1
4654,134,187,109,10,10
4655,134,187,110,12,12
4656,134,187,111,12,12
4657,134,187,112,12,12
4658,134,187,113,12,12
4659,134,187,114,4,4
4660,134,187,115,12,12
4661,134,187,116,12,12
4662,134,187,117,12,12
4663,134,187,118,12,12
4664,134,188,106,13,13
4665,134,188,107,13,13
4666,134,188,108,6,6
4667,134,188,109,6,6
4668,134,188,110,12,12
4669,134,188,111,12,12
4670,134,188,112,12,12
4671,134,188,113,12,12
4672,134,188,114,12,12
4673,134,188,115,12,12
4674,134,188,116,12,12
4675,134,188,117,12,12
4676,134,189,107,13,13
4677,134,189,108,13,13
4678,134,189,109,6,6
4679,134,189,110,6,6
4680,134,189,111,12,12
4681,134,189,112,12,12
4682,134,189,113,12,12
4683,134,189,114,12,12
4684,134,189,115,12,12
4685,134,189,116,12,12
4686,134,190,111,6,6
4687,134,190,112,6,6
4688,134,190,113,6,6
4689,134,190,114,12,12
4690,134,191,111,14,14
4691,135,172,113,10,10
4692,135,172,116,1,1
4693,135,172,118,1,1
4694,135,172,119,1,1
4695,135,172,120,1,1
4696,135,172,121,4,4
4697,135,172,122,4,4
4698,135,172,123,1,1
4699,135,172,124,1,1
4700,135,173,114,4,4
4701,135,173,115,1,1
4702,135,173,116,1,1
4703,135,173,117,1,1
4704,135,173,118,1,1
4705,135,173,119,1,1
4706,135,173,120,1,1
4707,135,173,121,1,1
4708,135,173,122,4,4
4709,135,173,123,1,1
4710,135,173,124,1,1
4711,135,173,125,6,6
4712,135,173,126,6,6
4713,135,173,127,6,6
4714,135,174,114,4,4
4715,135,174,115,4,4
4716,135,174,116,1,1
4717,135,174,117,1,1
4718,135,174,118,1,1
4719,135,174,119,1,1
4720,135,174,120,1,1
4721,135,174,121,1,1
4722,135,174,122,4,4
4723,135,174,123,1,1
4724,135,174,124,1,1
4725,135,174,125,6,6
4726,135,174,126,1,1
4727,135,174,127,1,1
4728,135,174,128,4,4
4729,135,175,105,1,1
4730,135,175,106,4,4
4731,135,175,108,10,10
4732,135,175,109,10,10
4733,135,175,110,10,10
4734,135,175,114,4,4
4735,135,175,115,4,4
4736,135,175,116,4,4
4737,135,175,117,4,4
4738,135,175,118,1,1
4739,135,175,119,4,4
4740,135,175,120,4,4
4741,135,175,121,4,4
4742,135,175,122,4,4
4743,135,175,123,1,1
4744,135,175,124,6,6
4745,135,175,125,6,6
4746,135,175,126,1,1
4747,135,175,127,4,4
4748,135,175,128,9,9
4749,135,176,105,1,1
4750,135,176,106,1,1
4751,135,176,107,4,4
4752,135,176,108,10,10
4753,135,176,109,10,10
4754,135,176,110,10,10
4755,135,176,111,10,10
4756,135,176,114,4,4
4757,135,176,115,4,4
4758,135,176,116,4,4
4759,135,176,117,4,4
4760,135,176,118,4,4
4761,135,176,119,4,4
4762,135,176,120,4,4
4763,135,176,121,4,4
4764,135,176,122,4,4
4765,135,176,123,1,1
4766,135,176,124,12,12
4767,135,176,125,6,6
4768,135,176,126,6,6
4769,135,176,127,1,1
4770,135,177,105,1,1
4771,135,177,106,1,1
4772,135,177,107,4,4
4773,135,177,108,10,10
4774,135,177,109,10,10
4775,135,177,110,10,10
4776,135,177,111,10,10
4777,135,177,112,10,10
4778,135,177,113,10,10
4779,135,177,114,10,10
4780,135,177,115,4,4
4781,135,177,116,4,4
4782,135,177,117,4,4
4783,135,177,118,4,4
4784,135,177,119,4,4
4785,135,177,120,4,4
4786,135,177,121,4,4
4787,135,177,122,4,4
4788,135,177,123,4,4
4789,135,177,124,12,12
4790,135,177,125,12,12
4791,135,177,126,12,12
4792,135,177,127,1,1
4793,135,178,105,1,1
4794,135,178,106,1,1
4795,135,178,107,4,4
4796,135,178,108,10,10
4797,135,178,109,10,10
4798,135,178,110,10,10
4799,135,178,111,10,10
4800,135,178,112,10,10
4801,135,178,113,10,10
4802,135,178,114,10,10
4803,135,178,115,10,10
4804,135,178,116,4,4
4805,135,178,117,10,10
4806,135,178,118,10,10
4807,135,178,119,10,10
4808,135,178,120,10,10
4809,135,178,121,4,4
4810,135,178,122,4,4
4811,135,178,123,10,10
4812,135,178,124,12,12
4813,135,178,125,12,12
4814,135,178,126,12,12
4815,135,179,105,1,1
4816,135,179,106,1,1
4817,135,179,107,4,4
4818,135,179,108,10,10
4819,135,179,109,10,10
4820,135,179,110,10,10
4821,135,179,111,10,10
4822,135,179,112,10,10
4823,135,179,113,10,10
4824,135,179,114,10,10
4825,135,179,115,10,10
4826,135,179,116,10,10
4827,135,179,117,10,10
4828,135,179,118,10,10
4829,135,179,119,10,10
4830,135,179,120,10,10
4831,135,179,121,10,10
4832,135,179,122,10,10
4833,135,179,123,10,10
4834,135,179,124,10,10
4835,135,179,125,12,12
4836,135,180,105,6,6
4837,135,180,106,1,1
4838,135,180,107,4,4
4839,135,180,108,10,10
4840,135,180,109,10,10
4841,135,180,110,10,10
4842,135,180,111,10,10
4843,135,180,112,10,10
4844,135,180,113,10,10
4845,135,180,114,10,10
4846,135,180,115,10,10
4847,135,180,116,10,10
4848,135,180,117,10,10
4849,135,180,118,4,4
4850,135,180,119,4,4
4851,135,180,120,10,10
4852,135,180,121,10,10
4853,135,180,122,12,12
4854,135,180,123,12,12
4855,135,180,124,10,10
4856,135,180,125,12,12
4857,135,181,105,6,6
4858,135,181,106,1,1
4859,135,181,107,4,4
4860,135,181,108,10,10
4861,135,181,109,10,10
4862,135,181,110,10,10
4863,135,181,111,10,10
4864,135,181,112,10,10
4865,135,181,113,10,10
4866,135,181,114,10,10
4867,135,181,115,10,10
4868,135,181,116,10,10
4869,135,181,117,4,4
4870,135,181,118,4,4
4871,135,181,119,4,4
4872,135,181,120,10,10
4873,135,181,121,12,12
4874,135,181,122,12,12
4875,135,181,123,12,12
4876,135,181,124,10,10
4877,135,182,105,1,1
4878,135,182,106,1,1
4879,135,182,107,4,4
4880,135,182,108,10,10
4881,135,182,109,10,10
4882,135,182,110,10,10
4883,135,182,111,10,10
4884,135,182,112,10,10
4885,135,182,113,10,10
4886,135,182,114,10,10
4887,135,182,115,10,10
4888,135,182,116,4,4
4889,135,182,117,4,4
4890,135,182,118,4,4
4891,135,182,119,4,4
4892,135,182,120,10,10
4893,135,182,121,12,12
4894,135,182,122,12,12
4895,135,182,123,4,4
4896,135,183,105,1,1
4897,135,183,106,1,1
4898,135,183,107,4,4
4899,135,183,108,10,10
4900,135,183,109,10,10
4901,135,183,110,10,10
4902,135,183,111,10,10
4903,135,183,112,10,10
4904,135,183,113,10,10
4905,135,183,114,10,10
4906,135,183,115,10,10
4907,135,183,116,4,4
4908,135,183,117,4,4
4909,135,183,118,10,10
4910,135,183,119,10,10
4911,135,183,120,10,10
4912,135,183,121,12,12
4913,135,184,105,1,1
4914,135,184,106,1,1
4915,135,184,107,4,4
4916,135,184,108,10,10
4917,135,184,109,10,10
4918,135,184,110,10,10
4919,135,184,111,10,10
4920,135,184,112,10,10
4921,135,184,113,10,10
4922,135,184,114,10,10
4923,135,184,115,10,10
4924,135,184,116,10,10
4925,135,184,117,10,10
4926,135,184,118,10,10
4927,135,184,119,12,12
4928,135,184,120,4,4
4929,135,184,121,10,10
4930,135,185,105,6,6
4931,135,185,106,1,1
4932,135,185,107,4,4
4933,135,185,108,4,4
4934,135,185,109,10,10
4935,135,185,110,10,10
4936,135,185,111,10,10
4937,135,185,112,4,4
4938,135,185,113,4,4
4939,135,185,114,10,10
4940,135,185,115,10,10
4941,135,185,116,10,10
4942,135,185,117,12,12
4943,135,185,118,12,12
4944,135,185,119,12,12
4945,135,185,120,12,12
4946,135,186,105,6,6
4947,135,186,106,6,6
4948,135,186,107,1,1
4949,135,186,108,1,1
4950,135,186,109,10,10
4951,135,186,110,10,10
4952,135,186,111,4,4
4953,135,186,112,4,4
4954,135,186,113,4,4
4955,135,186,114,4,4
4956,135,186,115,10,10
4957,135,186,116,12,12
4958,135,186,117,12,12
4959,135,186,118,12,12
4960,135,187,104,13,13
4961,135,187,106,6,6
4962,135,187,107,6,6
4963,135,187,108,1,1
4964,135,187,109,10,10
4965,135,187,110,12,12
4966,135,187,111,12,12
4967,135,187,112,4,4
4968,135,187,113,4,4
4969,135,187,114,10,10
4970,135,187,115,12,12
4971,135,187,116,12,12
4972,135,187,117,12,12
4973,135,188,104,13,13
4974,135,188,106,13,13
4975,135,188,107,13,13
4976,135,188,108,6,6
4977,135,188,109,6,6
4978,135,188,110,12,12
4979,135,188,111,12,12
4980,135,188,112,12,12
4981,135,188,113,12,12
4982,135,188,114,12,12
4983,135,188,115,12,12
4984,135,188,116,12,12
4985,135,189,107,13,13
4986,135,189,108,13,13
4987,135,189,109,6,6
4988,135,189,110,12,12
4989,135,189,111,12,12
4990,135,189,112,12,12
4991,135,189,113,12,12
4992,135,189,114,12,12
4993,135,189,115,12,12
4994,135,189,116,12,12
4995,135,190,110,6,6
4996,135,190,111,6,6
4997,135,190,112,12,12
4998,135,190,113,12,12
4999,135,191,111,12,12
5000,135,191,112,12,12
5001,136,172,115,1,1
5002,136,172,116,1,1
5003,136,172,120,1,1
5004,136,172,121,1,1
5005,136,172,122,4,4
5006,136,172,123,1,1
5007,136,173,114,1,1
5008,136,173,115,1,1
5009,136,173,116,1,1
5010,136,173,117,1,1
5011,136,173,118,1,1
5012,136,173,119,1,1
5013,136,173,120,1,1
5014,136,173,121,1,1
5015,136,173,122,1,1
5016,136,173,123,1,1
5017,136,173,124,6,6
5018,136,173,125,6,6
5019,136,173,126,6,6
5020,136,174,114,1,1
5021,136,174,115,1,1
5022,136,174,116,1,1
5023,136,174,117,1,1
5024,136,174,118,1,1
5025,136,174,119,1,1
5026,136,174,120,1,1
5027,136,174,121,1,1
5028,136,174,122,1,1
5029,136,174,123,1,1
5030,136,174,124,6,6
5031,136,174,125,6,6
5032,136,174,126,6,6
5033,136,174,127,7,7
5034,136,175,106,4,4
5035,136,175,109,10,10
5036,136,175,110,10,10
5037,136,175,114,4,4
5038,136,175,115,4,4
5039,136,175,116,1,1
5040,136,175,117,1,1
5041,136,175,118,1,1
5042,136,175,119,1,1
5043,136,175,120,1,1
5044,136,175,121,1,1
5045,136,175,122,4,4
5046,136,175,123,1,1
5047,136,175,124,6,6
5048,136,175,125,6,6
5049,136,175,126,6,6
5050,136,175,127,1,1
5051,136,176,105,1,1
5052,136,176,106,4,4
5053,136,176,107,4,4
5054,136,176,108,10,10
5055,136,176,109,10,10
5056,136,176,110,10,10
5057,136,176,111,10,10
5058,136,176,114,4,4
5059,136,176,115,4,4
5060,136,176,116,4,4
5061,136,176,117,4,4
5062,136,176,118,4,4
5063,136,176,119,4,4
5064,136,176,120,4,4
5065,136,176,121,4,4
5066,136,176,122,4,4
5067,136,176,123,1,1
5068,136,176,124,6,6
5069,136,176,125,13,13
5070,136,176,126,6,6
5071,136,176,127,6,6
5072,136,177,105,1,1
5073,136,177,106,1,1
5074,136,177,107,4,4
5075,136,177,108,10,10
5076,136,177,109,10,10
5077,136,177,110,10,10
5078,136,177,111,10,10
5079,136,177,114,4,4
5080,136,177,115,4,4
5081,136,177,116,4,4
5082,136,177,117,4,4
5083,136,177,118,4,4
5084,136,177,119,4,4
5085,136,177,120,4,4
5086,136,177,121,4,4
5087,136,177,122,4,4
5088,136,177,123,12,12
5089,136,177,124,12,12
5090,136,177,125,6,6
5091,136,177,126,6,6
5092,136,178,105,1,1
5093,136,178,106,1,1
5094,136,178,107,1,1
5095,136,178,108,10,10
5096,136,178,109,10,10
5097,136,178,110,10,10
5098,136,178,111,10,10
5099,136,178,112,10,10
5100,136,178,113,10,10
5101,136,178,114,10,10
5102,136,178,115,4,4
5103,136,178,116,4,4
5104,136,178,117,4,4
5105,136,178,118,4,4
5106,136,178,119,4,4
5107,136,178,120,4,4
5108,136,178,121,4,4
5109,136,178,122,4,4
5110,136,178,123,12,12
5111,136,178,124,12,12
5112,136,178,125,12,12
5113,136,178,126,9,9
5114,136,179,105,1,1
5115,136,179,106,1,1
5116,136,179,107,1,1
5117,136,179,108,4,4
5118,136,179,109,10,10
5119,136,179,110,10,10
5120,136,179,111,10,10
5121,136,179,112,10,10
5122,136,179,113,10,10
5123,136,179,114,10,10
5124,136,179,115,4,4
5125,136,179,116,4,4
5126,136,179,117,4,4
5127,136,179,118,4,4
5128,136,179,119,10,10
5129,136,179,120,10,10
5130,136,179,121,10,10
5131,136,179,122,12,12
5132,136,179,123,10,10
5133,136,179,124,10,10
5134,136,179,125,10,10
5135,136,180,105,1,1
5136,136,180,106,1,1
5137,136,180,107,1,1
5138,136,180,108,4,4
5139,136,180,109,10,10
5140,136,180,110,10,10
5141,136,180,111,10,10
5142,136,180,112,10,10
5143,136,180,113,10,10
5144,136,180,114,10,10
5145,136,180,115,10,10
5146,136,180,116,10,10
5147,136,180,117,10,10
5148,136,180,118,4,4
5149,136,180,119,4,4
5150,136,180,120,10,10
5151,136,180,121,12,12
5152,136,180,122,12,12
5153,136,180,123,12,12
5154,136,180,124,10,10
5155,136,181,105,1,1
5156,136,181,106,1,1
5157,136,181,107,4,4
5158,136,181,108,4,4
5159,136,181,109,10,10
5160,136,181,110,10,10
5161,136,181,111,10,10
5162,136,181,112,10,10
5163,136,181,113,10,10
5164,136,181,114,10,10
5165,136,181,115,10,10
5166,136,181,116,10,10
5167,136,181,117,4,4
5168,136,181,118,4,4
5169,136,181,119,10,10
5170,136,181,120,10,10
5171,136,181,121,12,12
5172,136,181,122,12,12
5173,136,181,123,12,12
5174,136,181,124,9,9
5175,136,182,105,1,1
5176,136,182,106,1,1
5177,136,182,107,4,4
5178,136,182,108,4,4
5179,136,182,109,10,10
5180,136,182,110,10,10
5181,136,182,111,4,4
5182,136,182,112,10,10
5183,136,182,113,10,10
5184,136,182,114,10,10
5185,136,182,115,10,10
5186,136,182,116,10,10
5187,136,182,117,4,4
5188,136,182,118,4,4
5189,136,182,119,10,10
5190,136,182,120,10,10
5191,136,182,121,12,12
5192,136,182,122,12,12
5193,136,183,105,1,1
5194,136,183,106,1,1
5195,136,183,107,4,4
5196,136,183,108,4,4
5197,136,183,109,10,10
5198,136,183,110,10,10
5199,136,183,111,4,4
5200,136,183,112,4,4
5201,136,183,113,10,10
5202,136,183,114,10,10
5203,136,183,115,10,10
5204,136,183,116,10,10
5205,136,183,117,4,4
5206,136,183,118,10,10
5207,136,183,119,10,10
5208,136,183,120,10,10
5209,136,183,121,12,12
5210,136,184,105,1,1
5211,136,184,106,1,1
5212,136,184,107,4,4
5213,136,184,108,4,4
5214,136,184,109,10,10
5215,136,184,110,10,10
5216,136,184,111,10,10
5217,136,184,112,4,4
5218,136,184,113,10,10
5219,136,184,114,10,10
5220,136,184,115,10,10
5221,136,184,116,10,10
5222,136,184,117,10,10
5223,136,184,118,12,12
5224,136,184,119,12,12
5225,136,184,120,12,12
5226,136,184,121,12,12
5227,136,185,105,1,1
5228,136,185,106,1,1
5229,136,185,107,1,1
5230,136,185,108,4,4
5231,136,185,109,10,10
5232,136,185,110,10,10
5233,136,185,111,10,10
5234,136,185,112,4,4
5235,136,185,113,4,4
5236,136,185,114,10,10
5237,136,185,115,10,10
5238,136,185,116,10,10
5239,136,185,117,12,12
5240,136,185,118,12,12
5241,136,185,119,12,12
5242,136,185,120,12,12
5243,136,186,105,6,6
5244,136,186,106,1,1
5245,136,186,107,1,1
5246,136,186,108,1,1
5247,136,186,109,10,10
5248,136,186,110,10,10
5249,136,186,111,4,4
5250,136,186,112,4,4
5251,136,186,113,4,4
5252,136,186,114,4,4
5253,136,186,115,4,4
5254,136,186,116,12,12
5255,136,186,117,12,12
5256,136,186,118,12,12
5257,136,186,119,12,12
5258,136,187,104,6,6
5259,136,187,105,6,6
5260,136,187,106,6,6
5261,136,187,107,6,6
5262,136,187,108,1,1
5263,136,187,109,10,10
5264,136,187,110,12,12
5265,136,187,111,4,4
5266,136,187,112,4,4
5267,136,187,113,4,4
5268,136,187,114,4,4
5269,136,187,115,12,12
5270,136,187,116,12,12
5271,136,187,117,12,12
5272,136,188,104,13,13
5273,136,188,105,13,13
5274,136,188,106,13,13
5275,136,188,107,13,13
5276,136,188,108,6,6
5277,136,188,109,6,6
5278,136,188,110,12,12
5279,136,188,111,12,12
5280,136,188,112,12,12
5281,136,188,113,12,12
5282,136,188,114,4,4
5283,136,188,115,12,12
5284,136,188,116,12,12
5285,136,189,104,13,13
5286,136,189,106,13,13
5287,136,189,107,13,13
5288,136,189,109,6,6
5289,136,189,110,1,1
5290,136,189,111,12,12
5291,136,189,112,12,12
5292,136,189,113,12,12
5293,136,189,114,12,12
5294,136,189,115,12,12
5295,136,190,110,6,6
5296,136,190,111,12,12
5297,136,190,112,12,12
5298,136,191,111,12,12
5299,136,191,112,12,12
5300,136,192,111,12,12
5301,137,172,115,1,1
5302,137,172,116,1,1
5303,137,172,119,1,1
5304,137,172,120,4,4
5305,137,172,121,4,4
5306,137,173,113,1,1
5307,137,173,114,1,1
5308,137,173,115,1,1
5309,137,173,116,1,1
5310,137,173,117,1,1
5311,137,173,118,1,1
5312,137,173,119,1,1
5313,137,173,120,1,1
5314,137,173,121,1,1
5315,137,173,122,4,4
5316,137,173,123,1,1
5317,137,173,124,6,6
5318,137,173,125,6,6
5319,137,174,113,1,1
5320,137,174,114,1,1
5321,137,174,115,1,1
5322,137,174,116,1,1
5323,137,174,117,1,1
5324,137,174,118,1,1
5325,137,174,119,1,1
5326,137,174,120,1,1
5327,137,174,121,1,1
5328,137,174,122,1,1
5329,137,174,123,6,6
5330,137,174,124,6,6
5331,137,174,125,13,13
5332,137,174,126,6,6
5333,137,174,127,6,6
5334,137,175,113,4,4
5335,137,175,114,1,1
5336,137,175,115,1,1
5337,137,175,116,1,1
5338,137,175,117,1,1
5339,137,175,118,1,1
5340,137,175,119,1,1
5341,137,175,120,1,1
5342,137,175,121,1,1
5343,137,175,122,1,1
5344,137,175,123,6,6
5345,137,175,124,6,6
5346,137,175,125,13,13
5347,137,175,126,6,6
5348,137,175,127,6,6
5349,137,176,105,1,1
5350,137,176,106,4,4
5351,137,176,109,10,10
5352,137,176,110,10,10
5353,137,176,114,4,4
5354,137,176,115,4,4
5355,137,176,116,4,4
5356,137,176,117,1,1
5357,137,176,118,1,1
5358,137,176,119,1,1
5359,137,176,120,1,1
5360,137,176,121,1,1
5361,137,176,122,1,1
5362,137,176,123,6,6
5363,137,176,124,6,6
5364,137,176,125,13,13
5365,137,176,126,6,6
5366,137,177,105,1,1
5367,137,177,106,1,1
5368,137,177,109,10,10
5369,137,177,110,10,10
5370,137,177,114,4,4
5371,137,177,115,4,4
5372,137,177,116,4,4
5373,137,177,117,4,4
5374,137,177,118,4,4
5375,137,177,119,4,4
5376,137,177,120,4,4
5377,137,177,121,1,1
5378,137,177,122,10,10
5379,137,177,123,6,6
5380,137,177,124,6,6
5381,137,177,125,6,6
5382,137,177,126,6,6
5383,137,178,105,1,1
5384,137,178,106,1,1
5385,137,178,107,1,1
5386,137,178,109,10,10
5387,137,178,110,10,10
5388,137,178,111,10,10
5389,137,178,112,10,10
5390,137,178,114,4,4
5391,137,178,115,4,4
5392,137,178,116,4,4
5393,137,178,117,4,4
5394,137,178,118,4,4
5395,137,178,119,4,4
5396,137,178,120,4,4
5397,137,178,121,4,4
5398,137,178,122,12,12
5399,137,178,123,12,12
5400,137,178,124,6,6
5401,137,178,125,6,6
5402,137,179,105,1,1
5403,137,179,106,1,1
5404,137,179,107,1,1
5405,137,179,108,4,4
5406,137,179,109,10,10
5407,137,179,110,10,10
5408,137,179,111,10,10
5409,137,179,112,10,10
5410,137,179,113,10,10
5411,137,179,114,10,10
5412,137,179,115,4,4
5413,137,179,116,4,4
5414,137,179,117,4,4
5415,137,179,118,4,4
5416,137,179,119,4,4
5417,137,179,120,10,10
5418,137,179,121,12,12
5419,137,179,122,12,12
5420,137,179,123,12,12
5421,137,179,124,1,1
5422,137,179,125,9,9
5423,137,180,105,1,1
5424,137,180,106,1,1
5425,137,180,107,1,1
5426,137,180,108,4,4
5427,137,180,109,10,10
5428,137,180,110,10,10
5429,137,180,111,10,10
5430,137,180,112,10,10
5431,137,180,113,10,10
5432,137,180,114,10,10
5433,137,180,115,4,4
5434,137,180,116,4,4
5435,137,180,117,4,4
5436,137,180,118,4,4
5437,137,180,119,4,4
5438,137,180,120,10,10
5439,137,180,121,12,12
5440,137,180,122,12,12
5441,137,180,123,12,12
5442,137,180,124,9,9
5443,137,181,105,1,1
5444,137,181,106,1,1
5445,137,181,107,1,1
5446,137,181,108,4,4
5447,137,181,109,10,10
5448,137,181,110,10,10
5449,137,181,111,10,10
5450,137,181,112,10,10
5451,137,181,113,10,10
5452,137,181,114,10,10
5453,137,181,115,10,10
5454,137,181,116,10,10
5455,137,181,117,4,4
5456,137,181,118,4,4
5457,137,181,119,10,10
5458,137,181,120,10,10
5459,137,181,121,12,12
5460,137,181,122,12,12
5461,137,181,123,12,12
5462,137,182,105,1,1
5463,137,182,106,1,1
5464,137,182,107,4,4
5465,137,182,108,4,4
5466,137,182,109,10,10
5467,137,182,110,10,10
5468,137,182,111,10,10
5469,137,182,112,4,4
5470,137,182,113,10,10
5471,137,182,114,10,10
5472,137,182,115,10,10
5473,137,182,116,4,4
5474,137,182,117,4,4
5475,137,182,118,4,4
5476,137,182,119,10,10
5477,137,182,120,10,10
5478,137,182,121,12,12
5479,137,182,122,12,12
5480,137,183,105,1,1
5481,137,183,106,1,1
5482,137,183,107,4,4
5483,137,183,108,4,4
5484,137,183,109,10,10
5485,137,183,110,10,10
5486,137,183,111,4,4
5487,137,183,112,4,4
5488,137,183,113,10,10
5489,137,183,114,10,10
5490,137,183,115,10,10
5491,137,183,116,4,4
5492,137,183,117,4,4
5493,137,183,118,4,4
5494,137,183,119,12,12
5495,137,183,120,12,12
5496,137,183,121,12,12
5497,137,184,105,4,4
5498,137,184,106,4,4
5499,137,184,107,1,1
5500,137,184,108,4,4
5501,137,184,109,4,4
5502,137,184,110,10,10
5503,137,184,111,10,10
5504,137,184,112,4,4
5505,137,184,113,4,4
5506,137,184,114,4,4
5507,137,184,115,4,4
5508,137,184,116,10,10
5509,137,184,117,12,12
5510,137,184,118,12,12
5511,137,184,119,12,12
5512,137,184,120,12,12
5513,137,185,105,4,4
5514,137,185,106,1,1
5515,137,185,107,1,1
5516,137,185,108,1,1
5517,137,185,109,4,4
5518,137,185,110,10,10
5519,137,185,111,10,10
5520,137,185,112,4,4
5521,137,185,113,4,4
5522,137,185,114,4,4
5523,137,185,115,4,4
5524,137,185,116,12,12
5525,137,185,117,12,12
5526,137,185,118,12,12
5527,137,185,119,12,12
5528,137,185,120,12,12
5529,137,186,105,1,1
5530,137,186,106,1,1
5531,137,186,107,1,1
5532,137,186,108,1,1
5533,137,186,109,10,10
5534,137,186,110,10,10
5535,137,186,111,10,10
5536,137,186,112,4,4
5537,137,186,113,4,4
5538,137,186,114,4,4
5539,137,186,115,12,12
5540,137,186,116,12,12
5541,137,186,117,12,12
5542,137,186,118,12,12
5543,137,187,104,1,1
5544,137,187,105,1,1
5545,137,187,106,6,6
5546,137,187,107,6,6
5547,137,187,108,6,6
5548,137,187,109,1,1
5549,137,187,110,12,12
5550,137,187,111,4,4
5551,137,187,112,4,4
5552,137,187,113,4,4
5553,137,187,114,4,4
5554,137,187,115,12,12
5555,137,187,116,12,12
5556,137,188,104,6,6
5557,137,188,105,6,6
5558,137,188,106,13,13
5559,137,188,107,13,13
5560,137,188,108,6,6
5561,137,188,109,6,6
5562,137,188,110,12,12
5563,137,188,111,12,12
5564,137,188,112,12,12
5565,137,188,113,12,12
5566,137,188,114,4,4
5567,137,188,115,12,12
5568,137,188,116,12,12
5569,137,189,104,13,13
5570,137,189,106,13,13
5571,137,189,109,6,6
5572,137,189,110,6,6
5573,137,189,111,12,12
5574,137,189,112,12,12
5575,137,189,113,12,12
5576,137,189,114,12,12
5577,137,190,104,13,13
5578,137,190,109,6,6
5579,137,190,110,6,6
5580,137,190,111,6,6
5581,137,190,112,12,12
5582,137,191,111,12,12
5583,137,191,112,12,12
5584,137,192,111,9,9
5585,137,192,112,9,9
5586,138,172,115,1,1
5587,138,172,116,1,1
5588,138,173,113,1,1
5589,138,173,114,1,1
5590,138,173,115,1,1
5591,138,173,116,1,1
5592,138,173,117,1,1
5593,138,173,118,1,1
5594,138,173,119,1,1
5595,138,173,120,4,4
5596,138,173,121,4,4
5597,138,173,122,4,4
5598,138,174,113,1,1
5599,138,174,114,1,1
5600,138,174,115,1,1
5601,138,174,116,1,1
5602,138,174,117,1,1
5603,138,174,118,1,1
5604,138,174,119,1,1
5605,138,174,120,1,1
5606,138,174,121,1,1
5607,138,174,122,1,1
5608,138,174,123,6,6
5609,138,174,124,6,6
5610,138,174,125,13,13
5611,138,175,113,4,4
5612,138,175,114,1,1
5613,138,175,115,1,1
5614,138,175,116,1,1
5615,138,175,117,1,1
5616,138,175,118,1,1
5617,138,175,119,1,1
5618,138,175,120,1,1
5619,138,175,121,1,1
5620,138,175,122,1,1
5621,138,175,123,6,6
5622,138,175,124,13,13
5623,138,175,125,13,13
5624,138,175,126,13,13
5625,138,176,106,4,4
5626,138,176,113,4,4
5627,138,176,114,4,4
5628,138,176,115,4,4
5629,138,176,116,1,1
5630,138,176,117,1,1
5631,138,176,118,1,1
5632,138,176,119,1,1
5633,138,176,120,1,1
5634,138,176,121,1,1
5635,138,176,122,1,1
5636,138,176,123,6,6
5637,138,176,124,13,13
5638,138,176,125,13,13
5639,138,176,126,13,13
5640,138,177,105,1,1
5641,138,177,106,1,1
5642,138,177,110,10,10
5643,138,177,114,4,4
5644,138,177,115,4,4
5645,138,177,116,4,4
5646,138,177,117,1,1
5647,138,177,118,1,1
5648,138,177,119,1,1
5649,138,177,120,1,1
5650,138,177,121,1,1
5651,138,177,122,1,1
5652,138,177,123,6,6
5653,138,177,124,6,6
5654,138,177,125,13,13
5655,138,178,105,1,1
5656,138,178,106,1,1
5657,138,178,107,1,1
5658,138,178,110,10,10
5659,138,178,111,10,10
5660,138,178,112,10,10
5661,138,178,114,4,4
5662,138,178,115,4,4
5663,138,178,116,4,4
5664,138,178,117,4,4
5665,138,178,118,4,4
5666,138,178,119,4,4
5667,138,178,120,1,1
5668,138,178,121,1,1
5669,138,178,122,1,1
5670,138,178,123,6,6
5671,138,178,124,6,6
5672,138,178,125,6,6
5673,138,179,105,1,1
5674,138,179,106,1,1
5675,138,179,107,1,1
5676,138,179,108,1,1
5677,138,179,110,10,10
5678,138,179,111,10,10
5679,138,179,112,10,10
5680,138,179,113,10,10
5681,138,179,114,4,4
5682,138,179,115,4,4
5683,138,179,116,4,4
5684,138,179,117,4,4
5685,138,179,118,4,4
5686,138,179,119,4,4
5687,138,179,120,4,4
5688,138,179,121,12,12
5689,138,179,122,12,12
5690,138,179,123,12,12
5691,138,179,124,1,1
5692,138,180,105,1,1
5693,138,180,106,1,1
5694,138,180,107,1,1
5695,138,180,108,1,1
5696,138,180,109,10,10
5697,138,180,110,10,10
5698,138,180,111,10,10
5699,138,180,112,10,10
5700,138,180,113,10,10
5701,138,180,114,10,10
5702,138,180,115,4,4
5703,138,180,116,4,4
5704,138,180,117,4,4
5705,138,180,118,4,4
5706,138,180,119,4,4
5707,138,180,120,10,10
5708,138,180,121,12,12
5709,138,180,122,12,12
5710,138,180,123,12,12
5711,138,180,124,9,9
5712,138,181,105,1,1
5713,138,181,106,1,1
5714,138,181,107,1,1
5715,138,181,108,1,1
5716,138,181,109,10,10
5717,138,181,110,10,10
5718,138,181,111,10,10
5719,138,181,112,10,10
5720,138,181,113,10,10
5721,138,181,114,10,10
5722,138,181,115,4,4
5723,138,181,116,4,4
5724,138,181,117,4,4
5725,138,181,118,4,4
5726,138,181,119,4,4
5727,138,181,120,10,10
5728,138,181,121,12,12
5729,138,181,122,12,12
5730,138,182,105,1,1
5731,138,182,106,1,1
5732,138,182,107,1,1
5733,138,182,108,1,1
5734,138,182,109,10,10
5735,138,182,110,10,10
5736,138,182,111,10,10
5737,138,182,112,4,4
5738,138,182,113,10,10
5739,138,182,114,10,10
5740,138,182,115,10,10
5741,138,182,116,10,10
5742,138,182,117,4,4
5743,138,182,118,4,4
5744,138,182,119,10,10
5745,138,182,120,10,10
5746,138,182,121,12,12
5747,138,182,122,12,12
5748,138,183,105,1,1
5749,138,183,106,1,1
5750,138,183,107,1,1
5751,138,183,108,4,4
5752,138,183,109,4,4
5753,138,183,110,10,10
5754,138,183,111,10,10
5755,138,183,112,4,4
5756,138,183,113,10,10
5757,138,183,114,10,10
5758,138,183,115,10,10
5759,138,183,116,4,4
5760,138,183,117,4,4
5761,138,183,118,4,4
5762,138,183,119,12,12
5763,138,183,120,12,12
5764,138,184,105,1,1
5765,138,184,106,1,1
5766,138,184,107,1,1
5767,138,184,108,1,1
5768,138,184,109,4,4
5769,138,184,110,10,10
5770,138,184,111,10,10
5771,138,184,112,4,4
5772,138,184,113,4,4
5773,138,184,114,4,4
5774,138,184,115,10,10
5775,138,184,116,10,10
5776,138,184,117,4,4
5777,138,184,118,12,12
5778,138,184,119,12,12
5779,138,184,120,12,12
5780,138,185,105,1,1
5781,138,185,106,1,1
5782,138,185,107,1,1
5783,138,185,108,1,1
5784,138,185,109,4,4
5785,138,185,110,10,10
5786,138,185,111,10,10
5787,138,185,112,10,10
5788,138,185,113,4,4
5789,138,185,114,4,4
5790,138,185,115,4,4
5791,138,185,116,12,12
5792,138,185,117,12,12
5793,138,185,118,12,12
5794,138,185,120,9,9
5795,138,186,105,1,1
5796,138,186,106,1,1
5797,138,186,107,6,6
5798,138,186,108,1,1
5799,138,186,109,1,1
5800,138,186,110,10,10
5801,138,186,111,10,10
5802,138,186,112,10,10
5803,138,186,113,4,4
5804,138,186,114,4,4
5805,138,186,115,12,12
5806,138,186,116,12,12
5807,138,186,117,12,12
5808,138,186,118,12,12
5809,138,187,105,1,1
5810,138,187,106,6,6
5811,138,187,107,6,6
5812,138,187,108,6,6
5813,138,187,109,1,1
5814,138,187,110,10,10
5815,138,187,111,10,10
5816,138,187,112,12,12
5817,138,187,113,4,4
5818,138,187,114,10,10
5819,138,187,115,12,12
5820,138,187,116,12,12
5821,138,187,117,12,12
5822,138,188,104,1,1
5823,138,188,105,6,6
5824,138,188,106,13,13
5825,138,188,107,13,13
5826,138,188,108,13,13
5827,138,188,109,6,6
5828,138,188,110,1,1
5829,138,188,111,1,1
5830,138,188,112,12,12
5831,138,188,113,12,12
5832,138,188,114,12,12
5833,138,188,115,12,12
5834,138,189,104,6,6
5835,138,189,109,6,6
5836,138,189,110,6,6
5837,138,189,111,6,6
5838,138,189,112,12,12
5839,138,189,113,12,12
5840,138,189,114,12,12
5841,138,190,104,13,13
5842,138,190,109,13,13
5843,138,190,110,6,6
5844,138,190,111,6,6
5845,138,190,112,12,12
5846,138,191,110,6,6
5847,138,191,111,6,6
5848,138,191,112,12,12
5849,138,192,112,9,9
5850,139,173,113,1,1
5851,139,173,114,1,1
5852,139,173,115,1,1
5853,139,173,116,1,1
5854,139,173,117,1,1
5855,139,173,119,1,1
5856,139,173,120,1,1
5857,139,174,113,1,1
5858,139,174,114,1,1
5859,139,174,115,1,1
5860,139,174,116,1,1
5861,139,174,117,1,1
5862,139,174,118,1,1
5863,139,174,119,6,6
5864,139,174,120,6,6
5865,139,174,121,1,1
5866,139,174,124,13,13
5867,139,174,125,13,13
5868,139,175,113,4,4
5869,139,175,114,1,1
5870,139,175,115,1,1
5871,139,175,116,1,1
5872,139,175,117,1,1
5873,139,175,118,6,6
5874,139,175,119,6,6
5875,139,175,120,6,6
5876,139,175,121,6,6
5877,139,175,122,6,6
5878,139,175,123,6,6
5879,139,175,124,13,13
5880,139,175,125,13,13
5881,139,176,113,4,4
5882,139,176,114,4,4
5883,139,176,115,1,1
5884,139,176,116,1,1
5885,139,176,117,1,1
5886,139,176,118,6,6
5887,139,176,119,6,6
5888,139,176,120,6,6
5889,139,176,121,6,6
5890,139,176,122,6,6
5891,139,176,123,13,13
5892,139,176,124,13,13
5893,139,176,125,13,13
5894,139,177,106,1,1
5895,139,177,113,4,4
5896,139,177,114,4,4
5897,139,177,115,4,4
5898,139,177,116,1,1
5899,139,177,117,1,1
5900,139,177,118,1,1
5901,139,177,119,7,7
5902,139,177,120,6,6
5903,139,177,121,6,6
5904,139,177,122,6,6
5905,139,177,123,6,6
5906,139,177,124,13,13
5907,139,177,125,13,13
5908,139,178,105,1,1
5909,139,178,106,1,1
5910,139,178,107,1,1
5911,139,178,108,1,1
5912,139,178,110,10,10
5913,139,178,111,4,4
5914,139,178,114,4,4
5915,139,178,115,4,4
5916,139,178,116,4,4
5917,139,178,117,1,1
5918,139,178,118,1,1
5919,139,178,119,1,1
5920,139,178,120,6,6
5921,139,178,121,6,6
5922,139,178,122,6,6
5923,139,178,123,6,6
5924,139,178,124,6,6
5925,139,179,105,1,1
5926,139,179,106,1,1
5927,139,179,107,1,1
5928,139,179,108,1,1
5929,139,179,110,10,10
5930,139,179,111,10,10
5931,139,179,112,10,10
5932,139,179,114,4,4
5933,139,179,115,4,4
5934,139,179,116,4,4
5935,139,179,117,1,1
5936,139,179,118,1,1
5937,139,179,119,1,1
5938,139,179,120,6,6
5939,139,179,121,6,6
5940,139,179,122,6,6
5941,139,179,123,7,7
5942,139,179,124,9,9
5943,139,180,105,1,1
5944,139,180,106,1,1
5945,139,180,107,1,1
5946,139,180,108,1,1
5947,139,180,109,4,4
5948,139,180,110,10,10
5949,139,180,111,10,10
5950,139,180,112,10,10
5951,139,180,113,10,10
5952,139,180,114,4,4
5953,139,180,115,4,4
5954,139,180,116,4,4
5955,139,180,117,4,4
5956,139,180,118,1,1
5957,139,180,119,1,1
5958,139,180,120,1,1
5959,139,180,121,6,6
5960,139,180,122,6,6
5961,139,181,105,1,1
5962,139,181,106,1,1
5963,139,181,107,1,1
5964,139,181,108,1,1
5965,139,181,109,4,4
5966,139,181,110,10,10
5967,139,181,111,10,10
5968,139,181,112,10,10
5969,139,181,113,10,10
5970,139,181,114,10,10
5971,139,181,115,4,4
5972,139,181,116,4,4
5973,139,181,117,4,4
5974,139,181,118,1,1
5975,139,181,119,1,1
5976,139,181,120,10,10
5977,139,181,121,12,12
5978,139,181,122,12,12
5979,139,182,105,1,1
5980,139,182,106,1,1
5981,139,182,107,1,1
5982,139,182,108,1,1
5983,139,182,109,4,4
5984,139,182,110,10,10
5985,139,182,111,10,10
5986,139,182,112,10,10
5987,139,182,113,10,10
5988,139,182,114,10,10
5989,139,182,115,4,4
5990,139,182,116,4,4
5991,139,182,117,4,4
5992,139,182,118,4,4
5993,139,182,119,1,1
5994,139,182,120,10,10
5995,139,182,121,12,12
5996,139,183,105,1,1
5997,139,183,106,1,1
5998,139,183,107,1,1
5999,139,183,108,1,1
6000,139,183,109,4,4
6001,139,183,110,10,10
6002,139,183,111,10,10
6003,139,183,112,10,10
6004,139,183,113,10,10
6005,139,183,114,10,10
6006,139,183,115,10,10
6007,139,183,116,4,4
6008,139,183,117,4,4
6009,139,183,118,4,4
6010,139,183,119,12,12
6011,139,183,120,12,12
6012,139,184,105,1,1
6013,139,184,106,1,1
6014,139,184,107,1,1
6015,139,184,108,1,1
6016,139,184,109,4,4
6017,139,184,110,4,4
6018,139,184,111,10,10
6019,139,184,112,10,10
6020,139,184,113,10,10
6021,139,184,114,10,10
6022,139,184,115,10,10
6023,139,184,116,4,4
6024,139,184,117,4,4
6025,139,184,118,12,12
6026,139,184,120,9,9
6027,139,185,105,1,1
6028,139,185,106,1,1
6029,139,185,107,1,1
6030,139,185,108,1,1
6031,139,185,109,1,1
6032,139,185,110,4,4
6033,139,185,111,10,10
6034,139,185,112,10,10
6035,139,185,113,10,10
6036,139,185,114,10,10
6037,139,185,115,10,10
6038,139,185,116,4,4
6039,139,185,117,12,12
6040,139,185,118,12,12
6041,139,186,105,1,1
6042,139,186,106,1,1
6043,139,186,107,6,6
6044,139,186,108,1,1
6045,139,186,109,1,1
6046,139,186,110,1,1
6047,139,186,111,10,10
6048,139,186,112,10,10
6049,139,186,113,10,10
6050,139,186,114,4,4
6051,139,186,115,12,12
6052,139,186,116,12,12
6053,139,186,117,12,12
6054,139,186,118,9,9
6055,139,187,105,1,1
6056,139,187,106,6,6
6057,139,187,107,6,6
6058,139,187,108,6,6
6059,139,187,109,6,6
6060,139,187,110,1,1
6061,139,187,111,1,1
6062,139,187,112,12,12
6063,139,187,113,12,12
6064,139,187,114,10,10
6065,139,187,115,12,12
6066,139,187,116,12,12
6067,139,187,117,9,9
6068,139,188,104,1,1
6069,139,188,106,13,13
6070,139,188,107,13,13
6071,139,188,108,13,13
6072,139,188,109,6,6
6073,139,188,110,6,6
6074,139,188,111,6,6
6075,139,188,112,12,12
6076,139,188,113,12,12
6077,139,188,114,12,12
6078,139,188,116,9,9
6079,139,189,104,6,6
6080,139,189,109,13,13
6081,139,189,110,6,6
6082,139,189,111,6,6
6083,139,189,112,12,12
6084,139,190,109,13,13
6085,139,190,110,13,13
6086,139,190,111,6,6
6087,139,190,112,6,6
6088,139,191,111,6,6
6089,139,191,112,9,9
6090,140,173,114,1,1
6091,140,173,115,1,1
6092,140,173,116,1,1
6093,140,174,113,1,1
6094,140,174,114,1,1
6095,140,174,115,1,1
6096,140,174,116,1,1
6097,140,174,117,1,1
6098,140,174,118,6,6
6099,140,174,119,6,6
6100,140,174,120,6,6
6101,140,175,113,1,1
6102,140,175,114,1,1
6103,140,175,115,1,1
6104,140,175,116,1,1
6105,140,175,117,1,1
6106,140,175,118,6,6
6107,140,175,119,6,6
6108,140,175,120,6,6
6109,140,175,121,6,6
6110,140,175,124,13,13
6111,140,175,125,13,13
6112,140,176,113,4,4
6113,140,176,114,4,4
6114,140,176,115,1,1
6115,140,176,116,1,1
6116,140,176,117,1,1
6117,140,176,118,6,6
6118,140,176,119,13,13
6119,140,176,120,13,13
6120,140,176,121,13,13
6121,140,176,122,13,13
6122,140,176,124,13,13
6123,140,176,125,13,13
6124,140,177,113,4,4
6125,140,177,114,4,4
6126,140,177,115,4,4
6127,140,177,116,1,1
6128,140,177,117,1,1
6129,140,177,118,6,6
6130,140,177,119,13,13
6131,140,177,120,13,13
6132,140,177,121,13,13
6133,140,177,122,13,13
6134,140,177,123,13,13
6135,140,177,124,13,13
6136,140,177,125,9,9
6137,140,178,106,1,1
6138,140,178,108,1,1
6139,140,178,113,4,4
6140,140,178,114,4,4
6141,140,178,115,4,4
6142,140,178,116,4,4
6143,140,178,117,1,1
6144,140,178,118,6,6
6145,140,178,119,6,6
6146,140,178,120,13,13
6147,140,178,121,13,13
6148,140,178,122,13,13
6149,140,178,123,13,13
6150,140,178,124,6,6
6151,140,179,106,1,1
6152,140,179,107,1,1
6153,140,179,108,1,1
6154,140,179,109,4,4
6155,140,179,114,4,4
6156,140,179,115,4,4
6157,140,179,116,4,4
6158,140,179,117,1,1
6159,140,179,118,6,6
6160,140,179,119,6,6
6161,140,179,120,13,13
6162,140,179,121,13,13
6163,140,179,122,13,13
6164,140,179,123,6,6
6165,140,179,124,9,9
6166,140,180,105,1,1
6167,140,180,106,1,1
6168,140,180,107,6,6
6169,140,180,108,1,1
6170,140,180,109,4,4
6171,140,180,111,4,4
6172,140,180,112,10,10
6173,140,180,113,12,12
6174,140,180,114,4,4
6175,140,180,115,4,4
6176,140,180,116,4,4
6177,140,180,117,1,1
6178,140,180,118,6,6
6179,140,180,119,6,6
6180,140,180,120,6,6
6181,140,180,121,7,7
6182,140,180,122,9,9
6183,140,181,105,1,1
6184,140,181,106,1,1
6185,140,181,107,1,1
6186,140,181,108,1,1
6187,140,181,109,4,4
6188,140,181,110,4,4
6189,140,181,111,4,4
6190,140,181,112,10,10
6191,140,181,113,12,12
6192,140,181,114,10,10
6193,140,181,115,4,4
6194,140,181,116,4,4
6195,140,181,117,1,1
6196,140,181,118,1,1
6197,140,181,119,6,6
6198,140,181,120,5,5
6199,140,181,121,5,5
6200,140,182,106,1,1
6201,140,182,107,1,1
6202,140,182,108,1,1
6203,140,182,109,4,4
6204,140,182,110,4,4
6205,140,182,111,4,4
6206,140,182,112,10,10
6207,140,182,113,10,10
6208,140,182,114,10,10
6209,140,182,115,4,4
6210,140,182,116,4,4
6211,140,182,117,1,1
6212,140,182,118,1,1
6213,140,182,119,6,6
6214,140,182,120,5,5
6215,140,183,106,1,1
6216,140,183,107,1,1
6217,140,183,108,1,1
6218,140,183,109,4,4
6219,140,183,110,4,4
6220,140,183,111,4,4
6221,140,183,112,10,10
6222,140,183,113,10,10
6223,140,183,114,10,10
6224,140,183,115,10,10
6225,140,183,116,4,4
6226,140,183,117,4,4
6227,140,183,118,1,1
6228,140,183,119,6,6
6229,140,183,120,14,14
6230,140,184,106,1,1
6231,140,184,107,1,1
6232,140,184,108,1,1
6233,140,184,109,1,1
6234,140,184,110,4,4
6235,140,184,111,4,4
6236,140,184,112,10,10
6237,140,184,113,10,10
6238,140,184,114,10,10
6239,140,184,115,4,4
6240,140,184,116,4,4
6241,140,184,117,4,4
6242,140,184,118,12,12
6243,140,185,106,1,1
6244,140,185,107,1,1
6245,140,185,108,1,1
6246,140,185,109,1,1
6247,140,185,110,1,1
6248,140,185,111,4,4
6249,140,185,112,10,10
6250,140,185,113,10,10
6251,140,185,114,10,10
6252,140,185,115,4,4
6253,140,185,116,12,12
6254,140,185,117,12,12
6255,140,185,118,12,12
6256,140,186,106,1,1
6257,140,186,107,1,1
6258,140,186,108,1,1
6259,140,186,109,1,1
6260,140,186,110,1,1
6261,140,186,111,1,1
6262,140,186,112,12,12
6263,140,186,113,12,12
6264,140,186,114,4,4
6265,140,186,115,12,12
6266,140,186,116,12,12
6267,140,186,117,12,12
6268,140,187,107,6,6
6269,140,187,108,6,6
6270,140,187,109,6,6
6271,140,187,110,6,6
6272,140,187,111,6,6
6273,140,187,112,12,12
6274,140,187,113,12,12
6275,140,187,114,12,12
6276,140,187,115,12,12
6277,140,187,116,12,12
6278,140,188,109,13,13
6279,140,188,110,13,13
6280,140,188,111,6,6
6281,140,188,112,6,6
6282,140,188,113,12,12
6283,140,188,114,12,12
6284,140,188,115,12,12
6285,140,189,109,13,13
6286,140,189,111,13,13
6287,140,189,112,6,6
6288,140,190,111,13,13
6289,140,190,112,6,6
6290,140,191,112,9,9
6291,141,173,114,7,7
6292,141,173,115,6,6
6293,141,174,113,1,1
6294,141,174,114,1,1
6295,141,174,115,7,7
6296,141,174,116,6,6
6297,141,174,117,6,6
6298,141,175,113,1,1
6299,141,175,114,1,1
6300,141,175,115,1,1
6301,141,175,116,1,1
6302,141,175,117,6,6
6303,141,175,118,6,6
6304,141,175,119,6,6
6305,141,175,120,6,6
6306,141,176,113,4,4
6307,141,176,114,1,1
6308,141,176,115,1,1
6309,141,176,116,1,1
6310,141,176,117,6,6
6311,141,176,118,6,6
6312,141,176,119,13,13
6313,141,176,120,13,13
6314,141,177,113,4,4
6315,141,177,114,4,4
6316,141,177,115,1,1
6317,141,177,116,1,1
6318,141,177,117,6,6
6319,141,177,118,6,6
6320,141,177,119,13,13
6321,141,177,120,13,13
6322,141,178,113,4,4
6323,141,178,114,4,4
6324,141,178,115,4,4
6325,141,178,116,1,1
6326,141,178,117,1,1
6327,141,178,118,6,6
6328,141,178,120,13,13
6329,141,178,121,13,13
6330,141,178,123,13,13
6331,141,179,106,1,1
6332,141,179,107,1,1
6333,141,179,108,1,1
6334,141,179,109,4,4
6335,141,179,111,4,4
6336,141,179,112,4,4
6337,141,179,113,4,4
6338,141,179,114,4,4
6339,141,179,115,4,4
6340,141,179,116,4,4
6341,141,179,117,1,1
6342,141,179,118,6,6
6343,141,179,119,13,13
6344,141,179,120,13,13
6345,141,179,121,13,13
6346,141,179,122,13,13
6347,141,180,106,1,1
6348,141,180,107,1,1
6349,141,180,108,1,1
6350,141,180,109,4,4
6351,141,180,111,4,4
6352,141,180,112,4,4
6353,141,180,113,4,4
6354,141,180,114,4,4
6355,141,180,115,4,4
6356,141,180,116,4,4
6357,141,180,117,1,1
6358,141,180,118,6,6
6359,141,180,119,13,13
6360,141,180,120,13,13
6361,141,180,121,7,7
6362,141,180,122,9,9
6363,141,181,106,1,1
6364,141,181,107,1,1
6365,141,181,108,1,1
6366,141,181,109,1,1
6367,141,181,110,4,4
6368,141,181,111,4,4
6369,141,181,112,4,4
6370,141,181,113,4,4
6371,141,181,114,4,4
6372,141,181,115,4,4
6373,141,181,116,4,4
6374,141,181,117,1,1
6375,141,181,118,6,6
6376,141,181,119,13,13
6377,141,181,120,7,7
6378,141,181,121,9,9
6379,141,182,106,1,1
6380,141,182,107,1,1
6381,141,182,108,1,1
6382,141,182,109,1,1
6383,141,182,110,4,4
6384,141,182,111,4,4
6385,141,182,112,4,4
6386,141,182,113,10,10
6387,141,182,114,4,4
6388,141,182,115,4,4
6389,141,182,116,4,4
6390,141,182,117,1,1
6391,141,182,118,6,6
6392,141,182,119,6,6
6393,141,182,120,6,6
6394,141,183,106,1,1
6395,141,183,108,1,1
6396,141,183,109,1,1
6397,141,183,110,4,4
6398,141,183,111,4,4
6399,141,183,112,4,4
6400,141,183,113,10,10
6401,141,183,114,10,10
6402,141,183,115,10,10
6403,141,183,116,4,4
6404,141,183,117,1,1
6405,141,183,118,12,12
6406,141,184,108,1,1
6407,141,184,109,1,1
6408,141,184,110,1,1
6409,141,184,111,1,1
6410,141,184,112,10,10
6411,141,184,113,10,10
6412,141,184,114,10,10
6413,141,184,115,10,10
6414,141,184,116,10,10
6415,141,184,117,12,12
6416,141,184,118,12,12
6417,141,185,108,1,1
6418,141,185,109,1,1
6419,141,185,110,1,1
6420,141,185,111,1,1
6421,141,185,112,10,10
6422,141,185,113,12,12
6423,141,185,114,10,10
6424,141,185,115,10,10
6425,141,185,116,12,12
6426,141,185,117,12,12
6427,141,185,118,9,9
6428,141,186,108,1,1
6429,141,186,109,6,6
6430,141,186,110,6,6
6431,141,186,111,6,6
6432,141,186,112,1,1
6433,141,186,113,12,12
6434,141,186,114,4,4
6435,141,186,115,12,12
6436,141,186,116,12,12
6437,141,186,117,9,9
6438,141,187,110,13,13
6439,141,187,111,6,6
6440,141,187,112,6,6
6441,141,187,113,12,12
6442,141,187,114,12,12
6443,141,187,115,12,12
6444,141,187,116,9,9
6445,141,188,111,13,13
6446,141,188,112,6,6
6447,141,188,113,12,12
6448,141,189,111,13,13
6449,141,189,112,6,6
6450,141,190,112,6,6
6451,141,191,112,9,9
6452,142,153,87,11,11
6453,142,154,87,11,11
6454,142,154,90,8,8
6455,142,155,87,11,11
6456,142,155,88,11,11
6457,142,155,90,8,8
6458,142,156,86,11,11
6459,142,156,87,11,11
6460,142,156,88,8,8
6461,142,156,90,8,8
6462,142,157,85,11,11
6463,142,157,86,11,11
6464,142,157,87,8,8
6465,142,157,88,8,8
6466,142,157,90,8,8
6467,142,158,85,11,11
6468,142,158,86,11,11
6469,142,158,87,8,8
6470,142,158,88,8,8
6471,142,159,85,11,11
6472,142,159,86,8,8
6473,142,159,87,8,8
6474,142,159,88,8,8
6475,142,160,85,11,11
6476,142,160,86,8,8
6477,142,160,87,8,8
6478,142,160,88,8,8
6479,142,161,85,11,11
6480,142,174,113,1,1
6481,142,174,114,7,7
6482,142,174,115,7,7
6483,142,174,116,6,6
6484,142,175,113,1,1
6485,142,175,114,1,1
6486,142,175,115,1,1
6487,142,175,116,7,7
6488,142,176,113,4,4
6489,142,176,114,1,1
6490,142,176,115,1,1
6491,142,176,116,1,1
6492,142,176,117,6,6
6493,142,176,118,6,6
6494,142,176,119,13,13
6495,142,177,113,4,4
6496,142,177,114,4,4
6497,142,177,115,1,1
6498,142,177,116,1,1
6499,142,177,117,6,6
6500,142,177,118,13,13
6501,142,178,112,4,4
6502,142,178,113,4,4
6503,142,178,114,4,4
6504,142,178,115,1,1
6505,142,178,116,1,1
6506,142,178,117,6,6
6507,142,178,118,13,13
6508,142,179,106,4,4
6509,142,179,109,4,4
6510,142,179,111,4,4
6511,142,179,112,4,4
6512,142,179,113,4,4
6513,142,179,114,4,4
6514,142,179,115,4,4
6515,142,179,116,1,1
6516,142,179,117,1,1
6517,142,179,118,6,6
6518,142,180,106,1,1
6519,142,180,109,4,4
6520,142,180,111,4,4
6521,142,180,112,4,4
6522,142,180,113,4,4
6523,142,180,114,4,4
6524,142,180,115,4,4
6525,142,180,116,4,4
6526,142,180,117,1,1
6527,142,180,118,6,6
6528,142,180,119,13,13
6529,142,180,120,13,13
6530,142,180,121,13,13
6531,142,181,106,1,1
6532,142,181,109,1,1
6533,142,181,111,4,4
6534,142,181,112,4,4
6535,142,181,113,4,4
6536,142,181,114,4,4
6537,142,181,115,4,4
6538,142,181,116,4,4
6539,142,181,117,1,1
6540,142,181,118,6,6
6541,142,181,119,13,13
6542,142,181,120,13,13
6543,142,182,109,1,1
6544,142,182,110,1,1
6545,142,182,111,4,4
6546,142,182,112,4,4
6547,142,182,113,4,4
6548,142,182,114,4,4
6549,142,182,115,4,4
6550,142,182,116,4,4
6551,142,182,117,1,1
6552,142,182,118,6,6
6553,142,183,109,1,1
6554,142,183,110,1,1
6555,142,183,111,1,1
6556,142,183,112,4,4
6557,142,183,113,4,4
6558,142,183,114,10,10
6559,142,183,115,4,4
6560,142,183,116,1,1
6561,142,183,117,1,1
6562,142,183,118,12,12
6563,142,184,109,1,1
6564,142,184,110,6,6
6565,142,184,111,1,1
6566,142,184,112,1,1
6567,142,184,113,4,4
6568,142,184,114,10,10
6569,142,184,115,10,10
6570,142,184,116,10,10
6571,142,184,117,4,4
6572,142,184,118,12,12
6573,142,185,110,6,6
6574,142,185,111,6,6
6575,142,185,112,6,6
6576,142,185,113,12,12
6577,142,185,114,1,1
6578,142,185,115,10,10
6579,142,185,116,12,12
6580,142,185,117,12,12
6581,142,186,112,6,6
6582,142,186,113,12,12
6583,142,186,114,1,1
6584,142,186,115,12,12
6585,142,186,116,12,12
6586,142,187,112,6,6
6587,142,187,113,6,6
6588,142,188,113,6,6
6589,142,189,113,12,12
6590,142,190,112,6,6
6591,143,152,89,8,8
6592,143,152,90,8,8
6593,143,153,86,11,11
6594,143,153,87,11,11
6595,143,153,88,11,11
6596,143,153,89,8,8
6597,143,153,90,8,8
6598,143,153,91,8,8
6599,143,154,85,11,11
6600,143,154,86,11,11
6601,143,154,87,11,11
6602,143,154,88,11,11
6603,143,154,89,8,8
6604,143,154,90,8,8
6605,143,154,91,8,8
6606,143,155,84,11,11
6607,143,155,85,11,11
6608,143,155,86,11,11
6609,143,155,87,11,11
6610,143,155,88,8,8
6611,143,155,89,8,8
6612,143,155,90,8,8
6613,143,155,91,11,11
6614,143,155,92,11,11
6615,143,155,93,11,11
6616,143,155,94,11,11
6617,143,155,95,11,11
6618,143,156,83,11,11
6619,143,156,84,11,11
6620,143,156,85,11,11
6621,143,156,86,11,11
6622,143,156,87,8,8
6623,143,156,88,8,8
6624,143,156,89,8,8
6625,143,156,90,8,8
6626,143,156,91,11,11
6627,143,156,92,11,11
6628,143,156,93,11,11
6629,143,156,94,11,11
6630,143,156,95,11,11
6631,143,157,83,11,11
6632,143,157,84,11,11
6633,143,157,85,11,11
6634,143,157,86,11,11
6635,143,157,87,8,8
6636,143,157,88,8,8
6637,143,157,89,8,8
6638,143,157,90,11,11
6639,143,157,91,11,11
6640,143,157,92,11,11
6641,143,157,93,11,11
6642,143,157,94,11,11
6643,143,158,83,11,11
6644,143,158,84,11,11
6645,143,158,85,11,11
6646,143,158,86,8,8
6647,143,158,87,8,8
6648,143,158,88,8,8
6649,143,158,89,11,11
6650,143,158,90,11,11
6651,143,158,91,11,11
6652,143,158,92,11,11
6653,143,159,83,11,11
6654,143,159,84,11,11
6655,143,159,85,8,8
6656,143,159,86,8,8
6657,143,159,87,8,8
6658,143,159,88,11,11
6659,143,159,89,11,11
6660,143,159,90,11,11
6661,143,160,83,11,11
6662,143,160,84,11,11
6663,143,160,85,8,8
6664,143,160,86,8,8
6665,143,160,87,8,8
6666,143,160,88,11,11
6667,143,160,89,11,11
6668,143,160,90,11,11
6669,143,161,83,11,11
6670,143,161,84,11,11
6671,143,161,85,8,8
6672,143,161,86,11,11
6673,143,161,87,11,11
6674,143,161,88,11,11
6675,143,162,85,11,11
6676,143,162,87,11,11
6677,143,174,115,6,6
6678,143,175,113,1,1
6679,143,175,114,1,1
6680,143,175,115,1,1
6681,143,176,113,4,4
6682,143,176,114,1,1
6683,143,176,115,1,1
6684,143,176,116,1,1
6685,143,177,113,4,4
6686,143,177,114,4,4
6687,143,177,115,1,1
6688,143,177,116,1,1
6689,143,177,117,6,6
6690,143,178,113,4,4
6691,143,178,114,4,4
6692,143,178,115,4,4
6693,143,178,116,1,1
6694,143,178,117,6,6
6695,143,178,118,13,13
6696,143,179,111,4,4
6697,143,179,112,4,4
6698,143,179,113,4,4
6699,143,179,114,4,4
6700,143,179,115,4,4
6701,143,179,116,4,4
6702,143,179,117,1,1
6703,143,179,118,13,13
6704,143,180,111,4,4
6705,143,180,112,4,4
6706,143,180,113,4,4
6707,143,180,114,4,4
6708,143,180,115,4,4
6709,143,180,116,4,4
6710,143,180,117,1,1
6711,143,180,118,6,6
6712,143,180,119,13,13
6713,143,181,111,4,4
6714,143,181,112,4,4
6715,143,181,113,4,4
6716,143,181,114,4,4
6717,143,181,115,4,4
6718,143,181,116,4,4
6719,143,181,117,1,1
6720,143,181,118,6,6
6721,143,181,119,13,13
6722,143,181,120,9,9
6723,143,182,111,1,1
6724,143,182,112,1,1
6725,143,182,113,1,1
6726,143,182,114,1,1
6727,143,182,115,1,1
6728,143,182,116,1,1
6729,143,182,117,1,1
6730,143,182,118,6,6
6731,143,183,111,1,1
6732,143,183,112,1,1
6733,143,183,113,1,1
6734,143,183,114,1,1
6735,143,183,115,1,1
6736,143,183,116,1,1
6737,143,183,117,1,1
6738,143,183,118,6,6
6739,143,184,111,6,6
6740,143,184,112,6,6
6741,143,184,113,6,6
6742,143,184,114,6,6
6743,143,184,115,1,1
6744,143,184,116,1,1
6745,143,184,117,12,12
6746,143,184,118,9,9
6747,143,185,111,6,6
6748,143,185,112,6,6
6749,143,185,113,6,6
6750,143,185,114,6,6
6751,143,185,115,6,6
6752,143,185,116,12,12
6753,143,185,117,12,12
6754,143,186,113,13,13
6755,143,186,115,6,6
6756,143,186,116,12,12
6757,143,187,113,13,13
6758,143,188,113,13,13
6759,144,152,89,8,8
6760,144,152,90,8,8
6761,144,152,91,8,8
6762,144,152,92,8,8
6763,144,153,85,11,11
6764,144,153,86,8,8
6765,144,153,87,8,8
6766,144,153,88,8,8
6767,144,153,89,8,8
6768,144,153,90,8,8
6769,144,153,91,8,8
6770,144,153,92,11,11
6771,144,153,93,11,11
6772,144,153,94,11,11
6773,144,154,85,11,11
6774,144,154,86,8,8
6775,144,154,87,8,8
6776,144,154,88,8,8
6777,144,154,89,8,8
6778,144,154,90,8,8
6779,144,154,91,11,11
6780,144,154,92,11,11
6781,144,154,93,11,11
6782,144,154,94,11,11
6783,144,154,95,11,11
6784,144,154,96,11,11
6785,144,155,84,11,11
6786,144,155,85,11,11
6787,144,155,86,8,8
6788,144,155,87,8,8
6789,144,155,88,8,8
6790,144,155,89,8,8
6791,144,155,90,8,8
6792,144,155,91,11,11
6793,144,155,92,11,11
6794,144,155,93,11,11
6795,144,155,94,11,11
6796,144,155,95,11,11
6797,144,155,96,11,11
6798,144,156,83,11,11
6799,144,156,84,11,11
6800,144,156,85,8,8
6801,144,156,86,8,8
6802,144,156,87,8,8
6803,144,156,88,8,8
6804,144,156,89,8,8
6805,144,156,90,11,11
6806,144,156,91,11,11
6807,144,156,92,11,11
6808,144,156,93,11,11
6809,144,156,94,11,11
6810,144,156,95,11,11
6811,144,156,96,11,11
6812,144,157,83,11,11
6813,144,157,84,11,11
6814,144,157,85,8,8
6815,144,157,86,8,8
6816,144,157,87,8,8
6817,144,157,88,11,11
6818,144,157,89,11,11
6819,144,157,90,11,11
6820,144,157,91,11,11
6821,144,157,92,11,11
6822,144,157,93,11,11
6823,144,157,94,11,11
6824,144,157,95,8,8
6825,144,158,83,11,11
6826,144,158,84,8,8
6827,144,158,85,8,8
6828,144,158,86,8,8
6829,144,158,87,8,8
6830,144,158,88,11,11
6831,144,158,89,11,11
6832,144,158,90,11,11
6833,144,158,91,11,11
6834,144,158,92,11,11
6835,144,158,93,8,8
6836,144,159,83,11,11
6837,144,159,84,8,8
6838,144,159,85,8,8
6839,144,159,86,8,8
6840,144,159,87,11,11
6841,144,159,88,11,11
6842,144,159,89,11,11
6843,144,159,90,11,11
6844,144,159,92,11,11
6845,144,160,83,8,8
6846,144,160,84,8,8
6847,144,160,85,8,8
6848,144,160,86,8,8
6849,144,160,87,11,11
6850,144,160,88,11,11
6851,144,160,89,11,11
6852,144,160,90,11,11
6853,144,161,83,8,8
6854,144,161,84,8,8
6855,144,161,85,8,8
6856,144,161,86,11,11
6857,144,161,87,11,11
6858,144,161,88,11,11
6859,144,161,89,11,11
6860,144,161,90,11,11
6861,144,162,83,8,8
6862,144,162,85,11,11
6863,144,162,86,11,11
6864,144,162,87,11,11
6865,144,175,114,6,6
6866,144,175,115,6,6
6867,144,176,113,1,1
6868,144,176,114,1,1
6869,144,176,115,1,1
6870,144,177,113,4,4
6871,144,177,114,1,1
6872,144,177,115,1,1
6873,144,177,116,1,1
6874,144,178,113,4,4
6875,144,178,114,4,4
6876,144,178,115,1,1
6877,144,178,116,1,1
6878,144,178,117,6,6
6879,144,179,112,4,4
6880,144,179,113,4,4
6881,144,179,114,4,4
6882,144,179,115,1,1
6883,144,179,116,1,1
6884,144,179,117,6,6
6885,144,179,118,13,13
6886,144,180,111,4,4
6887,144,180,112,4,4
6888,144,180,113,4,4
6889,144,180,114,4,4
6890,144,180,115,1,1
6891,144,180,116,1,1
6892,144,180,117,6,6
6893,144,180,118,13,13
6894,144,180,119,13,13
6895,144,181,111,4,4
6896,144,181,112,4,4
6897,144,181,113,4,4
6898,144,181,114,1,1
6899,144,181,115,1,1
6900,144,181,116,1,1
6901,144,181,117,6,6
6902,144,181,118,6,6
6903,144,182,111,1,1
6904,144,182,112,1,1
6905,144,182,113,1,1
6906,144,182,114,1,1
6907,144,182,115,1,1
6908,144,182,116,1,1
6909,144,182,117,6,6
6910,144,182,118,6,6
6911,144,183,111,1,1
6912,144,183,112,6,6
6913,144,183,113,6,6
6914,144,183,114,6,6
6915,144,183,115,6,6
6916,144,183,116,6,6
6917,144,183,117,6,6
6918,144,183,118,9,9
6919,144,184,111,6,6
6920,144,184,112,6,6
6921,144,184,113,6,6
6922,144,184,114,6,6
6923,144,184,115,6,6
6924,144,184,116,6,6
6925,144,184,117,6,6
6926,144,184,118,9,9
6927,144,185,113,13,13
6928,144,185,115,6,6
6929,144,185,116,6,6
6930,144,186,113,13,13
6931,144,187,113,13,13
6932,144,188,113,13,13
6933,145,152,89,8,8
6934,145,152,90,8,8
6935,145,152,91,11,11
6936,145,152,92,11,11
6937,145,152,93,11,11
6938,145,152,94,11,11
6939,145,153,85,8,8
6940,145,153,86,8,8
6941,145,153,87,8,8
6942,145,153,88,8,8
6943,145,153,89,8,8
6944,145,153,90,8,8
6945,145,153,91,11,11
6946,145,153,92,11,11
6947,145,153,93,11,11
6948,145,153,94,11,11
6949,145,153,95,11,11
6950,145,153,96,11,11
6951,145,154,85,8,8
6952,145,154,86,8,8
6953,145,154,87,8,8
6954,145,154,88,8,8
6955,145,154,89,8,8
6956,145,154,90,11,11
6957,145,154,91,11,11
6958,145,154,92,11,11
6959,145,154,93,11,11
6960,145,154,94,11,11
6961,145,154,95,11,11
6962,145,154,96,11,11
6963,145,155,84,8,8
6964,145,155,85,8,8
6965,145,155,86,8,8
6966,145,155,87,8,8
6967,145,155,88,8,8
6968,145,155,89,11,11
6969,145,155,90,11,11
6970,145,155,91,11,11
6971,145,155,92,11,11
6972,145,155,93,11,11
6973,145,155,94,11,11
6974,145,155,95,11,11
6975,145,155,96,11,11
6976,145,156,83,11,11
6977,145,156,84,8,8
6978,145,156,85,8,8
6979,145,156,86,8,8
6980,145,156,87,8,8
6981,145,156,88,11,11
6982,145,156,89,11,11
6983,145,156,90,11,11
6984,145,156,91,11,11
6985,145,156,92,11,11
6986,145,156,93,11,11
6987,145,156,94,11,11
6988,145,156,95,11,11
6989,145,156,96,8,8
6990,145,157,83,8,8
6991,145,157,84,8,8
6992,145,157,85,8,8
6993,145,157,86,8,8
6994,145,157,87,8,8
6995,145,157,88,11,11
6996,145,157,89,11,11
6997,145,157,90,11,11
6998,145,157,91,11,11
6999,145,157,92,11,11
7000,145,157,93,8,8
7001,145,157,94,8,8
7002,145,157,95,8,8
7003,145,158,82,11,11
7004,145,158,83,8,8
7005,145,158,84,8,8
7006,145,158,85,8,8
7007,145,158,86,8,8
7008,145,158,87,11,11
7009,145,158,88,11,11
7010,145,158,89,11,11
7011,145,158,90,11,11
7012,145,158,91,11,11
7013,145,158,92,8,8
7014,145,158,93,8,8
7015,145,158,94,8,8
7016,145,159,82,11,11
7017,145,159,83,8,8
7018,145,159,84,8,8
7019,145,159,85,8,8
7020,145,159,86,8,8
7021,145,159,87,11,11
7022,145,159,88,11,11
7023,145,159,89,11,11
7024,145,159,90,11,11
7025,145,159,91,8,8
7026,145,159,92,8,8
7027,145,159,93,8,8
7028,145,160,82,8,8
7029,145,160,83,8,8
7030,145,160,84,8,8
7031,145,160,85,8,8
7032,145,160,86,11,11
7033,145,160,87,11,11
7034,145,160,88,11,11
7035,145,160,89,11,11
7036,145,160,90,11,11
7037,145,161,82,8,8
7038,145,161,83,8,8
7039,145,161,84,8,8
7040,145,161,85,11,11
7041,145,161,86,11,11
7042,145,161,87,11,11
7043,145,161,88,11,11
7044,145,161,89,11,11
7045,145,161,90,8,8
7046,145,162,83,8,8
7047,145,162,84,8,8
7048,145,162,85,11,11
7049,145,162,86,11,11
7050,145,162,87,11,11
7051,145,162,88,11,11
7052,145,162,89,11,11
7053,145,163,83,8,8
7054,145,163,87,11,11
7055,145,176,113,6,6
7056,145,176,114,6,6
7057,145,176,115,6,6
7058,145,177,113,4,4
7059,145,177,114,1,1
7060,145,177,115,6,6
7061,145,178,113,4,4
7062,145,178,114,1,1
7063,145,178,115,1,1
7064,145,179,113,4,4
7065,145,179,114,4,4
7066,145,179,115,1,1
7067,145,179,116,6,6
7068,145,179,117,13,13
7069,145,179,118,13,13
7070,145,180,111,4,4
7071,145,180,112,4,4
7072,145,180,113,4,4
7073,145,180,114,1,1
7074,145,180,115,1,1
7075,145,180,116,6,6
7076,145,180,117,6,6
7077,145,180,118,13,13
7078,145,181,111,4,4
7079,145,181,112,4,4
7080,145,181,113,1,1
7081,145,181,114,1,1
7082,145,181,115,1,1
7083,145,181,116,6,6
7084,145,181,117,6,6
7085,145,181,118,13,13
7086,145,182,111,1,1
7087,145,182,112,1,1
7088,145,182,113,6,6
7089,145,182,114,6,6
7090,145,182,115,6,6
7091,145,182,116,6,6
7092,145,182,117,6,6
7093,145,182,118,6,6
7094,145,183,112,6,6
7095,145,183,113,13,13
7096,145,183,114,13,13
7097,145,183,115,13,13
7098,145,183,116,13,13
7099,145,183,117,6,6
7100,145,183,118,9,9
7101,145,184,112,13,13
7102,145,184,113,13,13
7103,145,184,115,13,13
7104,145,184,116,13,13
7105,145,185,113,13,13
7106,145,186,113,13,13
7107,145,187,113,13,13
7108,146,151,90,11,11
7109,146,151,91,11,11
7110,146,152,89,11,11
7111,146,152,90,11,11
7112,146,152,91,11,11
7113,146,152,93,11,11
7114,146,152,94,11,11
7115,146,152,95,11,11
7116,146,152,96,11,11
7117,146,153,86,8,8
7118,146,153,88,11,11
7119,146,153,89,11,11
7120,146,153,90,11,11
7121,146,153,91,11,11
7122,146,153,92,11,11
7123,146,153,93,11,11
7124,146,153,94,11,11
7125,146,153,95,11,11
7126,146,153,96,11,11
7127,146,154,85,8,8
7128,146,154,86,8,8
7129,146,154,87,8,8
7130,146,154,88,11,11
7131,146,154,89,11,11
7132,146,154,90,11,11
7133,146,154,91,11,11
7134,146,154,92,11,11
7135,146,154,93,11,11
7136,146,154,94,11,11
7137,146,154,95,11,11
7138,146,154,96,11,11
7139,146,155,84,8,8
7140,146,155,85,8,8
7141,146,155,86,8,8
7142,146,155,87,8,8
7143,146,155,88,11,11
7144,146,155,89,11,11
7145,146,155,90,11,11
7146,146,155,91,11,11
7147,146,155,92,11,11
7148,146,155,93,11,11
7149,146,155,94,11,11
7150,146,155,95,8,8
7151,146,155,96,8,8
7152,146,156,83,8,8
7153,146,156,84,8,8
7154,146,156,85,8,8
7155,146,156,86,8,8
7156,146,156,87,8,8
7157,146,156,88,11,11
7158,146,156,89,11,11
7159,146,156,90,11,11
7160,146,156,91,11,11
7161,146,156,92,11,11
7162,146,156,93,8,8
7163,146,156,94,8,8
7164,146,156,95,8,8
7165,146,156,96,8,8
7166,146,157,82,8,8
7167,146,157,83,8,8
7168,146,157,84,8,8
7169,146,157,85,8,8
7170,146,157,86,8,8
7171,146,157,87,11,11
7172,146,157,88,11,11
7173,146,157,89,11,11
7174,146,157,90,11,11
7175,146,157,91,8,8
7176,146,157,92,8,8
7177,146,157,93,8,8
7178,146,157,94,8,8
7179,146,157,95,8,8
7180,146,157,96,8,8
7181,146,158,82,8,8
7182,146,158,83,8,8
7183,146,158,84,8,8
7184,146,158,85,8,8
7185,146,158,86,11,11
7186,146,158,87,11,11
7187,146,158,88,11,11
7188,146,158,89,11,11
7189,146,158,90,11,11
7190,146,158,91,8,8
7191,146,158,92,8,8
7192,146,158,93,8,8
7193,146,158,94,8,8
7194,146,158,95,8,8
7195,146,159,82,8,8
7196,146,159,83,8,8
7197,146,159,84,8,8
7198,146,159,85,8,8
7199,146,159,86,11,11
7200,146,159,87,11,11
7201,146,159,88,11,11
7202,146,159,89,11,11
7203,146,159,90,8,8
7204,146,159,91,8,8
7205,146,159,92,8,8
7206,146,159,93,8,8
7207,146,159,94,8,8
7208,146,159,95,8,8
7209,146,160,82,8,8
7210,146,160,83,8,8
7211,146,160,84,8,8
7212,146,160,85,8,8
7213,146,160,86,11,11
7214,146,160,87,11,11
7215,146,160,88,11,11
7216,146,160,89,11,11
7217,146,160,90,8,8
7218,146,160,92,8,8
7219,146,161,82,8,8
7220,146,161,83,8,8
7221,146,161,84,8,8
7222,146,161,85,11,11
7223,146,161,86,11,11
7224,146,161,87,11,11
7225,146,161,88,11,11
7226,146,161,89,8,8
7227,146,161,90,8,8
7228,146,162,82,8,8
7229,146,162,83,8,8
7230,146,162,84,8,8
7231,146,162,85,11,11
7232,146,162,86,11,11
7233,146,162,87,11,11
7234,146,162,88,11,11
7235,146,162,89,8,8
7236,146,162,90,8,8
7237,146,163,83,8,8
7238,146,163,84,11,11
7239,146,163,85,11,11
7240,146,163,86,11,11
7241,146,163,87,11,11
7242,146,163,88,11,11
7243,146,163,89,8,8
7244,146,163,90,8,8
7245,146,164,82,11,11
7246,146,164,85,11,11
7247,146,164,86,11,11
7248,146,177,113,6,6
7249,146,177,114,6,6
7250,146,178,113,1,1
7251,146,178,114,6,6
7252,146,178,115,6,6
7253,146,179,113,4,4
7254,146,179,114,1,1
7255,146,179,115,6,6
7256,146,180,113,1,1
7257,146,180,114,1,1
7258,146,180,115,6,6
7259,146,180,116,13,13
7260,146,181,112,4,4
7261,146,181,113,1,1
7262,146,181,114,6,6
7263,146,181,115,6,6
7264,146,181,116,13,13
7265,146,181,117,13,13
7266,146,182,112,1,1
7267,146,182,113,6,6
7268,146,182,115,13,13
7269,146,182,116,13,13
7270,146,182,117,13,13
7271,146,182,118,9,9
7272,146,183,113,13,13
7273,146,183,115,13,13
7274,146,183,117,9,9
7275,146,184,113,13,13
7276,146,185,113,13,13
7277,146,186,113,13,13
7278,147,150,95,11,11
7279,147,151,91,11,11
7280,147,151,94,11,11
7281,147,151,95,11,11
7282,147,151,96,11,11
7283,147,152,90,11,11
7284,147,152,91,11,11
7285,147,152,92,11,11
7286,147,152,93,11,11
7287,147,152,94,11,11
7288,147,152,95,11,11
7289,147,152,96,11,11
7290,147,153,89,11,11
7291,147,153,90,11,11
7292,147,153,91,11,11
7293,147,153,92,11,11
7294,147,153,93,11,11
7295,147,153,94,11,11
7296,147,153,95,11,11
7297,147,153,96,11,11
7298,147,154,85,11,11
7299,147,154,86,11,11
7300,147,154,87,11,11
7301,147,154,88,11,11
7302,147,154,89,11,11
7303,147,154,90,11,11
7304,147,154,91,11,11
7305,147,154,92,11,11
7306,147,154,93,11,11
7307,147,154,94,11,11
7308,147,154,95,11,11
7309,147,154,96,8,8
7310,147,154,97,8,8
7311,147,155,84,8,8
7312,147,155,85,11,11
7313,147,155,86,11,11
7314,147,155,87,11,11
7315,147,155,88,11,11
7316,147,155,89,11,11
7317,147,155,90,11,11
7318,147,155,91,11,11
7319,147,155,92,11,11
7320,147,155,93,3,3
7321,147,155,94,3,3
7322,147,155,95,8,8
7323,147,155,96,8,8
7324,147,155,97,3,3
7325,147,156,84,8,8
7326,147,156,85,8,8
7327,147,156,86,11,11
7328,147,156,87,11,11
7329,147,156,88,11,11
7330,147,156,89,11,11
7331,147,156,90,11,11
7332,147,156,91,8,8
7333,147,156,92,3,3
7334,147,156,93,3,3
7335,147,156,94,8,8
7336,147,156,95,8,8
7337,147,156,96,8,8
7338,147,156,97,8,8
7339,147,157,82,8,8
7340,147,157,83,8,8
7341,147,157,84,8,8
7342,147,157,85,8,8
7343,147,157,86,11,11
7344,147,157,87,11,11
7345,147,157,88,11,11
7346,147,157,89,11,11
7347,147,157,90,8,8
7348,147,157,91,8,8
7349,147,157,92,3,3
7350,147,157,93,3,3
7351,147,157,94,8,8
7352,147,157,95,8,8
7353,147,157,96,8,8
7354,147,157,97,8,8
7355,147,158,81,8,8
7356,147,158,82,8,8
7357,147,158,83,8,8
7358,147,158,84,8,8
7359,147,158,85,11,11
7360,147,158,86,11,11
7361,147,158,87,11,11
7362,147,158,88,11,11
7363,147,158,89,11,11
7364,147,158,90,8,8
7365,147,158,91,8,8
7366,147,158,92,8,8
7367,147,158,93,8,8
7368,147,158,94,8,8
7369,147,158,95,8,8
7370,147,158,96,8,8
7371,147,158,97,8,8
7372,147,159,81,8,8
7373,147,159,82,8,8
7374,147,159,83,8,8
7375,147,159,84,8,8
7376,147,159,85,11,11
7377,147,159,86,11,11
7378,147,159,87,11,11
7379,147,159,88,11,11
7380,147,159,89,8,8
7381,147,159,90,8,8
7382,147,159,91,8,8
7383,147,159,92,8,8
7384,147,159,93,8,8
7385,147,159,94,8,8
7386,147,159,95,8,8
7387,147,159,96,8,8
7388,147,160,81,8,8
7389,147,160,82,8,8
7390,147,160,83,8,8
7391,147,160,84,8,8
7392,147,160,85,11,11
7393,147,160,86,11,11
7394,147,160,87,11,11
7395,147,160,88,8,8
7396,147,160,89,8,8
7397,147,160,90,8,8
7398,147,160,91,8,8
7399,147,160,92,8,8
7400,147,160,93,8,8
7401,147,160,94,8,8
7402,147,161,82,8,8
7403,147,161,83,8,8
7404,147,161,84,11,11
7405,147,161,85,11,11
7406,147,161,86,11,11
7407,147,161,87,11,11
7408,147,161,88,8,8
7409,147,161,89,8,8
7410,147,161,90,8,8
7411,147,161,91,8,8
7412,147,162,82,8,8
7413,147,162,83,11,11
7414,147,162,84,11,11
7415,147,162,85,11,11
7416,147,162,86,11,11
7417,147,162,87,8,8
7418,147,162,88,8,8
7419,147,162,89,8,8
7420,147,162,90,8,8
7421,147,163,82,11,11
7422,147,163,83,11,11
7423,147,163,84,11,11
7424,147,163,85,11,11
7425,147,163,86,11,11
7426,147,163,87,8,8
7427,147,163,88,8,8
7428,147,163,89,8,8
7429,147,163,90,8,8
7430,147,164,83,11,11
7431,147,164,84,11,11
7432,147,164,85,11,11
7433,147,164,86,8,8
7434,147,164,87,8,8
7435,147,164,88,8,8
7436,147,164,89,8,8
7437,147,164,90,8,8
7438,147,165,82,11,11
7439,147,165,85,8,8
7440,147,165,86,8,8
7441,147,165,87,8,8
7442,147,165,88,8,8
7443,147,165,89,8,8
7444,147,166,85,8,8
7445,147,166,86,8,8
7446,147,166,87,8,8
7447,147,166,88,8,8
7448,147,166,89,8,8
7449,147,167,86,8,8
7450,147,167,87,8,8
7451,147,167,88,8,8
7452,147,168,86,8,8
7453,147,168,87,8,8
7454,147,168,88,8,8
7455,147,169,88,8,8
7456,147,178,114,13,13
7457,147,179,114,6,6
7458,147,180,113,1,1
7459,147,181,113,6,6
7460,147,182,113,6,6
7461,147,183,113,13,13
7462,147,184,113,13,13
7463,148,149,94,11,11
7464,148,149,95,11,11
7465,148,149,96,11,11
7466,148,150,93,11,11
7467,148,150,94,11,11
7468,148,150,95,11,11
7469,148,150,96,11,11
7470,148,150,97,11,11
7471,148,151,91,11,11
7472,148,151,93,11,11
7473,148,151,94,11,11
7474,148,151,95,11,11
7475,148,151,96,11,11
7476,148,151,97,11,11
7477,148,152,90,11,11
7478,148,152,91,11,11
7479,148,152,92,11,11
7480,148,152,93,11,11
7481,148,152,94,11,11
7482,148,152,95,11,11
7483,148,152,96,11,11
7484,148,152,97,11,11
7485,148,153,89,11,11
7486,148,153,90,11,11
7487,148,153,91,11,11
7488,148,153,92,11,11
7489,148,153,93,11,11
7490,148,153,94,11,11
7491,148,153,95,11,11
7492,148,153,96,3,3
7493,148,153,97,8,8
7494,148,154,87,11,11
7495,148,154,89,11,11
7496,148,154,90,11,11
7497,148,154,91,11,11
7498,148,154,92,11,11
7499,148,154,93,11,11
7500,148,154,94,11,11
7501,148,154,95,8,8
7502,148,154,96,3,3
7503,148,154,97,3,3
7504,148,155,85,11,11
7505,148,155,86,11,11
7506,148,155,87,11,11
7507,148,155,88,11,11
7508,148,155,89,11,11
7509,148,155,90,11,11
7510,148,155,91,11,11
7511,148,155,92,3,3
7512,148,155,93,3,3
7513,148,155,94,3,3
7514,148,155,95,8,8
7515,148,155,96,3,3
7516,148,155,97,3,3
7517,148,155,98,3,3
7518,148,156,84,11,11
7519,148,156,85,11,11
7520,148,156,86,11,11
7521,148,156,87,11,11
7522,148,156,88,11,11
7523,148,156,89,11,11
7524,148,156,90,8,8
7525,148,156,91,8,8
7526,148,156,92,3,3
7527,148,156,93,3,3
7528,148,156,94,3,3
7529,148,156,95,8,8
7530,148,156,96,3,3
7531,148,156,97,3,3
7532,148,157,82,11,11
7533,148,157,83,11,11
7534,148,157,84,11,11
7535,148,157,85,11,11
7536,148,157,86,11,11
7537,148,157,87,11,11
7538,148,157,88,11,11
7539,148,157,89,8,8
7540,148,157,90,8,8
7541,148,157,91,3,3
7542,148,157,92,3,3
7543,148,157,93,3,3
7544,148,157,94,3,3
7545,148,157,95,8,8
7546,148,157,96,8,8
7547,148,157,97,3,3
7548,148,158,81,8,8
7549,148,158,82,11,11
7550,148,158,83,11,11
7551,148,158,84,11,11
7552,148,158,85,11,11
7553,148,158,86,11,11
7554,148,158,87,11,11
7555,148,158,88,8,8
7556,148,158,89,8,8
7557,148,158,90,8,8
7558,148,158,91,3,3
7559,148,158,92,3,3
7560,148,158,93,3,3
7561,148,158,94,8,8
7562,148,158,95,8,8
7563,148,158,96,8,8
7564,148,158,97,8,8
7565,148,159,81,8,8
7566,148,159,82,8,8
7567,148,159,83,11,11
7568,148,159,84,11,11
7569,148,159,85,11,11
7570,148,159,86,11,11
7571,148,159,87,11,11
7572,148,159,88,8,8
7573,148,159,89,8,8
7574,148,159,90,8,8
7575,148,159,91,8,8
7576,148,159,92,8,8
7577,148,159,93,8,8
7578,148,159,94,8,8
7579,148,159,95,8,8
7580,148,159,96,8,8
7581,148,159,97,8,8
7582,148,160,81,8,8
7583,148,160,82,8,8
7584,148,160,83,11,11
7585,148,160,84,11,11
7586,148,160,85,11,11
7587,148,160,86,11,11
7588,148,160,87,8,8
7589,148,160,88,8,8
7590,148,160,89,8,8
7591,148,160,90,8,8
7592,148,160,91,8,8
7593,148,160,92,8,8
7594,148,160,93,8,8
7595,148,160,94,8,8
7596,148,160,95,8,8
7597,148,160,96,8,8
7598,148,161,81,8,8
7599,148,161,82,11,11
7600,148,161,83,11,11
7601,148,161,84,11,11
7602,148,161,85,11,11
7603,148,161,86,11,11
7604,148,161,87,8,8
7605,148,161,88,8,8
7606,148,161,89,8,8
7607,148,161,90,8,8
7608,148,161,91,8,8
7609,148,161,93,8,8
7610,148,161,94,8,8
7611,148,161,95,8,8
7612,148,162,81,8,8
7613,148,162,82,11,11
7614,148,162,83,11,11
7615,148,162,84,11,11
7616,148,162,85,11,11
7617,148,162,86,8,8
7618,148,162,87,8,8
7619,148,162,88,8,8
7620,148,162,89,8,8
7621,148,162,90,8,8
7622,148,162,91,8,8
7623,148,163,82,11,11
7624,148,163,83,11,11
7625,148,163,84,11,11
7626,148,163,85,8,8
7627,148,163,86,8,8
7628,148,163,87,8,8
7629,148,163,88,8,8
7630,148,163,89,8,8
7631,148,163,90,8,8
7632,148,163,91,8,8
7633,148,164,83,11,11
7634,148,164,84,8,8
7635,148,164,85,8,8
7636,148,164,86,8,8
7637,148,164,87,8,8
7638,148,164,88,8,8
7639,148,164,89,8,8
7640,148,164,90,8,8
7641,148,165,82,11,11
7642,148,165,83,11,11
7643,148,165,84,8,8
7644,148,165,85,8,8
7645,148,165,86,8,8
7646,148,165,87,8,8
7647,148,165,88,8,8
7648,148,165,89,8,8
7649,148,166,83,8,8
7650,148,166,85,8,8
7651,148,166,86,8,8
7652,148,166,87,8,8
7653,148,166,88,8,8
7654,148,166,89,8,8
7655,148,167,85,8,8
7656,148,167,86,8,8
7657,148,167,87,8,8
7658,148,167,88,8,8
7659,148,168,85,8,8
7660,148,168,86,8,8
7661,148,168,87,8,8
7662,148,168,88,8,8
7663,148,169,85,8,8
7664,148,169,86,8,8
7665,148,169,87,8,8
7666,148,169,88,8,8
7667,148,170,85,8,8
7668,148,170,87,8,8
7669,148,182,113,13,13
7670,148,183,113,13,13
7671,149,148,94,11,11
7672,149,148,95,11,11
7673,149,148,96,11,11
7674,149,148,98,11,11
7675,149,149,93,11,11
7676,149,149,94,11,11
7677,149,149,95,11,11
7678,149,149,96,11,11
7679,149,150,92,11,11
7680,149,150,93,11,11
7681,149,150,94,11,11
7682,149,150,95,11,11
7683,149,150,96,11,11
7684,149,150,97,11,11
7685,149,151,90,11,11
7686,149,151,91,11,11
7687,149,151,92,11,11
7688,149,151,93,11,11
7689,149,151,94,11,11
7690,149,151,95,11,11
7691,149,151,96,3,3
7692,149,151,97,11,11
7693,149,152,89,11,11
7694,149,152,90,11,11
7695,149,152,91,11,11
7696,149,152,92,11,11
7697,149,152,93,11,11
7698,149,152,94,11,11
7699,149,152,95,3,3
7700,149,152,96,3,3
7701,149,152,97,11,11
7702,149,153,87,11,11
7703,149,153,89,11,11
7704,149,153,90,11,11
7705,149,153,91,11,11
7706,149,153,92,11,11
7707,149,153,93,11,11
7708,149,153,94,11,11
7709,149,153,95,3,3
7710,149,153,96,3,3
7711,149,153,97,3,3
7712,149,154,87,11,11
7713,149,154,88,11,11
7714,149,154,89,11,11
7715,149,154,90,11,11
7716,149,154,91,11,11
7717,149,154,92,11,11
7718,149,154,93,11,11
7719,149,154,94,3,3
7720,149,154,95,3,3
7721,149,154,96,3,3
7722,149,154,97,3,3
7723,149,154,98,3,3
7724,149,155,86,11,11
7725,149,155,87,11,11
7726,149,155,88,11,11
7727,149,155,89,11,11
7728,149,155,90,11,11
7729,149,155,91,3,3
7730,149,155,92,3,3
7731,149,155,93,3,3
7732,149,155,94,8,8
7733,149,155,95,8,8
7734,149,155,96,3,3
7735,149,155,97,3,3
7736,149,155,98,3,3
7737,149,156,84,11,11
7738,149,156,85,11,11
7739,149,156,86,11,11
7740,149,156,87,11,11
7741,149,156,88,11,11
7742,149,156,89,11,11
7743,149,156,90,8,8
7744,149,156,91,3,3
7745,149,156,92,3,3
7746,149,156,93,3,3
7747,149,156,94,3,3
7748,149,156,95,3,3
7749,149,156,96,3,3
7750,149,156,97,3,3
7751,149,156,98,3,3
7752,149,157,82,11,11
7753,149,157,83,11,11
7754,149,157,84,11,11
7755,149,157,85,11,11
7756,149,157,86,11,11
7757,149,157,87,11,11
7758,149,157,88,8,8
7759,149,157,89,8,8
7760,149,157,90,3,3
7761,149,157,91,3,3
7762,149,157,92,3,3
7763,149,157,93,3,3
7764,149,157,94,3,3
7765,149,157,95,3,3
7766,149,157,96,3,3
7767,149,157,97,3,3
7768,149,158,81,11,11
7769,149,158,82,11,11
7770,149,158,83,11,11
7771,149,158,84,11,11
7772,149,158,85,11,11
7773,149,158,86,11,11
7774,149,158,87,11,11
7775,149,158,88,8,8
7776,149,158,89,8,8
7777,149,158,90,3,3
7778,149,158,91,3,3
7779,149,158,92,3,3
7780,149,158,93,3,3
7781,149,158,94,3,3
7782,149,158,95,8,8
7783,149,158,96,8,8
7784,149,158,97,8,8
7785,149,159,81,11,11
7786,149,159,82,11,11
7787,149,159,83,11,11
7788,149,159,84,11,11
7789,149,159,85,11,11
7790,149,159,86,11,11
7791,149,159,87,8,8
7792,149,159,88,8,8
7793,149,159,89,8,8
7794,149,159,90,8,8
7795,149,159,91,8,8
7796,149,159,92,3,3
7797,149,159,93,3,3
7798,149,159,94,8,8
7799,149,159,95,8,8
7800,149,159,96,8,8
7801,149,160,80,8,8
7802,149,160,81,11,11
7803,149,160,82,11,11
7804,149,160,83,11,11
7805,149,160,84,11,11
7806,149,160,85,11,11
7807,149,160,86,11,11
7808,149,160,87,8,8
7809,149,160,88,8,8
7810,149,160,89,8,8
7811,149,160,90,8,8
7812,149,160,91,8,8
7813,149,160,92,8,8
7814,149,160,93,8,8
7815,149,160,94,8,8
7816,149,160,95,8,8
7817,149,161,81,11,11
7818,149,161,82,11,11
7819,149,161,83,11,11
7820,149,161,84,11,11
7821,149,161,85,11,11
7822,149,161,86,8,8
7823,149,161,87,8,8
7824,149,161,88,8,8
7825,149,161,89,8,8
7826,149,161,90,8,8
7827,149,161,91,8,8
7828,149,161,92,8,8
7829,149,161,93,8,8
7830,149,161,94,8,8
7831,149,161,95,8,8
7832,149,162,81,11,11
7833,149,162,82,11,11
7834,149,162,83,11,11
7835,149,162,84,11,11
7836,149,162,85,8,8
7837,149,162,86,8,8
7838,149,162,87,8,8
7839,149,162,88,8,8
7840,149,162,89,8,8
7841,149,162,90,8,8
7842,149,162,91,8,8
7843,149,162,93,8,8
7844,149,163,81,11,11
7845,149,163,82,11,11
7846,149,163,83,11,11
7847,149,163,84,8,8
7848,149,163,85,8,8
7849,149,163,86,8,8
7850,149,163,87,8,8
7851,149,163,88,8,8
7852,149,163,89,8,8
7853,149,163,90,8,8
7854,149,163,91,8,8
7855,149,164,83,8,8
7856,149,164,84,8,8
7857,149,164,85,8,8
7858,149,164,86,8,8
7859,149,164,87,8,8
7860,149,164,88,8,8
7861,149,164,89,8,8
7862,149,164,90,8,8
7863,149,165,82,8,8
7864,149,165,83,8,8
7865,149,165,84,8,8
7866,149,165,85,8,8
7867,149,165,86,8,8
7868,149,165,87,8,8
7869,149,165,88,8,8
7870,149,165,89,8,8
7871,149,165,90,8,8
7872,149,166,82,8,8
7873,149,166,83,8,8
7874,149,166,84,8,8
7875,149,166,85,8,8
7876,149,166,86,8,8
7877,149,166,87,8,8
7878,149,166,88,8,8
7879,149,166,89,8,8
7880,149,167,84,8,8
7881,149,167,85,8,8
7882,149,167,86,8,8
7883,149,167,87,8,8
7884,149,167,88,8,8
7885,149,168,85,8,8
7886,149,168,86,8,8
7887,149,168,87,8,8
7888,149,168,88,8,8
7889,149,169,85,8,8
7890,149,169,86,8,8
7891,149,169,87,8,8
7892,149,169,88,8,8
7893,149,170,85,8,8
7894,149,170,87,8,8
7895,149,182,113,13,13
7896,150,147,95,11,11
7897,150,147,96,11,11
7898,150,147,97,11,11
7899,150,147,98,11,11
7900,150,148,93,11,11
7901,150,148,94,11,11
7902,150,148,95,11,11
7903,150,148,96,11,11
7904,150,148,97,11,11
7905,150,148,98,11,11
7906,150,149,92,11,11
7907,150,149,93,11,11
7908,150,149,94,11,11
7909,150,149,95,11,11
7910,150,149,96,3,3
7911,150,149,97,11,11
7912,150,150,90,11,11
7913,150,150,91,11,11
7914,150,150,92,11,11
7915,150,150,93,11,11
7916,150,150,94,11,11
7917,150,150,95,3,3
7918,150,150,96,3,3
7919,150,150,97,11,11
7920,150,151,89,11,11
7921,150,151,90,11,11
7922,150,151,91,11,11
7923,150,151,92,11,11
7924,150,151,93,11,11
7925,150,151,94,11,11
7926,150,151,95,3,3
7927,150,151,96,3,3
7928,150,151,97,11,11
7929,150,152,89,11,11
7930,150,152,90,11,11
7931,150,152,91,11,11
7932,150,152,92,11,11
7933,150,152,93,11,11
7934,150,152,94,3,3
7935,150,152,95,3,3
7936,150,152,96,3,3
7937,150,152,97,11,11
7938,150,153,87,11,11
7939,150,153,88,11,11
7940,150,153,89,11,11
7941,150,153,90,11,11
7942,150,153,91,11,11
7943,150,153,92,11,11
7944,150,153,93,11,11
7945,150,153,94,3,3
7946,150,153,95,3,3
7947,150,153,96,3,3
7948,150,153,97,3,3
7949,150,153,98,11,11
7950,150,154,87,11,11
7951,150,154,88,11,11
7952,150,154,89,11,11
7953,150,154,90,11,11
7954,150,154,91,11,11
7955,150,154,92,3,3
7956,150,154,93,3,3
7957,150,154,94,3,3
7958,150,154,95,3,3
7959,150,154,96,3,3
7960,150,154,97,3,3
7961,150,154,98,3,3
7962,150,155,87,11,11
7963,150,155,88,11,11
7964,150,155,89,11,11
7965,150,155,90,3,3
7966,150,155,91,3,3
7967,150,155,92,3,3
7968,150,155,93,3,3
7969,150,155,94,8,8
7970,150,155,95,3,3
7971,150,155,96,3,3
7972,150,155,97,3,3
7973,150,155,98,3,3
7974,150,156,85,11,11
7975,150,156,86,11,11
7976,150,156,87,11,11
7977,150,156,88,11,11
7978,150,156,89,11,11
7979,150,156,90,3,3
7980,150,156,91,3,3
7981,150,156,92,3,3
7982,150,156,93,3,3
7983,150,156,94,8,8
7984,150,156,95,8,8
7985,150,156,96,3,3
7986,150,156,97,3,3
7987,150,156,98,3,3
7988,150,157,83,11,11
7989,150,157,84,11,11
7990,150,157,85,11,11
7991,150,157,86,11,11
7992,150,157,87,11,11
7993,150,157,88,8,8
7994,150,157,89,8,8
7995,150,157,90,3,3
7996,150,157,91,3,3
7997,150,157,92,3,3
7998,150,157,93,3,3
7999,150,157,94,8,8
8000,150,157,95,8,8
8001,150,157,96,3,3
8002,150,157,97,3,3
8003,150,158,82,11,11
8004,150,158,83,11,11
8005,150,158,84,11,11
8006,150,158,85,11,11
8007,150,158,86,11,11
8008,150,158,87,8,8
8009,150,158,88,8,8
8010,150,158,89,8,8
8011,150,158,90,3,3
8012,150,158,91,3,3
8013,150,158,92,3,3
8014,150,158,93,3,3
8015,150,158,94,3,3
8016,150,158,95,8,8
8017,150,158,96,8,8
8018,150,159,81,11,11
8019,150,159,82,11,11
8020,150,159,83,11,11
8021,150,159,84,11,11
8022,150,159,85,11,11
8023,150,159,86,11,11
8024,150,159,87,8,8
8025,150,159,88,8,8
8026,150,159,89,8,8
8027,150,159,90,8,8
8028,150,159,91,3,3
8029,150,159,92,3,3
8030,150,159,93,3,3
8031,150,159,94,8,8
8032,150,159,95,8,8
8033,150,160,80,11,11
8034,150,160,81,11,11
8035,150,160,82,11,11
8036,150,160,83,11,11
8037,150,160,84,11,11
8038,150,160,85,11,11
8039,150,160,86,8,8
8040,150,160,87,8,8
8041,150,160,88,8,8
8042,150,160,89,8,8
8043,150,160,90,8,8
8044,150,160,91,8,8
8045,150,160,92,8,8
8046,150,160,93,8,8
8047,150,160,94,8,8
8048,150,160,95,8,8
8049,150,161,80,11,11
8050,150,161,81,11,11
8051,150,161,82,11,11
8052,150,161,83,11,11
8053,150,161,84,11,11
8054,150,161,85,8,8
8055,150,161,86,8,8
8056,150,161,87,8,8
8057,150,161,88,8,8
8058,150,161,89,8,8
8059,150,161,90,8,8
8060,150,161,91,8,8
8061,150,161,92,8,8
8062,150,161,93,8,8
8063,150,161,94,8,8
8064,150,161,95,8,8
8065,150,162,80,11,11
8066,150,162,81,11,11
8067,150,162,82,11,11
8068,150,162,83,11,11
8069,150,162,84,8,8
8070,150,162,85,8,8
8071,150,162,86,8,8
8072,150,162,87,8,8
8073,150,162,88,8,8
8074,150,162,89,8,8
8075,150,162,90,8,8
8076,150,162,91,8,8
8077,150,162,92,8,8
8078,150,162,93,8,8
8079,150,162,94,16,16
8080,150,162,95,16,16
8081,150,162,96,16,16
8082,150,162,97,16,16
8083,150,162,98,16,16
8084,150,162,99,16,16
8085,150,163,81,11,11
8086,150,163,82,11,11
8087,150,163,83,8,8
8088,150,163,84,8,8
8089,150,163,85,8,8
8090,150,163,86,8,8
8091,150,163,87,8,8
8092,150,163,88,8,8
8093,150,163,89,8,8
8094,150,163,90,8,8
8095,150,163,91,8,8
8096,150,163,92,8,8
8097,150,163,93,16,16
8098,150,163,94,16,16
8099,150,163,95,16,16
8100,150,163,96,16,16
8101,150,163,97,16,16
8102,150,163,98,16,16
8103,150,163,99,16,16
8104,150,164,82,8,8
8105,150,164,83,8,8
8106,150,164,84,8,8
8107,150,164,85,8,8
8108,150,164,86,8,8
8109,150,164,87,8,8
8110,150,164,88,8,8
8111,150,164,89,8,8
8112,150,164,90,8,8
8113,150,164,92,16,16
8114,150,164,93,16,16
8115,150,164,94,16,16
8116,150,164,95,16,16
8117,150,164,96,16,16
8118,150,164,97,16,16
8119,150,164,98,16,16
8120,150,164,99,16,16
8121,150,164,105,7,7
8122,150,165,83,8,8
8123,150,165,84,8,8
8124,150,165,85,8,8
8125,150,165,86,8,8
8126,150,165,87,8,8
8127,150,165,88,8,8
8128,150,165,89,8,8
8129,150,165,90,16,16
8130,150,165,91,16,16
8131,150,165,92,16,16
8132,150,165,93,16,16
8133,150,165,94,16,16
8134,150,165,95,16,16
8135,150,165,96,16,16
8136,150,165,97,16,16
8137,150,165,98,16,16
8138,150,165,99,16,16
8139,150,166,82,8,8
8140,150,166,83,8,8
8141,150,166,84,8,8
8142,150,166,85,8,8
8143,150,166,86,8,8
8144,150,166,87,8,8
8145,150,166,88,8,8
8146,150,166,89,16,16
8147,150,166,90,16,16
8148,150,166,91,16,16
8149,150,166,92,16,16
8150,150,166,93,16,16
8151,150,166,94,16,16
8152,150,166,95,16,16
8153,150,166,96,16,16
8154,150,166,97,16,16
8155,150,166,98,16,16
8156,150,167,83,8,8
8157,150,167,84,8,8
8158,150,167,85,8,8
8159,150,167,86,8,8
8160,150,167,87,8,8
8161,150,167,88,8,8
8162,150,167,91,16,16
8163,150,167,92,16,16
8164,150,167,93,16,16
8165,150,167,94,16,16
8166,150,167,95,16,16
8167,150,167,96,16,16
8168,150,167,97,16,16
8169,150,168,84,8,8
8170,150,168,85,8,8
8171,150,168,86,8,8
8172,150,168,87,8,8
8173,150,168,91,16,16
8174,150,168,92,16,16
8175,150,168,93,16,16
8176,150,168,94,16,16
8177,150,168,95,16,16
8178,150,168,96,16,16
8179,150,169,85,8,8
8180,150,169,86,8,8
8181,150,169,87,8,8
8182,150,169,91,16,16
8183,150,169,92,16,16
8184,150,169,93,16,16
8185,150,169,94,16,16
8186,150,170,85,8,8
8187,150,170,92,16,16
8188,151,146,94,11,11
8189,151,146,95,11,11
8190,151,146,96,11,11
8191,151,147,93,11,11
8192,151,147,94,11,11
8193,151,147,95,11,11
8194,151,147,96,11,11
8195,151,147,97,11,11
8196,151,147,98,11,11
8197,151,148,93,11,11
8198,151,148,94,11,11
8199,151,148,95,11,11
8200,151,148,96,11,11
8201,151,148,97,11,11
8202,151,148,98,11,11
8203,151,149,90,11,11
8204,151,149,91,11,11
8205,151,149,92,11,11
8206,151,149,93,11,11
8207,151,149,94,11,11
8208,151,149,95,3,3
8209,151,149,96,3,3
8210,151,149,97,11,11
8211,151,149,98,11,11
8212,151,150,89,11,11
8213,151,150,90,11,11
8214,151,150,91,11,11
8215,151,150,92,11,11
8216,151,150,93,11,11
8217,151,150,94,3,3
8218,151,150,95,3,3
8219,151,150,96,11,11
8220,151,150,97,11,11
8221,151,151,89,11,11
8222,151,151,90,11,11
8223,151,151,91,11,11
8224,151,151,92,11,11
8225,151,151,93,11,11
8226,151,151,94,3,3
8227,151,151,95,11,11
8228,151,151,96,11,11
8229,151,151,97,11,11
8230,151,152,88,11,11
8231,151,152,89,11,11
8232,151,152,90,11,11
8233,151,152,91,11,11
8234,151,152,92,11,11
8235,151,152,93,3,3
8236,151,152,94,3,3
8237,151,152,95,3,3
8238,151,152,96,3,3
8239,151,152,97,11,11
8240,151,152,98,11,11
8241,151,153,87,11,11
8242,151,153,88,11,11
8243,151,153,89,11,11
8244,151,153,90,11,11
8245,151,153,91,11,11
8246,151,153,92,3,3
8247,151,153,93,3,3
8248,151,153,94,3,3
8249,151,153,95,3,3
8250,151,153,96,3,3
8251,151,153,97,3,3
8252,151,153,98,3,3
8253,151,154,87,11,11
8254,151,154,88,11,11
8255,151,154,89,11,11
8256,151,154,90,11,11
8257,151,154,91,3,3
8258,151,154,92,3,3
8259,151,154,93,3,3
8260,151,154,94,8,8
8261,151,154,95,3,3
8262,151,154,96,3,3
8263,151,154,97,3,3
8264,151,154,98,3,3
8265,151,155,87,11,11
8266,151,155,88,11,11
8267,151,155,89,11,11
8268,151,155,90,3,3
8269,151,155,91,3,3
8270,151,155,92,3,3
8271,151,155,93,3,3
8272,151,155,94,8,8
8273,151,155,95,3,3
8274,151,155,96,3,3
8275,151,155,97,3,3
8276,151,155,98,15,15
8277,151,156,85,11,11
8278,151,156,86,11,11
8279,151,156,87,11,11
8280,151,156,88,11,11
8281,151,156,89,8,8
8282,151,156,90,3,3
8283,151,156,91,3,3
8284,151,156,92,3,3
8285,151,156,93,3,3
8286,151,156,94,8,8
8287,151,156,95,8,8
8288,151,156,96,3,3
8289,151,156,97,3,3
8290,151,156,98,3,3
8291,151,157,84,11,11
8292,151,157,85,11,11
8293,151,157,86,11,11
8294,151,157,87,11,11
8295,151,157,88,8,8
8296,151,157,89,8,8
8297,151,157,90,3,3
8298,151,157,91,3,3
8299,151,157,92,3,3
8300,151,157,93,3,3
8301,151,157,94,8,8
8302,151,157,95,8,8
8303,151,157,96,8,8
8304,151,157,97,3,3
8305,151,158,82,11,11
8306,151,158,83,11,11
8307,151,158,84,11,11
8308,151,158,85,11,11
8309,151,158,86,11,11
8310,151,158,87,8,8
8311,151,158,88,8,8
8312,151,158,89,8,8
8313,151,158,90,8,8
8314,151,158,91,3,3
8315,151,158,92,3,3
8316,151,158,93,3,3
8317,151,158,94,3,3
8318,151,158,95,8,8
8319,151,158,96,8,8
8320,151,159,81,11,11
8321,151,159,82,11,11
8322,151,159,83,11,11
8323,151,159,84,11,11
8324,151,159,85,11,11
8325,151,159,86,8,8
8326,151,159,87,8,8
8327,151,159,88,8,8
8328,151,159,89,8,8
8329,151,159,90,8,8
8330,151,159,91,3,3
8331,151,159,92,3,3
8332,151,159,93,8,8
8333,151,159,94,8,8
8334,151,159,95,8,8
8335,151,160,81,11,11
8336,151,160,82,11,11
8337,151,160,83,11,11
8338,151,160,84,11,11
8339,151,160,85,11,11
8340,151,160,86,8,8
8341,151,160,87,8,8
8342,151,160,88,8,8
8343,151,160,89,8,8
8344,151,160,90,8,8
8345,151,160,91,8,8
8346,151,160,92,8,8
8347,151,160,93,8,8
8348,151,160,94,16,16
8349,151,160,95,16,16
8350,151,161,80,11,11
8351,151,161,81,11,11
8352,151,161,82,11,11
8353,151,161,83,11,11
8354,151,161,84,11,11
8355,151,161,85,8,8
8356,151,161,86,8,8
8357,151,161,87,8,8
8358,151,161,88,8,8
8359,151,161,89,8,8
8360,151,161,90,8,8
8361,151,161,91,8,8
8362,151,161,92,8,8
8363,151,161,93,16,16
8364,151,161,94,16,16
8365,151,161,95,16,16
8366,151,161,96,16,16
8367,151,161,97,16,16
8368,151,161,98,16,16
8369,151,161,99,16,16
8370,151,161,101,16,16
8371,151,161,102,16,16
8372,151,162,80,11,11
8373,151,162,81,11,11
8374,151,162,82,11,11
8375,151,162,83,8,8
8376,151,162,84,8,8
8377,151,162,85,8,8
8378,151,162,86,8,8
8379,151,162,87,8,8
8380,151,162,88,16,16
8381,151,162,89,16,16
8382,151,162,90,16,16
8383,151,162,91,16,16
8384,151,162,92,16,16
8385,151,162,93,5,5
8386,151,162,94,5,5
8387,151,162,95,5,5
8388,151,162,96,5,5
8389,151,162,97,5,5
8390,151,162,98,16,16
8391,151,162,99,16,16
8392,151,162,100,16,16
8393,151,162,101,16,16
8394,151,162,105,2,2
8395,151,162,108,2,2
8396,151,162,109,2,2
8397,151,163,81,11,11
8398,151,163,82,8,8
8399,151,163,83,8,8
8400,151,163,84,8,8
8401,151,163,85,8,8
8402,151,163,86,8,8
8403,151,163,87,16,16
8404,151,163,88,16,16
8405,151,163,89,16,16
8406,151,163,90,16,16
8407,151,163,91,16,16
8408,151,163,92,16,16
8409,151,163,93,5,5
8410,151,163,94,5,5
8411,151,163,95,5,5
8412,151,163,96,5,5
8413,151,163,97,5,5
8414,151,163,98,5,5
8415,151,163,99,5,5
8416,151,163,100,16,16
8417,151,163,101,16,16
8418,151,163,103,16,16
8419,151,163,104,2,2
8420,151,163,105,2,2
8421,151,163,106,7,7
8422,151,163,108,2,2
8423,151,163,109,2,2
8424,151,163,110,2,2
8425,151,164,82,8,8
8426,151,164,83,8,8
8427,151,164,84,8,8
8428,151,164,85,8,8
8429,151,164,86,8,8
8430,151,164,87,16,16
8431,151,164,88,16,16
8432,151,164,89,16,16
8433,151,164,90,16,16
8434,151,164,91,16,16
8435,151,164,92,16,16
8436,151,164,93,5,5
8437,151,164,94,5,5
8438,151,164,95,5,5
8439,151,164,96,5,5
8440,151,164,97,5,5
8441,151,164,98,5,5
8442,151,164,99,5,5
8443,151,164,100,5,5
8444,151,164,101,16,16
8445,151,164,102,2,2
8446,151,164,104,2,2
8447,151,164,105,2,2
8448,151,164,106,7,7
8449,151,164,108,7,7
8450,151,164,109,2,2
8451,151,164,110,2,2
8452,151,165,83,8,8
8453,151,165,84,8,8
8454,151,165,85,8,8
8455,151,165,86,8,8
8456,151,165,87,16,16
8457,151,165,88,16,16
8458,151,165,89,16,16
8459,151,165,90,16,16
8460,151,165,91,16,16
8461,151,165,92,16,16
8462,151,165,93,5,5
8463,151,165,94,5,5
8464,151,165,95,5,5
8465,151,165,96,5,5
8466,151,165,97,5,5
8467,151,165,98,5,5
8468,151,165,99,5,5
8469,151,165,100,16,16
8470,151,165,101,16,16
8471,151,165,102,16,16
8472,151,165,105,2,2
8473,151,165,106,7,7
8474,151,166,83,8,8
8475,151,166,84,8,8
8476,151,166,85,8,8
8477,151,166,86,8,8
8478,151,166,87,16,16
8479,151,166,88,16,16
8480,151,166,89,16,16
8481,151,166,90,16,16
8482,151,166,91,16,16
8483,151,166,92,16,16
8484,151,166,93,5,5
8485,151,166,94,5,5
8486,151,166,95,5,5
8487,151,166,96,5,5
8488,151,166,97,5,5
8489,151,166,98,5,5
8490,151,166,99,5,5
8491,151,166,100,16,16
8492,151,166,101,16,16
8493,151,166,102,16,16
8494,151,166,104,16,16
8495,151,167,83,8,8
8496,151,167,84,8,8
8497,151,167,85,8,8
8498,151,167,86,8,8
8499,151,167,87,16,16
8500,151,167,88,16,16
8501,151,167,89,16,16
8502,151,167,90,16,16
8503,151,167,91,16,16
8504,151,167,92,16,16
8505,151,167,93,16,16
8506,151,167,94,5,5
8507,151,167,95,5,5
8508,151,167,96,16,16
8509,151,167,97,16,16
8510,151,167,98,5,5
8511,151,167,99,16,16
8512,151,167,100,16,16
8513,151,168,85,8,8
8514,151,168,86,8,8
8515,151,168,87,16,16
8516,151,168,88,16,16
8517,151,168,89,16,16
8518,151,168,90,16,16
8519,151,168,91,16,16
8520,151,168,92,16,16
8521,151,168,93,16,16
8522,151,168,94,16,16
8523,151,168,95,16,16
8524,151,168,96,16,16
8525,151,168,97,16,16
8526,151,168,98,16,16
8527,151,168,99,16,16
8528,151,168,100,16,16
8529,151,169,85,8,8
8530,151,169,87,16,16
8531,151,169,89,16,16
8532,151,169,90,16,16
8533,151,169,91,16,16
8534,151,169,92,16,16
8535,151,169,93,16,16
8536,151,169,94,16,16
8537,151,169,95,16,16
8538,151,169,96,16,16
8539,151,169,97,16,16
8540,151,169,98,16,16
8541,151,169,99,16,16
8542,151,169,100,16,16
8543,151,170,89,16,16
8544,151,170,90,16,16
8545,151,170,91,16,16
8546,151,170,92,16,16
8547,151,170,93,16,16
8548,151,170,94,16,16
8549,151,170,95,16,16
8550,151,170,96,16,16
8551,151,170,97,16,16
8552,151,171,90,16,16
8553,151,171,91,16,16
8554,151,171,92,16,16
8555,151,171,93,16,16
8556,151,171,94,16,16
8557,151,171,95,16,16
8558,151,172,91,16,16
8559,151,172,92,16,16
8560,151,172,93,16,16
8561,151,172,94,16,16
8562,152,146,93,11,11
8563,152,146,94,11,11
8564,152,146,95,11,11
8565,152,146,96,11,11
8566,152,147,93,11,11
8567,152,147,94,11,11
8568,152,147,95,11,11
8569,152,147,96,11,11
8570,152,147,97,11,11
8571,152,147,98,11,11
8572,152,148,92,11,11
8573,152,148,93,11,11
8574,152,148,94,11,11
8575,152,148,95,11,11
8576,152,148,96,11,11
8577,152,148,97,11,11
8578,152,148,98,11,11
8579,152,149,90,11,11
8580,152,149,91,11,11
8581,152,149,92,11,11
8582,152,149,93,11,11
8583,152,149,94,3,3
8584,152,149,95,3,3
8585,152,149,96,11,11
8586,152,149,97,11,11
8587,152,149,98,11,11
8588,152,150,89,11,11
8589,152,150,90,11,11
8590,152,150,91,11,11
8591,152,150,92,11,11
8592,152,150,93,11,11
8593,152,150,94,3,3
8594,152,150,95,3,3
8595,152,150,96,11,11
8596,152,150,97,11,11
8597,152,150,98,11,11
8598,152,151,89,11,11
8599,152,151,90,11,11
8600,152,151,91,11,11
8601,152,151,92,11,11
8602,152,151,93,3,3
8603,152,151,94,3,3
8604,152,151,95,11,11
8605,152,151,96,11,11
8606,152,151,97,11,11
8607,152,151,98,11,11
8608,152,152,89,11,11
8609,152,152,90,11,11
8610,152,152,91,11,11
8611,152,152,92,3,3
8612,152,152,93,3,3
8613,152,152,94,3,3
8614,152,152,95,3,3
8615,152,152,96,3,3
8616,152,152,97,3,3
8617,152,152,98,3,3
8618,152,153,87,11,11
8619,152,153,88,11,11
8620,152,153,89,11,11
8621,152,153,90,11,11
8622,152,153,91,3,3
8623,152,153,92,3,3
8624,152,153,93,3,3
8625,152,153,94,3,3
8626,152,153,95,3,3
8627,152,153,96,3,3
8628,152,153,97,3,3
8629,152,153,98,3,3
8630,152,154,87,11,11
8631,152,154,88,11,11
8632,152,154,89,11,11
8633,152,154,90,3,3
8634,152,154,91,3,3
8635,152,154,92,3,3
8636,152,154,93,3,3
8637,152,154,94,8,8
8638,152,154,95,3,3
8639,152,154,96,3,3
8640,152,154,97,3,3
8641,152,154,98,3,3
8642,152,155,86,11,11
8643,152,155,87,11,11
8644,152,155,88,11,11
8645,152,155,89,11,11
8646,152,155,90,3,3
8647,152,155,91,3,3
8648,152,155,92,3,3
8649,152,155,93,3,3
8650,152,155,94,8,8
8651,152,155,95,3,3
8652,152,155,96,3,3
8653,152,155,97,3,3
8654,152,156,85,11,11
8655,152,156,86,11,11
8656,152,156,87,11,11
8657,152,156,88,11,11
8658,152,156,89,8,8
8659,152,156,90,3,3
8660,152,156,91,3,3
8661,152,156,92,3,3
8662,152,156,93,3,3
8663,152,156,94,8,8
8664,152,156,95,8,8
8665,152,156,96,3,3
8666,152,157,84,11,11
8667,152,157,85,11,11
8668,152,157,86,11,11
8669,152,157,87,11,11
8670,152,157,88,8,8
8671,152,157,89,8,8
8672,152,157,90,3,3
8673,152,157,91,3,3
8674,152,157,92,3,3
8675,152,157,93,3,3
8676,152,157,94,8,8
8677,152,157,95,8,8
8678,152,157,96,8,8
8679,152,158,84,11,11
8680,152,158,85,11,11
8681,152,158,86,11,11
8682,152,158,87,8,8
8683,152,158,88,8,8
8684,152,158,89,8,8
8685,152,158,90,8,8
8686,152,158,91,3,3
8687,152,158,92,3,3
8688,152,158,93,8,8
8689,152,158,94,8,8
8690,152,158,95,8,8
8691,152,158,96,8,8
8692,152,159,83,11,11
8693,152,159,84,11,11
8694,152,159,85,11,11
8695,152,159,86,11,11
8696,152,159,87,8,8
8697,152,159,88,8,8
8698,152,159,89,8,8
8699,152,159,90,8,8
8700,152,159,91,8,8
8701,152,159,92,8,8
8702,152,159,93,16,16
8703,152,159,94,16,16
8704,152,159,95,16,16
8705,152,159,96,16,16
8706,152,159,99,16,16
8707,152,159,100,16,16
8708,152,160,82,11,11
8709,152,160,83,11,11
8710,152,160,84,11,11
8711,152,160,85,11,11
8712,152,160,86,8,8
8713,152,160,87,8,8
8714,152,160,88,8,8
8715,152,160,89,8,8
8716,152,160,90,8,8
8717,152,160,91,16,16
8718,152,160,92,16,16
8719,152,160,93,5,5
8720,152,160,94,5,5
8721,152,160,95,5,5
8722,152,160,96,5,5
8723,152,160,97,5,5
8724,152,160,98,16,16
8725,152,160,99,16,16
8726,152,160,100,16,16
8727,152,160,101,16,16
8728,152,160,102,16,16
8729,152,161,82,11,11
8730,152,161,83,11,11
8731,152,161,84,11,11
8732,152,161,85,8,8
8733,152,161,86,8,8
8734,152,161,87,8,8
8735,152,161,88,8,8
8736,152,161,89,8,8
8737,152,161,90,8,8
8738,152,161,91,16,16
8739,152,161,92,5,5
8740,152,161,93,5,5
8741,152,161,94,5,5
8742,152,161,95,5,5
8743,152,161,96,5,5
8744,152,161,97,5,5
8745,152,161,98,5,5
8746,152,161,99,5,5
8747,152,161,100,16,16
8748,152,161,101,16,16
8749,152,161,102,16,16
8750,152,161,103,16,16
8751,152,161,105,2,2
8752,152,162,82,8,8
8753,152,162,83,8,8
8754,152,162,84,8,8
8755,152,162,85,8,8
8756,152,162,86,8,8
8757,152,162,87,16,16
8758,152,162,88,16,16
8759,152,162,89,16,16
8760,152,162,90,16,16
8761,152,162,91,5,5
8762,152,162,92,5,5
8763,152,162,93,5,5
8764,152,162,94,5,5
8765,152,162,95,15,15
8766,152,162,96,15,15
8767,152,162,97,15,15
8768,152,162,98,5,5
8769,152,162,99,5,5
8770,152,162,100,5,5
8771,152,162,101,16,16
8772,152,162,102,16,16
8773,152,162,103,16,16
8774,152,162,105,2,2
8775,152,162,107,7,7
8776,152,162,108,2,2
8777,152,162,109,2,2
8778,152,162,110,2,2
8779,152,163,82,8,8
8780,152,163,83,8,8
8781,152,163,84,8,8
8782,152,163,85,8,8
8783,152,163,86,8,8
8784,152,163,87,16,16
8785,152,163,88,16,16
8786,152,163,89,16,16
8787,152,163,90,16,16
8788,152,163,91,5,5
8789,152,163,92,5,5
8790,152,163,93,5,5
8791,152,163,94,5,5
8792,152,163,95,15,15
8793,152,163,96,15,15
8794,152,163,97,15,15
8795,152,163,98,5,5
8796,152,163,99,5,5
8797,152,163,100,5,5
8798,152,163,101,5,5
8799,152,163,102,5,5
8800,152,163,103,16,16
8801,152,163,104,16,16
8802,152,163,105,2,2
8803,152,163,106,2,2
8804,152,163,107,7,7
8805,152,163,108,2,2
8806,152,163,109,2,2
8807,152,163,110,2,2
8808,152,164,83,8,8
8809,152,164,84,8,8
8810,152,164,85,8,8
8811,152,164,86,8,8
8812,152,164,87,16,16
8813,152,164,88,16,16
8814,152,164,89,16,16
8815,152,164,90,16,16
8816,152,164,91,5,5
8817,152,164,92,5,5
8818,152,164,93,5,5
8819,152,164,94,5,5
8820,152,164,95,5,5
8821,152,164,96,15,15
8822,152,164,97,15,15
8823,152,164,98,5,5
8824,152,164,99,5,5
8825,152,164,100,5,5
8826,152,164,101,5,5
8827,152,164,102,5,5
8828,152,164,103,5,5
8829,152,164,104,16,16
8830,152,164,105,2,2
8831,152,164,106,2,2
8832,152,164,107,7,7
8833,152,164,108,2,2
8834,152,164,109,2,2
8835,152,164,110,2,2
8836,152,164,111,2,2
8837,152,165,84,8,8
8838,152,165,85,8,8
8839,152,165,86,8,8
8840,152,165,87,16,16
8841,152,165,88,16,16
8842,152,165,89,16,16
8843,152,165,90,16,16
8844,152,165,91,5,5
8845,152,165,92,5,5
8846,152,165,93,5,5
8847,152,165,94,5,5
8848,152,165,95,5,5
8849,152,165,96,5,5
8850,152,165,97,15,15
8851,152,165,98,5,5
8852,152,165,99,15,15
8853,152,165,100,5,5
8854,152,165,101,5,5
8855,152,165,102,5,5
8856,152,165,103,16,16
8857,152,165,104,16,16
8858,152,165,105,2,2
8859,152,165,106,2,2
8860,152,165,107,7,7
8861,152,165,108,7,7
8862,152,165,109,2,2
8863,152,165,110,2,2
8864,152,165,111,2,2
8865,152,166,85,8,8
8866,152,166,86,8,8
8867,152,166,87,16,16
8868,152,166,88,16,16
8869,152,166,89,16,16
8870,152,166,90,16,16
8871,152,166,91,5,5
8872,152,166,92,15,15
8873,152,166,93,15,15
8874,152,166,94,5,5
8875,152,166,95,5,5
8876,152,166,96,5,5
8877,152,166,97,15,15
8878,152,166,98,15,15
8879,152,166,99,15,15
8880,152,166,100,5,5
8881,152,166,101,5,5
8882,152,166,102,16,16
8883,152,166,103,16,16
8884,152,166,104,16,16
8885,152,166,105,16,16
8886,152,166,106,2,2
8887,152,166,107,7,7
8888,152,166,109,7,7
8889,152,166,110,7,7
8890,152,167,84,8,8
8891,152,167,85,8,8
8892,152,167,86,8,8
8893,152,167,87,16,16
8894,152,167,88,16,16
8895,152,167,89,16,16
8896,152,167,90,16,16
8897,152,167,91,8,8
8898,152,167,92,15,15
8899,152,167,93,15,15
8900,152,167,94,15,15
8901,152,167,95,5,5
8902,152,167,96,5,5
8903,152,167,97,15,15
8904,152,167,98,15,15
8905,152,167,99,5,5
8906,152,167,100,5,5
8907,152,167,101,16,16
8908,152,167,102,16,16
8909,152,167,103,16,16
8910,152,167,104,16,16
8911,152,168,85,8,8
8912,152,168,86,16,16
8913,152,168,87,16,16
8914,152,168,88,16,16
8915,152,168,89,16,16
8916,152,168,90,16,16
8917,152,168,91,8,8
8918,152,168,92,5,5
8919,152,168,93,15,15
8920,152,168,94,15,15
8921,152,168,95,5,5
8922,152,168,96,5,5
8923,152,168,97,15,15
8924,152,168,98,15,15
8925,152,168,99,5,5
8926,152,168,100,16,16
8927,152,168,101,16,16
8928,152,168,102,16,16
8929,152,168,103,16,16
8930,152,168,104,16,16
8931,152,169,87,16,16
8932,152,169,88,16,16
8933,152,169,89,16,16
8934,152,169,90,16,16
8935,152,169,91,8,8
8936,152,169,92,16,16
8937,152,169,93,5,5
8938,152,169,94,5,5
8939,152,169,95,5,5
8940,152,169,96,5,5
8941,152,169,97,5,5
8942,152,169,98,16,16
8943,152,169,99,16,16
8944,152,169,100,16,16
8945,152,169,101,16,16
8946,152,169,102,16,16
8947,152,169,103,2,2
8948,152,169,104,16,16
8949,152,170,88,16,16
8950,152,170,89,16,16
8951,152,170,90,16,16
8952,152,170,91,16,16
8953,152,170,92,16,16
8954,152,170,93,5,5
8955,152,170,94,5,5
8956,152,170,95,5,5
8957,152,170,96,16,16
8958,152,170,97,16,16
8959,152,170,98,16,16
8960,152,170,99,16,16
8961,152,170,100,16,16
8962,152,170,101,16,16
8963,152,170,104,16,16
8964,152,171,88,16,16
8965,152,171,89,16,16
8966,152,171,90,16,16
8967,152,171,91,16,16
8968,152,171,92,16,16
8969,152,171,93,16,16
8970,152,171,94,16,16
8971,152,171,95,16,16
8972,152,171,96,16,16
8973,152,171,97,16,16
8974,152,171,98,16,16
8975,152,172,88,16,16
8976,152,172,89,16,16
8977,152,172,90,16,16
8978,152,172,91,16,16
8979,152,172,92,16,16
8980,152,172,93,16,16
8981,152,172,94,16,16
8982,152,172,95,16,16
8983,152,172,96,16,16
8984,152,173,89,16,16
8985,152,173,91,16,16
8986,152,173,92,16,16
8987,152,173,93,16,16
8988,152,173,94,16,16
8989,152,174,91,16,16
8990,152,174,92,16,16
8991,152,174,93,16,16
8992,152,174,104,1,1
8993,152,175,104,1,1
8994,152,175,106,6,6
8995,152,176,101,16,16
8996,152,176,102,16,16
8997,152,177,100,16,16
8998,152,177,101,16,16
8999,152,177,102,16,16
9000,152,178,101,16,16
9001,153,146,93,11,11
9002,153,146,94,11,11
9003,153,146,95,11,11
9004,153,146,96,11,11
9005,153,147,90,11,11
9006,153,147,91,11,11
9007,153,147,92,11,11
9008,153,147,93,11,11
9009,153,147,94,11,11
9010,153,147,95,11,11
9011,153,147,96,11,11
9012,153,147,97,11,11
9013,153,147,98,11,11
9014,153,148,90,11,11
9015,153,148,91,11,11
9016,153,148,92,11,11
9017,153,148,93,11,11
9018,153,148,94,11,11
9019,153,148,95,11,11
9020,153,148,96,11,11
9021,153,148,97,11,11
9022,153,148,98,11,11
9023,153,149,90,11,11
9024,153,149,91,11,11
9025,153,149,92,11,11
9026,153,149,93,3,3
9027,153,149,94,3,3
9028,153,149,95,3,3
9029,153,149,96,11,11
9030,153,149,97,11,11
9031,153,149,98,11,11
9032,153,150,90,11,11
9033,153,150,91,11,11
9034,153,150,92,11,11
9035,153,150,93,3,3
9036,153,150,94,3,3
9037,153,150,95,11,11
9038,153,150,96,11,11
9039,153,150,97,11,11
9040,153,150,98,3,3
9041,153,151,89,11,11
9042,153,151,90,11,11
9043,153,151,91,11,11
9044,153,151,92,3,3
9045,153,151,93,3,3
9046,153,151,94,11,11
9047,153,151,95,11,11
9048,153,151,96,11,11
9049,153,151,97,11,11
9050,153,151,98,3,3
9051,153,152,89,11,11
9052,153,152,90,11,11
9053,153,152,91,3,3
9054,153,152,92,3,3
9055,153,152,93,3,3
9056,153,152,94,11,11
9057,153,152,95,11,11
9058,153,152,96,3,3
9059,153,152,97,3,3
9060,153,152,98,3,3
9061,153,153,89,11,11
9062,153,153,90,11,11
9063,153,153,91,3,3
9064,153,153,92,3,3
9065,153,153,93,3,3
9066,153,153,94,8,8
9067,153,153,95,3,3
9068,153,153,96,3,3
9069,153,153,97,3,3
9070,153,153,98,3,3
9071,153,154,87,11,11
9072,153,154,88,11,11
9073,153,154,89,11,11
9074,153,154,90,3,3
9075,153,154,91,3,3
9076,153,154,92,3,3
9077,153,154,93,3,3
9078,153,154,94,8,8
9079,153,154,95,3,3
9080,153,154,96,3,3
9081,153,154,97,3,3
9082,153,155,86,11,11
9083,153,155,87,11,11
9084,153,155,88,11,11
9085,153,155,89,3,3
9086,153,155,90,3,3
9087,153,155,91,3,3
9088,153,155,92,3,3
9089,153,155,93,3,3
9090,153,155,94,8,8
9091,153,155,95,3,3
9092,153,155,96,3,3
9093,153,156,85,11,11
9094,153,156,86,11,11
9095,153,156,87,11,11
9096,153,156,88,11,11
9097,153,156,89,8,8
9098,153,156,90,3,3
9099,153,156,91,3,3
9100,153,156,92,3,3
9101,153,156,93,3,3
9102,153,156,94,8,8
9103,153,156,95,8,8
9104,153,156,96,3,3
9105,153,157,85,11,11
9106,153,157,86,11,11
9107,153,157,87,11,11
9108,153,157,88,8,8
9109,153,157,89,8,8
9110,153,157,90,3,3
9111,153,157,91,3,3
9112,153,157,92,3,3
9113,153,157,93,8,8
9114,153,157,94,8,8
9115,153,157,95,8,8
9116,153,157,96,8,8
9117,153,158,84,11,11
9118,153,158,85,11,11
9119,153,158,86,11,11
9120,153,158,87,8,8
9121,153,158,88,8,8
9122,153,158,89,8,8
9123,153,158,90,8,8
9124,153,158,91,3,3
9125,153,158,92,3,3
9126,153,158,93,8,8
9127,153,158,94,8,8
9128,153,158,95,8,8
9129,153,158,96,8,8
9130,153,159,84,11,11
9131,153,159,85,11,11
9132,153,159,86,8,8
9133,153,159,87,8,8
9134,153,159,88,8,8
9135,153,159,89,8,8
9136,153,159,90,8,8
9137,153,159,91,8,8
9138,153,159,92,16,16
9139,153,159,93,16,16
9140,153,159,94,16,16
9141,153,159,95,5,5
9142,153,159,96,5,5
9143,153,159,97,16,16
9144,153,159,98,16,16
9145,153,159,99,16,16
9146,153,159,100,16,16
9147,153,159,101,16,16
9148,153,160,84,8,8
9149,153,160,85,8,8
9150,153,160,86,8,8
9151,153,160,87,8,8
9152,153,160,88,8,8
9153,153,160,89,16,16
9154,153,160,90,16,16
9155,153,160,91,16,16
9156,153,160,92,5,5
9157,153,160,93,5,5
9158,153,160,94,5,5
9159,153,160,95,5,5
9160,153,160,96,5,5
9161,153,160,97,5,5
9162,153,160,98,5,5
9163,153,160,99,5,5
9164,153,160,100,5,5
9165,153,160,101,16,16
9166,153,160,102,16,16
9167,153,160,103,16,16
9168,153,161,84,8,8
9169,153,161,85,8,8
9170,153,161,86,8,8
9171,153,161,87,16,16
9172,153,161,88,16,16
9173,153,161,89,16,16
9174,153,161,90,5,5
9175,153,161,91,5,5
9176,153,161,92,5,5
9177,153,161,93,5,5
9178,153,161,94,5,5
9179,153,161,95,5,5
9180,153,161,96,5,5
9181,153,161,97,5,5
9182,153,161,98,5,5
9183,153,161,99,5,5
9184,153,161,100,5,5
9185,153,161,101,5,5
9186,153,161,102,16,16
9187,153,161,103,16,16
9188,153,161,105,2,2
9189,153,161,108,2,2
9190,153,161,109,2,2
9191,153,162,83,8,8
9192,153,162,84,8,8
9193,153,162,85,8,8
9194,153,162,86,8,8
9195,153,162,87,16,16
9196,153,162,88,16,16
9197,153,162,89,16,16
9198,153,162,90,5,5
9199,153,162,91,5,5
9200,153,162,92,5,5
9201,153,162,93,5,5
9202,153,162,94,5,5
9203,153,162,95,15,15
9204,153,162,96,15,15
9205,153,162,97,5,5
9206,153,162,98,5,5
9207,153,162,99,5,5
9208,153,162,100,5,5
9209,153,162,101,5,5
9210,153,162,102,5,5
9211,153,162,103,16,16
9212,153,162,104,16,16
9213,153,162,105,2,2
9214,153,162,106,2,2
9215,153,162,107,7,7
9216,153,162,108,2,2
9217,153,162,109,2,2
9218,153,162,110,2,2
9219,153,163,83,8,8
9220,153,163,84,8,8
9221,153,163,85,8,8
9222,153,163,86,8,8
9223,153,163,87,16,16
9224,153,163,88,16,16
9225,153,163,89,16,16
9226,153,163,90,5,5
9227,153,163,91,5,5
9228,153,163,92,5,5
9229,153,163,93,15,15
9230,153,163,94,15,15
9231,153,163,95,15,15
9232,153,163,96,15,15
9233,153,163,97,15,15
9234,153,163,98,15,15
9235,153,163,99,5,5
9236,153,163,100,5,5
9237,153,163,101,5,5
9238,153,163,102,5,5
9239,153,163,103,5,5
9240,153,163,104,16,16
9241,153,163,105,2,2
9242,153,163,106,2,2
9243,153,163,107,7,7
9244,153,163,108,2,2
9245,153,163,109,2,2
9246,153,163,110,2,2
9247,153,164,83,8,8
9248,153,164,84,8,8
9249,153,164,85,8,8
9250,153,164,86,8,8
9251,153,164,87,16,16
9252,153,164,88,16,16
9253,153,164,89,8,8
9254,153,164,90,5,5
9255,153,164,91,5,5
9256,153,164,92,5,5
9257,153,164,93,5,5
9258,153,164,94,15,15
9259,153,164,95,5,5
9260,153,164,96,5,5
9261,153,164,97,15,15
9262,153,164,98,5,5
9263,153,164,99,15,15
9264,153,164,100,5,5
9265,153,164,101,15,15
9266,153,164,102,15,15
9267,153,164,103,5,5
9268,153,164,104,16,16
9269,153,164,105,16,16
9270,153,164,106,2,2
9271,153,164,107,2,2
9272,153,164,108,2,2
9273,153,164,109,2,2
9274,153,164,110,2,2
9275,153,164,111,2,2
9276,153,165,84,8,8
9277,153,165,85,8,8
9278,153,165,86,8,8
9279,153,165,87,16,16
9280,153,165,88,16,16
9281,153,165,89,8,8
9282,153,165,90,16,16
9283,153,165,91,5,5
9284,153,165,92,15,15
9285,153,165,93,5,5
9286,153,165,94,5,5
9287,153,165,95,5,5
9288,153,165,96,5,5
9289,153,165,97,15,15
9290,153,165,98,15,15
9291,153,165,99,15,15
9292,153,165,100,5,5
9293,153,165,101,15,15
9294,153,165,102,15,15
9295,153,165,103,2,2
9296,153,165,104,16,16
9297,153,165,105,16,16
9298,153,165,106,16,16
9299,153,165,107,2,2
9300,153,165,108,15,15
9301,153,165,109,2,2
9302,153,165,110,2,2
9303,153,165,111,2,2
9304,153,165,112,2,2
9305,153,166,85,8,8
9306,153,166,86,8,8
9307,153,166,87,16,16
9308,153,166,88,16,16
9309,153,166,89,16,16
9310,153,166,90,8,8
9311,153,166,91,15,15
9312,153,166,92,15,15
9313,153,166,93,15,15
9314,153,166,94,15,15
9315,153,166,95,15,15
9316,153,166,96,15,15
9317,153,166,97,15,15
9318,153,166,98,15,15
9319,153,166,99,15,15
9320,153,166,100,15,15
9321,153,166,101,15,15
9322,153,166,102,15,15
9323,153,166,103,2,2
9324,153,166,104,16,16
9325,153,166,105,16,16
9326,153,166,106,16,16
9327,153,166,107,2,2
9328,153,166,108,7,7
9329,153,166,109,7,7
9330,153,166,110,2,2
9331,153,166,111,2,2
9332,153,166,112,2,2
9333,153,167,84,8,8
9334,153,167,85,8,8
9335,153,167,86,16,16
9336,153,167,87,16,16
9337,153,167,88,16,16
9338,153,167,89,8,8
9339,153,167,90,8,8
9340,153,167,91,15,15
9341,153,167,92,15,15
9342,153,167,93,15,15
9343,153,167,94,15,15
9344,153,167,95,7,7
9345,153,167,96,15,15
9346,153,167,97,15,15
9347,153,167,98,15,15
9348,153,167,99,15,15
9349,153,167,100,5,5
9350,153,167,101,5,5
9351,153,167,102,2,2
9352,153,167,103,16,16
9353,153,167,104,16,16
9354,153,167,105,16,16
9355,153,167,106,2,2
9356,153,167,107,2,2
9357,153,167,108,7,7
9358,153,167,109,7,7
9359,153,167,110,7,7
9360,153,167,111,2,2
9361,153,167,112,2,2
9362,153,167,113,2,2
9363,153,168,87,16,16
9364,153,168,88,16,16
9365,153,168,89,16,16
9366,153,168,90,8,8
9367,153,168,91,15,15
9368,153,168,92,15,15
9369,153,168,93,15,15
9370,153,168,94,15,15
9371,153,168,95,15,15
9372,153,168,96,5,5
9373,153,168,97,15,15
9374,153,168,98,15,15
9375,153,168,99,15,15
9376,153,168,100,5,5
9377,153,168,101,16,16
9378,153,168,102,16,16
9379,153,168,103,16,16
9380,153,168,104,16,16
9381,153,168,105,16,16
9382,153,168,107,2,2
9383,153,168,108,7,7
9384,153,168,110,7,7
9385,153,168,111,7,7
9386,153,168,112,2,2
9387,153,168,113,2,2
9388,153,168,114,2,2
9389,153,169,87,16,16
9390,153,169,88,16,16
9391,153,169,89,16,16
9392,153,169,90,8,8
9393,153,169,91,8,8
9394,153,169,92,15,15
9395,153,169,93,5,5
9396,153,169,94,5,5
9397,153,169,95,5,5
9398,153,169,96,5,5
9399,153,169,97,5,5
9400,153,169,98,15,15
9401,153,169,99,15,15
9402,153,169,100,5,5
9403,153,169,101,16,16
9404,153,169,102,16,16
9405,153,169,103,16,16
9406,153,169,104,16,16
9407,153,169,105,16,16
9408,153,169,106,16,16
9409,153,169,111,7,7
9410,153,169,112,7,7
9411,153,169,113,2,2
9412,153,169,114,2,2
9413,153,170,88,16,16
9414,153,170,89,16,16
9415,153,170,90,8,8
9416,153,170,91,8,8
9417,153,170,92,15,15
9418,153,170,93,5,5
9419,153,170,94,5,5
9420,153,170,95,5,5
9421,153,170,96,5,5
9422,153,170,97,5,5
9423,153,170,98,5,5
9424,153,170,99,5,5
9425,153,170,100,5,5
9426,153,170,101,16,16
9427,153,170,102,16,16
9428,153,170,103,16,16
9429,153,170,104,16,16
9430,153,170,105,16,16
9431,153,170,106,16,16
9432,153,170,114,1,1
9433,153,171,87,16,16
9434,153,171,88,16,16
9435,153,171,89,16,16
9436,153,171,90,16,16
9437,153,171,91,8,8
9438,153,171,92,15,15
9439,153,171,93,5,5
9440,153,171,94,5,5
9441,153,171,95,5,5
9442,153,171,96,14,14
9443,153,171,97,14,14
9444,153,171,98,14,14
9445,153,171,99,5,5
9446,153,171,100,16,16
9447,153,171,101,16,16
9448,153,171,102,16,16
9449,153,171,103,16,16
9450,153,171,104,16,16
9451,153,171,105,16,16
9452,153,171,106,16,16
9453,153,172,87,16,16
9454,153,172,88,16,16
9455,153,172,89,16,16
9456,153,172,90,16,16
9457,153,172,91,16,16
9458,153,172,92,16,16
9459,153,172,93,5,5
9460,153,172,94,16,16
9461,153,172,95,14,14
9462,153,172,96,16,16
9463,153,172,97,16,16
9464,153,172,98,16,16
9465,153,172,99,16,16
9466,153,172,100,16,16
9467,153,172,101,16,16
9468,153,172,102,16,16
9469,153,172,103,16,16
9470,153,172,104,16,16
9471,153,172,105,16,16
9472,153,172,106,16,16
9473,153,173,88,16,16
9474,153,173,89,16,16
9475,153,173,90,16,16
9476,153,173,91,16,16
9477,153,173,92,16,16
9478,153,173,93,16,16
9479,153,173,94,16,16
9480,153,173,95,16,16
9481,153,173,96,16,16
9482,153,173,97,16,16
9483,153,173,98,16,16
9484,153,173,99,16,16
9485,153,173,102,2,2
9486,153,173,103,16,16
9487,153,173,104,16,16
9488,153,173,105,16,16
9489,153,174,88,16,16
9490,153,174,89,16,16
9491,153,174,90,16,16
9492,153,174,91,16,16
9493,153,174,92,16,16
9494,153,174,93,16,16
9495,153,174,94,16,16
9496,153,174,101,16,16
9497,153,174,102,16,16
9498,153,174,103,16,16
9499,153,174,104,16,16
9500,153,174,105,16,16
9501,153,175,92,16,16
9502,153,175,101,16,16
9503,153,175,102,16,16
9504,153,175,103,16,16
9505,153,175,104,16,16
9506,153,175,105,14,14
9507,153,175,106,14,14
9508,153,175,107,7,7
9509,153,176,97,16,16
9510,153,176,99,16,16
9511,153,176,100,16,16
9512,153,176,101,5,5
9513,153,176,102,5,5
9514,153,176,103,5,5
9515,153,176,104,16,16
9516,153,176,105,16,16
9517,153,176,106,14,14
9518,153,176,107,1,1
9519,153,177,97,16,16
9520,153,177,98,16,16
9521,153,177,99,16,16
9522,153,177,100,16,16
9523,153,177,101,16,16
9524,153,177,102,16,16
9525,153,177,103,16,16
9526,153,177,104,16,16
9527,153,177,106,16,16
9528,153,178,97,16,16
9529,153,178,98,16,16
9530,153,178,99,16,16
9531,153,178,100,16,16
9532,153,178,101,16,16
9533,153,178,102,16,16
9534,153,179,100,16,16
9535,153,179,101,16,16
9536,153,179,102,16,16
9537,154,145,96,11,11
9538,154,146,93,11,11
9539,154,146,94,11,11
9540,154,146,95,11,11
9541,154,146,96,11,11
9542,154,146,97,11,11
9543,154,147,90,11,11
9544,154,147,91,11,11
9545,154,147,92,11,11
9546,154,147,93,11,11
9547,154,147,94,11,11
9548,154,147,95,11,11
9549,154,147,96,11,11
9550,154,147,97,11,11
9551,154,147,98,3,3
9552,154,148,90,11,11
9553,154,148,91,11,11
9554,154,148,92,11,11
9555,154,148,93,3,3
9556,154,148,94,11,11
9557,154,148,95,11,11
9558,154,148,96,3,3
9559,154,148,97,3,3
9560,154,148,98,3,3
9561,154,149,90,11,11
9562,154,149,91,11,11
9563,154,149,92,11,11
9564,154,149,93,3,3
9565,154,149,94,3,3
9566,154,149,95,11,11
9567,154,149,96,3,3
9568,154,149,97,3,3
9569,154,149,98,3,3
9570,154,150,90,11,11
9571,154,150,91,11,11
9572,154,150,92,3,3
9573,154,150,93,3,3
9574,154,150,94,3,3
9575,154,150,95,11,11
9576,154,150,96,3,3
9577,154,150,97,3,3
9578,154,150,98,3,3
9579,154,151,89,11,11
9580,154,151,90,11,11
9581,154,151,91,3,3
9582,154,151,92,3,3
9583,154,151,93,3,3
9584,154,151,94,11,11
9585,154,151,95,11,11
9586,154,151,96,3,3
9587,154,151,97,3,3
9588,154,151,98,3,3
9589,154,152,89,11,11
9590,154,152,90,11,11
9591,154,152,91,3,3
9592,154,152,92,3,3
9593,154,152,93,3,3
9594,154,152,94,11,11
9595,154,152,95,11,11
9596,154,152,96,3,3
9597,154,152,97,3,3
9598,154,153,88,11,11
9599,154,153,89,11,11
9600,154,153,90,3,3
9601,154,153,91,3,3
9602,154,153,92,3,3
9603,154,153,93,3,3
9604,154,153,94,3,3
9605,154,153,95,3,3
9606,154,153,96,3,3
9607,154,154,87,11,11
9608,154,154,88,11,11
9609,154,154,89,11,11
9610,154,154,90,3,3
9611,154,154,91,3,3
9612,154,154,92,3,3
9613,154,154,93,3,3
9614,154,154,94,3,3
9615,154,154,95,3,3
9616,154,154,96,3,3
9617,154,155,86,11,11
9618,154,155,87,11,11
9619,154,155,88,11,11
9620,154,155,89,3,3
9621,154,155,90,3,3
9622,154,155,91,3,3
9623,154,155,92,3,3
9624,154,155,93,3,3
9625,154,155,94,8,8
9626,154,155,95,3,3
9627,154,155,96,3,3
9628,154,156,86,11,11
9629,154,156,87,11,11
9630,154,156,88,8,8
9631,154,156,89,3,3
9632,154,156,90,3,3
9633,154,156,91,3,3
9634,154,156,92,3,3
9635,154,156,93,3,3
9636,154,156,94,8,8
9637,154,156,95,8,8
9638,154,156,96,3,3
9639,154,157,85,11,11
9640,154,157,86,11,11
9641,154,157,87,11,11
9642,154,157,88,8,8
9643,154,157,89,3,3
9644,154,157,90,3,3
9645,154,157,91,3,3
9646,154,157,92,3,3
9647,154,157,93,8,8
9648,154,157,94,8,8
9649,154,157,95,16,16
9650,154,157,96,16,16
9651,154,158,85,11,11
9652,154,158,86,11,11
9653,154,158,87,8,8
9654,154,158,88,8,8
9655,154,158,89,8,8
9656,154,158,90,8,8
9657,154,158,91,8,8
9658,154,158,92,8,8
9659,154,158,93,16,16
9660,154,158,94,16,16
9661,154,158,95,16,16
9662,154,158,96,16,16
9663,154,158,97,16,16
9664,154,158,98,16,16
9665,154,158,99,16,16
9666,154,158,100,16,16
9667,154,158,101,16,16
9668,154,159,85,8,8
9669,154,159,86,8,8
9670,154,159,87,8,8
9671,154,159,88,8,8
9672,154,159,89,8,8
9673,154,159,90,8,8
9674,154,159,91,16,16
9675,154,159,92,16,16
9676,154,159,93,5,5
9677,154,159,94,5,5
9678,154,159,95,5,5
9679,154,159,96,5,5
9680,154,159,97,5,5
9681,154,159,98,5,5
9682,154,159,99,5,5
9683,154,159,100,5,5
9684,154,159,101,16,16
9685,154,159,102,16,16
9686,154,160,85,8,8
9687,154,160,86,8,8
9688,154,160,87,8,8
9689,154,160,88,8,8
9690,154,160,89,8,8
9691,154,160,90,16,16
9692,154,160,91,5,5
9693,154,160,92,5,5
9694,154,160,93,5,5
9695,154,160,94,5,5
9696,154,160,95,15,15
9697,154,160,96,5,5
9698,154,160,97,5,5
9699,154,160,98,5,5
9700,154,160,99,5,5
9701,154,160,100,5,5
9702,154,160,101,5,5
9703,154,160,102,16,16
9704,154,160,103,16,16
9705,154,160,105,2,2
9706,154,161,84,8,8
9707,154,161,85,8,8
9708,154,161,86,8,8
9709,154,161,87,16,16
9710,154,161,88,16,16
9711,154,161,89,16,16
9712,154,161,90,5,5
9713,154,161,91,5,5
9714,154,161,92,5,5
9715,154,161,93,5,5
9716,154,161,94,5,5
9717,154,161,95,5,5
9718,154,161,96,5,5
9719,154,161,97,5,5
9720,154,161,98,5,5
9721,154,161,99,5,5
9722,154,161,100,5,5
9723,154,161,101,5,5
9724,154,161,102,5,5
9725,154,161,103,16,16
9726,154,161,104,16,16
9727,154,161,105,2,2
9728,154,161,107,7,7
9729,154,161,108,7,7
9730,154,161,109,2,2
9731,154,162,83,8,8
9732,154,162,84,8,8
9733,154,162,85,8,8
9734,154,162,86,8,8
9735,154,162,87,16,16
9736,154,162,88,16,16
9737,154,162,89,16,16
9738,154,162,90,5,5
9739,154,162,91,15,15
9740,154,162,92,5,5
9741,154,162,93,5,5
9742,154,162,94,5,5
9743,154,162,95,5,5
9744,154,162,96,5,5
9745,154,162,97,5,5
9746,154,162,98,5,5
9747,154,162,99,5,5
9748,154,162,100,5,5
9749,154,162,101,5,5
9750,154,162,102,5,5
9751,154,162,103,16,16
9752,154,162,104,16,16
9753,154,162,105,2,2
9754,154,162,106,2,2
9755,154,162,107,7,7
9756,154,162,108,7,7
9757,154,162,109,2,2
9758,154,162,110,2,2
9759,154,163,83,8,8
9760,154,163,84,8,8
9761,154,163,85,8,8
9762,154,163,86,16,16
9763,154,163,87,16,16
9764,154,163,88,16,16
9765,154,163,89,16,16
9766,154,163,90,5,5
9767,154,163,91,15,15
9768,154,163,92,15,15
9769,154,163,93,15,15
9770,154,163,94,5,5
9771,154,163,95,5,5
9772,154,163,96,5,5
9773,154,163,97,5,5
9774,154,163,98,5,5
9775,154,163,99,5,5
9776,154,163,100,5,5
9777,154,163,101,5,5
9778,154,163,102,5,5
9779,154,163,103,5,5
9780,154,163,104,16,16
9781,154,163,105,16,16
9782,154,163,106,2,2
9783,154,163,107,2,2
9784,154,163,108,7,7
9785,154,163,109,2,2
9786,154,163,110,2,2
9787,154,164,83,8,8
9788,154,164,84,8,8
9789,154,164,85,8,8
9790,154,164,86,16,16
9791,154,164,87,16,16
9792,154,164,88,16,16
9793,154,164,89,8,8
9794,154,164,90,5,5
9795,154,164,91,15,15
9796,154,164,92,15,15
9797,154,164,93,15,15
9798,154,164,94,15,15
9799,154,164,95,15,15
9800,154,164,96,5,5
9801,154,164,97,5,5
9802,154,164,98,5,5
9803,154,164,99,5,5
9804,154,164,100,5,5
9805,154,164,101,5,5
9806,154,164,102,15,15
9807,154,164,103,2,2
9808,154,164,104,16,16
9809,154,164,105,16,16
9810,154,164,106,2,2
9811,154,164,107,2,2
9812,154,164,108,2,2
9813,154,164,109,2,2
9814,154,164,110,2,2
9815,154,164,111,2,2
9816,154,165,84,8,8
9817,154,165,85,8,8
9818,154,165,86,8,8
9819,154,165,87,16,16
9820,154,165,88,16,16
9821,154,165,89,8,8
9822,154,165,90,15,15
9823,154,165,91,15,15
9824,154,165,92,15,15
9825,154,165,93,15,15
9826,154,165,94,15,15
9827,154,165,95,15,15
9828,154,165,96,15,15
9829,154,165,97,15,15
9830,154,165,98,15,15
9831,154,165,99,15,15
9832,154,165,100,5,5
9833,154,165,101,15,15
9834,154,165,102,15,15
9835,154,165,103,5,5
9836,154,165,104,16,16
9837,154,165,105,16,16
9838,154,165,106,16,16
9839,154,165,107,2,2
9840,154,165,108,2,2
9841,154,165,109,2,2
9842,154,165,110,2,2
9843,154,165,111,2,2
9844,154,166,85,8,8
9845,154,166,86,8,8
9846,154,166,87,16,16
9847,154,166,88,16,16
9848,154,166,89,8,8
9849,154,166,90,8,8
9850,154,166,91,15,15
9851,154,166,92,15,15
9852,154,166,93,15,15
9853,154,166,94,15,15
9854,154,166,95,15,15
9855,154,166,96,15,15
9856,154,166,97,15,15
9857,154,166,98,15,15
9858,154,166,99,15,15
9859,154,166,100,5,5
9860,154,166,101,15,15
9861,154,166,102,5,5
9862,154,166,103,5,5
9863,154,166,104,16,16
9864,154,166,105,16,16
9865,154,166,106,16,16
9866,154,166,107,2,2
9867,154,166,108,2,2
9868,154,166,109,2,2
9869,154,166,110,2,2
9870,154,166,111,2,2
9871,154,166,112,2,2
9872,154,166,113,2,2
9873,154,166,114,2,2
9874,154,167,84,8,8
9875,154,167,85,16,16
9876,154,167,86,16,16
9877,154,167,87,16,16
9878,154,167,88,16,16
9879,154,167,89,16,16
9880,154,167,90,8,8
9881,154,167,91,15,15
9882,154,167,92,15,15
9883,154,167,93,15,15
9884,154,167,94,15,15
9885,154,167,95,15,15
9886,154,167,96,15,15
9887,154,167,97,15,15
9888,154,167,98,15,15
9889,154,167,99,15,15
9890,154,167,100,5,5
9891,154,167,101,5,5
9892,154,167,102,5,5
9893,154,167,103,16,16
9894,154,167,104,16,16
9895,154,167,105,16,16
9896,154,167,106,16,16
9897,154,167,107,16,16
9898,154,167,108,2,2
9899,154,167,109,7,7
9900,154,167,110,7,7
9901,154,167,111,2,2
9902,154,167,112,2,2
9903,154,167,113,2,2
9904,154,167,114,2,2
9905,154,168,86,16,16
9906,154,168,87,16,16
9907,154,168,88,16,16
9908,154,168,89,16,16
9909,154,168,90,8,8
9910,154,168,91,15,15
9911,154,168,92,15,15
9912,154,168,93,15,15
9913,154,168,94,15,15
9914,154,168,95,15,15
9915,154,168,96,15,15
9916,154,168,97,15,15
9917,154,168,98,15,15
9918,154,168,99,5,5
9919,154,168,100,5,5
9920,154,168,101,15,15
9921,154,168,102,16,16
9922,154,168,103,16,16
9923,154,168,104,16,16
9924,154,168,105,16,16
9925,154,168,106,16,16
9926,154,168,107,2,2
9927,154,168,108,2,2
9928,154,168,109,7,7
9929,154,168,110,7,7
9930,154,168,111,2,2
9931,154,168,112,2,2
9932,154,168,113,2,2
9933,154,168,114,2,2
9934,154,169,86,16,16
9935,154,169,87,16,16
9936,154,169,88,16,16
9937,154,169,89,16,16
9938,154,169,90,8,8
9939,154,169,91,15,15
9940,154,169,92,15,15
9941,154,169,93,15,15
9942,154,169,94,15,15
9943,154,169,95,15,15
9944,154,169,96,5,5
9945,154,169,97,5,5
9946,154,169,98,15,15
9947,154,169,99,15,15
9948,154,169,100,15,15
9949,154,169,101,15,15
9950,154,169,102,5,5
9951,154,169,103,16,16
9952,154,169,104,16,16
9953,154,169,105,16,16
9954,154,169,106,16,16
9955,154,169,107,16,16
9956,154,169,108,2,2
9957,154,169,109,7,7
9958,154,169,110,7,7
9959,154,169,111,7,7
9960,154,169,112,2,2
9961,154,169,113,2,2
9962,154,169,114,2,2
9963,154,170,87,16,16
9964,154,170,88,16,16
9965,154,170,89,16,16
9966,154,170,90,8,8
9967,154,170,91,15,15
9968,154,170,92,15,15
9969,154,170,93,15,15
9970,154,170,94,15,15
9971,154,170,95,5,5
9972,154,170,96,5,5
9973,154,170,97,5,5
9974,154,170,98,15,15
9975,154,170,99,15,15
9976,154,170,100,15,15
9977,154,170,101,15,15
9978,154,170,102,15,15
9979,154,170,103,5,5
9980,154,170,104,5,5
9981,154,170,105,16,16
9982,154,170,106,16,16
9983,154,170,107,16,16
9984,154,170,108,16,16
9985,154,170,109,7,7
9986,154,170,110,7,7
9987,154,170,113,1,1
9988,154,170,114,2,2
9989,154,171,87,16,16
9990,154,171,88,16,16
9991,154,171,89,16,16
9992,154,171,90,8,8
9993,154,171,91,15,15
9994,154,171,92,15,15
9995,154,171,93,15,15
9996,154,171,94,5,5
9997,154,171,95,5,5
9998,154,171,96,5,5
9999,154,171,97,5,5
10000,154,171,98,5,5
10001,154,171,99,5,5
10002,154,171,100,5,5
10003,154,171,101,5,5
10004,154,171,102,5,5
10005,154,171,103,5,5
10006,154,171,104,5,5
10007,154,171,105,16,16
10008,154,171,106,16,16
10009,154,171,107,16,16
10010,154,171,113,7,7
10011,154,172,87,16,16
10012,154,172,88,16,16
10013,154,172,89,16,16
10014,154,172,90,16,16
10015,154,172,91,8,8
10016,154,172,92,15,15
10017,154,172,93,5,5
10018,154,172,94,5,5
10019,154,172,95,5,5
10020,154,172,96,5,5
10021,154,172,97,5,5
10022,154,172,98,5,5
10023,154,172,99,5,5
10024,154,172,100,5,5
10025,154,172,101,16,16
10026,154,172,102,16,16
10027,154,172,103,16,16
10028,154,172,104,16,16
10029,154,172,105,16,16
10030,154,172,106,16,16
10031,154,172,107,16,16
10032,154,172,108,2,2
10033,154,173,87,16,16
10034,154,173,88,16,16
10035,154,173,89,16,16
10036,154,173,90,16,16
10037,154,173,91,2,2
10038,154,173,92,16,16
10039,154,173,93,5,5
10040,154,173,94,14,14
10041,154,173,95,14,14
10042,154,173,96,14,14
10043,154,173,97,16,16
10044,154,173,98,16,16
10045,154,173,99,16,16
10046,154,173,100,16,16
10047,154,173,101,16,16
10048,154,173,102,16,16
10049,154,173,103,16,16
10050,154,173,104,16,16
10051,154,173,105,16,16
10052,154,173,106,16,16
10053,154,173,107,16,16
10054,154,173,108,1,1
10055,154,173,111,13,13
10056,154,174,88,16,16
10057,154,174,89,16,16
10058,154,174,90,16,16
10059,154,174,91,16,16
10060,154,174,92,16,16
10061,154,174,93,16,16
10062,154,174,94,16,16
10063,154,174,95,16,16
10064,154,174,96,16,16
10065,154,174,97,16,16
10066,154,174,98,16,16
10067,154,174,99,16,16
10068,154,174,100,16,16
10069,154,174,101,16,16
10070,154,174,102,16,16
10071,154,174,103,16,16
10072,154,174,104,16,16
10073,154,174,105,16,16
10074,154,174,106,16,16
10075,154,174,107,16,16
10076,154,174,108,7,7
10077,154,174,109,7,7
10078,154,174,110,13,13
10079,154,174,111,13,13
10080,154,174,112,13,13
10081,154,175,88,16,16
10082,154,175,89,16,16
10083,154,175,90,16,16
10084,154,175,91,16,16
10085,154,175,92,16,16
10086,154,175,93,16,16
10087,154,175,94,16,16
10088,154,175,95,16,16
10089,154,175,97,16,16
10090,154,175,98,16,16
10091,154,175,99,16,16
10092,154,175,101,16,16
10093,154,175,102,16,16
10094,154,175,103,16,16
10095,154,175,104,2,2
10096,154,175,105,2,2
10097,154,175,106,16,16
10098,154,175,107,14,14
10099,154,175,108,7,7
10100,154,175,109,7,7
10101,154,175,110,13,13
10102,154,175,111,13,13
10103,154,175,112,13,13
10104,154,176,92,16,16
10105,154,176,93,16,16
10106,154,176,97,16,16
10107,154,176,98,16,16
10108,154,176,99,16,16
10109,154,176,100,16,16
10110,154,176,101,16,16
10111,154,176,102,16,16
10112,154,176,103,16,16
10113,154,176,104,2,2
10114,154,176,105,16,16
10115,154,176,106,16,16
10116,154,176,107,14,14
10117,154,176,108,7,7
10118,154,176,109,7,7
10119,154,176,110,13,13
10120,154,176,111,13,13
10121,154,176,112,13,13
10122,154,176,113,13,13
10123,154,177,96,16,16
10124,154,177,97,16,16
10125,154,177,98,16,16
10126,154,177,99,16,16
10127,154,177,100,16,16
10128,154,177,101,16,16
10129,154,177,102,16,16
10130,154,177,103,16,16
10131,154,177,104,16,16
10132,154,177,105,16,16
10133,154,177,106,16,16
10134,154,177,107,16,16
10135,154,177,108,7,7
10136,154,177,109,7,7
10137,154,177,111,13,13
10138,154,177,112,13,13
10139,154,177,113,13,13
10140,154,178,95,16,16
10141,154,178,96,16,16
10142,154,178,97,16,16
10143,154,178,98,16,16
10144,154,178,99,16,16
10145,154,178,100,16,16
10146,154,178,101,16,16
10147,154,178,102,16,16
10148,154,178,103,16,16
10149,154,178,104,16,16
10150,154,178,105,16,16
10151,154,178,106,16,16
10152,154,178,107,16,16
10153,154,179,96,16,16
10154,154,179,97,16,16
10155,154,179,98,16,16
10156,154,179,99,16,16
10157,154,179,100,16,16
10158,154,179,101,16,16
10159,154,179,102,16,16
10160,154,179,103,16,16
10161,154,179,105,16,16
10162,154,180,100,16,16
10163,154,180,101,16,16
10164,154,180,102,16,16
10165,154,181,101,16,16
10166,154,182,101,16,16
10167,155,145,96,11,11
10168,155,146,96,11,11
10169,155,146,97,11,11
10170,155,147,90,11,11
10171,155,147,91,11,11
10172,155,147,92,11,11
10173,155,147,93,11,11
10174,155,147,94,11,11
10175,155,147,95,11,11
10176,155,147,96,3,3
10177,155,147,97,3,3
10178,155,147,98,3,3
10179,155,148,90,11,11
10180,155,148,91,11,11
10181,155,148,92,3,3
10182,155,148,93,3,3
10183,155,148,94,11,11
10184,155,148,95,11,11
10185,155,148,96,3,3
10186,155,148,97,3,3
10187,155,148,98,3,3
10188,155,149,90,11,11
10189,155,149,91,3,3
10190,155,149,92,3,3
10191,155,149,93,3,3
10192,155,149,94,3,3
10193,155,149,95,11,11
10194,155,149,96,3,3
10195,155,149,97,3,3
10196,155,149,98,3,3
10197,155,150,90,11,11
10198,155,150,91,3,3
10199,155,150,92,3,3
10200,155,150,93,3,3
10201,155,150,94,3,3
10202,155,150,95,11,11
10203,155,150,96,3,3
10204,155,150,97,3,3
10205,155,150,98,3,3
10206,155,151,89,11,11
10207,155,151,90,11,11
10208,155,151,91,3,3
10209,155,151,92,3,3
10210,155,151,93,3,3
10211,155,151,94,11,11
10212,155,151,95,11,11
10213,155,151,96,3,3
10214,155,151,97,3,3
10215,155,151,98,3,3
10216,155,152,89,11,11
10217,155,152,90,3,3
10218,155,152,91,3,3
10219,155,152,92,3,3
10220,155,152,93,3,3
10221,155,152,94,11,11
10222,155,152,95,11,11
10223,155,152,96,3,3
10224,155,152,97,3,3
10225,155,153,88,11,11
10226,155,153,89,11,11
10227,155,153,90,3,3
10228,155,153,91,3,3
10229,155,153,92,3,3
10230,155,153,93,3,3
10231,155,153,94,3,3
10232,155,153,95,3,3
10233,155,153,96,3,3
10234,155,154,87,11,11
10235,155,154,88,11,11
10236,155,154,89,11,11
10237,155,154,90,3,3
10238,155,154,91,3,3
10239,155,154,92,3,3
10240,155,154,93,3,3
10241,155,154,94,3,3
10242,155,154,95,3,3
10243,155,154,96,3,3
10244,155,155,86,11,11
10245,155,155,87,11,11
10246,155,155,88,11,11
10247,155,155,89,3,3
10248,155,155,90,3,3
10249,155,155,91,3,3
10250,155,155,92,3,3
10251,155,155,93,3,3
10252,155,155,94,8,8
10253,155,155,95,3,3
10254,155,155,96,3,3
10255,155,156,86,11,11
10256,155,156,87,11,11
10257,155,156,88,11,11
10258,155,156,89,3,3
10259,155,156,90,3,3
10260,155,156,91,3,3
10261,155,156,92,3,3
10262,155,156,93,3,3
10263,155,156,94,8,8
10264,155,156,95,8,8
10265,155,156,96,3,3
10266,155,157,86,11,11
10267,155,157,87,11,11
10268,155,157,88,3,3
10269,155,157,89,3,3
10270,155,157,90,3,3
10271,155,157,91,3,3
10272,155,157,92,3,3
10273,155,157,93,3,3
10274,155,157,94,16,16
10275,155,157,95,16,16
10276,155,157,96,16,16
10277,155,157,97,16,16
10278,155,158,85,11,11
10279,155,158,86,11,11
10280,155,158,87,8,8
10281,155,158,88,3,3
10282,155,158,89,3,3
10283,155,158,90,3,3
10284,155,158,91,3,3
10285,155,158,92,8,8
10286,155,158,93,16,16
10287,155,158,94,5,5
10288,155,158,95,5,5
10289,155,158,96,5,5
10290,155,158,97,5,5
10291,155,158,98,16,16
10292,155,158,99,16,16
10293,155,158,100,16,16
10294,155,158,101,16,16
10295,155,158,102,16,16
10296,155,159,85,8,8
10297,155,159,86,8,8
10298,155,159,87,8,8
10299,155,159,88,8,8
10300,155,159,89,8,8
10301,155,159,90,16,16
10302,155,159,91,16,16
10303,155,159,92,5,5
10304,155,159,93,5,5
10305,155,159,94,5,5
10306,155,159,95,5,5
10307,155,159,96,5,5
10308,155,159,97,5,5
10309,155,159,98,5,5
10310,155,159,99,5,5
10311,155,159,100,5,5
10312,155,159,101,16,16
10313,155,159,102,16,16
10314,155,159,103,16,16
10315,155,160,85,8,8
10316,155,160,86,8,8
10317,155,160,87,8,8
10318,155,160,88,8,8
10319,155,160,89,8,8
10320,155,160,90,5,5
10321,155,160,91,5,5
10322,155,160,92,5,5
10323,155,160,93,5,5
10324,155,160,94,5,5
10325,155,160,95,5,5
10326,155,160,96,5,5
10327,155,160,97,5,5
10328,155,160,98,5,5
10329,155,160,99,5,5
10330,155,160,100,5,5
10331,155,160,101,5,5
10332,155,160,102,16,16
10333,155,160,103,16,16
10334,155,160,104,16,16
10335,155,160,105,2,2
10336,155,160,106,7,7
10337,155,160,107,7,7
10338,155,160,108,2,2
10339,155,161,85,8,8
10340,155,161,86,8,8
10341,155,161,87,16,16
10342,155,161,88,16,16
10343,155,161,89,16,16
10344,155,161,90,5,5
10345,155,161,91,5,5
10346,155,161,92,5,5
10347,155,161,93,5,5
10348,155,161,94,15,15
10349,155,161,95,5,5
10350,155,161,96,5,5
10351,155,161,97,5,5
10352,155,161,98,5,5
10353,155,161,99,5,5
10354,155,161,100,5,5
10355,155,161,101,15,15
10356,155,161,102,5,5
10357,155,161,103,16,16
10358,155,161,104,16,16
10359,155,161,105,2,2
10360,155,161,106,2,2
10361,155,161,107,7,7
10362,155,161,108,7,7
10363,155,161,109,2,2
10364,155,162,84,8,8
10365,155,162,85,8,8
10366,155,162,86,8,8
10367,155,162,87,16,16
10368,155,162,88,16,16
10369,155,162,89,16,16
10370,155,162,90,5,5
10371,155,162,91,5,5
10372,155,162,92,5,5
10373,155,162,93,5,5
10374,155,162,94,5,5
10375,155,162,95,5,5
10376,155,162,96,5,5
10377,155,162,97,15,15
10378,155,162,98,15,15
10379,155,162,99,5,5
10380,155,162,100,5,5
10381,155,162,101,15,15
10382,155,162,102,15,15
10383,155,162,103,5,5
10384,155,162,104,16,16
10385,155,162,105,16,16
10386,155,162,106,2,2
10387,155,162,107,7,7
10388,155,162,108,7,7
10389,155,162,109,2,2
10390,155,162,110,2,2
10391,155,163,84,8,8
10392,155,163,85,8,8
10393,155,163,86,16,16
10394,155,163,87,16,16
10395,155,163,88,16,16
10396,155,163,89,5,5
10397,155,163,90,5,5
10398,155,163,91,5,5
10399,155,163,92,5,5
10400,155,163,93,5,5
10401,155,163,94,5,5
10402,155,163,95,5,5
10403,155,163,96,5,5
10404,155,163,97,15,15
10405,155,163,98,15,15
10406,155,163,99,15,15
10407,155,163,100,5,5
10408,155,163,101,15,15
10409,155,163,102,5,5
10410,155,163,103,5,5
10411,155,163,104,16,16
10412,155,163,105,16,16
10413,155,163,106,2,2
10414,155,163,107,2,2
10415,155,163,108,2,2
10416,155,163,109,2,2
10417,155,163,110,2,2
10418,155,164,83,8,8
10419,155,164,84,8,8
10420,155,164,85,8,8
10421,155,164,86,16,16
10422,155,164,87,16,16
10423,155,164,88,16,16
10424,155,164,89,5,5
10425,155,164,90,5,5
10426,155,164,91,15,15
10427,155,164,92,15,15
10428,155,164,93,15,15
10429,155,164,94,15,15
10430,155,164,95,15,15
10431,155,164,96,5,5
10432,155,164,97,7,7
10433,155,164,98,15,15
10434,155,164,99,5,5
10435,155,164,100,5,5
10436,155,164,101,5,5
10437,155,164,102,5,5
10438,155,164,103,5,5
10439,155,164,104,5,5
10440,155,164,105,16,16
10441,155,164,106,16,16
10442,155,164,107,2,2
10443,155,164,108,2,2
10444,155,164,109,2,2
10445,155,164,110,2,2
10446,155,164,111,2,2
10447,155,164,112,2,2
10448,155,164,113,2,2
10449,155,165,84,8,8
10450,155,165,85,8,8
10451,155,165,86,16,16
10452,155,165,87,16,16
10453,155,165,88,16,16
10454,155,165,89,5,5
10455,155,165,90,15,15
10456,155,165,91,15,15
10457,155,165,92,15,15
10458,155,165,93,15,15
10459,155,165,94,15,15
10460,155,165,95,7,7
10461,155,165,96,7,7
10462,155,165,97,7,7
10463,155,165,98,7,7
10464,155,165,99,7,7
10465,155,165,100,5,5
10466,155,165,101,5,5
10467,155,165,102,5,5
10468,155,165,103,5,5
10469,155,165,104,5,5
10470,155,165,105,16,16
10471,155,165,106,16,16
10472,155,165,107,16,16
10473,155,165,108,2,2
10474,155,165,109,2,2
10475,155,165,110,2,2
10476,155,165,111,2,2
10477,155,165,112,2,2
10478,155,165,113,2,2
10479,155,165,114,2,2
10480,155,166,85,8,8
10481,155,166,86,16,16
10482,155,166,87,16,16
10483,155,166,88,16,16
10484,155,166,89,15,15
10485,155,166,90,15,15
10486,155,166,91,15,15
10487,155,166,92,15,15
10488,155,166,93,15,15
10489,155,166,94,15,15
10490,155,166,95,7,7
10491,155,166,96,7,7
10492,155,166,97,7,7
10493,155,166,98,7,7
10494,155,166,99,7,7
10495,155,166,100,7,7
10496,155,166,101,15,15
10497,155,166,102,5,5
10498,155,166,103,5,5
10499,155,166,104,16,16
10500,155,166,105,16,16
10501,155,166,106,16,16
10502,155,166,107,16,16
10503,155,166,108,2,2
10504,155,166,109,2,2
10505,155,166,110,2,2
10506,155,166,111,2,2
10507,155,166,112,2,2
10508,155,166,113,2,2
10509,155,166,114,2,2
10510,155,167,86,16,16
10511,155,167,87,16,16
10512,155,167,88,16,16
10513,155,167,89,5,5
10514,155,167,90,15,15
10515,155,167,91,15,15
10516,155,167,92,15,15
10517,155,167,93,15,15
10518,155,167,94,15,15
10519,155,167,95,15,15
10520,155,167,96,7,7
10521,155,167,97,7,7
10522,155,167,98,7,7
10523,155,167,99,7,7
10524,155,167,100,15,15
10525,155,167,101,15,15
10526,155,167,102,5,5
10527,155,167,103,5,5
10528,155,167,104,16,16
10529,155,167,105,16,16
10530,155,167,106,16,16
10531,155,167,107,16,16
10532,155,167,108,16,16
10533,155,167,109,2,2
10534,155,167,110,5,5
10535,155,167,111,2,2
10536,155,167,112,2,2
10537,155,167,113,2,2
10538,155,167,114,2,2
10539,155,168,85,16,16
10540,155,168,86,16,16
10541,155,168,87,16,16
10542,155,168,88,16,16
10543,155,168,89,8,8
10544,155,168,90,15,15
10545,155,168,91,15,15
10546,155,168,92,15,15
10547,155,168,93,15,15
10548,155,168,94,15,15
10549,155,168,95,15,15
10550,155,168,96,7,7
10551,155,168,97,7,7
10552,155,168,98,7,7
10553,155,168,99,5,5
10554,155,168,100,15,15
10555,155,168,101,5,5
10556,155,168,102,5,5
10557,155,168,103,5,5
10558,155,168,104,5,5
10559,155,168,105,16,16
10560,155,168,106,16,16
10561,155,168,107,16,16
10562,155,168,108,16,16
10563,155,168,109,16,16
10564,155,168,110,5,5
10565,155,168,111,2,2
10566,155,168,112,2,2
10567,155,168,113,2,2
10568,155,168,114,2,2
10569,155,169,86,16,16
10570,155,169,87,16,16
10571,155,169,88,16,16
10572,155,169,89,16,16
10573,155,169,90,15,15
10574,155,169,91,15,15
10575,155,169,92,15,15
10576,155,169,93,15,15
10577,155,169,94,15,15
10578,155,169,95,15,15
10579,155,169,96,7,7
10580,155,169,97,7,7
10581,155,169,98,7,7
10582,155,169,99,15,15
10583,155,169,100,5,5
10584,155,169,101,15,15
10585,155,169,102,15,15
10586,155,169,103,5,5
10587,155,169,104,5,5
10588,155,169,105,16,16
10589,155,169,106,16,16
10590,155,169,107,16,16
10591,155,169,108,16,16
10592,155,169,109,16,16
10593,155,169,110,5,5
10594,155,169,111,5,5
10595,155,169,112,2,2
10596,155,169,113,2,2
10597,155,169,114,2,2
10598,155,169,115,2,2
10599,155,170,87,16,16
10600,155,170,88,16,16
10601,155,170,89,16,16
10602,155,170,90,2,2
10603,155,170,91,15,15
10604,155,170,92,15,15
10605,155,170,93,15,15
10606,155,170,94,15,15
10607,155,170,95,15,15
10608,155,170,96,7,7
10609,155,170,97,5,5
10610,155,170,98,15,15
10611,155,170,99,15,15
10612,155,170,100,15,15
10613,155,170,101,15,15
10614,155,170,102,15,15
10615,155,170,103,15,15
10616,155,170,104,5,5
10617,155,170,105,5,5
10618,155,170,106,16,16
10619,155,170,107,16,16
10620,155,170,108,16,16
10621,155,170,109,16,16
10622,155,170,110,5,5
10623,155,170,111,5,5
10624,155,170,112,5,5
10625,155,170,113,2,2
10626,155,170,114,2,2
10627,155,170,115,2,2
10628,155,171,87,16,16
10629,155,171,88,16,16
10630,155,171,89,16,16
10631,155,171,90,16,16
10632,155,171,91,15,15
10633,155,171,92,15,15
10634,155,171,93,15,15
10635,155,171,94,15,15
10636,155,171,95,15,15
10637,155,171,96,5,5
10638,155,171,97,15,15
10639,155,171,98,15,15
10640,155,171,99,15,15
10641,155,171,100,15,15
10642,155,171,101,15,15
10643,155,171,102,15,15
10644,155,171,103,15,15
10645,155,171,104,5,5
10646,155,171,105,5,5
10647,155,171,106,16,16
10648,155,171,107,16,16
10649,155,171,108,16,16
10650,155,171,109,16,16
10651,155,171,110,5,5
10652,155,171,111,5,5
10653,155,171,112,7,7
10654,155,171,113,7,7
10655,155,171,114,7,7
10656,155,172,87,16,16
10657,155,172,88,16,16
10658,155,172,89,16,16
10659,155,172,90,16,16
10660,155,172,91,2,2
10661,155,172,92,15,15
10662,155,172,93,15,15
10663,155,172,94,15,15
10664,155,172,95,5,5
10665,155,172,96,5,5
10666,155,172,97,5,5
10667,155,172,98,5,5
10668,155,172,99,5,5
10669,155,172,100,5,5
10670,155,172,101,5,5
10671,155,172,102,5,5
10672,155,172,103,15,15
10673,155,172,104,5,5
10674,155,172,105,16,16
10675,155,172,106,16,16
10676,155,172,107,16,16
10677,155,172,108,16,16
10678,155,172,109,16,16
10679,155,172,110,5,5
10680,155,172,111,7,7
10681,155,172,112,7,7
10682,155,172,113,7,7
10683,155,173,87,16,16
10684,155,173,88,16,16
10685,155,173,89,16,16
10686,155,173,90,16,16
10687,155,173,91,16,16
10688,155,173,92,15,15
10689,155,173,93,15,15
10690,155,173,94,5,5
10691,155,173,95,5,5
10692,155,173,96,5,5
10693,155,173,97,5,5
10694,155,173,98,5,5
10695,155,173,99,5,5
10696,155,173,100,5,5
10697,155,173,101,5,5
10698,155,173,102,5,5
10699,155,173,103,2,2
10700,155,173,104,2,2
10701,155,173,105,16,16
10702,155,173,106,16,16
10703,155,173,107,16,16
10704,155,173,108,16,16
10705,155,173,109,2,2
10706,155,173,110,7,7
10707,155,173,111,7,7
10708,155,173,112,7,7
10709,155,173,113,13,13
10710,155,174,87,16,16
10711,155,174,88,16,16
10712,155,174,89,16,16
10713,155,174,90,16,16
10714,155,174,91,16,16
10715,155,174,92,16,16
10716,155,174,93,5,5
10717,155,174,94,5,5
10718,155,174,95,14,14
10719,155,174,96,14,14
10720,155,174,97,14,14
10721,155,174,98,16,16
10722,155,174,99,16,16
10723,155,174,100,16,16
10724,155,174,101,16,16
10725,155,174,102,2,2
10726,155,174,103,2,2
10727,155,174,104,16,16
10728,155,174,105,16,16
10729,155,174,106,16,16
10730,155,174,107,16,16
10731,155,174,108,5,5
10732,155,174,109,5,5
10733,155,174,110,7,7
10734,155,174,111,7,7
10735,155,174,112,13,13
10736,155,174,113,13,13
10737,155,175,87,16,16
10738,155,175,88,16,16
10739,155,175,89,16,16
10740,155,175,90,16,16
10741,155,175,91,16,16
10742,155,175,92,16,16
10743,155,175,93,16,16
10744,155,175,94,16,16
10745,155,175,95,16,16
10746,155,175,96,16,16
10747,155,175,97,16,16
10748,155,175,98,16,16
10749,155,175,99,16,16
10750,155,175,100,16,16
10751,155,175,101,16,16
10752,155,175,102,16,16
10753,155,175,103,16,16
10754,155,175,104,16,16
10755,155,175,105,16,16
10756,155,175,106,16,16
10757,155,175,107,16,16
10758,155,175,108,14,14
10759,155,175,109,14,14
10760,155,175,110,7,7
10761,155,175,111,7,7
10762,155,175,112,13,13
10763,155,175,113,13,13
10764,155,176,89,16,16
10765,155,176,90,16,16
10766,155,176,91,16,16
10767,155,176,92,16,16
10768,155,176,93,16,16
10769,155,176,94,16,16
10770,155,176,95,16,16
10771,155,176,96,16,16
10772,155,176,97,2,2
10773,155,176,98,16,16
10774,155,176,99,2,2
10775,155,176,100,16,16
10776,155,176,101,2,2
10777,155,176,102,16,16
10778,155,176,103,16,16
10779,155,176,104,16,16
10780,155,176,105,16,16
10781,155,176,106,16,16
10782,155,176,107,16,16
10783,155,176,108,14,14
10784,155,176,109,14,14
10785,155,176,110,7,7
10786,155,176,111,13,13
10787,155,176,112,13,13
10788,155,176,113,13,13
10789,155,177,90,16,16
10790,155,177,91,16,16
10791,155,177,92,16,16
10792,155,177,93,16,16
10793,155,177,97,16,16
10794,155,177,98,16,16
10795,155,177,99,2,2
10796,155,177,100,2,2
10797,155,177,101,2,2
10798,155,177,102,2,2
10799,155,177,103,16,16
10800,155,177,104,16,16
10801,155,177,105,16,16
10802,155,177,106,16,16
10803,155,177,107,16,16
10804,155,177,108,14,14
10805,155,177,109,7,7
10806,155,177,110,7,7
10807,155,177,111,13,13
10808,155,177,112,13,13
10809,155,177,113,13,13
10810,155,178,91,16,16
10811,155,178,92,16,16
10812,155,178,95,16,16
10813,155,178,96,16,16
10814,155,178,97,16,16
10815,155,178,98,16,16
10816,155,178,99,16,16
10817,155,178,100,2,2
10818,155,178,101,16,16
10819,155,178,102,16,16
10820,155,178,103,16,16
10821,155,178,104,16,16
10822,155,178,105,16,16
10823,155,178,106,16,16
10824,155,178,107,16,16
10825,155,178,108,16,16
10826,155,178,109,7,7
10827,155,178,111,13,13
10828,155,178,112,13,13
10829,155,178,113,9,9
10830,155,179,96,16,16
10831,155,179,97,16,16
10832,155,179,98,16,16
10833,155,179,99,16,16
10834,155,179,100,2,2
10835,155,179,101,16,16
10836,155,179,102,16,16
10837,155,179,103,16,16
10838,155,179,104,16,16
10839,155,179,105,16,16
10840,155,179,106,16,16
10841,155,180,98,16,16
10842,155,180,99,16,16
10843,155,180,100,16,16
10844,155,180,101,16,16
10845,155,180,102,16,16
10846,155,180,103,16,16
10847,155,180,104,16,16
10848,155,180,105,16,16
10849,155,181,99,16,16
10850,155,181,100,16,16
10851,155,181,101,16,16
10852,155,181,102,16,16
10853,155,181,103,16,16
10854,155,181,104,16,16
10855,155,182,100,16,16
10856,155,182,101,16,16
10857,155,183,101,16,16
10858,156,146,94,11,11
10859,156,146,95,11,11
10860,156,146,96,11,11
10861,156,147,91,11,11
10862,156,147,93,11,11
10863,156,147,94,11,11
10864,156,147,95,11,11
10865,156,147,96,3,3
10866,156,147,97,3,3
10867,156,147,98,3,3
10868,156,148,90,11,11
10869,156,148,91,3,3
10870,156,148,92,3,3
10871,156,148,93,3,3
10872,156,148,94,11,11
10873,156,148,95,11,11
10874,156,148,96,3,3
10875,156,148,97,3,3
10876,156,148,98,3,3
10877,156,149,90,3,3
10878,156,149,91,3,3
10879,156,149,92,3,3
10880,156,149,93,3,3
10881,156,149,94,3,3
10882,156,149,95,3,3
10883,156,149,96,3,3
10884,156,149,97,3,3
10885,156,149,98,3,3
10886,156,150,89,11,11
10887,156,150,90,3,3
10888,156,150,91,3,3
10889,156,150,92,3,3
10890,156,150,93,3,3
10891,156,150,94,3,3
10892,156,150,95,3,3
10893,156,150,96,3,3
10894,156,150,97,3,3
10895,156,150,98,3,3
10896,156,151,89,11,11
10897,156,151,90,3,3
10898,156,151,91,3,3
10899,156,151,92,3,3
10900,156,151,93,3,3
10901,156,151,94,3,3
10902,156,151,95,3,3
10903,156,151,96,3,3
10904,156,151,97,3,3
10905,156,151,98,3,3
10906,156,152,88,11,11
10907,156,152,89,3,3
10908,156,152,90,3,3
10909,156,152,91,3,3
10910,156,152,92,3,3
10911,156,152,93,3,3
10912,156,152,94,3,3
10913,156,152,95,3,3
10914,156,152,96,3,3
10915,156,152,97,3,3
10916,156,152,98,3,3
10917,156,153,88,11,11
10918,156,153,89,3,3
10919,156,153,90,3,3
10920,156,153,91,3,3
10921,156,153,92,3,3
10922,156,153,93,3,3
10923,156,153,94,3,3
10924,156,153,95,3,3
10925,156,153,96,3,3
10926,156,153,97,3,3
10927,156,153,98,3,3
10928,156,154,87,11,11
10929,156,154,88,11,11
10930,156,154,89,3,3
10931,156,154,90,3,3
10932,156,154,91,3,3
10933,156,154,92,3,3
10934,156,154,93,3,3
10935,156,154,94,3,3
10936,156,154,95,3,3
10937,156,154,96,3,3
10938,156,155,86,11,11
10939,156,155,87,11,11
10940,156,155,88,11,11
10941,156,155,89,3,3
10942,156,155,90,3,3
10943,156,155,91,3,3
10944,156,155,92,3,3
10945,156,155,93,3,3
10946,156,155,94,3,3
10947,156,155,95,3,3
10948,156,155,96,3,3
10949,156,156,86,11,11
10950,156,156,87,11,11
10951,156,156,88,11,11
10952,156,156,89,3,3
10953,156,156,90,3,3
10954,156,156,91,3,3
10955,156,156,92,3,3
10956,156,156,93,3,3
10957,156,156,94,3,3
10958,156,156,95,16,16
10959,156,156,96,16,16
10960,156,157,86,11,11
10961,156,157,87,11,11
10962,156,157,88,3,3
10963,156,157,89,3,3
10964,156,157,90,3,3
10965,156,157,91,3,3
10966,156,157,92,3,3
10967,156,157,93,3,3
10968,156,157,94,16,16
10969,156,157,95,16,16
10970,156,157,96,16,16
10971,156,157,97,16,16
10972,156,157,98,16,16
10973,156,157,99,16,16
10974,156,157,100,16,16
10975,156,157,101,3,3
10976,156,158,86,11,11
10977,156,158,87,11,11
10978,156,158,88,3,3
10979,156,158,89,3,3
10980,156,158,90,3,3
10981,156,158,91,3,3
10982,156,158,92,16,16
10983,156,158,93,5,5
10984,156,158,94,5,5
10985,156,158,95,5,5
10986,156,158,96,5,5
10987,156,158,97,5,5
10988,156,158,98,5,5
10989,156,158,99,5,5
10990,156,158,100,16,16
10991,156,158,101,16,16
10992,156,158,102,16,16
10993,156,159,86,11,11
10994,156,159,87,8,8
10995,156,159,88,8,8
10996,156,159,89,8,8
10997,156,159,90,16,16
10998,156,159,91,16,16
10999,156,159,92,5,5
11000,156,159,93,5,5
11001,156,159,94,5,5
11002,156,159,95,5,5
11003,156,159,96,5,5
11004,156,159,97,5,5
11005,156,159,98,5,5
11006,156,159,99,5,5
11007,156,159,100,5,5
11008,156,159,101,5,5
11009,156,159,102,16,16
11010,156,159,103,16,16
11011,156,159,104,16,16
11012,156,159,105,2,2
11013,156,160,86,8,8
11014,156,160,87,8,8
11015,156,160,88,8,8
11016,156,160,89,16,16
11017,156,160,90,5,5
11018,156,160,91,5,5
11019,156,160,92,5,5
11020,156,160,93,5,5
11021,156,160,94,5,5
11022,156,160,95,5,5
11023,156,160,96,5,5
11024,156,160,97,5,5
11025,156,160,98,5,5
11026,156,160,99,5,5
11027,156,160,100,15,15
11028,156,160,101,15,15
11029,156,160,102,5,5
11030,156,160,103,16,16
11031,156,160,104,16,16
11032,156,160,105,2,2
11033,156,160,106,2,2
11034,156,160,107,7,7
11035,156,160,108,2,2
11036,156,160,109,2,2
11037,156,161,85,8,8
11038,156,161,86,8,8
11039,156,161,87,16,16
11040,156,161,88,16,16
11041,156,161,89,16,16
11042,156,161,90,5,5
11043,156,161,91,5,5
11044,156,161,92,5,5
11045,156,161,93,5,5
11046,156,161,94,5,5
11047,156,161,95,5,5
11048,156,161,96,15,15
11049,156,161,97,5,5
11050,156,161,98,5,5
11051,156,161,99,5,5
11052,156,161,100,5,5
11053,156,161,101,15,15
11054,156,161,102,15,15
11055,156,161,103,15,15
11056,156,161,104,16,16
11057,156,161,105,16,16
11058,156,161,106,2,2
11059,156,161,107,7,7
11060,156,161,108,7,7
11061,156,161,109,2,2
11062,156,162,84,8,8
11063,156,162,85,8,8
11064,156,162,86,8,8
11065,156,162,87,16,16
11066,156,162,88,16,16
11067,156,162,89,5,5
11068,156,162,90,5,5
11069,156,162,91,5,5
11070,156,162,92,5,5
11071,156,162,93,5,5
11072,156,162,94,15,15
11073,156,162,95,5,5
11074,156,162,96,15,15
11075,156,162,97,15,15
11076,156,162,98,15,15
11077,156,162,99,15,15
11078,156,162,100,5,5
11079,156,162,101,5,5
11080,156,162,102,15,15
11081,156,162,103,5,5
11082,156,162,104,5,5
11083,156,162,105,16,16
11084,156,162,106,2,2
11085,156,162,107,2,2
11086,156,162,108,7,7
11087,156,162,109,2,2
11088,156,162,110,2,2
11089,156,163,84,8,8
11090,156,163,85,8,8
11091,156,163,86,16,16
11092,156,163,87,16,16
11093,156,163,88,16,16
11094,156,163,89,5,5
11095,156,163,90,5,5
11096,156,163,91,5,5
11097,156,163,92,5,5
11098,156,163,93,15,15
11099,156,163,94,15,15
11100,156,163,95,15,15
11101,156,163,96,15,15
11102,156,163,97,15,15
11103,156,163,98,15,15
11104,156,163,99,5,5
11105,156,163,100,5,5
11106,156,163,101,5,5
11107,156,163,102,5,5
11108,156,163,103,5,5
11109,156,163,104,5,5
11110,156,163,105,16,16
11111,156,163,106,2,2
11112,156,163,107,2,2
11113,156,163,108,2,2
11114,156,163,109,2,2
11115,156,163,110,2,2
11116,156,163,111,2,2
11117,156,163,112,2,2
11118,156,163,113,2,2
11119,156,164,84,8,8
11120,156,164,85,8,8
11121,156,164,86,16,16
11122,156,164,87,16,16
11123,156,164,88,5,5
11124,156,164,89,5,5
11125,156,164,90,5,5
11126,156,164,91,15,15
11127,156,164,92,15,15
11128,156,164,93,15,15
11129,156,164,94,15,15
11130,156,164,95,15,15
11131,156,164,96,5,5
11132,156,164,97,7,7
11133,156,164,98,7,7
11134,156,164,99,7,7
11135,156,164,100,5,5
11136,156,164,101,5,5
11137,156,164,102,5,5
11138,156,164,103,5,5
11139,156,164,104,5,5
11140,156,164,105,16,16
11141,156,164,106,16,16
11142,156,164,107,2,2
11143,156,164,108,2,2
11144,156,164,109,2,2
11145,156,164,110,2,2
11146,156,164,111,2,2
11147,156,164,112,2,2
11148,156,164,113,2,2
11149,156,164,114,2,2
11150,156,165,84,8,8
11151,156,165,85,8,8
11152,156,165,86,16,16
11153,156,165,87,16,16
11154,156,165,88,5,5
11155,156,165,89,5,5
11156,156,165,90,8,8
11157,156,165,91,15,15
11158,156,165,92,15,15
11159,156,165,93,15,15
11160,156,165,94,15,15
11161,156,165,95,7,7
11162,156,165,96,7,7
11163,156,165,97,7,7
11164,156,165,98,7,7
11165,156,165,99,7,7
11166,156,165,100,7,7
11167,156,165,101,7,7
11168,156,165,102,5,5
11169,156,165,103,5,5
11170,156,165,104,16,16
11171,156,165,105,16,16
11172,156,165,106,16,16
11173,156,165,107,16,16
11174,156,165,108,2,2
11175,156,165,109,2,2
11176,156,165,110,5,5
11177,156,165,111,2,2
11178,156,165,112,2,2
11179,156,165,113,2,2
11180,156,165,114,2,2
11181,156,166,85,8,8
11182,156,166,86,16,16
11183,156,166,87,16,16
11184,156,166,88,5,5
11185,156,166,89,15,15
11186,156,166,90,8,8
11187,156,166,91,15,15
11188,156,166,92,15,15
11189,156,166,93,15,15
11190,156,166,94,15,15
11191,156,166,95,7,7
11192,156,166,96,7,7
11193,156,166,97,7,7
11194,156,166,98,7,7
11195,156,166,99,7,7
11196,156,166,100,7,7
11197,156,166,101,7,7
11198,156,166,102,14,14
11199,156,166,103,5,5
11200,156,166,104,16,16
11201,156,166,105,16,16
11202,156,166,106,16,16
11203,156,166,107,16,16
11204,156,166,108,2,2
11205,156,166,109,16,16
11206,156,166,110,5,5
11207,156,166,111,16,16
11208,156,166,112,2,2
11209,156,166,113,2,2
11210,156,166,114,2,2
11211,156,167,86,16,16
11212,156,167,87,16,16
11213,156,167,88,5,5
11214,156,167,89,16,16
11215,156,167,90,8,8
11216,156,167,91,15,15
11217,156,167,92,15,15
11218,156,167,93,15,15
11219,156,167,94,15,15
11220,156,167,95,7,7
11221,156,167,96,7,7
11222,156,167,97,7,7
11223,156,167,98,7,7
11224,156,167,99,7,7
11225,156,167,100,7,7
11226,156,167,101,7,7
11227,156,167,102,5,5
11228,156,167,103,5,5
11229,156,167,104,2,2
11230,156,167,105,2,2
11231,156,167,106,16,16
11232,156,167,107,16,16
11233,156,167,108,16,16
11234,156,167,109,16,16
11235,156,167,110,5,5
11236,156,167,111,16,16
11237,156,167,112,16,16
11238,156,167,113,2,2
11239,156,167,114,2,2
11240,156,167,115,2,2
11241,156,168,85,16,16
11242,156,168,86,16,16
11243,156,168,87,16,16
11244,156,168,88,8,8
11245,156,168,89,8,8
11246,156,168,90,8,8
11247,156,168,91,15,15
11248,156,168,92,15,15
11249,156,168,93,15,15
11250,156,168,94,15,15
11251,156,168,95,15,15
11252,156,168,96,7,7
11253,156,168,97,7,7
11254,156,168,98,7,7
11255,156,168,99,7,7
11256,156,168,100,7,7
11257,156,168,101,5,5
11258,156,168,102,5,5
11259,156,168,103,5,5
11260,156,168,104,2,2
11261,156,168,105,16,16
11262,156,168,106,16,16
11263,156,168,107,16,16
11264,156,168,108,16,16
11265,156,168,109,16,16
11266,156,168,110,16,16
11267,156,168,111,16,16
11268,156,168,112,16,16
11269,156,168,113,16,16
11270,156,168,114,2,2
11271,156,168,115,2,2
11272,156,169,85,16,16
11273,156,169,86,16,16
11274,156,169,87,16,16
11275,156,169,88,8,8
11276,156,169,89,8,8
11277,156,169,90,15,15
11278,156,169,91,15,15
11279,156,169,92,15,15
11280,156,169,93,15,15
11281,156,169,94,15,15
11282,156,169,95,15,15
11283,156,169,96,7,7
11284,156,169,97,7,7
11285,156,169,98,7,7
11286,156,169,99,5,5
11287,156,169,100,5,5
11288,156,169,101,5,5
11289,156,169,102,5,5
11290,156,169,103,5,5
11291,156,169,104,5,5
11292,156,169,105,5,5
11293,156,169,106,16,16
11294,156,169,107,16,16
11295,156,169,108,16,16
11296,156,169,109,16,16
11297,156,169,110,16,16
11298,156,169,111,16,16
11299,156,169,112,16,16
11300,156,169,113,2,2
11301,156,169,114,2,2
11302,156,169,115,2,2
11303,156,169,116,2,2
11304,156,170,86,16,16
11305,156,170,87,16,16
11306,156,170,88,16,16
11307,156,170,89,16,16
11308,156,170,90,15,15
11309,156,170,91,15,15
11310,156,170,92,15,15
11311,156,170,93,15,15
11312,156,170,94,15,15
11313,156,170,95,15,15
11314,156,170,96,15,15
11315,156,170,97,7,7
11316,156,170,98,7,7
11317,156,170,99,5,5
11318,156,170,100,5,5
11319,156,170,101,5,5
11320,156,170,102,5,5
11321,156,170,103,5,5
11322,156,170,104,5,5
11323,156,170,105,5,5
11324,156,170,106,5,5
11325,156,170,107,16,16
11326,156,170,108,16,16
11327,156,170,109,16,16
11328,156,170,110,16,16
11329,156,170,111,14,14
11330,156,170,112,5,5
11331,156,170,113,5,5
11332,156,170,114,2,2
11333,156,170,115,2,2
11334,156,170,116,7,7
11335,156,171,87,16,16
11336,156,171,88,16,16
11337,156,171,89,16,16
11338,156,171,90,15,15
11339,156,171,91,15,15
11340,156,171,92,15,15
11341,156,171,93,15,15
11342,156,171,94,15,15
11343,156,171,95,15,15
11344,156,171,96,15,15
11345,156,171,97,15,15
11346,156,171,98,15,15
11347,156,171,99,5,5
11348,156,171,100,15,15
11349,156,171,101,15,15
11350,156,171,102,5,5
11351,156,171,103,5,5
11352,156,171,104,5,5
11353,156,171,105,5,5
11354,156,171,106,5,5
11355,156,171,107,16,16
11356,156,171,108,16,16
11357,156,171,109,16,16
11358,156,171,110,16,16
11359,156,171,111,14,14
11360,156,171,112,5,5
11361,156,171,113,7,7
11362,156,171,114,7,7
11363,156,171,115,7,7
11364,156,172,87,16,16
11365,156,172,88,16,16
11366,156,172,89,16,16
11367,156,172,90,5,5
11368,156,172,91,5,5
11369,156,172,92,15,15
11370,156,172,93,15,15
11371,156,172,94,15,15
11372,156,172,95,15,15
11373,156,172,96,15,15
11374,156,172,97,15,15
11375,156,172,98,15,15
11376,156,172,99,15,15
11377,156,172,100,15,15
11378,156,172,101,5,5
11379,156,172,102,5,5
11380,156,172,103,5,5
11381,156,172,104,15,15
11382,156,172,105,5,5
11383,156,172,106,5,5
11384,156,172,107,2,2
11385,156,172,108,16,16
11386,156,172,109,16,16
11387,156,172,110,5,5
11388,156,172,111,5,5
11389,156,172,112,7,7
11390,156,172,113,7,7
11391,156,173,87,16,16
11392,156,173,88,16,16
11393,156,173,89,16,16
11394,156,173,90,5,5
11395,156,173,91,5,5
11396,156,173,92,5,5
11397,156,173,93,15,15
11398,156,173,94,15,15
11399,156,173,95,5,5
11400,156,173,96,5,5
11401,156,173,97,5,5
11402,156,173,98,5,5
11403,156,173,99,5,5
11404,156,173,100,15,15
11405,156,173,101,5,5
11406,156,173,102,5,5
11407,156,173,103,15,15
11408,156,173,104,15,15
11409,156,173,105,2,2
11410,156,173,106,2,2
11411,156,173,107,16,16
11412,156,173,108,16,16
11413,156,173,109,5,5
11414,156,173,110,5,5
11415,156,173,111,7,7
11416,156,173,112,7,7
11417,156,173,113,13,13
11418,156,174,87,16,16
11419,156,174,88,16,16
11420,156,174,89,16,16
11421,156,174,90,16,16
11422,156,174,91,5,5
11423,156,174,92,5,5
11424,156,174,93,15,15
11425,156,174,94,15,15
11426,156,174,95,5,5
11427,156,174,96,5,5
11428,156,174,97,5,5
11429,156,174,98,5,5
11430,156,174,99,5,5
11431,156,174,100,5,5
11432,156,174,101,5,5
11433,156,174,102,16,16
11434,156,174,103,2,2
11435,156,174,104,16,16
11436,156,174,105,16,16
11437,156,174,106,5,5
11438,156,174,107,5,5
11439,156,174,108,5,5
11440,156,174,109,5,5
11441,156,174,110,5,5
11442,156,174,111,7,7
11443,156,174,112,7,7
11444,156,174,113,13,13
11445,156,175,87,16,16
11446,156,175,88,16,16
11447,156,175,89,16,16
11448,156,175,90,16,16
11449,156,175,91,16,16
11450,156,175,92,5,5
11451,156,175,93,14,14
11452,156,175,94,14,14
11453,156,175,95,16,16
11454,156,175,96,16,16
11455,156,175,97,16,16
11456,156,175,98,16,16
11457,156,175,99,16,16
11458,156,175,100,16,16
11459,156,175,101,16,16
11460,156,175,102,16,16
11461,156,175,103,16,16
11462,156,175,104,16,16
11463,156,175,105,16,16
11464,156,175,106,16,16
11465,156,175,107,5,5
11466,156,175,108,14,14
11467,156,175,109,14,14
11468,156,175,110,7,7
11469,156,175,111,7,7
11470,156,175,112,13,13
11471,156,175,113,13,13
11472,156,176,88,16,16
11473,156,176,89,16,16
11474,156,176,90,16,16
11475,156,176,91,16,16
11476,156,176,92,16,16
11477,156,176,93,16,16
11478,156,176,94,16,16
11479,156,176,95,16,16
11480,156,176,96,16,16
11481,156,176,97,16,16
11482,156,176,98,16,16
11483,156,176,99,2,2
11484,156,176,100,2,2
11485,156,176,101,16,16
11486,156,176,102,16,16
11487,156,176,103,16,16
11488,156,176,104,16,16
11489,156,176,105,16,16
11490,156,176,106,16,16
11491,156,176,107,16,16
11492,156,176,108,14,14
11493,156,176,109,14,14
11494,156,176,110,7,7
11495,156,176,111,7,7
11496,156,176,112,13,13
11497,156,176,113,13,13
11498,156,177,89,16,16
11499,156,177,90,16,16
11500,156,177,91,16,16
11501,156,177,92,16,16
11502,156,177,93,16,16
11503,156,177,94,16,16
11504,156,177,95,16,16
11505,156,177,96,16,16
11506,156,177,97,2,2
11507,156,177,98,2,2
11508,156,177,99,2,2
11509,156,177,100,2,2
11510,156,177,101,2,2
11511,156,177,102,16,16
11512,156,177,103,16,16
11513,156,177,104,16,16
11514,156,177,105,16,16
11515,156,177,106,16,16
11516,156,177,107,16,16
11517,156,177,108,14,14
11518,156,177,109,14,14
11519,156,177,110,7,7
11520,156,177,111,7,7
11521,156,177,112,13,13
11522,156,178,90,16,16
11523,156,178,91,16,16
11524,156,178,92,16,16
11525,156,178,93,16,16
11526,156,178,94,16,16
11527,156,178,95,16,16
11528,156,178,97,16,16
11529,156,178,98,16,16
11530,156,178,99,2,2
11531,156,178,100,2,2
11532,156,178,101,16,16
11533,156,178,102,16,16
11534,156,178,103,2,2
11535,156,178,104,16,16
11536,156,178,105,16,16
11537,156,178,106,16,16
11538,156,178,107,16,16
11539,156,178,108,16,16
11540,156,178,109,14,14
11541,156,178,110,7,7
11542,156,178,112,9,9
11543,156,179,91,16,16
11544,156,179,92,16,16
11545,156,179,93,16,16
11546,156,179,94,16,16
11547,156,179,96,16,16
11548,156,179,97,16,16
11549,156,179,98,2,2
11550,156,179,99,16,16
11551,156,179,100,2,2
11552,156,179,101,16,16
11553,156,179,102,2,2
11554,156,179,103,2,2
11555,156,179,104,16,16
11556,156,179,105,16,16
11557,156,179,106,16,16
11558,156,179,107,16,16
11559,156,179,108,16,16
11560,156,179,109,7,7
11561,156,180,92,16,16
11562,156,180,93,16,16
11563,156,180,94,16,16
11564,156,180,96,16,16
11565,156,180,97,16,16
11566,156,180,98,16,16
11567,156,180,99,16,16
11568,156,180,100,16,16
11569,156,180,101,16,16
11570,156,180,102,2,2
11571,156,180,103,16,16
11572,156,180,104,16,16
11573,156,180,105,16,16
11574,156,180,106,16,16
11575,156,181,93,16,16
11576,156,181,94,16,16
11577,156,181,95,16,16
11578,156,181,96,16,16
11579,156,181,97,16,16
11580,156,181,98,16,16
11581,156,181,99,16,16
11582,156,181,100,16,16
11583,156,181,101,16,16
11584,156,181,102,16,16
11585,156,181,103,16,16
11586,156,181,104,16,16
11587,156,181,105,16,16
11588,156,181,106,16,16
11589,156,182,94,16,16
11590,156,182,95,16,16
11591,156,182,96,16,16
11592,156,182,97,16,16
11593,156,182,98,16,16
11594,156,182,99,16,16
11595,156,182,100,16,16
11596,156,182,101,16,16
11597,156,182,102,16,16
11598,156,182,103,16,16
11599,156,182,104,16,16
11600,156,183,95,16,16
11601,156,183,96,16,16
11602,156,183,97,16,16
11603,156,183,98,16,16
11604,156,183,99,16,16
11605,156,183,100,16,16
11606,156,183,101,16,16
11607,156,183,102,16,16
11608,156,183,103,16,16
11609,156,184,96,16,16
11610,156,184,97,16,16
11611,156,184,98,16,16
11612,156,184,99,16,16
11613,156,184,100,16,16
11614,156,184,101,16,16
11615,157,146,94,11,11
11616,157,146,95,11,11
11617,157,146,96,3,3
11618,157,147,91,3,3
11619,157,147,92,3,3
11620,157,147,93,3,3
11621,157,147,94,11,11
11622,157,147,95,3,3
11623,157,147,96,3,3
11624,157,147,97,3,3
11625,157,147,98,3,3
11626,157,148,90,3,3
11627,157,148,91,3,3
11628,157,148,92,3,3
11629,157,148,93,3,3
11630,157,148,94,3,3
11631,157,148,95,3,3
11632,157,148,96,3,3
11633,157,148,97,3,3
11634,157,148,98,3,3
11635,157,149,89,11,11
11636,157,149,90,3,3
11637,157,149,91,3,3
11638,157,149,92,3,3
11639,157,149,93,3,3
11640,157,149,94,3,3
11641,157,149,95,3,3
11642,157,149,96,3,3
11643,157,149,97,3,3
11644,157,149,98,3,3
11645,157,150,89,3,3
11646,157,150,90,3,3
11647,157,150,91,3,3
11648,157,150,92,3,3
11649,157,150,93,3,3
11650,157,150,94,3,3
11651,157,150,95,3,3
11652,157,150,96,3,3
11653,157,150,97,3,3
11654,157,150,98,3,3
11655,157,151,88,3,3
11656,157,151,89,3,3
11657,157,151,90,3,3
11658,157,151,91,3,3
11659,157,151,92,3,3
11660,157,151,93,3,3
11661,157,151,94,3,3
11662,157,151,95,3,3
11663,157,151,96,3,3
11664,157,151,97,3,3
11665,157,151,98,3,3
11666,157,152,88,3,3
11667,157,152,89,3,3
11668,157,152,90,3,3
11669,157,152,91,3,3
11670,157,152,92,3,3
11671,157,152,93,3,3
11672,157,152,94,3,3
11673,157,152,95,3,3
11674,157,152,96,3,3
11675,157,152,97,3,3
11676,157,152,98,3,3
11677,157,153,88,3,3
11678,157,153,89,3,3
11679,157,153,90,3,3
11680,157,153,91,3,3
11681,157,153,92,3,3
11682,157,153,93,3,3
11683,157,153,94,3,3
11684,157,153,95,3,3
11685,157,153,96,3,3
11686,157,153,97,3,3
11687,157,153,98,3,3
11688,157,154,87,11,11
11689,157,154,88,3,3
11690,157,154,89,3,3
11691,157,154,90,3,3
11692,157,154,91,3,3
11693,157,154,92,3,3
11694,157,154,93,3,3
11695,157,154,94,3,3
11696,157,154,95,3,3
11697,157,154,96,3,3
11698,157,155,87,11,11
11699,157,155,88,3,3
11700,157,155,89,3,3
11701,157,155,90,3,3
11702,157,155,91,3,3
11703,157,155,92,3,3
11704,157,155,93,3,3
11705,157,155,94,3,3
11706,157,155,95,3,3
11707,157,155,96,3,3
11708,157,156,87,11,11
11709,157,156,88,11,11
11710,157,156,89,3,3
11711,157,156,90,3,3
11712,157,156,91,3,3
11713,157,156,92,3,3
11714,157,156,93,3,3
11715,157,156,94,11,11
11716,157,156,95,16,16
11717,157,156,96,16,16
11718,157,157,87,11,11
11719,157,157,88,3,3
11720,157,157,89,3,3
11721,157,157,90,3,3
11722,157,157,91,3,3
11723,157,157,92,3,3
11724,157,157,93,3,3
11725,157,157,94,16,16
11726,157,157,95,16,16
11727,157,157,96,16,16
11728,157,157,97,16,16
11729,157,157,98,16,16
11730,157,157,99,16,16
11731,157,157,100,16,16
11732,157,157,101,3,3
11733,157,158,89,3,3
11734,157,158,90,3,3
11735,157,158,91,16,16
11736,157,158,92,16,16
11737,157,158,93,5,5
11738,157,158,94,5,5
11739,157,158,95,5,5
11740,157,158,96,5,5
11741,157,158,97,5,5
11742,157,158,98,5,5
11743,157,158,99,5,5
11744,157,158,100,5,5
11745,157,158,101,16,16
11746,157,158,102,16,16
11747,157,158,103,16,16
11748,157,159,89,8,8
11749,157,159,90,5,5
11750,157,159,91,5,5
11751,157,159,92,5,5
11752,157,159,93,5,5
11753,157,159,94,5,5
11754,157,159,95,5,5
11755,157,159,96,5,5
11756,157,159,97,5,5
11757,157,159,98,15,15
11758,157,159,99,15,15
11759,157,159,100,5,5
11760,157,159,101,5,5
11761,157,159,102,16,16
11762,157,159,103,16,16
11763,157,159,104,16,16
11764,157,159,105,2,2
11765,157,160,87,11,11
11766,157,160,88,16,16
11767,157,160,89,5,5
11768,157,160,90,5,5
11769,157,160,91,5,5
11770,157,160,92,5,5
11771,157,160,93,15,15
11772,157,160,94,5,5
11773,157,160,95,5,5
11774,157,160,96,5,5
11775,157,160,97,5,5
11776,157,160,98,5,5
11777,157,160,99,5,5
11778,157,160,100,15,15
11779,157,160,101,15,15
11780,157,160,102,15,15
11781,157,160,103,16,16
11782,157,160,104,16,16
11783,157,160,105,16,16
11784,157,160,106,2,2
11785,157,160,107,2,2
11786,157,160,108,2,2
11787,157,160,109,2,2
11788,157,161,86,11,11
11789,157,161,87,16,16
11790,157,161,88,16,16
11791,157,161,89,16,16
11792,157,161,90,15,15
11793,157,161,91,5,5
11794,157,161,92,5,5
11795,157,161,93,15,15
11796,157,161,94,5,5
11797,157,161,95,5,5
11798,157,161,96,15,15
11799,157,161,97,5,5
11800,157,161,98,5,5
11801,157,161,99,5,5
11802,157,161,100,5,5
11803,157,161,101,15,15
11804,157,161,102,15,15
11805,157,161,103,5,5
11806,157,161,104,16,16
11807,157,161,105,16,16
11808,157,161,106,2,2
11809,157,161,107,2,2
11810,157,161,108,2,2
11811,157,161,109,2,2
11812,157,162,85,8,8
11813,157,162,86,8,8
11814,157,162,87,16,16
11815,157,162,88,5,5
11816,157,162,89,5,5
11817,157,162,90,5,5
11818,157,162,91,15,15
11819,157,162,92,15,15
11820,157,162,93,15,15
11821,157,162,94,5,5
11822,157,162,95,5,5
11823,157,162,96,15,15
11824,157,162,97,15,15
11825,157,162,98,15,15
11826,157,162,99,5,5
11827,157,162,100,5,5
11828,157,162,101,5,5
11829,157,162,102,15,15
11830,157,162,103,5,5
11831,157,162,104,5,5
11832,157,162,105,16,16
11833,157,162,106,2,2
11834,157,162,107,2,2
11835,157,162,108,2,2
11836,157,162,109,2,2
11837,157,162,110,2,2
11838,157,163,84,8,8
11839,157,163,85,8,8
11840,157,163,86,16,16
11841,157,163,87,16,16
11842,157,163,88,15,15
11843,157,163,89,15,15
11844,157,163,90,5,5
11845,157,163,91,15,15
11846,157,163,92,15,15
11847,157,163,93,15,15
11848,157,163,94,5,5
11849,157,163,95,5,5
11850,157,163,96,15,15
11851,157,163,97,15,15
11852,157,163,98,5,5
11853,157,163,99,5,5
11854,157,163,100,5,5
11855,157,163,101,5,5
11856,157,163,102,5,5
11857,157,163,103,5,5
11858,157,163,104,5,5
11859,157,163,105,16,16
11860,157,163,106,16,16
11861,157,163,107,2,2
11862,157,163,108,2,2
11863,157,163,109,2,2
11864,157,163,110,2,2
11865,157,163,111,2,2
11866,157,163,112,2,2
11867,157,163,113,2,2
11868,157,164,84,8,8
11869,157,164,85,8,8
11870,157,164,86,16,16
11871,157,164,87,16,16
11872,157,164,88,5,5
11873,157,164,89,8,8
11874,157,164,90,8,8
11875,157,164,91,15,15
11876,157,164,92,15,15
11877,157,164,93,15,15
11878,157,164,94,15,15
11879,157,164,95,7,7
11880,157,164,96,5,5
11881,157,164,97,7,7
11882,157,164,98,7,7
11883,157,164,99,7,7
11884,157,164,100,5,5
11885,157,164,101,5,5
11886,157,164,102,5,5
11887,157,164,103,5,5
11888,157,164,104,16,16
11889,157,164,105,16,16
11890,157,164,106,16,16
11891,157,164,107,16,16
11892,157,164,108,2,2
11893,157,164,109,5,5
11894,157,164,110,5,5
11895,157,164,111,2,2
11896,157,164,112,2,2
11897,157,164,113,2,2
11898,157,164,114,2,2
11899,157,165,84,8,8
11900,157,165,85,8,8
11901,157,165,86,16,16
11902,157,165,87,16,16
11903,157,165,88,5,5
11904,157,165,89,8,8
11905,157,165,90,5,5
11906,157,165,91,5,5
11907,157,165,92,15,15
11908,157,165,93,15,15
11909,157,165,94,15,15
11910,157,165,95,7,7
11911,157,165,96,7,7
11912,157,165,97,7,7
11913,157,165,98,7,7
11914,157,165,99,7,7
11915,157,165,100,7,7
11916,157,165,101,5,5
11917,157,165,102,5,5
11918,157,165,103,5,5
11919,157,165,104,16,16
11920,157,165,105,16,16
11921,157,165,106,16,16
11922,157,165,107,2,2
11923,157,165,108,2,2
11924,157,165,109,5,5
11925,157,165,110,5,5
11926,157,165,111,16,16
11927,157,165,112,2,2
11928,157,165,113,2,2
11929,157,165,114,2,2
11930,157,166,85,8,8
11931,157,166,86,16,16
11932,157,166,87,16,16
11933,157,166,88,5,5
11934,157,166,89,8,8
11935,157,166,90,5,5
11936,157,166,91,5,5
11937,157,166,92,15,15
11938,157,166,93,15,15
11939,157,166,94,7,7
11940,157,166,95,7,7
11941,157,166,96,7,7
11942,157,166,97,7,7
11943,157,166,98,7,7
11944,157,166,99,7,7
11945,157,166,100,7,7
11946,157,166,101,5,5
11947,157,166,102,5,5
11948,157,166,103,2,2
11949,157,166,104,2,2
11950,157,166,105,16,16
11951,157,166,106,16,16
11952,157,166,107,16,16
11953,157,166,108,2,2
11954,157,166,109,16,16
11955,157,166,110,5,5
11956,157,166,111,16,16
11957,157,166,112,16,16
11958,157,166,113,2,2
11959,157,166,114,2,2
11960,157,167,86,16,16
11961,157,167,87,16,16
11962,157,167,88,16,16
11963,157,167,89,16,16
11964,157,167,90,16,16
11965,157,167,91,5,5
11966,157,167,92,15,15
11967,157,167,93,15,15
11968,157,167,94,7,7
11969,157,167,95,7,7
11970,157,167,96,7,7
11971,157,167,97,7,7
11972,157,167,98,7,7
11973,157,167,99,7,7
11974,157,167,100,7,7
11975,157,167,101,5,5
11976,157,167,102,5,5
11977,157,167,103,2,2
11978,157,167,104,2,2
11979,157,167,105,2,2
11980,157,167,106,16,16
11981,157,167,107,16,16
11982,157,167,108,2,2
11983,157,167,109,2,2
11984,157,167,110,16,16
11985,157,167,111,16,16
11986,157,167,112,16,16
11987,157,167,113,16,16
11988,157,167,114,2,2
11989,157,167,115,2,2
11990,157,167,116,2,2
11991,157,168,86,16,16
11992,157,168,87,16,16
11993,157,168,88,16,16
11994,157,168,89,16,16
11995,157,168,90,16,16
11996,157,168,91,5,5
11997,157,168,92,15,15
11998,157,168,93,15,15
11999,157,168,94,15,15
12000,157,168,95,7,7
12001,157,168,96,7,7
12002,157,168,97,7,7
12003,157,168,98,7,7
12004,157,168,99,7,7
12005,157,168,100,5,5
12006,157,168,101,5,5
12007,157,168,102,5,5
12008,157,168,103,5,5
12009,157,168,104,2,2
12010,157,168,105,16,16
12011,157,168,106,16,16
12012,157,168,107,16,16
12013,157,168,108,2,2
12014,157,168,109,2,2
12015,157,168,110,16,16
12016,157,168,111,16,16
12017,157,168,112,16,16
12018,157,168,113,16,16
12019,157,168,114,2,2
12020,157,168,115,2,2
12021,157,168,116,2,2
12022,157,169,86,16,16
12023,157,169,87,16,16
12024,157,169,88,16,16
12025,157,169,89,8,8
12026,157,169,90,15,15
12027,157,169,91,15,15
12028,157,169,92,15,15
12029,157,169,93,15,15
12030,157,169,94,15,15
12031,157,169,95,7,7
12032,157,169,96,7,7
12033,157,169,97,7,7
12034,157,169,98,7,7
12035,157,169,99,5,5
12036,157,169,100,5,5
12037,157,169,101,5,5
12038,157,169,102,5,5
12039,157,169,103,5,5
12040,157,169,104,5,5
12041,157,169,105,5,5
12042,157,169,106,16,16
12043,157,169,107,2,2
12044,157,169,108,2,2
12045,157,169,109,16,16
12046,157,169,110,16,16
12047,157,169,111,16,16
12048,157,169,112,16,16
12049,157,169,113,16,16
12050,157,169,114,2,2
12051,157,169,115,2,2
12052,157,169,116,2,2
12053,157,170,86,16,16
12054,157,170,87,16,16
12055,157,170,88,16,16
12056,157,170,89,5,5
12057,157,170,90,15,15
12058,157,170,91,15,15
12059,157,170,92,15,15
12060,157,170,93,15,15
12061,157,170,94,15,15
12062,157,170,95,15,15
12063,157,170,96,15,15
12064,157,170,97,15,15
12065,157,170,98,15,15
12066,157,170,99,5,5
12067,157,170,100,5,5
12068,157,170,101,5,5
12069,157,170,102,5,5
12070,157,170,103,5,5
12071,157,170,104,5,5
12072,157,170,105,5,5
12073,157,170,106,5,5
12074,157,170,107,16,16
12075,157,170,108,16,16
12076,157,170,109,16,16
12077,157,170,110,5,5
12078,157,170,111,5,5
12079,157,170,112,5,5
12080,157,170,113,5,5
12081,157,170,114,2,2
12082,157,170,115,1,1
12083,157,170,116,7,7
12084,157,171,86,16,16
12085,157,171,87,16,16
12086,157,171,88,16,16
12087,157,171,89,16,16
12088,157,171,90,15,15
12089,157,171,91,15,15
12090,157,171,92,15,15
12091,157,171,93,15,15
12092,157,171,94,15,15
12093,157,171,95,15,15
12094,157,171,96,15,15
12095,157,171,97,15,15
12096,157,171,98,15,15
12097,157,171,99,5,5
12098,157,171,100,15,15
12099,157,171,101,15,15
12100,157,171,102,5,5
12101,157,171,103,5,5
12102,157,171,104,5,5
12103,157,171,105,5,5
12104,157,171,106,5,5
12105,157,171,107,5,5
12106,157,171,108,16,16
12107,157,171,109,16,16
12108,157,171,110,16,16
12109,157,171,111,14,14
12110,157,171,112,5,5
12111,157,171,113,5,5
12112,157,171,114,7,7
12113,157,171,115,7,7
12114,157,172,86,16,16
12115,157,172,87,16,16
12116,157,172,88,16,16
12117,157,172,89,16,16
12118,157,172,90,15,15
12119,157,172,91,15,15
12120,157,172,92,15,15
12121,157,172,93,15,15
12122,157,172,94,15,15
12123,157,172,95,15,15
12124,157,172,96,15,15
12125,157,172,97,15,15
12126,157,172,98,15,15
12127,157,172,99,15,15
12128,157,172,100,15,15
12129,157,172,101,15,15
12130,157,172,102,5,5
12131,157,172,103,5,5
12132,157,172,104,5,5
12133,157,172,105,5,5
12134,157,172,106,5,5
12135,157,172,107,5,5
12136,157,172,108,16,16
12137,157,172,109,16,16
12138,157,172,110,5,5
12139,157,172,111,14,14
12140,157,172,112,5,5
12141,157,172,113,7,7
12142,157,172,114,7,7
12143,157,173,86,16,16
12144,157,173,87,16,16
12145,157,173,88,16,16
12146,157,173,89,16,16
12147,157,173,90,5,5
12148,157,173,91,5,5
12149,157,173,92,5,5
12150,157,173,93,15,15
12151,157,173,94,15,15
12152,157,173,95,15,15
12153,157,173,96,15,15
12154,157,173,97,15,15
12155,157,173,98,15,15
12156,157,173,99,15,15
12157,157,173,100,15,15
12158,157,173,101,15,15
12159,157,173,102,15,15
12160,157,173,103,15,15
12161,157,173,104,5,5
12162,157,173,105,5,5
12163,157,173,106,5,5
12164,157,173,107,5,5
12165,157,173,108,16,16
12166,157,173,109,5,5
12167,157,173,110,5,5
12168,157,173,111,5,5
12169,157,173,112,7,7
12170,157,173,113,7,7
12171,157,174,87,16,16
12172,157,174,88,16,16
12173,157,174,89,16,16
12174,157,174,90,5,5
12175,157,174,91,5,5
12176,157,174,92,5,5
12177,157,174,93,5,5
12178,157,174,94,15,15
12179,157,174,95,15,15
12180,157,174,96,5,5
12181,157,174,97,15,15
12182,157,174,98,15,15
12183,157,174,99,15,15
12184,157,174,100,15,15
12185,157,174,101,15,15
12186,157,174,102,15,15
12187,157,174,103,15,15
12188,157,174,104,15,15
12189,157,174,105,5,5
12190,157,174,106,5,5
12191,157,174,107,5,5
12192,157,174,108,5,5
12193,157,174,109,5,5
12194,157,174,110,5,5
12195,157,174,111,7,7
12196,157,174,112,7,7
12197,157,174,113,13,13
12198,157,175,87,16,16
12199,157,175,88,16,16
12200,157,175,89,16,16
12201,157,175,90,5,5
12202,157,175,91,15,15
12203,157,175,92,5,5
12204,157,175,93,5,5
12205,157,175,94,5,5
12206,157,175,95,14,14
12207,157,175,96,16,16
12208,157,175,97,16,16
12209,157,175,98,16,16
12210,157,175,99,16,16
12211,157,175,100,16,16
12212,157,175,101,5,5
12213,157,175,102,15,15
12214,157,175,103,5,5
12215,157,175,104,5,5
12216,157,175,105,5,5
12217,157,175,106,5,5
12218,157,175,107,5,5
12219,157,175,108,14,14
12220,157,175,109,14,14
12221,157,175,110,5,5
12222,157,175,111,7,7
12223,157,175,112,13,13
12224,157,175,113,9,9
12225,157,176,88,16,16
12226,157,176,89,16,16
12227,157,176,90,16,16
12228,157,176,91,15,15
12229,157,176,92,5,5
12230,157,176,93,5,5
12231,157,176,94,14,14
12232,157,176,95,14,14
12233,157,176,96,16,16
12234,157,176,97,16,16
12235,157,176,98,16,16
12236,157,176,99,16,16
12237,157,176,100,16,16
12238,157,176,101,16,16
12239,157,176,102,16,16
12240,157,176,103,16,16
12241,157,176,104,16,16
12242,157,176,105,5,5
12243,157,176,106,5,5
12244,157,176,107,5,5
12245,157,176,108,14,14
12246,157,176,109,14,14
12247,157,176,110,5,5
12248,157,176,111,7,7
12249,157,176,112,13,13
12250,157,177,88,16,16
12251,157,177,89,16,16
12252,157,177,90,16,16
12253,157,177,91,16,16
12254,157,177,92,5,5
12255,157,177,93,5,5
12256,157,177,94,14,14
12257,157,177,95,16,16
12258,157,177,96,16,16
12259,157,177,97,2,2
12260,157,177,98,2,2
12261,157,177,99,2,2
12262,157,177,100,16,16
12263,157,177,101,16,16
12264,157,177,102,16,16
12265,157,177,103,16,16
12266,157,177,104,16,16
12267,157,177,105,5,5
12268,157,177,106,5,5
12269,157,177,107,14,14
12270,157,177,108,14,14
12271,157,177,109,14,14
12272,157,177,110,5,5
12273,157,177,112,13,13
12274,157,178,89,16,16
12275,157,178,90,16,16
12276,157,178,91,16,16
12277,157,178,92,16,16
12278,157,178,93,5,5
12279,157,178,94,16,16
12280,157,178,95,16,16
12281,157,178,96,16,16
12282,157,178,97,2,2
12283,157,178,98,2,2
12284,157,178,99,2,2
12285,157,178,100,16,16
12286,157,178,101,2,2
12287,157,178,102,16,16
12288,157,178,103,2,2
12289,157,178,104,16,16
12290,157,178,105,16,16
12291,157,178,106,16,16
12292,157,178,107,16,16
12293,157,178,108,16,16
12294,157,178,109,14,14
12295,157,179,90,16,16
12296,157,179,91,16,16
12297,157,179,92,16,16
12298,157,179,93,16,16
12299,157,179,94,16,16
12300,157,179,95,16,16
12301,157,179,96,16,16
12302,157,179,97,2,2
12303,157,179,98,2,2
12304,157,179,99,16,16
12305,157,179,100,2,2
12306,157,179,101,2,2
12307,157,179,102,2,2
12308,157,179,103,16,16
12309,157,179,104,16,16
12310,157,179,105,16,16
12311,157,179,106,16,16
12312,157,179,107,16,16
12313,157,179,108,16,16
12314,157,180,90,16,16
12315,157,180,91,16,16
12316,157,180,92,16,16
12317,157,180,93,16,16
12318,157,180,94,16,16
12319,157,180,95,16,16
12320,157,180,96,16,16
12321,157,180,97,16,16
12322,157,180,98,16,16
12323,157,180,99,16,16
12324,157,180,100,16,16
12325,157,180,101,16,16
12326,157,180,102,2,2
12327,157,180,103,16,16
12328,157,180,104,16,16
12329,157,180,105,16,16
12330,157,180,106,16,16
12331,157,180,107,16,16
12332,157,180,108,1,1
12333,157,181,92,16,16
12334,157,181,93,16,16
12335,157,181,94,16,16
12336,157,181,95,16,16
12337,157,181,96,16,16
12338,157,181,97,16,16
12339,157,181,98,16,16
12340,157,181,99,5,5
12341,157,181,100,16,16
12342,157,181,101,16,16
12343,157,181,102,2,2
12344,157,181,103,16,16
12345,157,181,104,16,16
12346,157,181,105,16,16
12347,157,181,106,16,16
12348,157,181,107,16,16
12349,157,182,93,16,16
12350,157,182,94,16,16
12351,157,182,95,16,16
12352,157,182,96,16,16
12353,157,182,97,16,16
12354,157,182,98,16,16
12355,157,182,99,16,16
12356,157,182,100,16,16
12357,157,182,101,16,16
12358,157,182,102,2,2
12359,157,182,103,16,16
12360,157,182,104,16,16
12361,157,182,105,16,16
12362,157,182,106,16,16
12363,157,183,94,16,16
12364,157,183,95,16,16
12365,157,183,96,16,16
12366,157,183,97,16,16
12367,157,183,98,16,16
12368,157,183,99,16,16
12369,157,183,100,16,16
12370,157,183,101,16,16
12371,157,183,102,16,16
12372,157,183,103,16,16
12373,157,183,104,16,16
12374,157,184,95,16,16
12375,157,184,96,16,16
12376,157,184,97,16,16
12377,157,184,98,16,16
12378,157,184,99,16,16
12379,157,184,100,16,16
12380,157,184,101,16,16
12381,157,184,102,16,16
12382,157,184,103,16,16
12383,157,185,97,16,16
12384,157,185,98,16,16
12385,157,185,99,16,16
12386,157,185,100,16,16
12387,158,146,91,3,3
12388,158,146,92,11,11
12389,158,146,93,11,11
12390,158,146,94,11,11
12391,158,146,95,3,3
12392,158,146,96,3,3
12393,158,147,90,3,3
12394,158,147,91,3,3
12395,158,147,92,3,3
12396,158,147,93,3,3
12397,158,147,94,3,3
12398,158,147,95,3,3
12399,158,147,96,3,3
12400,158,147,97,3,3
12401,158,148,89,11,11
12402,158,148,90,3,3
12403,158,148,91,3,3
12404,158,148,92,3,3
12405,158,148,93,3,3
12406,158,148,94,3,3
12407,158,148,95,3,3
12408,158,148,96,3,3
12409,158,148,97,3,3
12410,158,148,98,3,3
12411,158,149,89,3,3
12412,158,149,90,3,3
12413,158,149,91,3,3
12414,158,149,92,3,3
12415,158,149,93,3,3
12416,158,149,94,3,3
12417,158,149,95,3,3
12418,158,149,96,3,3
12419,158,149,97,3,3
12420,158,149,98,3,3
12421,158,150,89,3,3
12422,158,150,90,3,3
12423,158,150,91,3,3
12424,158,150,92,3,3
12425,158,150,93,3,3
12426,158,150,94,3,3
12427,158,150,95,3,3
12428,158,150,96,3,3
12429,158,150,97,3,3
12430,158,150,98,3,3
12431,158,151,88,3,3
12432,158,151,89,3,3
12433,158,151,90,3,3
12434,158,151,91,3,3
12435,158,151,92,3,3
12436,158,151,93,3,3
12437,158,151,94,3,3
12438,158,151,95,3,3
12439,158,151,96,3,3
12440,158,151,97,3,3
12441,158,151,98,3,3
12442,158,152,88,3,3
12443,158,152,89,3,3
12444,158,152,90,3,3
12445,158,152,91,3,3
12446,158,152,92,3,3
12447,158,152,93,3,3
12448,158,152,94,3,3
12449,158,152,95,3,3
12450,158,152,96,3,3
12451,158,152,97,3,3
12452,158,152,98,3,3
12453,158,153,88,3,3
12454,158,153,89,3,3
12455,158,153,90,3,3
12456,158,153,91,3,3
12457,158,153,92,3,3
12458,158,153,93,3,3
12459,158,153,94,3,3
12460,158,153,95,3,3
12461,158,153,96,3,3
12462,158,153,97,3,3
12463,158,153,98,3,3
12464,158,154,87,11,11
12465,158,154,88,3,3
12466,158,154,89,3,3
12467,158,154,90,3,3
12468,158,154,91,3,3
12469,158,154,92,3,3
12470,158,154,93,3,3
12471,158,154,94,3,3
12472,158,154,95,3,3
12473,158,154,96,3,3
12474,158,155,87,11,11
12475,158,155,88,3,3
12476,158,155,89,3,3
12477,158,155,90,3,3
12478,158,155,91,3,3
12479,158,155,92,3,3
12480,158,155,93,3,3
12481,158,155,94,3,3
12482,158,155,95,11,11
12483,158,155,96,3,3
12484,158,156,87,11,11
12485,158,156,88,11,11
12486,158,156,89,3,3
12487,158,156,90,3,3
12488,158,156,91,3,3
12489,158,156,92,3,3
12490,158,156,93,3,3
12491,158,156,94,11,11
12492,158,156,95,11,11
12493,158,156,96,16,16
12494,158,156,97,16,16
12495,158,157,89,3,3
12496,158,157,90,3,3
12497,158,157,91,3,3
12498,158,157,92,3,3
12499,158,157,93,16,16
12500,158,157,94,16,16
12501,158,157,95,16,16
12502,158,157,96,5,5
12503,158,157,97,5,5
12504,158,157,98,16,16
12505,158,157,99,16,16
12506,158,157,100,16,16
12507,158,157,101,3,3
12508,158,158,90,3,3
12509,158,158,91,16,16
12510,158,158,92,5,5
12511,158,158,93,5,5
12512,158,158,94,5,5
12513,158,158,95,5,5
12514,158,158,96,5,5
12515,158,158,97,15,15
12516,158,158,98,5,5
12517,158,158,99,5,5
12518,158,158,100,5,5
12519,158,158,101,16,16
12520,158,158,102,16,16
12521,158,158,103,16,16
12522,158,159,89,16,16
12523,158,159,90,5,5
12524,158,159,91,5,5
12525,158,159,92,5,5
12526,158,159,93,15,15
12527,158,159,94,15,15
12528,158,159,95,5,5
12529,158,159,96,5,5
12530,158,159,97,15,15
12531,158,159,98,15,15
12532,158,159,99,15,15
12533,158,159,100,15,15
12534,158,159,101,5,5
12535,158,159,102,16,16
12536,158,159,103,16,16
12537,158,159,104,16,16
12538,158,159,105,2,2
12539,158,160,89,16,16
12540,158,160,90,5,5
12541,158,160,91,5,5
12542,158,160,92,5,5
12543,158,160,93,15,15
12544,158,160,94,5,5
12545,158,160,95,5,5
12546,158,160,96,5,5
12547,158,160,97,5,5
12548,158,160,98,15,15
12549,158,160,99,5,5
12550,158,160,100,5,5
12551,158,160,101,15,15
12552,158,160,102,5,5
12553,158,160,103,5,5
12554,158,160,104,16,16
12555,158,160,105,16,16
12556,158,160,106,2,2
12557,158,160,107,2,2
12558,158,160,108,2,2
12559,158,160,109,2,2
12560,158,161,87,11,11
12561,158,161,88,16,16
12562,158,161,89,5,5
12563,158,161,90,15,15
12564,158,161,91,15,15
12565,158,161,92,15,15
12566,158,161,93,15,15
12567,158,161,94,5,5
12568,158,161,95,5,5
12569,158,161,96,5,5
12570,158,161,97,5,5
12571,158,161,98,5,5
12572,158,161,99,5,5
12573,158,161,100,5,5
12574,158,161,101,15,15
12575,158,161,102,15,15
12576,158,161,103,5,5
12577,158,161,104,16,16
12578,158,161,105,16,16
12579,158,161,106,16,16
12580,158,161,107,2,2
12581,158,161,108,2,2
12582,158,161,109,2,2
12583,158,161,110,2,2
12584,158,162,85,11,11
12585,158,162,86,11,11
12586,158,162,87,16,16
12587,158,162,88,8,8
12588,158,162,89,8,8
12589,158,162,90,15,15
12590,158,162,91,15,15
12591,158,162,92,15,15
12592,158,162,93,15,15
12593,158,162,94,5,5
12594,158,162,95,5,5
12595,158,162,96,5,5
12596,158,162,97,5,5
12597,158,162,98,5,5
12598,158,162,99,5,5
12599,158,162,100,5,5
12600,158,162,101,5,5
12601,158,162,102,5,5
12602,158,162,103,5,5
12603,158,162,104,5,5
12604,158,162,105,16,16
12605,158,162,106,5,5
12606,158,162,107,2,2
12607,158,162,108,2,2
12608,158,162,109,2,2
12609,158,162,110,2,2
12610,158,162,111,2,2
12611,158,162,112,2,2
12612,158,162,113,2,2
12613,158,163,85,8,8
12614,158,163,86,16,16
12615,158,163,87,16,16
12616,158,163,88,15,15
12617,158,163,89,15,15
12618,158,163,90,5,5
12619,158,163,91,15,15
12620,158,163,92,15,15
12621,158,163,93,15,15
12622,158,163,94,5,5
12623,158,163,95,5,5
12624,158,163,96,5,5
12625,158,163,97,5,5
12626,158,163,98,5,5
12627,158,163,99,5,5
12628,158,163,100,5,5
12629,158,163,101,5,5
12630,158,163,102,5,5
12631,158,163,103,16,16
12632,158,163,104,16,16
12633,158,163,105,16,16
12634,158,163,106,16,16
12635,158,163,107,2,2
12636,158,163,108,5,5
12637,158,163,109,5,5
12638,158,163,110,16,16
12639,158,163,111,2,2
12640,158,163,112,2,2
12641,158,163,113,2,2
12642,158,163,114,2,2
12643,158,164,84,8,8
12644,158,164,85,8,8
12645,158,164,86,16,16
12646,158,164,87,16,16
12647,158,164,88,15,15
12648,158,164,89,15,15
12649,158,164,90,15,15
12650,158,164,91,5,5
12651,158,164,92,15,15
12652,158,164,93,15,15
12653,158,164,94,5,5
12654,158,164,95,5,5
12655,158,164,96,14,14
12656,158,164,97,14,14
12657,158,164,98,5,5
12658,158,164,99,5,5
12659,158,164,100,5,5
12660,158,164,101,5,5
12661,158,164,102,5,5
12662,158,164,103,16,16
12663,158,164,104,16,16
12664,158,164,105,16,16
12665,158,164,106,16,16
12666,158,164,107,16,16
12667,158,164,108,16,16
12668,158,164,109,5,5
12669,158,164,110,16,16
12670,158,164,111,16,16
12671,158,164,112,2,2
12672,158,164,113,2,2
12673,158,164,114,2,2
12674,158,165,84,8,8
12675,158,165,85,8,8
12676,158,165,86,8,8
12677,158,165,87,16,16
12678,158,165,88,16,16
12679,158,165,89,8,8
12680,158,165,90,5,5
12681,158,165,91,5,5
12682,158,165,92,15,15
12683,158,165,93,15,15
12684,158,165,94,7,7
12685,158,165,95,7,7
12686,158,165,96,7,7
12687,158,165,97,14,14
12688,158,165,98,7,7
12689,158,165,99,7,7
12690,158,165,100,5,5
12691,158,165,101,5,5
12692,158,165,102,2,2
12693,158,165,103,2,2
12694,158,165,104,16,16
12695,158,165,105,16,16
12696,158,165,106,16,16
12697,158,165,107,16,16
12698,158,165,108,2,2
12699,158,165,109,16,16
12700,158,165,110,16,16
12701,158,165,111,16,16
12702,158,165,112,16,16
12703,158,165,113,2,2
12704,158,165,114,2,2
12705,158,166,85,8,8
12706,158,166,86,16,16
12707,158,166,87,16,16
12708,158,166,88,16,16
12709,158,166,89,16,16
12710,158,166,90,5,5
12711,158,166,91,5,5
12712,158,166,92,5,5
12713,158,166,93,15,15
12714,158,166,94,7,7
12715,158,166,95,7,7
12716,158,166,96,7,7
12717,158,166,97,7,7
12718,158,166,98,7,7
12719,158,166,99,7,7
12720,158,166,100,5,5
12721,158,166,101,2,2
12722,158,166,102,2,2
12723,158,166,103,2,2
12724,158,166,104,2,2
12725,158,166,105,16,16
12726,158,166,106,16,16
12727,158,166,107,16,16
12728,158,166,108,2,2
12729,158,166,109,2,2
12730,158,166,110,16,16
12731,158,166,111,16,16
12732,158,166,112,16,16
12733,158,166,113,2,2
12734,158,166,114,2,2
12735,158,166,115,2,2
12736,158,166,116,2,2
12737,158,167,86,16,16
12738,158,167,87,16,16
12739,158,167,88,16,16
12740,158,167,89,16,16
12741,158,167,90,5,5
12742,158,167,91,5,5
12743,158,167,92,5,5
12744,158,167,93,15,15
12745,158,167,94,7,7
12746,158,167,95,7,7
12747,158,167,96,7,7
12748,158,167,97,7,7
12749,158,167,98,7,7
12750,158,167,99,5,5
12751,158,167,100,5,5
12752,158,167,101,15,15
12753,158,167,102,2,2
12754,158,167,103,2,2
12755,158,167,104,16,16
12756,158,167,105,16,16
12757,158,167,106,16,16
12758,158,167,107,16,16
12759,158,167,108,16,16
12760,158,167,109,2,2
12761,158,167,110,2,2
12762,158,167,111,16,16
12763,158,167,112,16,16
12764,158,167,113,16,16
12765,158,167,114,2,2
12766,158,167,115,2,2
12767,158,167,116,2,2
12768,158,167,117,2,2
12769,158,168,86,16,16
12770,158,168,87,16,16
12771,158,168,88,16,16
12772,158,168,89,5,5
12773,158,168,90,5,5
12774,158,168,91,5,5
12775,158,168,92,5,5
12776,158,168,93,15,15
12777,158,168,94,7,7
12778,158,168,95,7,7
12779,158,168,96,7,7
12780,158,168,97,7,7
12781,158,168,98,7,7
12782,158,168,99,5,5
12783,158,168,100,5,5
12784,158,168,101,5,5
12785,158,168,102,5,5
12786,158,168,103,5,5
12787,158,168,104,5,5
12788,158,168,105,5,5
12789,158,168,106,5,5
12790,158,168,107,16,16
12791,158,168,108,16,16
12792,158,168,109,2,2
12793,158,168,110,2,2
12794,158,168,111,2,2
12795,158,168,112,16,16
12796,158,168,113,16,16
12797,158,168,114,16,16
12798,158,168,115,2,2
12799,158,168,116,2,2
12800,158,168,117,7,7
12801,158,169,85,16,16
12802,158,169,86,16,16
12803,158,169,87,16,16
12804,158,169,88,16,16
12805,158,169,89,8,8
12806,158,169,90,5,5
12807,158,169,91,15,15
12808,158,169,92,15,15
12809,158,169,93,15,15
12810,158,169,94,7,7
12811,158,169,95,7,7
12812,158,169,96,7,7
12813,158,169,97,15,15
12814,158,169,98,5,5
12815,158,169,99,5,5
12816,158,169,100,5,5
12817,158,169,101,5,5
12818,158,169,102,5,5
12819,158,169,103,5,5
12820,158,169,104,5,5
12821,158,169,105,5,5
12822,158,169,106,16,16
12823,158,169,107,16,16
12824,158,169,108,2,2
12825,158,169,109,2,2
12826,158,169,110,2,2
12827,158,169,111,16,16
12828,158,169,112,16,16
12829,158,169,113,16,16
12830,158,169,114,2,2
12831,158,169,115,2,2
12832,158,169,116,2,2
12833,158,170,85,16,16
12834,158,170,86,16,16
12835,158,170,87,16,16
12836,158,170,88,16,16
12837,158,170,89,16,16
12838,158,170,90,15,15
12839,158,170,91,15,15
12840,158,170,92,15,15
12841,158,170,93,15,15
12842,158,170,94,15,15
12843,158,170,95,7,7
12844,158,170,96,15,15
12845,158,170,97,15,15
12846,158,170,98,15,15
12847,158,170,99,15,15
12848,158,170,100,5,5
12849,158,170,101,15,15
12850,158,170,102,15,15
12851,158,170,103,5,5
12852,158,170,104,5,5
12853,158,170,105,5,5
12854,158,170,106,5,5
12855,158,170,107,5,5
12856,158,170,108,16,16
12857,158,170,109,16,16
12858,158,170,110,16,16
12859,158,170,111,5,5
12860,158,170,112,5,5
12861,158,170,113,5,5
12862,158,170,114,5,5
12863,158,170,115,7,7
12864,158,171,85,16,16
12865,158,171,86,16,16
12866,158,171,87,16,16
12867,158,171,88,16,16
12868,158,171,89,15,15
12869,158,171,90,15,15
12870,158,171,91,15,15
12871,158,171,92,15,15
12872,158,171,93,15,15
12873,158,171,94,15,15
12874,158,171,95,15,15
12875,158,171,96,15,15
12876,158,171,97,15,15
12877,158,171,98,15,15
12878,158,171,99,15,15
12879,158,171,100,15,15
12880,158,171,101,15,15
12881,158,171,102,15,15
12882,158,171,103,15,15
12883,158,171,104,14,14
12884,158,171,105,14,14
12885,158,171,106,5,5
12886,158,171,107,5,5
12887,158,171,108,16,16
12888,158,171,109,16,16
12889,158,171,110,5,5
12890,158,171,111,5,5
12891,158,171,112,5,5
12892,158,171,113,5,5
12893,158,171,114,7,7
12894,158,171,115,7,7
12895,158,172,86,16,16
12896,158,172,87,16,16
12897,158,172,88,16,16
12898,158,172,89,15,15
12899,158,172,90,15,15
12900,158,172,91,15,15
12901,158,172,92,5,5
12902,158,172,93,5,5
12903,158,172,94,15,15
12904,158,172,95,15,15
12905,158,172,96,15,15
12906,158,172,97,15,15
12907,158,172,98,15,15
12908,158,172,99,15,15
12909,158,172,100,15,15
12910,158,172,101,15,15
12911,158,172,102,15,15
12912,158,172,103,15,15
12913,158,172,104,5,5
12914,158,172,105,14,14
12915,158,172,106,5,5
12916,158,172,107,5,5
12917,158,172,108,5,5
12918,158,172,109,16,16
12919,158,172,110,5,5
12920,158,172,111,14,14
12921,158,172,112,5,5
12922,158,172,113,5,5
12923,158,172,114,7,7
12924,158,173,86,16,16
12925,158,173,87,16,16
12926,158,173,88,16,16
12927,158,173,89,16,16
12928,158,173,90,15,15
12929,158,173,91,15,15
12930,158,173,92,5,5
12931,158,173,93,5,5
12932,158,173,94,15,15
12933,158,173,95,15,15
12934,158,173,96,15,15
12935,158,173,97,15,15
12936,158,173,98,15,15
12937,158,173,99,15,15
12938,158,173,100,15,15
12939,158,173,101,15,15
12940,158,173,102,15,15
12941,158,173,103,15,15
12942,158,173,104,5,5
12943,158,173,105,5,5
12944,158,173,106,5,5
12945,158,173,107,5,5
12946,158,173,108,5,5
12947,158,173,109,5,5
12948,158,173,110,5,5
12949,158,173,111,14,14
12950,158,173,112,7,7
12951,158,173,113,7,7
12952,158,174,87,16,16
12953,158,174,88,16,16
12954,158,174,89,5,5
12955,158,174,90,15,15
12956,158,174,91,15,15
12957,158,174,92,5,5
12958,158,174,93,5,5
12959,158,174,94,15,15
12960,158,174,95,15,15
12961,158,174,96,5,5
12962,158,174,97,15,15
12963,158,174,98,15,15
12964,158,174,99,15,15
12965,158,174,100,15,15
12966,158,174,101,15,15
12967,158,174,102,15,15
12968,158,174,103,15,15
12969,158,174,104,5,5
12970,158,174,105,5,5
12971,158,174,106,5,5
12972,158,174,107,5,5
12973,158,174,108,5,5
12974,158,174,109,5,5
12975,158,174,110,14,14
12976,158,174,111,5,5
12977,158,174,112,7,7
12978,158,174,113,9,9
12979,158,175,88,16,16
12980,158,175,89,5,5
12981,158,175,90,15,15
12982,158,175,91,15,15
12983,158,175,92,15,15
12984,158,175,93,5,5
12985,158,175,94,5,5
12986,158,175,95,5,5
12987,158,175,96,5,5
12988,158,175,97,16,16
12989,158,175,98,16,16
12990,158,175,99,2,2
12991,158,175,100,2,2
12992,158,175,101,15,15
12993,158,175,102,15,15
12994,158,175,103,5,5
12995,158,175,104,5,5
12996,158,175,105,5,5
12997,158,175,106,5,5
12998,158,175,107,5,5
12999,158,175,108,14,14
13000,158,175,109,14,14
13001,158,175,110,14,14
13002,158,175,111,14,14
13003,158,175,112,7,7
13004,158,176,88,16,16
13005,158,176,89,16,16
13006,158,176,90,15,15
13007,158,176,91,15,15
13008,158,176,92,15,15
13009,158,176,93,5,5
13010,158,176,94,5,5
13011,158,176,95,5,5
13012,158,176,96,16,16
13013,158,176,97,16,16
13014,158,176,98,16,16
13015,158,176,99,2,2
13016,158,176,100,2,2
13017,158,176,101,16,16
13018,158,176,102,5,5
13019,158,176,103,5,5
13020,158,176,104,15,15
13021,158,176,105,5,5
13022,158,176,106,5,5
13023,158,176,107,5,5
13024,158,176,108,14,14
13025,158,176,109,14,14
13026,158,176,110,14,14
13027,158,176,112,6,6
13028,158,177,88,16,16
13029,158,177,89,16,16
13030,158,177,90,16,16
13031,158,177,91,5,5
13032,158,177,92,15,15
13033,158,177,93,5,5
13034,158,177,94,5,5
13035,158,177,95,5,5
13036,158,177,96,16,16
13037,158,177,97,2,2
13038,158,177,98,16,16
13039,158,177,99,16,16
13040,158,177,100,2,2
13041,158,177,101,16,16
13042,158,177,102,16,16
13043,158,177,103,5,5
13044,158,177,104,5,5
13045,158,177,105,15,15
13046,158,177,106,5,5
13047,158,177,107,14,14
13048,158,177,108,14,14
13049,158,177,109,14,14
13050,158,178,89,16,16
13051,158,178,90,16,16
13052,158,178,91,5,5
13053,158,178,92,5,5
13054,158,178,93,5,5
13055,158,178,94,5,5
13056,158,178,95,16,16
13057,158,178,96,16,16
13058,158,178,97,2,2
13059,158,178,98,2,2
13060,158,178,99,16,16
13061,158,178,100,16,16
13062,158,178,101,16,16
13063,158,178,102,2,2
13064,158,178,103,5,5
13065,158,178,104,5,5
13066,158,178,105,15,15
13067,158,178,106,5,5
13068,158,178,107,16,16
13069,158,178,108,16,16
13070,158,179,89,16,16
13071,158,179,90,16,16
13072,158,179,91,16,16
13073,158,179,92,5,5
13074,158,179,93,5,5
13075,158,179,94,5,5
13076,158,179,95,16,16
13077,158,179,96,16,16
13078,158,179,97,16,16
13079,158,179,98,5,5
13080,158,179,99,5,5
13081,158,179,100,5,5
13082,158,179,101,5,5
13083,158,179,102,5,5
13084,158,179,103,5,5
13085,158,179,104,5,5
13086,158,179,105,16,16
13087,158,179,106,16,16
13088,158,179,107,16,16
13089,158,179,108,16,16
13090,158,180,90,16,16
13091,158,180,91,16,16
13092,158,180,92,15,15
13093,158,180,93,15,15
13094,158,180,94,5,5
13095,158,180,95,14,14
13096,158,180,96,16,16
13097,158,180,97,5,5
13098,158,180,98,16,16
13099,158,180,99,16,16
13100,158,180,100,5,5
13101,158,180,101,16,16
13102,158,180,102,16,16
13103,158,180,103,16,16
13104,158,180,104,16,16
13105,158,180,105,16,16
13106,158,180,106,16,16
13107,158,180,107,16,16
13108,158,181,90,16,16
13109,158,181,91,16,16
13110,158,181,92,16,16
13111,158,181,93,2,2
13112,158,181,94,16,16
13113,158,181,95,16,16
13114,158,181,96,16,16
13115,158,181,97,5,5
13116,158,181,98,15,15
13117,158,181,99,15,15
13118,158,181,100,5,5
13119,158,181,101,16,16
13120,158,181,102,2,2
13121,158,181,103,16,16
13122,158,181,104,16,16
13123,158,181,105,16,16
13124,158,181,106,16,16
13125,158,181,107,16,16
13126,158,182,92,16,16
13127,158,182,93,16,16
13128,158,182,94,2,2
13129,158,182,95,16,16
13130,158,182,96,16,16
13131,158,182,97,16,16
13132,158,182,98,16,16
13133,158,182,99,5,5
13134,158,182,100,5,5
13135,158,182,101,2,2
13136,158,182,102,2,2
13137,158,182,103,16,16
13138,158,182,104,2,2
13139,158,182,105,16,16
13140,158,182,106,16,16
13141,158,183,93,16,16
13142,158,183,94,16,16
13143,158,183,95,16,16
13144,158,183,96,16,16
13145,158,183,97,16,16
13146,158,183,98,16,16
13147,158,183,99,16,16
13148,158,183,100,16,16
13149,158,183,101,2,2
13150,158,183,102,16,16
13151,158,183,103,16,16
13152,158,183,104,16,16
13153,158,183,105,16,16
13154,158,183,106,1,1
13155,158,184,94,16,16
13156,158,184,95,16,16
13157,158,184,96,16,16
13158,158,184,97,16,16
13159,158,184,98,16,16
13160,158,184,99,16,16
13161,158,184,100,16,16
13162,158,184,101,16,16
13163,158,184,102,16,16
13164,158,184,103,16,16
13165,158,184,104,2,2
13166,158,185,96,16,16
13167,158,185,97,16,16
13168,158,185,98,16,16
13169,158,185,99,16,16
13170,158,185,100,16,16
13171,158,185,101,16,16
13172,158,185,102,16,16
13173,158,185,103,16,16
13174,159,146,90,3,3
13175,159,146,91,3,3
13176,159,146,92,3,3
13177,159,146,93,11,11
13178,159,146,95,11,11
13179,159,146,96,3,3
13180,159,147,89,11,11
13181,159,147,90,3,3
13182,159,147,91,3,3
13183,159,147,92,3,3
13184,159,147,93,3,3
13185,159,147,94,11,11
13186,159,147,95,3,3
13187,159,147,96,3,3
13188,159,147,97,3,3
13189,159,147,98,3,3
13190,159,148,89,3,3
13191,159,148,90,3,3
13192,159,148,91,3,3
13193,159,148,92,3,3
13194,159,148,93,3,3
13195,159,148,94,3,3
13196,159,148,95,3,3
13197,159,148,96,3,3
13198,159,148,97,3,3
13199,159,148,98,3,3
13200,159,149,89,3,3
13201,159,149,90,3,3
13202,159,149,91,3,3
13203,159,149,92,3,3
13204,159,149,93,3,3
13205,159,149,94,3,3
13206,159,149,95,3,3
13207,159,149,96,3,3
13208,159,149,97,3,3
13209,159,149,98,3,3
13210,159,150,89,3,3
13211,159,150,90,3,3
13212,159,150,91,3,3
13213,159,150,92,3,3
13214,159,150,93,3,3
13215,159,150,94,3,3
13216,159,150,95,3,3
13217,159,150,96,3,3
13218,159,150,97,3,3
13219,159,150,98,3,3
13220,159,151,88,3,3
13221,159,151,89,3,3
13222,159,151,90,3,3
13223,159,151,91,3,3
13224,159,151,92,3,3
13225,159,151,93,3,3
13226,159,151,94,3,3
13227,159,151,95,3,3
13228,159,151,96,3,3
13229,159,151,97,3,3
13230,159,151,98,3,3
13231,159,152,88,3,3
13232,159,152,89,3,3
13233,159,152,90,3,3
13234,159,152,91,3,3
13235,159,152,92,3,3
13236,159,152,93,3,3
13237,159,152,94,3,3
13238,159,152,95,3,3
13239,159,152,96,3,3
13240,159,152,97,3,3
13241,159,152,98,3,3
13242,159,153,88,3,3
13243,159,153,89,3,3
13244,159,153,90,3,3
13245,159,153,91,3,3
13246,159,153,92,3,3
13247,159,153,93,3,3
13248,159,153,94,3,3
13249,159,153,95,3,3
13250,159,153,96,3,3
13251,159,153,97,3,3
13252,159,154,89,3,3
13253,159,154,90,3,3
13254,159,154,91,3,3
13255,159,154,92,3,3
13256,159,154,93,3,3
13257,159,154,94,3,3
13258,159,154,95,3,3
13259,159,154,96,3,3
13260,159,155,89,3,3
13261,159,155,90,3,3
13262,159,155,91,3,3
13263,159,155,92,3,3
13264,159,155,93,3,3
13265,159,155,94,3,3
13266,159,155,95,3,3
13267,159,155,96,11,11
13268,159,156,90,3,3
13269,159,156,91,3,3
13270,159,156,92,3,3
13271,159,156,93,3,3
13272,159,156,94,11,11
13273,159,156,95,16,16
13274,159,156,96,16,16
13275,159,156,97,16,16
13276,159,156,98,16,16
13277,159,156,100,3,3
13278,159,156,101,3,3
13279,159,157,90,3,3
13280,159,157,91,3,3
13281,159,157,92,3,3
13282,159,157,93,16,16
13283,159,157,94,16,16
13284,159,157,95,5,5
13285,159,157,96,5,5
13286,159,157,97,8,8
13287,159,157,98,16,16
13288,159,157,99,16,16
13289,159,157,100,16,16
13290,159,157,101,16,16
13291,159,157,102,3,3
13292,159,157,103,3,3
13293,159,158,90,16,16
13294,159,158,91,16,16
13295,159,158,92,5,5
13296,159,158,93,5,5
13297,159,158,94,5,5
13298,159,158,95,5,5
13299,159,158,96,15,15
13300,159,158,97,15,15
13301,159,158,98,5,5
13302,159,158,99,5,5
13303,159,158,100,5,5
13304,159,158,101,5,5
13305,159,158,102,16,16
13306,159,158,103,16,16
13307,159,158,104,2,2
13308,159,159,89,11,11
13309,159,159,90,5,5
13310,159,159,91,5,5
13311,159,159,92,5,5
13312,159,159,93,15,15
13313,159,159,94,15,15
13314,159,159,95,5,5
13315,159,159,96,15,15
13316,159,159,97,15,15
13317,159,159,98,15,15
13318,159,159,99,5,5
13319,159,159,100,5,5
13320,159,159,101,5,5
13321,159,159,102,5,5
13322,159,159,103,5,5
13323,159,159,104,16,16
13324,159,159,105,16,16
13325,159,159,106,2,2
13326,159,160,89,16,16
13327,159,160,90,5,5
13328,159,160,91,5,5
13329,159,160,92,15,15
13330,159,160,93,15,15
13331,159,160,94,5,5
13332,159,160,95,5,5
13333,159,160,96,5,5
13334,159,160,97,15,15
13335,159,160,98,15,15
13336,159,160,99,5,5
13337,159,160,100,5,5
13338,159,160,101,15,15
13339,159,160,102,5,5
13340,159,160,103,5,5
13341,159,160,104,16,16
13342,159,160,105,16,16
13343,159,160,106,2,2
13344,159,160,107,2,2
13345,159,160,108,2,2
13346,159,160,109,2,2
13347,159,161,87,11,11
13348,159,161,88,16,16
13349,159,161,89,5,5
13350,159,161,90,5,5
13351,159,161,91,15,15
13352,159,161,92,15,15
13353,159,161,93,15,15
13354,159,161,94,5,5
13355,159,161,95,5,5
13356,159,161,96,5,5
13357,159,161,97,5,5
13358,159,161,98,15,15
13359,159,161,99,5,5
13360,159,161,100,5,5
13361,159,161,101,5,5
13362,159,161,102,5,5
13363,159,161,103,5,5
13364,159,161,104,5,5
13365,159,161,105,5,5
13366,159,161,106,16,16
13367,159,161,107,2,2
13368,159,161,108,2,2
13369,159,161,109,2,2
13370,159,161,110,2,2
13371,159,162,85,11,11
13372,159,162,87,16,16
13373,159,162,88,16,16
13374,159,162,89,5,5
13375,159,162,90,15,15
13376,159,162,91,15,15
13377,159,162,92,15,15
13378,159,162,93,15,15
13379,159,162,94,15,15
13380,159,162,95,5,5
13381,159,162,96,5,5
13382,159,162,97,5,5
13383,159,162,98,5,5
13384,159,162,99,5,5
13385,159,162,100,5,5
13386,159,162,101,5,5
13387,159,162,102,5,5
13388,159,162,103,5,5
13389,159,162,104,5,5
13390,159,162,105,5,5
13391,159,162,106,5,5
13392,159,162,107,5,5
13393,159,162,108,2,2
13394,159,162,109,2,2
13395,159,162,110,2,2
13396,159,162,111,2,2
13397,159,162,112,2,2
13398,159,162,113,2,2
13399,159,163,85,8,8
13400,159,163,86,11,11
13401,159,163,87,16,16
13402,159,163,88,8,8
13403,159,163,89,15,15
13404,159,163,90,15,15
13405,159,163,91,15,15
13406,159,163,92,15,15
13407,159,163,93,15,15
13408,159,163,94,5,5
13409,159,163,95,5,5
13410,159,163,96,5,5
13411,159,163,97,5,5
13412,159,163,98,14,14
13413,159,163,99,5,5
13414,159,163,100,5,5
13415,159,163,101,5,5
13416,159,163,102,5,5
13417,159,163,103,5,5
13418,159,163,104,5,5
13419,159,163,105,5,5
13420,159,163,106,5,5
13421,159,163,107,5,5
13422,159,163,108,16,16
13423,159,163,109,14,14
13424,159,163,110,16,16
13425,159,163,111,2,2
13426,159,163,112,2,2
13427,159,163,113,2,2
13428,159,163,114,2,2
13429,159,164,85,8,8
13430,159,164,86,8,8
13431,159,164,87,16,16
13432,159,164,89,15,15
13433,159,164,90,15,15
13434,159,164,91,5,5
13435,159,164,92,5,5
13436,159,164,93,5,5
13437,159,164,94,5,5
13438,159,164,95,5,5
13439,159,164,96,5,5
13440,159,164,97,14,14
13441,159,164,98,14,14
13442,159,164,99,5,5
13443,159,164,100,5,5
13444,159,164,101,5,5
13445,159,164,102,5,5
13446,159,164,103,5,5
13447,159,164,104,5,5
13448,159,164,105,5,5
13449,159,164,106,5,5
13450,159,164,107,16,16
13451,159,164,108,16,16
13452,159,164,109,16,16
13453,159,164,110,16,16
13454,159,164,111,16,16
13455,159,164,112,2,2
13456,159,164,113,2,2
13457,159,164,114,2,2
13458,159,165,85,8,8
13459,159,165,86,8,8
13460,159,165,87,16,16
13461,159,165,88,5,5
13462,159,165,89,8,8
13463,159,165,90,16,16
13464,159,165,91,5,5
13465,159,165,92,5,5
13466,159,165,93,5,5
13467,159,165,94,7,7
13468,159,165,95,7,7
13469,159,165,96,7,7
13470,159,165,97,14,14
13471,159,165,98,14,14
13472,159,165,99,5,5
13473,159,165,100,5,5
13474,159,165,101,5,5
13475,159,165,102,5,5
13476,159,165,103,5,5
13477,159,165,104,5,5
13478,159,165,105,5,5
13479,159,165,106,5,5
13480,159,165,107,16,16
13481,159,165,108,16,16
13482,159,165,109,16,16
13483,159,165,110,16,16
13484,159,165,111,16,16
13485,159,165,112,16,16
13486,159,165,113,2,2
13487,159,165,114,2,2
13488,159,165,115,2,2
13489,159,165,116,2,2
13490,159,166,85,8,8
13491,159,166,86,16,16
13492,159,166,87,16,16
13493,159,166,88,16,16
13494,159,166,89,16,16
13495,159,166,90,5,5
13496,159,166,91,5,5
13497,159,166,92,5,5
13498,159,166,93,5,5
13499,159,166,94,7,7
13500,159,166,95,7,7
13501,159,166,96,14,14
13502,159,166,97,14,14
13503,159,166,98,5,5
13504,159,166,99,5,5
13505,159,166,100,2,2
13506,159,166,101,5,5
13507,159,166,102,5,5
13508,159,166,103,5,5
13509,159,166,104,5,5
13510,159,166,105,5,5
13511,159,166,106,5,5
13512,159,166,107,16,16
13513,159,166,108,16,16
13514,159,166,109,2,2
13515,159,166,110,16,16
13516,159,166,111,16,16
13517,159,166,112,16,16
13518,159,166,113,16,16
13519,159,166,114,2,2
13520,159,166,115,2,2
13521,159,166,116,2,2
13522,159,166,117,7,7
13523,159,167,86,16,16
13524,159,167,87,5,5
13525,159,167,88,16,16
13526,159,167,89,5,5
13527,159,167,90,5,5
13528,159,167,91,5,5
13529,159,167,92,5,5
13530,159,167,93,5,5
13531,159,167,94,7,7
13532,159,167,95,7,7
13533,159,167,96,14,14
13534,159,167,97,5,5
13535,159,167,98,5,5
13536,159,167,99,5,5
13537,159,167,100,5,5
13538,159,167,101,5,5
13539,159,167,102,5,5
13540,159,167,103,5,5
13541,159,167,104,5,5
13542,159,167,105,5,5
13543,159,167,106,5,5
13544,159,167,107,5,5
13545,159,167,108,16,16
13546,159,167,109,2,2
13547,159,167,110,2,2
13548,159,167,111,16,16
13549,159,167,112,16,16
13550,159,167,113,16,16
13551,159,167,114,16,16
13552,159,167,115,2,2
13553,159,167,116,2,2
13554,159,167,117,7,7
13555,159,168,85,16,16
13556,159,168,86,16,16
13557,159,168,87,16,16
13558,159,168,88,16,16
13559,159,168,89,5,5
13560,159,168,90,5,5
13561,159,168,91,5,5
13562,159,168,92,5,5
13563,159,168,93,5,5
13564,159,168,94,7,7
13565,159,168,95,7,7
13566,159,168,96,5,5
13567,159,168,97,5,5
13568,159,168,98,15,15
13569,159,168,99,5,5
13570,159,168,100,5,5
13571,159,168,101,5,5
13572,159,168,102,5,5
13573,159,168,103,5,5
13574,159,168,104,5,5
13575,159,168,105,5,5
13576,159,168,106,5,5
13577,159,168,107,5,5
13578,159,168,108,16,16
13579,159,168,109,2,2
13580,159,168,110,2,2
13581,159,168,111,2,2
13582,159,168,112,2,2
13583,159,168,113,16,16
13584,159,168,114,16,16
13585,159,168,115,2,2
13586,159,168,116,2,2
13587,159,168,117,7,7
13588,159,169,84,16,16
13589,159,169,85,16,16
13590,159,169,86,16,16
13591,159,169,87,16,16
13592,159,169,88,5,5
13593,159,169,89,15,15
13594,159,169,90,5,5
13595,159,169,91,5,5
13596,159,169,92,15,15
13597,159,169,93,15,15
13598,159,169,94,15,15
13599,159,169,95,7,7
13600,159,169,96,5,5
13601,159,169,97,15,15
13602,159,169,98,15,15
13603,159,169,99,5,5
13604,159,169,100,5,5
13605,159,169,101,5,5
13606,159,169,102,15,15
13607,159,169,103,15,15
13608,159,169,104,15,15
13609,159,169,105,5,5
13610,159,169,106,5,5
13611,159,169,107,5,5
13612,159,169,108,16,16
13613,159,169,109,16,16
13614,159,169,110,2,2
13615,159,169,111,2,2
13616,159,169,112,5,5
13617,159,169,113,5,5
13618,159,169,114,5,5
13619,159,169,115,5,5
13620,159,170,84,16,16
13621,159,170,85,16,16
13622,159,170,86,16,16
13623,159,170,87,8,8
13624,159,170,88,5,5
13625,159,170,89,15,15
13626,159,170,90,15,15
13627,159,170,91,15,15
13628,159,170,92,15,15
13629,159,170,93,15,15
13630,159,170,94,15,15
13631,159,170,95,15,15
13632,159,170,96,15,15
13633,159,170,97,15,15
13634,159,170,98,15,15
13635,159,170,99,5,5
13636,159,170,100,15,15
13637,159,170,101,15,15
13638,159,170,102,15,15
13639,159,170,103,15,15
13640,159,170,104,5,5
13641,159,170,105,5,5
13642,159,170,106,5,5
13643,159,170,107,5,5
13644,159,170,108,16,16
13645,159,170,109,16,16
13646,159,170,110,16,16
13647,159,170,111,5,5
13648,159,170,112,5,5
13649,159,170,113,14,14
13650,159,170,114,14,14
13651,159,170,115,15,15
13652,159,171,85,16,16
13653,159,171,86,16,16
13654,159,171,87,16,16
13655,159,171,88,5,5
13656,159,171,89,15,15
13657,159,171,90,15,15
13658,159,171,91,15,15
13659,159,171,92,5,5
13660,159,171,93,5,5
13661,159,171,94,15,15
13662,159,171,95,15,15
13663,159,171,96,15,15
13664,159,171,97,15,15
13665,159,171,98,15,15
13666,159,171,99,15,15
13667,159,171,100,15,15
13668,159,171,101,15,15
13669,159,171,102,15,15
13670,159,171,103,15,15
13671,159,171,104,15,15
13672,159,171,105,14,14
13673,159,171,106,5,5
13674,159,171,107,5,5
13675,159,171,108,5,5
13676,159,171,109,16,16
13677,159,171,110,5,5
13678,159,171,111,5,5
13679,159,171,112,5,5
13680,159,171,113,14,14
13681,159,171,114,5,5
13682,159,172,85,16,16
13683,159,172,86,16,16
13684,159,172,87,16,16
13685,159,172,88,16,16
13686,159,172,89,15,15
13687,159,172,90,15,15
13688,159,172,91,5,5
13689,159,172,92,5,5
13690,159,172,93,5,5
13691,159,172,94,15,15
13692,159,172,95,15,15
13693,159,172,96,15,15
13694,159,172,97,15,15
13695,159,172,98,5,5
13696,159,172,99,15,15
13697,159,172,100,15,15
13698,159,172,101,15,15
13699,159,172,102,15,15
13700,159,172,103,15,15
13701,159,172,104,5,5
13702,159,172,105,14,14
13703,159,172,106,5,5
13704,159,172,107,5,5
13705,159,172,108,5,5
13706,159,172,109,16,16
13707,159,172,110,5,5
13708,159,172,111,5,5
13709,159,172,112,14,14
13710,159,172,113,5,5
13711,159,173,85,16,16
13712,159,173,86,16,16
13713,159,173,87,16,16
13714,159,173,88,14,14
13715,159,173,89,15,15
13716,159,173,90,15,15
13717,159,173,91,5,5
13718,159,173,92,5,5
13719,159,173,93,5,5
13720,159,173,94,15,15
13721,159,173,95,15,15
13722,159,173,96,15,15
13723,159,173,97,15,15
13724,159,173,98,5,5
13725,159,173,99,15,15
13726,159,173,100,15,15
13727,159,173,101,15,15
13728,159,173,102,15,15
13729,159,173,103,15,15
13730,159,173,104,5,5
13731,159,173,105,14,14
13732,159,173,106,14,14
13733,159,173,107,5,5
13734,159,173,108,5,5
13735,159,173,109,5,5
13736,159,173,110,5,5
13737,159,173,111,14,14
13738,159,173,112,14,14
13739,159,173,113,9,9
13740,159,174,85,16,16
13741,159,174,86,16,16
13742,159,174,87,16,16
13743,159,174,88,5,5
13744,159,174,89,5,5
13745,159,174,90,15,15
13746,159,174,91,15,15
13747,159,174,92,5,5
13748,159,174,93,5,5
13749,159,174,94,15,15
13750,159,174,95,15,15
13751,159,174,96,15,15
13752,159,174,97,15,15
13753,159,174,98,5,5
13754,159,174,99,15,15
13755,159,174,100,15,15
13756,159,174,101,15,15
13757,159,174,102,15,15
13758,159,174,103,15,15
13759,159,174,104,5,5
13760,159,174,105,14,14
13761,159,174,106,14,14
13762,159,174,107,14,14
13763,159,174,108,5,5
13764,159,174,109,5,5
13765,159,174,110,14,14
13766,159,174,111,14,14
13767,159,174,112,14,14
13768,159,174,113,9,9
13769,159,175,86,16,16
13770,159,175,87,16,16
13771,159,175,88,5,5
13772,159,175,89,5,5
13773,159,175,90,15,15
13774,159,175,91,15,15
13775,159,175,92,15,15
13776,159,175,93,15,15
13777,159,175,94,5,5
13778,159,175,95,5,5
13779,159,175,96,5,5
13780,159,175,97,5,5
13781,159,175,98,5,5
13782,159,175,99,15,15
13783,159,175,100,15,15
13784,159,175,101,15,15
13785,159,175,102,15,15
13786,159,175,103,15,15
13787,159,175,104,5,5
13788,159,175,105,14,14
13789,159,175,106,14,14
13790,159,175,107,5,5
13791,159,175,108,14,14
13792,159,175,109,14,14
13793,159,175,110,14,14
13794,159,175,112,14,14
13795,159,176,87,16,16
13796,159,176,88,16,16
13797,159,176,89,14,14
13798,159,176,90,15,15
13799,159,176,91,15,15
13800,159,176,92,15,15
13801,159,176,93,15,15
13802,159,176,94,5,5
13803,159,176,95,5,5
13804,159,176,96,5,5
13805,159,176,97,14,14
13806,159,176,98,14,14
13807,159,176,99,14,14
13808,159,176,100,2,2
13809,159,176,101,2,2
13810,159,176,102,5,5
13811,159,176,103,5,5
13812,159,176,104,5,5
13813,159,176,105,14,14
13814,159,176,106,14,14
13815,159,176,107,5,5
13816,159,176,108,14,14
13817,159,176,109,14,14
13818,159,177,88,16,16
13819,159,177,89,16,16
13820,159,177,90,5,5
13821,159,177,91,5,5
13822,159,177,92,15,15
13823,159,177,93,15,15
13824,159,177,94,5,5
13825,159,177,95,5,5
13826,159,177,96,5,5
13827,159,177,97,16,16
13828,159,177,98,16,16
13829,159,177,99,16,16
13830,159,177,100,16,16
13831,159,177,101,5,5
13832,159,177,102,5,5
13833,159,177,103,5,5
13834,159,177,104,14,14
13835,159,177,105,5,5
13836,159,177,106,5,5
13837,159,177,107,14,14
13838,159,177,108,14,14
13839,159,177,109,14,14
13840,159,178,88,16,16
13841,159,178,89,16,16
13842,159,178,90,16,16
13843,159,178,91,5,5
13844,159,178,92,15,15
13845,159,178,93,15,15
13846,159,178,94,5,5
13847,159,178,95,5,5
13848,159,178,96,16,16
13849,159,178,97,16,16
13850,159,178,98,5,5
13851,159,178,99,14,14
13852,159,178,100,14,14
13853,159,178,101,14,14
13854,159,178,102,14,14
13855,159,178,103,14,14
13856,159,178,104,14,14
13857,159,178,105,5,5
13858,159,178,106,5,5
13859,159,178,107,14,14
13860,159,178,108,14,14
13861,159,179,89,16,16
13862,159,179,90,16,16
13863,159,179,91,5,5
13864,159,179,92,15,15
13865,159,179,93,15,15
13866,159,179,94,15,15
13867,159,179,95,5,5
13868,159,179,96,5,5
13869,159,179,97,5,5
13870,159,179,98,5,5
13871,159,179,99,14,14
13872,159,179,100,14,14
13873,159,179,101,14,14
13874,159,179,102,14,14
13875,159,179,103,14,14
13876,159,179,104,14,14
13877,159,179,105,5,5
13878,159,179,106,5,5
13879,159,179,107,14,14
13880,159,180,89,16,16
13881,159,180,90,16,16
13882,159,180,91,16,16
13883,159,180,92,15,15
13884,159,180,93,5,5
13885,159,180,94,5,5
13886,159,180,95,5,5
13887,159,180,96,5,5
13888,159,180,97,5,5
13889,159,180,98,5,5
13890,159,180,99,5,5
13891,159,180,100,5,5
13892,159,180,101,5,5
13893,159,180,102,14,14
13894,159,180,103,14,14
13895,159,180,104,14,14
13896,159,180,105,14,14
13897,159,180,106,5,5
13898,159,180,107,5,5
13899,159,181,89,16,16
13900,159,181,90,16,16
13901,159,181,91,16,16
13902,159,181,92,16,16
13903,159,181,93,16,16
13904,159,181,94,16,16
13905,159,181,95,16,16
13906,159,181,96,16,16
13907,159,181,97,16,16
13908,159,181,98,2,2
13909,159,181,99,16,16
13910,159,181,100,5,5
13911,159,181,101,5,5
13912,159,181,102,5,5
13913,159,181,103,16,16
13914,159,181,104,16,16
13915,159,181,105,16,16
13916,159,181,106,16,16
13917,159,182,90,16,16
13918,159,182,91,16,16
13919,159,182,92,16,16
13920,159,182,93,2,2
13921,159,182,94,2,2
13922,159,182,95,16,16
13923,159,182,96,16,16
13924,159,182,97,16,16
13925,159,182,98,2,2
13926,159,182,99,2,2
13927,159,182,100,2,2
13928,159,182,101,2,2
13929,159,182,102,2,2
13930,159,182,103,16,16
13931,159,182,104,16,16
13932,159,182,105,16,16
13933,159,182,106,5,5
13934,159,183,92,16,16
13935,159,183,93,16,16
13936,159,183,94,16,16
13937,159,183,95,16,16
13938,159,183,96,16,16
13939,159,183,97,16,16
13940,159,183,98,16,16
13941,159,183,99,2,2
13942,159,183,100,2,2
13943,159,183,101,2,2
13944,159,183,102,2,2
13945,159,183,103,16,16
13946,159,183,104,16,16
13947,159,183,105,16,16
13948,159,183,106,5,5
13949,159,184,95,16,16
13950,159,184,96,16,16
13951,159,184,97,16,16
13952,159,184,98,16,16
13953,159,184,99,16,16
13954,159,184,100,16,16
13955,159,184,101,2,2
13956,159,184,102,16,16
13957,159,184,103,16,16
13958,159,184,104,16,16
13959,159,184,105,5,5
13960,159,185,96,16,16
13961,159,185,97,16,16
13962,159,185,98,16,16
13963,159,185,99,16,16
13964,159,185,100,16,16
13965,159,185,101,16,16
13966,159,185,102,16,16
13967,159,185,103,16,16
13968,159,185,104,5,5
13969,159,186,101,16,16
13970,159,186,102,1,1
13971,160,146,90,3,3
13972,160,146,91,3,3
13973,160,146,92,3,3
13974,160,146,93,11,11
13975,160,147,89,3,3
13976,160,147,90,3,3
13977,160,147,91,3,3
13978,160,147,92,3,3
13979,160,147,93,3,3
13980,160,147,94,11,11
13981,160,147,95,11,11
13982,160,147,96,3,3
13983,160,148,89,3,3
13984,160,148,90,3,3
13985,160,148,91,3,3
13986,160,148,92,3,3
13987,160,148,93,3,3
13988,160,148,94,3,3
13989,160,148,95,3,3
13990,160,148,96,3,3
13991,160,148,97,3,3
13992,160,148,98,3,3
13993,160,149,89,3,3
13994,160,149,90,3,3
13995,160,149,91,3,3
13996,160,149,92,3,3
13997,160,149,93,3,3
13998,160,149,94,3,3
13999,160,149,95,3,3
14000,160,149,96,3,3
14001,160,149,97,3,3
14002,160,149,98,3,3
14003,160,150,89,3,3
14004,160,150,90,3,3
14005,160,150,91,3,3
14006,160,150,92,3,3
14007,160,150,93,3,3
14008,160,150,94,3,3
14009,160,150,95,3,3
14010,160,150,96,3,3
14011,160,150,97,3,3
14012,160,150,98,3,3
14013,160,151,89,3,3
14014,160,151,90,3,3
14015,160,151,91,3,3
14016,160,151,92,3,3
14017,160,151,93,3,3
14018,160,151,94,3,3
14019,160,151,95,3,3
14020,160,151,96,3,3
14021,160,151,97,3,3
14022,160,151,98,11,11
14023,160,152,89,3,3
14024,160,152,90,3,3
14025,160,152,91,3,3
14026,160,152,92,3,3
14027,160,152,93,3,3
14028,160,152,94,3,3
14029,160,152,95,3,3
14030,160,152,96,3,3
14031,160,152,97,3,3
14032,160,152,98,11,11
14033,160,153,89,3,3
14034,160,153,90,3,3
14035,160,153,91,3,3
14036,160,153,92,3,3
14037,160,153,93,3,3
14038,160,153,94,3,3
14039,160,153,95,3,3
14040,160,153,96,3,3
14041,160,153,97,11,11
14042,160,154,89,3,3
14043,160,154,90,3,3
14044,160,154,91,3,3
14045,160,154,92,3,3
14046,160,154,93,3,3
14047,160,154,94,3,3
14048,160,154,95,3,3
14049,160,154,96,3,3
14050,160,155,89,3,3
14051,160,155,90,3,3
14052,160,155,91,3,3
14053,160,155,92,3,3
14054,160,155,93,3,3
14055,160,155,94,3,3
14056,160,155,95,3,3
14057,160,155,96,11,11
14058,160,156,90,3,3
14059,160,156,91,3,3
14060,160,156,92,3,3
14061,160,156,93,3,3
14062,160,156,94,3,3
14063,160,156,95,16,16
14064,160,156,96,16,16
14065,160,156,97,11,11
14066,160,156,98,11,11
14067,160,156,99,16,16
14068,160,156,100,16,16
14069,160,156,101,3,3
14070,160,156,102,3,3
14071,160,157,90,3,3
14072,160,157,91,3,3
14073,160,157,92,3,3
14074,160,157,93,16,16
14075,160,157,94,16,16
14076,160,157,95,5,5
14077,160,157,96,5,5
14078,160,157,97,15,15
14079,160,157,98,5,5
14080,160,157,99,5,5
14081,160,157,100,5,5
14082,160,157,101,16,16
14083,160,157,102,3,3
14084,160,157,103,3,3
14085,160,157,104,3,3
14086,160,158,90,16,16
14087,160,158,91,16,16
14088,160,158,92,5,5
14089,160,158,93,5,5
14090,160,158,94,5,5
14091,160,158,95,5,5
14092,160,158,96,5,5
14093,160,158,97,15,15
14094,160,158,98,5,5
14095,160,158,99,5,5
14096,160,158,100,5,5
14097,160,158,101,5,5
14098,160,158,102,5,5
14099,160,158,103,16,16
14100,160,158,104,2,2
14101,160,159,90,5,5
14102,160,159,91,5,5
14103,160,159,92,5,5
14104,160,159,93,15,15
14105,160,159,94,15,15
14106,160,159,95,5,5
14107,160,159,96,15,15
14108,160,159,97,15,15
14109,160,159,98,15,15
14110,160,159,99,5,5
14111,160,159,100,5,5
14112,160,159,101,5,5
14113,160,159,102,5,5
14114,160,159,103,5,5
14115,160,159,104,16,16
14116,160,159,105,16,16
14117,160,159,106,2,2
14118,160,159,107,2,2
14119,160,159,108,2,2
14120,160,159,109,11,11
14121,160,160,89,16,16
14122,160,160,90,5,5
14123,160,160,91,5,5
14124,160,160,92,15,15
14125,160,160,93,15,15
14126,160,160,94,15,15
14127,160,160,95,5,5
14128,160,160,96,5,5
14129,160,160,97,15,15
14130,160,160,98,15,15
14131,160,160,99,15,15
14132,160,160,100,5,5
14133,160,160,101,15,15
14134,160,160,102,15,15
14135,160,160,103,5,5
14136,160,160,104,5,5
14137,160,160,105,16,16
14138,160,160,106,16,16
14139,160,160,108,2,2
14140,160,160,109,2,2
14141,160,161,87,11,11
14142,160,161,88,16,16
14143,160,161,89,5,5
14144,160,161,90,5,5
14145,160,161,91,15,15
14146,160,161,92,15,15
14147,160,161,93,15,15
14148,160,161,94,15,15
14149,160,161,95,5,5
14150,160,161,96,5,5
14151,160,161,97,15,15
14152,160,161,98,15,15
14153,160,161,99,5,5
14154,160,161,100,5,5
14155,160,161,101,5,5
14156,160,161,102,5,5
14157,160,161,103,5,5
14158,160,161,104,5,5
14159,160,161,105,5,5
14160,160,161,106,5,5
14161,160,161,107,2,2
14162,160,161,108,2,2
14163,160,161,109,2,2
14164,160,161,110,2,2
14165,160,161,111,2,2
14166,160,162,87,11,11
14167,160,162,88,16,16
14168,160,162,89,5,5
14169,160,162,90,15,15
14170,160,162,91,15,15
14171,160,162,92,15,15
14172,160,162,93,15,15
14173,160,162,94,15,15
14174,160,162,95,5,5
14175,160,162,96,5,5
14176,160,162,97,15,15
14177,160,162,98,15,15
14178,160,162,99,5,5
14179,160,162,100,5,5
14180,160,162,101,5,5
14181,160,162,102,5,5
14182,160,162,103,5,5
14183,160,162,104,5,5
14184,160,162,105,5,5
14185,160,162,106,5,5
14186,160,162,107,5,5
14187,160,162,108,2,2
14188,160,162,109,2,2
14189,160,162,110,2,2
14190,160,162,111,2,2
14191,160,162,112,2,2
14192,160,162,113,2,2
14193,160,163,87,16,16
14194,160,163,88,16,16
14195,160,163,89,15,15
14196,160,163,90,15,15
14197,160,163,91,15,15
14198,160,163,92,15,15
14199,160,163,93,15,15
14200,160,163,94,15,15
14201,160,163,95,5,5
14202,160,163,96,15,15
14203,160,163,97,5,5
14204,160,163,98,5,5
14205,160,163,99,5,5
14206,160,163,100,5,5
14207,160,163,101,5,5
14208,160,163,102,5,5
14209,160,163,103,5,5
14210,160,163,104,5,5
14211,160,163,105,5,5
14212,160,163,106,5,5
14213,160,163,107,5,5
14214,160,163,108,5,5
14215,160,163,109,5,5
14216,160,163,110,5,5
14217,160,163,111,16,16
14218,160,163,112,2,2
14219,160,163,113,2,2
14220,160,163,114,2,2
14221,160,164,87,16,16
14222,160,164,88,5,5
14223,160,164,89,15,15
14224,160,164,90,15,15
14225,160,164,91,5,5
14226,160,164,92,5,5
14227,160,164,93,15,15
14228,160,164,94,15,15
14229,160,164,95,15,15
14230,160,164,96,15,15
14231,160,164,97,15,15
14232,160,164,98,15,15
14233,160,164,99,15,15
14234,160,164,100,5,5
14235,160,164,101,5,5
14236,160,164,102,5,5
14237,160,164,103,5,5
14238,160,164,104,5,5
14239,160,164,105,5,5
14240,160,164,106,5,5
14241,160,164,107,14,14
14242,160,164,108,14,14
14243,160,164,109,16,16
14244,160,164,110,5,5
14245,160,164,111,16,16
14246,160,164,112,16,16
14247,160,164,113,2,2
14248,160,164,114,2,2
14249,160,164,115,2,2
14250,160,165,87,16,16
14251,160,165,88,15,15
14252,160,165,89,15,15
14253,160,165,90,5,5
14254,160,165,91,5,5
14255,160,165,92,5,5
14256,160,165,93,5,5
14257,160,165,94,15,15
14258,160,165,95,7,7
14259,160,165,96,7,7
14260,160,165,97,15,15
14261,160,165,98,15,15
14262,160,165,99,5,5
14263,160,165,100,5,5
14264,160,165,101,5,5
14265,160,165,102,5,5
14266,160,165,103,5,5
14267,160,165,104,5,5
14268,160,165,105,5,5
14269,160,165,106,5,5
14270,160,165,107,5,5
14271,160,165,108,16,16
14272,160,165,109,16,16
14273,160,165,110,16,16
14274,160,165,111,16,16
14275,160,165,112,16,16
14276,160,165,113,16,16
14277,160,165,114,2,2
14278,160,165,115,2,2
14279,160,165,116,2,2
14280,160,165,117,7,7
14281,160,166,86,16,16
14282,160,166,87,5,5
14283,160,166,88,5,5
14284,160,166,89,8,8
14285,160,166,90,5,5
14286,160,166,91,5,5
14287,160,166,92,5,5
14288,160,166,93,5,5
14289,160,166,94,7,7
14290,160,166,95,7,7
14291,160,166,96,14,14
14292,160,166,97,14,14
14293,160,166,98,5,5
14294,160,166,99,5,5
14295,160,166,100,5,5
14296,160,166,101,5,5
14297,160,166,102,5,5
14298,160,166,103,5,5
14299,160,166,104,5,5
14300,160,166,105,5,5
14301,160,166,106,5,5
14302,160,166,107,5,5
14303,160,166,108,16,16
14304,160,166,109,16,16
14305,160,166,110,16,16
14306,160,166,111,16,16
14307,160,166,112,16,16
14308,160,166,113,16,16
14309,160,166,114,16,16
14310,160,166,115,2,2
14311,160,166,116,2,2
14312,160,166,117,7,7
14313,160,167,86,16,16
14314,160,167,87,5,5
14315,160,167,88,5,5
14316,160,167,89,16,16
14317,160,167,90,5,5
14318,160,167,91,5,5
14319,160,167,92,5,5
14320,160,167,93,5,5
14321,160,167,94,7,7
14322,160,167,95,7,7
14323,160,167,96,14,14
14324,160,167,97,14,14
14325,160,167,98,5,5
14326,160,167,99,5,5
14327,160,167,100,5,5
14328,160,167,101,5,5
14329,160,167,102,5,5
14330,160,167,103,5,5
14331,160,167,104,5,5
14332,160,167,105,5,5
14333,160,167,106,5,5
14334,160,167,107,5,5
14335,160,167,108,16,16
14336,160,167,109,2,2
14337,160,167,110,16,16
14338,160,167,111,16,16
14339,160,167,112,16,16
14340,160,167,113,16,16
14341,160,167,114,16,16
14342,160,167,115,2,2
14343,160,167,116,2,2
14344,160,167,117,7,7
14345,160,168,85,16,16
14346,160,168,86,16,16
14347,160,168,87,5,5
14348,160,168,88,16,16
14349,160,168,89,5,5
14350,160,168,90,5,5
14351,160,168,91,5,5
14352,160,168,92,5,5
14353,160,168,93,5,5
14354,160,168,94,5,5
14355,160,168,95,14,14
14356,160,168,96,5,5
14357,160,168,97,5,5
14358,160,168,98,5,5
14359,160,168,99,5,5
14360,160,168,100,5,5
14361,160,168,101,5,5
14362,160,168,102,5,5
14363,160,168,103,5,5
14364,160,168,104,5,5
14365,160,168,105,5,5
14366,160,168,106,5,5
14367,160,168,107,5,5
14368,160,168,108,5,5
14369,160,168,109,2,2
14370,160,168,110,2,2
14371,160,168,111,2,2
14372,160,168,112,16,16
14373,160,168,113,5,5
14374,160,168,114,5,5
14375,160,168,115,5,5
14376,160,168,116,15,15
14377,160,169,85,16,16
14378,160,169,86,5,5
14379,160,169,87,5,5
14380,160,169,88,5,5
14381,160,169,89,5,5
14382,160,169,90,5,5
14383,160,169,91,5,5
14384,160,169,92,5,5
14385,160,169,93,5,5
14386,160,169,94,5,5
14387,160,169,95,5,5
14388,160,169,96,5,5
14389,160,169,97,15,15
14390,160,169,98,15,15
14391,160,169,99,15,15
14392,160,169,100,5,5
14393,160,169,101,5,5
14394,160,169,102,15,15
14395,160,169,103,15,15
14396,160,169,104,15,15
14397,160,169,105,15,15
14398,160,169,106,5,5
14399,160,169,107,5,5
14400,160,169,108,5,5
14401,160,169,109,2,2
14402,160,169,110,2,2
14403,160,169,111,2,2
14404,160,169,112,5,5
14405,160,169,113,5,5
14406,160,169,114,14,14
14407,160,169,115,5,5
14408,160,170,83,16,16
14409,160,170,84,16,16
14410,160,170,85,16,16
14411,160,170,86,8,8
14412,160,170,87,15,15
14413,160,170,88,15,15
14414,160,170,89,15,15
14415,160,170,90,5,5
14416,160,170,91,5,5
14417,160,170,92,5,5
14418,160,170,93,5,5
14419,160,170,94,15,15
14420,160,170,95,15,15
14421,160,170,96,15,15
14422,160,170,97,15,15
14423,160,170,98,15,15
14424,160,170,99,15,15
14425,160,170,100,15,15
14426,160,170,101,15,15
14427,160,170,102,15,15
14428,160,170,103,15,15
14429,160,170,104,15,15
14430,160,170,105,15,15
14431,160,170,106,5,5
14432,160,170,107,5,5
14433,160,170,108,5,5
14434,160,170,109,5,5
14435,160,170,110,2,2
14436,160,170,111,2,2
14437,160,170,112,2,2
14438,160,170,113,5,5
14439,160,170,114,14,14
14440,160,171,84,16,16
14441,160,171,85,16,16
14442,160,171,86,16,16
14443,160,171,87,15,15
14444,160,171,88,15,15
14445,160,171,89,5,5
14446,160,171,90,5,5
14447,160,171,91,15,15
14448,160,171,92,5,5
14449,160,171,93,15,15
14450,160,171,94,15,15
14451,160,171,95,15,15
14452,160,171,96,15,15
14453,160,171,97,15,15
14454,160,171,98,5,5
14455,160,171,99,5,5
14456,160,171,100,5,5
14457,160,171,101,15,15
14458,160,171,102,15,15
14459,160,171,103,15,15
14460,160,171,104,15,15
14461,160,171,105,15,15
14462,160,171,106,15,15
14463,160,171,107,5,5
14464,160,171,108,5,5
14465,160,171,109,5,5
14466,160,171,110,5,5
14467,160,171,111,5,5
14468,160,171,112,5,5
14469,160,171,113,5,5
14470,160,171,114,9,9
14471,160,172,84,16,16
14472,160,172,85,16,16
14473,160,172,86,16,16
14474,160,172,87,16,16
14475,160,172,88,2,2
14476,160,172,89,15,15
14477,160,172,90,15,15
14478,160,172,91,15,15
14479,160,172,92,5,5
14480,160,172,93,15,15
14481,160,172,94,15,15
14482,160,172,95,15,15
14483,160,172,96,15,15
14484,160,172,97,15,15
14485,160,172,98,5,5
14486,160,172,99,5,5
14487,160,172,100,5,5
14488,160,172,101,15,15
14489,160,172,102,15,15
14490,160,172,103,15,15
14491,160,172,104,15,15
14492,160,172,105,14,14
14493,160,172,106,14,14
14494,160,172,107,15,15
14495,160,172,108,5,5
14496,160,172,109,5,5
14497,160,172,110,5,5
14498,160,172,111,5,5
14499,160,172,112,14,14
14500,160,172,113,5,5
14501,160,173,85,16,16
14502,160,173,86,16,16
14503,160,173,87,16,16
14504,160,173,88,14,14
14505,160,173,89,15,15
14506,160,173,90,15,15
14507,160,173,91,15,15
14508,160,173,92,5,5
14509,160,173,93,15,15
14510,160,173,94,15,15
14511,160,173,95,15,15
14512,160,173,96,15,15
14513,160,173,97,15,15
14514,160,173,98,5,5
14515,160,173,99,5,5
14516,160,173,100,15,15
14517,160,173,101,15,15
14518,160,173,102,15,15
14519,160,173,103,15,15
14520,160,173,104,5,5
14521,160,173,105,14,14
14522,160,173,106,14,14
14523,160,173,107,5,5
14524,160,173,108,5,5
14525,160,173,109,5,5
14526,160,173,110,14,14
14527,160,173,111,14,14
14528,160,173,112,14,14
14529,160,173,113,9,9
14530,160,174,85,16,16
14531,160,174,86,16,16
14532,160,174,87,5,5
14533,160,174,88,14,14
14534,160,174,89,15,15
14535,160,174,90,15,15
14536,160,174,91,15,15
14537,160,174,92,15,15
14538,160,174,93,15,15
14539,160,174,94,15,15
14540,160,174,95,15,15
14541,160,174,96,5,5
14542,160,174,97,15,15
14543,160,174,98,5,5
14544,160,174,99,5,5
14545,160,174,100,15,15
14546,160,174,101,15,15
14547,160,174,102,15,15
14548,160,174,103,15,15
14549,160,174,104,5,5
14550,160,174,105,14,14
14551,160,174,106,14,14
14552,160,174,107,14,14
14553,160,174,108,14,14
14554,160,174,109,5,5
14555,160,174,110,14,14
14556,160,174,112,14,14
14557,160,174,113,9,9
14558,160,175,85,16,16
14559,160,175,86,16,16
14560,160,175,87,16,16
14561,160,175,88,5,5
14562,160,175,89,15,15
14563,160,175,90,15,15
14564,160,175,91,15,15
14565,160,175,92,15,15
14566,160,175,93,15,15
14567,160,175,94,15,15
14568,160,175,95,5,5
14569,160,175,96,5,5
14570,160,175,97,14,14
14571,160,175,98,5,5
14572,160,175,99,5,5
14573,160,175,100,15,15
14574,160,175,101,15,15
14575,160,175,102,15,15
14576,160,175,103,15,15
14577,160,175,104,5,5
14578,160,175,105,14,14
14579,160,175,106,14,14
14580,160,175,107,14,14
14581,160,175,108,14,14
14582,160,175,109,14,14
14583,160,176,86,16,16
14584,160,176,87,16,16
14585,160,176,88,16,16
14586,160,176,89,5,5
14587,160,176,90,15,15
14588,160,176,91,15,15
14589,160,176,92,15,15
14590,160,176,93,15,15
14591,160,176,94,15,15
14592,160,176,95,15,15
14593,160,176,96,5,5
14594,160,176,97,14,14
14595,160,176,98,14,14
14596,160,176,99,15,15
14597,160,176,100,15,15
14598,160,176,101,15,15
14599,160,176,102,15,15
14600,160,176,103,15,15
14601,160,176,104,14,14
14602,160,176,105,14,14
14603,160,176,106,14,14
14604,160,176,107,14,14
14605,160,176,108,14,14
14606,160,176,109,14,14
14607,160,177,86,16,16
14608,160,177,87,16,16
14609,160,177,88,16,16
14610,160,177,89,16,16
14611,160,177,90,5,5
14612,160,177,91,5,5
14613,160,177,92,15,15
14614,160,177,93,15,15
14615,160,177,94,15,15
14616,160,177,95,15,15
14617,160,177,96,5,5
14618,160,177,97,14,14
14619,160,177,98,14,14
14620,160,177,99,5,5
14621,160,177,100,15,15
14622,160,177,101,14,14
14623,160,177,102,14,14
14624,160,177,103,14,14
14625,160,177,104,14,14
14626,160,177,105,14,14
14627,160,177,106,14,14
14628,160,177,107,14,14
14629,160,177,108,14,14
14630,160,178,86,16,16
14631,160,178,87,16,16
14632,160,178,88,16,16
14633,160,178,89,16,16
14634,160,178,90,5,5
14635,160,178,91,15,15
14636,160,178,92,15,15
14637,160,178,93,15,15
14638,160,178,94,15,15
14639,160,178,95,15,15
14640,160,178,96,5,5
14641,160,178,97,5,5
14642,160,178,98,5,5
14643,160,178,99,5,5
14644,160,178,100,2,2
14645,160,178,101,14,14
14646,160,178,102,14,14
14647,160,178,103,14,14
14648,160,178,104,14,14
14649,160,178,105,14,14
14650,160,178,106,14,14
14651,160,178,107,14,14
14652,160,179,88,16,16
14653,160,179,89,16,16
14654,160,179,90,16,16
14655,160,179,91,15,15
14656,160,179,92,15,15
14657,160,179,93,15,15
14658,160,179,94,15,15
14659,160,179,95,15,15
14660,160,179,96,15,15
14661,160,179,97,5,5
14662,160,179,98,5,5
14663,160,179,99,5,5
14664,160,179,100,5,5
14665,160,179,101,14,14
14666,160,179,102,14,14
14667,160,179,103,14,14
14668,160,179,104,14,14
14669,160,179,105,14,14
14670,160,179,106,14,14
14671,160,179,107,14,14
14672,160,180,89,16,16
14673,160,180,90,16,16
14674,160,180,91,16,16
14675,160,180,92,15,15
14676,160,180,93,15,15
14677,160,180,94,15,15
14678,160,180,95,15,15
14679,160,180,96,15,15
14680,160,180,97,15,15
14681,160,180,98,15,15
14682,160,180,99,5,5
14683,160,180,100,5,5
14684,160,180,101,5,5
14685,160,180,102,5,5
14686,160,180,103,14,14
14687,160,180,104,14,14
14688,160,180,105,14,14
14689,160,180,106,5,5
14690,160,181,89,16,16
14691,160,181,90,16,16
14692,160,181,91,16,16
14693,160,181,92,16,16
14694,160,181,93,5,5
14695,160,181,94,5,5
14696,160,181,95,5,5
14697,160,181,96,15,15
14698,160,181,97,15,15
14699,160,181,98,15,15
14700,160,181,99,15,15
14701,160,181,100,5,5
14702,160,181,101,5,5
14703,160,181,102,5,5
14704,160,181,103,14,14
14705,160,181,104,14,14
14706,160,181,105,14,14
14707,160,181,106,5,5
14708,160,182,90,16,16
14709,160,182,91,16,16
14710,160,182,92,16,16
14711,160,182,93,16,16
14712,160,182,94,2,2
14713,160,182,95,2,2
14714,160,182,96,2,2
14715,160,182,97,2,2
14716,160,182,98,2,2
14717,160,182,99,15,15
14718,160,182,100,15,15
14719,160,182,101,5,5
14720,160,182,102,5,5
14721,160,182,103,14,14
14722,160,182,104,14,14
14723,160,182,105,14,14
14724,160,182,106,14,14
14725,160,183,91,16,16
14726,160,183,92,16,16
14727,160,183,93,16,16
14728,160,183,94,16,16
14729,160,183,95,16,16
14730,160,183,96,16,16
14731,160,183,97,2,2
14732,160,183,98,2,2
14733,160,183,99,2,2
14734,160,183,100,2,2
14735,160,183,101,2,2
14736,160,183,102,16,16
14737,160,183,103,14,14
14738,160,183,104,14,14
14739,160,183,105,14,14
14740,160,184,95,16,16
14741,160,184,96,16,16
14742,160,184,97,16,16
14743,160,184,98,16,16
14744,160,184,99,16,16
14745,160,184,100,16,16
14746,160,184,101,16,16
14747,160,184,102,16,16
14748,160,184,103,16,16
14749,160,184,104,14,14
14750,160,184,105,14,14
14751,160,185,96,16,16
14752,160,185,97,16,16
14753,160,185,98,16,16
14754,160,185,99,16,16
14755,160,185,100,16,16
14756,160,185,101,16,16
14757,160,185,102,16,16
14758,160,185,103,16,16
14759,160,185,104,16,16
14760,160,185,105,9,9
14761,160,186,101,16,16
14762,160,186,102,16,16
14763,160,186,103,16,16
14764,160,187,102,14,14
14765,160,187,103,9,9
14766,160,188,101,6,6
14767,161,146,91,3,3
14768,161,146,92,3,3
14769,161,146,93,11,11
14770,161,146,95,3,3
14771,161,146,96,3,3
14772,161,147,90,3,3
14773,161,147,91,3,3
14774,161,147,92,3,3
14775,161,147,93,11,11
14776,161,147,94,11,11
14777,161,147,95,3,3
14778,161,147,96,3,3
14779,161,148,89,3,3
14780,161,148,90,3,3
14781,161,148,91,3,3
14782,161,148,92,3,3
14783,161,148,93,3,3
14784,161,148,94,3,3
14785,161,148,95,3,3
14786,161,148,96,3,3
14787,161,148,97,3,3
14788,161,148,98,3,3
14789,161,149,89,3,3
14790,161,149,90,3,3
14791,161,149,91,3,3
14792,161,149,92,3,3
14793,161,149,93,3,3
14794,161,149,94,3,3
14795,161,149,95,3,3
14796,161,149,96,3,3
14797,161,149,97,3,3
14798,161,149,98,3,3
14799,161,150,89,3,3
14800,161,150,90,3,3
14801,161,150,91,3,3
14802,161,150,92,3,3
14803,161,150,93,3,3
14804,161,150,94,3,3
14805,161,150,95,3,3
14806,161,150,96,3,3
14807,161,150,97,3,3
14808,161,150,98,3,3
14809,161,151,89,3,3
14810,161,151,90,3,3
14811,161,151,91,3,3
14812,161,151,92,3,3
14813,161,151,93,3,3
14814,161,151,94,3,3
14815,161,151,95,3,3
14816,161,151,96,3,3
14817,161,151,97,3,3
14818,161,151,98,3,3
14819,161,152,89,3,3
14820,161,152,90,3,3
14821,161,152,91,3,3
14822,161,152,92,3,3
14823,161,152,93,3,3
14824,161,152,94,3,3
14825,161,152,95,3,3
14826,161,152,96,3,3
14827,161,152,97,3,3
14828,161,152,98,11,11
14829,161,153,89,3,3
14830,161,153,90,3,3
14831,161,153,91,3,3
14832,161,153,92,3,3
14833,161,153,93,3,3
14834,161,153,94,3,3
14835,161,153,95,3,3
14836,161,153,96,3,3
14837,161,153,97,11,11
14838,161,154,89,3,3
14839,161,154,90,3,3
14840,161,154,91,3,3
14841,161,154,92,3,3
14842,161,154,93,3,3
14843,161,154,94,3,3
14844,161,154,95,3,3
14845,161,154,96,3,3
14846,161,155,89,3,3
14847,161,155,90,3,3
14848,161,155,91,3,3
14849,161,155,92,3,3
14850,161,155,93,3,3
14851,161,155,94,3,3
14852,161,155,95,3,3
14853,161,155,96,3,3
14854,161,156,90,3,3
14855,161,156,91,3,3
14856,161,156,92,3,3
14857,161,156,93,3,3
14858,161,156,94,3,3
14859,161,156,95,16,16
14860,161,156,96,5,5
14861,161,156,97,5,5
14862,161,156,98,11,11
14863,161,156,99,16,16
14864,161,156,100,11,11
14865,161,156,101,3,3
14866,161,156,102,3,3
14867,161,157,90,3,3
14868,161,157,91,3,3
14869,161,157,92,3,3
14870,161,157,93,16,16
14871,161,157,94,16,16
14872,161,157,95,5,5
14873,161,157,96,5,5
14874,161,157,97,5,5
14875,161,157,98,5,5
14876,161,157,99,5,5
14877,161,157,100,5,5
14878,161,157,101,5,5
14879,161,157,102,16,16
14880,161,157,103,3,3
14881,161,157,104,3,3
14882,161,158,91,5,5
14883,161,158,92,5,5
14884,161,158,93,5,5
14885,161,158,94,5,5
14886,161,158,95,5,5
14887,161,158,96,5,5
14888,161,158,97,5,5
14889,161,158,98,5,5
14890,161,158,99,5,5
14891,161,158,100,5,5
14892,161,158,101,5,5
14893,161,158,102,5,5
14894,161,158,103,5,5
14895,161,158,104,3,3
14896,161,159,90,5,5
14897,161,159,91,5,5
14898,161,159,92,5,5
14899,161,159,93,5,5
14900,161,159,94,5,5
14901,161,159,95,5,5
14902,161,159,96,5,5
14903,161,159,97,5,5
14904,161,159,98,15,15
14905,161,159,99,5,5
14906,161,159,100,5,5
14907,161,159,101,5,5
14908,161,159,102,5,5
14909,161,159,103,5,5
14910,161,159,104,16,16
14911,161,159,105,16,16
14912,161,159,106,2,2
14913,161,159,107,2,2
14914,161,159,108,2,2
14915,161,159,109,2,2
14916,161,160,90,5,5
14917,161,160,91,5,5
14918,161,160,92,15,15
14919,161,160,93,15,15
14920,161,160,94,5,5
14921,161,160,95,5,5
14922,161,160,96,5,5
14923,161,160,97,5,5
14924,161,160,98,15,15
14925,161,160,99,5,5
14926,161,160,100,5,5
14927,161,160,101,15,15
14928,161,160,102,15,15
14929,161,160,103,15,15
14930,161,160,104,5,5
14931,161,160,105,16,16
14932,161,160,106,2,2
14933,161,160,107,2,2
14934,161,160,108,2,2
14935,161,160,109,2,2
14936,161,160,110,2,2
14937,161,161,89,16,16
14938,161,161,90,5,5
14939,161,161,91,5,5
14940,161,161,92,15,15
14941,161,161,93,15,15
14942,161,161,94,5,5
14943,161,161,95,5,5
14944,161,161,96,5,5
14945,161,161,97,5,5
14946,161,161,98,15,15
14947,161,161,99,5,5
14948,161,161,100,5,5
14949,161,161,101,5,5
14950,161,161,102,15,15
14951,161,161,103,15,15
14952,161,161,104,5,5
14953,161,161,105,5,5
14954,161,161,106,5,5
14955,161,161,107,5,5
14956,161,161,108,2,2
14957,161,161,109,2,2
14958,161,161,110,2,2
14959,161,161,111,2,2
14960,161,162,88,16,16
14961,161,162,89,5,5
14962,161,162,90,5,5
14963,161,162,91,15,15
14964,161,162,92,15,15
14965,161,162,93,15,15
14966,161,162,94,5,5
14967,161,162,95,5,5
14968,161,162,96,15,15
14969,161,162,97,15,15
14970,161,162,98,15,15
14971,161,162,99,5,5
14972,161,162,100,5,5
14973,161,162,101,5,5
14974,161,162,102,5,5
14975,161,162,103,15,15
14976,161,162,104,5,5
14977,161,162,105,5,5
14978,161,162,106,5,5
14979,161,162,107,5,5
14980,161,162,108,2,2
14981,161,162,109,2,2
14982,161,162,110,2,2
14983,161,162,111,2,2
14984,161,162,112,2,2
14985,161,162,113,2,2
14986,161,162,114,2,2
14987,161,163,88,16,16
14988,161,163,89,15,15
14989,161,163,90,15,15
14990,161,163,91,15,15
14991,161,163,92,15,15
14992,161,163,93,15,15
14993,161,163,94,15,15
14994,161,163,95,5,5
14995,161,163,96,15,15
14996,161,163,97,15,15
14997,161,163,98,15,15
14998,161,163,99,15,15
14999,161,163,100,5,5
15000,161,163,101,5,5
15001,161,163,102,15,15
15002,161,163,103,5,5
15003,161,163,104,5,5
15004,161,163,105,5,5
15005,161,163,106,5,5
15006,161,163,107,14,14
15007,161,163,108,5,5
15008,161,163,109,5,5
15009,161,163,110,5,5
15010,161,163,111,16,16
15011,161,163,112,2,2
15012,161,163,113,2,2
15013,161,163,114,2,2
15014,161,164,87,16,16
15015,161,164,88,16,16
15016,161,164,89,15,15
15017,161,164,90,15,15
15018,161,164,91,5,5
15019,161,164,92,15,15
15020,161,164,93,15,15
15021,161,164,94,15,15
15022,161,164,95,15,15
15023,161,164,96,15,15
15024,161,164,97,15,15
15025,161,164,98,15,15
15026,161,164,99,15,15
15027,161,164,100,5,5
15028,161,164,101,5,5
15029,161,164,102,5,5
15030,161,164,103,15,15
15031,161,164,104,5,5
15032,161,164,105,5,5
15033,161,164,106,5,5
15034,161,164,107,14,14
15035,161,164,108,14,14
15036,161,164,109,5,5
15037,161,164,110,5,5
15038,161,164,111,16,16
15039,161,164,112,16,16
15040,161,164,113,11,11
15041,161,164,114,2,2
15042,161,164,115,2,2
15043,161,164,116,7,7
15044,161,164,117,7,7
15045,161,165,86,16,16
15046,161,165,87,16,16
15047,161,165,88,5,5
15048,161,165,89,15,15
15049,161,165,90,15,15
15050,161,165,91,5,5
15051,161,165,92,5,5
15052,161,165,93,15,15
15053,161,165,94,15,15
15054,161,165,95,15,15
15055,161,165,96,15,15
15056,161,165,97,15,15
15057,161,165,98,15,15
15058,161,165,99,15,15
15059,161,165,100,5,5
15060,161,165,101,5,5
15061,161,165,102,15,15
15062,161,165,103,15,15
15063,161,165,104,15,15
15064,161,165,105,5,5
15065,161,165,106,5,5
15066,161,165,107,5,5
15067,161,165,108,14,14
15068,161,165,109,5,5
15069,161,165,110,5,5
15070,161,165,111,16,16
15071,161,165,112,16,16
15072,161,165,113,16,16
15073,161,165,114,2,2
15074,161,165,115,2,2
15075,161,165,116,7,7
15076,161,165,117,7,7
15077,161,166,86,16,16
15078,161,166,87,16,16
15079,161,166,88,5,5
15080,161,166,89,8,8
15081,161,166,90,5,5
15082,161,166,91,5,5
15083,161,166,92,5,5
15084,161,166,93,15,15
15085,161,166,94,15,15
15086,161,166,95,7,7
15087,161,166,96,15,15
15088,161,166,97,2,2
15089,161,166,98,15,15
15090,161,166,99,5,5
15091,161,166,100,5,5
15092,161,166,101,15,15
15093,161,166,102,15,15
15094,161,166,103,5,5
15095,161,166,104,5,5
15096,161,166,105,5,5
15097,161,166,106,5,5
15098,161,166,107,5,5
15099,161,166,108,5,5
15100,161,166,109,5,5
15101,161,166,110,5,5
15102,161,166,111,5,5
15103,161,166,112,5,5
15104,161,166,113,16,16
15105,161,166,114,16,16
15106,161,166,115,2,2
15107,161,166,116,7,7
15108,161,167,86,16,16
15109,161,167,87,16,16
15110,161,167,88,8,8
15111,161,167,89,8,8
15112,161,167,90,5,5
15113,161,167,91,5,5
15114,161,167,92,5,5
15115,161,167,93,5,5
15116,161,167,94,7,7
15117,161,167,95,7,7
15118,161,167,96,14,14
15119,161,167,97,14,14
15120,161,167,98,5,5
15121,161,167,99,5,5
15122,161,167,100,5,5
15123,161,167,101,15,15
15124,161,167,102,15,15
15125,161,167,103,14,14
15126,161,167,104,5,5
15127,161,167,105,5,5
15128,161,167,106,5,5
15129,161,167,107,5,5
15130,161,167,108,16,16
15131,161,167,109,16,16
15132,161,167,110,16,16
15133,161,167,111,16,16
15134,161,167,112,16,16
15135,161,167,113,5,5
15136,161,167,114,5,5
15137,161,167,115,5,5
15138,161,167,116,15,15
15139,161,168,85,16,16
15140,161,168,86,16,16
15141,161,168,87,5,5
15142,161,168,88,16,16
15143,161,168,89,8,8
15144,161,168,90,16,16
15145,161,168,91,14,14
15146,161,168,92,14,14
15147,161,168,93,14,14
15148,161,168,94,14,14
15149,161,168,95,14,14
15150,161,168,96,5,5
15151,161,168,97,5,5
15152,161,168,98,5,5
15153,161,168,99,15,15
15154,161,168,100,5,5
15155,161,168,101,15,15
15156,161,168,102,5,5
15157,161,168,103,5,5
15158,161,168,104,5,5
15159,161,168,105,15,15
15160,161,168,106,15,15
15161,161,168,107,5,5
15162,161,168,108,16,16
15163,161,168,109,2,2
15164,161,168,110,2,2
15165,161,168,111,2,2
15166,161,168,112,16,16
15167,161,168,113,5,5
15168,161,168,114,5,5
15169,161,168,115,5,5
15170,161,168,116,9,9
15171,161,169,85,16,16
15172,161,169,86,5,5
15173,161,169,87,5,5
15174,161,169,88,5,5
15175,161,169,89,15,15
15176,161,169,90,2,2
15177,161,169,91,14,14
15178,161,169,92,5,5
15179,161,169,93,5,5
15180,161,169,94,5,5
15181,161,169,95,5,5
15182,161,169,96,5,5
15183,161,169,97,15,15
15184,161,169,98,15,15
15185,161,169,99,15,15
15186,161,169,100,5,5
15187,161,169,101,5,5
15188,161,169,102,5,5
15189,161,169,103,5,5
15190,161,169,104,2,2
15191,161,169,105,2,2
15192,161,169,106,15,15
15193,161,169,107,5,5
15194,161,169,108,5,5
15195,161,169,109,2,2
15196,161,169,110,2,2
15197,161,169,111,16,16
15198,161,169,112,2,2
15199,161,169,113,2,2
15200,161,169,114,5,5
15201,161,169,115,9,9
15202,161,170,83,16,16
15203,161,170,84,16,16
15204,161,170,85,16,16
15205,161,170,86,15,15
15206,161,170,87,15,15
15207,161,170,88,15,15
15208,161,170,89,5,5
15209,161,170,90,14,14
15210,161,170,91,5,5
15211,161,170,92,5,5
15212,161,170,93,5,5
15213,161,170,94,5,5
15214,161,170,95,15,15
15215,161,170,96,15,15
15216,161,170,97,15,15
15217,161,170,98,15,15
15218,161,170,99,5,5
15219,161,170,100,5,5
15220,161,170,101,5,5
15221,161,170,102,5,5
15222,161,170,103,15,15
15223,161,170,104,2,2
15224,161,170,105,2,2
15225,161,170,106,15,15
15226,161,170,107,2,2
15227,161,170,108,5,5
15228,161,170,109,5,5
15229,161,170,110,16,16
15230,161,170,111,16,16
15231,161,170,112,2,2
15232,161,170,113,15,15
15233,161,170,114,9,9
15234,161,171,83,11,11
15235,161,171,84,16,16
15236,161,171,85,16,16
15237,161,171,86,5,5
15238,161,171,87,15,15
15239,161,171,88,15,15
15240,161,171,89,5,5
15241,161,171,90,5,5
15242,161,171,91,15,15
15243,161,171,92,15,15
15244,161,171,93,15,15
15245,161,171,94,15,15
15246,161,171,95,15,15
15247,161,171,96,15,15
15248,161,171,97,15,15
15249,161,171,98,15,15
15250,161,171,99,5,5
15251,161,171,100,5,5
15252,161,171,101,15,15
15253,161,171,102,15,15
15254,161,171,103,15,15
15255,161,171,104,2,2
15256,161,171,105,2,2
15257,161,171,106,2,2
15258,161,171,107,5,5
15259,161,171,108,5,5
15260,161,171,109,5,5
15261,161,171,110,16,16
15262,161,171,111,14,14
15263,161,171,112,2,2
15264,161,171,113,5,5
15265,161,172,83,11,11
15266,161,172,84,16,16
15267,161,172,85,16,16
15268,161,172,86,16,16
15269,161,172,87,5,5
15270,161,172,88,15,15
15271,161,172,89,5,5
15272,161,172,90,5,5
15273,161,172,91,15,15
15274,161,172,92,15,15
15275,161,172,93,15,15
15276,161,172,94,15,15
15277,161,172,95,15,15
15278,161,172,96,15,15
15279,161,172,97,15,15
15280,161,172,98,15,15
15281,161,172,99,5,5
15282,161,172,100,5,5
15283,161,172,101,15,15
15284,161,172,102,15,15
15285,161,172,103,15,15
15286,161,172,104,5,5
15287,161,172,105,14,14
15288,161,172,106,14,14
15289,161,172,107,5,5
15290,161,172,108,5,5
15291,161,172,109,5,5
15292,161,172,110,14,14
15293,161,172,111,14,14
15294,161,172,112,14,14
15295,161,172,113,9,9
15296,161,173,84,16,16
15297,161,173,85,16,16
15298,161,173,86,16,16
15299,161,173,87,5,5
15300,161,173,88,5,5
15301,161,173,89,5,5
15302,161,173,90,15,15
15303,161,173,91,15,15
15304,161,173,92,15,15
15305,161,173,93,15,15
15306,161,173,94,15,15
15307,161,173,95,15,15
15308,161,173,96,15,15
15309,161,173,97,15,15
15310,161,173,98,15,15
15311,161,173,99,15,15
15312,161,173,100,5,5
15313,161,173,101,15,15
15314,161,173,102,15,15
15315,161,173,103,15,15
15316,161,173,104,5,5
15317,161,173,105,14,14
15318,161,173,106,14,14
15319,161,173,107,14,14
15320,161,173,108,5,5
15321,161,173,109,5,5
15322,161,173,110,14,14
15323,161,173,112,9,9
15324,161,174,85,16,16
15325,161,174,86,16,16
15326,161,174,87,5,5
15327,161,174,88,5,5
15328,161,174,89,5,5
15329,161,174,90,15,15
15330,161,174,91,15,15
15331,161,174,92,15,15
15332,161,174,93,15,15
15333,161,174,94,15,15
15334,161,174,95,15,15
15335,161,174,96,5,5
15336,161,174,97,5,5
15337,161,174,98,15,15
15338,161,174,99,5,5
15339,161,174,100,5,5
15340,161,174,101,15,15
15341,161,174,102,15,15
15342,161,174,103,15,15
15343,161,174,104,5,5
15344,161,174,105,14,14
15345,161,174,106,14,14
15346,161,174,107,14,14
15347,161,174,108,14,14
15348,161,174,109,5,5
15349,161,175,85,16,16
15350,161,175,86,16,16
15351,161,175,87,5,5
15352,161,175,88,5,5
15353,161,175,89,5,5
15354,161,175,90,15,15
15355,161,175,91,15,15
15356,161,175,92,15,15
15357,161,175,93,15,15
15358,161,175,94,15,15
15359,161,175,95,15,15
15360,161,175,96,5,5
15361,161,175,97,5,5
15362,161,175,98,5,5
15363,161,175,99,5,5
15364,161,175,100,5,5
15365,161,175,101,15,15
15366,161,175,102,15,15
15367,161,175,103,15,15
15368,161,175,104,14,14
15369,161,175,105,14,14
15370,161,175,106,14,14
15371,161,175,107,14,14
15372,161,175,108,14,14
15373,161,175,109,5,5
15374,161,176,85,8,8
15375,161,176,86,16,16
15376,161,176,87,5,5
15377,161,176,88,5,5
15378,161,176,89,5,5
15379,161,176,90,5,5
15380,161,176,91,15,15
15381,161,176,92,15,15
15382,161,176,93,15,15
15383,161,176,94,15,15
15384,161,176,95,15,15
15385,161,176,96,5,5
15386,161,176,97,5,5
15387,161,176,98,15,15
15388,161,176,99,15,15
15389,161,176,100,5,5
15390,161,176,101,14,14
15391,161,176,102,14,14
15392,161,176,103,14,14
15393,161,176,104,14,14
15394,161,176,105,14,14
15395,161,176,106,14,14
15396,161,176,107,14,14
15397,161,176,108,14,14
15398,161,177,85,8,8
15399,161,177,86,16,16
15400,161,177,87,5,5
15401,161,177,88,5,5
15402,161,177,89,5,5
15403,161,177,90,5,5
15404,161,177,91,15,15
15405,161,177,92,15,15
15406,161,177,93,15,15
15407,161,177,94,15,15
15408,161,177,95,15,15
15409,161,177,96,15,15
15410,161,177,97,5,5
15411,161,177,98,15,15
15412,161,177,99,15,15
15413,161,177,100,5,5
15414,161,177,101,14,14
15415,161,177,102,14,14
15416,161,177,103,14,14
15417,161,177,104,14,14
15418,161,177,105,14,14
15419,161,177,106,14,14
15420,161,177,107,14,14
15421,161,178,86,16,16
15422,161,178,87,16,16
15423,161,178,88,5,5
15424,161,178,89,5,5
15425,161,178,90,5,5
15426,161,178,91,15,15
15427,161,178,92,15,15
15428,161,178,93,15,15
15429,161,178,94,15,15
15430,161,178,95,15,15
15431,161,178,96,15,15
15432,161,178,97,5,5
15433,161,178,98,5,5
15434,161,178,99,5,5
15435,161,178,100,5,5
15436,161,178,101,14,14
15437,161,178,102,14,14
15438,161,178,103,14,14
15439,161,178,104,14,14
15440,161,178,105,14,14
15441,161,178,106,14,14
15442,161,178,107,14,14
15443,161,179,86,16,16
15444,161,179,87,16,16
15445,161,179,88,16,16
15446,161,179,89,16,16
15447,161,179,90,5,5
15448,161,179,91,15,15
15449,161,179,92,15,15
15450,161,179,93,15,15
15451,161,179,94,15,15
15452,161,179,95,15,15
15453,161,179,96,15,15
15454,161,179,97,5,5
15455,161,179,98,5,5
15456,161,179,99,5,5
15457,161,179,100,5,5
15458,161,179,101,5,5
15459,161,179,102,14,14
15460,161,179,103,14,14
15461,161,179,104,14,14
15462,161,179,105,14,14
15463,161,179,106,14,14
15464,161,180,87,16,16
15465,161,180,88,16,16
15466,161,180,89,16,16
15467,161,180,90,14,14
15468,161,180,91,15,15
15469,161,180,92,15,15
15470,161,180,93,15,15
15471,161,180,94,15,15
15472,161,180,95,15,15
15473,161,180,96,15,15
15474,161,180,97,5,5
15475,161,180,98,5,5
15476,161,180,99,5,5
15477,161,180,100,5,5
15478,161,180,101,5,5
15479,161,180,102,14,14
15480,161,180,103,14,14
15481,161,180,104,14,14
15482,161,180,105,14,14
15483,161,180,106,5,5
15484,161,181,89,16,16
15485,161,181,90,16,16
15486,161,181,91,16,16
15487,161,181,92,16,16
15488,161,181,93,15,15
15489,161,181,94,5,5
15490,161,181,95,5,5
15491,161,181,96,5,5
15492,161,181,97,5,5
15493,161,181,98,15,15
15494,161,181,99,5,5
15495,161,181,100,5,5
15496,161,181,101,5,5
15497,161,181,102,14,14
15498,161,181,103,14,14
15499,161,181,104,14,14
15500,161,181,105,14,14
15501,161,181,106,15,15
15502,161,182,90,16,16
15503,161,182,91,16,16
15504,161,182,92,16,16
15505,161,182,93,16,16
15506,161,182,94,16,16
15507,161,182,95,16,16
15508,161,182,96,16,16
15509,161,182,97,2,2
15510,161,182,98,15,15
15511,161,182,99,5,5
15512,161,182,100,5,5
15513,161,182,101,5,5
15514,161,182,102,14,14
15515,161,182,103,14,14
15516,161,182,104,5,5
15517,161,182,105,14,14
15518,161,183,91,16,16
15519,161,183,92,16,16
15520,161,183,93,16,16
15521,161,183,94,16,16
15522,161,183,95,16,16
15523,161,183,96,16,16
15524,161,183,97,16,16
15525,161,183,98,16,16
15526,161,183,99,16,16
15527,161,183,100,16,16
15528,161,183,101,14,14
15529,161,183,102,14,14
15530,161,183,103,14,14
15531,161,183,104,2,2
15532,161,183,105,14,14
15533,161,184,95,16,16
15534,161,184,96,16,16
15535,161,184,97,16,16
15536,161,184,98,16,16
15537,161,184,99,16,16
15538,161,184,100,16,16
15539,161,184,101,16,16
15540,161,184,102,14,14
15541,161,184,103,14,14
15542,161,184,104,14,14
15543,161,184,105,9,9
15544,161,185,95,16,16
15545,161,185,96,16,16
15546,161,185,97,16,16
15547,161,185,98,16,16
15548,161,185,99,16,16
15549,161,185,100,16,16
15550,161,185,101,16,16
15551,161,185,102,16,16
15552,161,185,103,16,16
15553,161,185,104,9,9
15554,161,185,105,9,9
15555,161,186,101,16,16
15556,161,186,102,16,16
15557,161,186,103,9,9
15558,161,187,101,14,14
15559,161,187,103,9,9
15560,162,145,96,3,3
15561,162,146,92,11,11
15562,162,146,95,3,3
15563,162,146,96,3,3
15564,162,146,97,3,3
15565,162,147,91,3,3
15566,162,147,92,3,3
15567,162,147,93,3,3
15568,162,147,94,3,3
15569,162,147,95,3,3
15570,162,147,96,3,3
15571,162,147,97,3,3
15572,162,148,90,3,3
15573,162,148,91,3,3
15574,162,148,92,3,3
15575,162,148,93,3,3
15576,162,148,94,3,3
15577,162,148,95,3,3
15578,162,148,96,3,3
15579,162,148,97,3,3
15580,162,149,89,3,3
15581,162,149,90,3,3
15582,162,149,91,3,3
15583,162,149,92,3,3
15584,162,149,93,3,3
15585,162,149,94,3,3
15586,162,149,95,3,3
15587,162,149,96,3,3
15588,162,149,97,3,3
15589,162,149,98,3,3
15590,162,150,89,3,3
15591,162,150,90,3,3
15592,162,150,91,3,3
15593,162,150,92,3,3
15594,162,150,93,3,3
15595,162,150,94,3,3
15596,162,150,95,3,3
15597,162,150,96,3,3
15598,162,150,97,3,3
15599,162,150,98,3,3
15600,162,151,89,3,3
15601,162,151,90,3,3
15602,162,151,91,3,3
15603,162,151,92,3,3
15604,162,151,93,3,3
15605,162,151,94,3,3
15606,162,151,95,3,3
15607,162,151,96,3,3
15608,162,151,97,3,3
15609,162,151,98,3,3
15610,162,152,89,3,3
15611,162,152,90,3,3
15612,162,152,91,3,3
15613,162,152,92,3,3
15614,162,152,93,3,3
15615,162,152,94,3,3
15616,162,152,95,3,3
15617,162,152,96,3,3
15618,162,152,97,3,3
15619,162,153,89,3,3
15620,162,153,90,3,3
15621,162,153,91,3,3
15622,162,153,92,3,3
15623,162,153,93,3,3
15624,162,153,94,3,3
15625,162,153,95,3,3
15626,162,153,96,3,3
15627,162,153,97,11,11
15628,162,154,89,3,3
15629,162,154,90,3,3
15630,162,154,91,3,3
15631,162,154,92,3,3
15632,162,154,93,3,3
15633,162,154,94,3,3
15634,162,154,95,3,3
15635,162,154,96,3,3
15636,162,155,89,3,3
15637,162,155,90,3,3
15638,162,155,91,3,3
15639,162,155,92,3,3
15640,162,155,93,3,3
15641,162,155,94,3,3
15642,162,155,95,3,3
15643,162,155,96,11,11
15644,162,156,90,3,3
15645,162,156,91,3,3
15646,162,156,92,3,3
15647,162,156,93,3,3
15648,162,156,95,16,16
15649,162,156,96,16,16
15650,162,156,97,5,5
15651,162,156,98,11,11
15652,162,156,99,11,11
15653,162,156,100,16,16
15654,162,156,101,3,3
15655,162,156,102,3,3
15656,162,157,94,16,16
15657,162,157,95,16,16
15658,162,157,96,5,5
15659,162,157,97,5,5
15660,162,157,98,5,5
15661,162,157,99,5,5
15662,162,157,100,5,5
15663,162,157,101,5,5
15664,162,157,102,16,16
15665,162,157,103,3,3
15666,162,157,104,2,2
15667,162,158,91,5,5
15668,162,158,92,5,5
15669,162,158,93,16,16
15670,162,158,94,16,16
15671,162,158,95,5,5
15672,162,158,96,5,5
15673,162,158,97,5,5
15674,162,158,98,5,5
15675,162,158,99,5,5
15676,162,158,100,5,5
15677,162,158,101,5,5
15678,162,158,102,5,5
15679,162,158,103,5,5
15680,162,158,104,16,16
15681,162,158,105,2,2
15682,162,159,90,16,16
15683,162,159,91,5,5
15684,162,159,92,5,5
15685,162,159,93,5,5
15686,162,159,94,5,5
15687,162,159,95,5,5
15688,162,159,96,5,5
15689,162,159,97,5,5
15690,162,159,98,5,5
15691,162,159,99,5,5
15692,162,159,100,5,5
15693,162,159,101,5,5
15694,162,159,102,5,5
15695,162,159,103,5,5
15696,162,159,104,5,5
15697,162,159,105,16,16
15698,162,159,106,2,2
15699,162,159,107,2,2
15700,162,159,108,2,2
15701,162,159,109,2,2
15702,162,160,90,5,5
15703,162,160,91,5,5
15704,162,160,92,15,15
15705,162,160,93,5,5
15706,162,160,94,5,5
15707,162,160,95,5,5
15708,162,160,96,5,5
15709,162,160,97,5,5
15710,162,160,98,5,5
15711,162,160,99,15,15
15712,162,160,100,5,5
15713,162,160,101,5,5
15714,162,160,102,15,15
15715,162,160,103,15,15
15716,162,160,104,15,15
15717,162,160,105,5,5
15718,162,160,106,16,16
15719,162,160,107,2,2
15720,162,160,108,2,2
15721,162,160,109,2,2
15722,162,160,110,2,2
15723,162,161,89,16,16
15724,162,161,90,5,5
15725,162,161,91,5,5
15726,162,161,92,15,15
15727,162,161,93,5,5
15728,162,161,94,5,5
15729,162,161,95,5,5
15730,162,161,96,5,5
15731,162,161,97,5,5
15732,162,161,98,5,5
15733,162,161,99,15,15
15734,162,161,100,5,5
15735,162,161,101,5,5
15736,162,161,102,15,15
15737,162,161,103,15,15
15738,162,161,104,15,15
15739,162,161,105,5,5
15740,162,161,106,5,5
15741,162,161,107,5,5
15742,162,161,108,2,2
15743,162,161,109,2,2
15744,162,161,110,2,2
15745,162,161,111,2,2
15746,162,162,88,16,16
15747,162,162,89,5,5
15748,162,162,90,5,5
15749,162,162,91,5,5
15750,162,162,92,15,15
15751,162,162,93,15,15
15752,162,162,94,5,5
15753,162,162,95,5,5
15754,162,162,96,15,15
15755,162,162,97,7,7
15756,162,162,98,7,7
15757,162,162,99,15,15
15758,162,162,100,15,15
15759,162,162,101,15,15
15760,162,162,102,15,15
15761,162,162,103,15,15
15762,162,162,104,15,15
15763,162,162,105,5,5
15764,162,162,106,5,5
15765,162,162,107,5,5
15766,162,162,108,2,2
15767,162,162,109,5,5
15768,162,162,110,5,5
15769,162,162,111,2,2
15770,162,162,112,2,2
15771,162,162,113,2,2
15772,162,162,114,2,2
15773,162,163,87,16,16
15774,162,163,88,16,16
15775,162,163,89,15,15
15776,162,163,90,15,15
15777,162,163,91,15,15
15778,162,163,92,15,15
15779,162,163,93,15,15
15780,162,163,94,15,15
15781,162,163,95,5,5
15782,162,163,96,15,15
15783,162,163,97,7,7
15784,162,163,98,7,7
15785,162,163,99,5,5
15786,162,163,100,5,5
15787,162,163,101,15,15
15788,162,163,102,15,15
15789,162,163,103,15,15
15790,162,163,104,15,15
15791,162,163,105,15,15
15792,162,163,106,5,5
15793,162,163,107,14,14
15794,162,163,108,5,5
15795,162,163,109,5,5
15796,162,163,110,5,5
15797,162,163,111,16,16
15798,162,163,112,16,16
15799,162,163,113,2,2
15800,162,163,114,2,2
15801,162,163,116,7,7
15802,162,164,87,16,16
15803,162,164,88,16,16
15804,162,164,89,15,15
15805,162,164,90,15,15
15806,162,164,91,15,15
15807,162,164,92,15,15
15808,162,164,93,15,15
15809,162,164,94,15,15
15810,162,164,95,15,15
15811,162,164,96,15,15
15812,162,164,97,15,15
15813,162,164,98,15,15
15814,162,164,99,5,5
15815,162,164,100,5,5
15816,162,164,101,5,5
15817,162,164,102,5,5
15818,162,164,103,15,15
15819,162,164,104,15,15
15820,162,164,105,15,15
15821,162,164,106,5,5
15822,162,164,107,14,14
15823,162,164,108,14,14
15824,162,164,109,5,5
15825,162,164,110,5,5
15826,162,164,111,5,5
15827,162,164,112,16,16
15828,162,164,113,2,2
15829,162,164,114,2,2
15830,162,164,115,2,2
15831,162,164,116,7,7
15832,162,164,117,9,9
15833,162,165,86,16,16
15834,162,165,87,16,16
15835,162,165,88,16,16
15836,162,165,89,15,15
15837,162,165,90,15,15
15838,162,165,91,5,5
15839,162,165,92,5,5
15840,162,165,93,15,15
15841,162,165,94,15,15
15842,162,165,95,15,15
15843,162,165,96,15,15
15844,162,165,97,15,15
15845,162,165,98,15,15
15846,162,165,99,5,5
15847,162,165,100,5,5
15848,162,165,101,5,5
15849,162,165,102,15,15
15850,162,165,103,15,15
15851,162,165,104,15,15
15852,162,165,105,15,15
15853,162,165,106,15,15
15854,162,165,107,14,14
15855,162,165,108,14,14
15856,162,165,109,5,5
15857,162,165,110,5,5
15858,162,165,111,5,5
15859,162,165,112,5,5
15860,162,165,113,16,16
15861,162,165,114,2,2
15862,162,165,115,2,2
15863,162,165,116,7,7
15864,162,166,86,16,16
15865,162,166,87,16,16
15866,162,166,88,5,5
15867,162,166,89,15,15
15868,162,166,90,5,5
15869,162,166,91,5,5
15870,162,166,92,5,5
15871,162,166,93,15,15
15872,162,166,94,15,15
15873,162,166,95,15,15
15874,162,166,96,15,15
15875,162,166,97,2,2
15876,162,166,98,5,5
15877,162,166,99,5,5
15878,162,166,100,5,5
15879,162,166,101,5,5
15880,162,166,102,15,15
15881,162,166,103,15,15
15882,162,166,104,15,15
15883,162,166,105,5,5
15884,162,166,106,15,15
15885,162,166,107,5,5
15886,162,166,108,14,14
15887,162,166,109,5,5
15888,162,166,110,2,2
15889,162,166,111,5,5
15890,162,166,112,5,5
15891,162,166,113,5,5
15892,162,166,114,5,5
15893,162,166,115,15,15
15894,162,166,116,9,9
15895,162,167,86,16,16
15896,162,167,87,16,16
15897,162,167,88,5,5
15898,162,167,89,5,5
15899,162,167,90,5,5
15900,162,167,91,5,5
15901,162,167,92,5,5
15902,162,167,93,15,15
15903,162,167,94,15,15
15904,162,167,95,5,5
15905,162,167,96,14,14
15906,162,167,97,14,14
15907,162,167,98,5,5
15908,162,167,99,5,5
15909,162,167,100,15,15
15910,162,167,101,15,15
15911,162,167,102,5,5
15912,162,167,103,5,5
15913,162,167,104,5,5
15914,162,167,105,5,5
15915,162,167,106,5,5
15916,162,167,107,5,5
15917,162,167,108,14,14
15918,162,167,109,5,5
15919,162,167,110,5,5
15920,162,167,111,16,16
15921,162,167,112,5,5
15922,162,167,113,5,5
15923,162,167,114,5,5
15924,162,167,115,5,5
15925,162,167,116,9,9
15926,162,168,85,16,16
15927,162,168,86,16,16
15928,162,168,87,5,5
15929,162,168,88,15,15
15930,162,168,89,5,5
15931,162,168,90,5,5
15932,162,168,91,5,5
15933,162,168,92,5,5
15934,162,168,93,15,15
15935,162,168,94,15,15
15936,162,168,95,14,14
15937,162,168,96,5,5
15938,162,168,97,5,5
15939,162,168,98,5,5
15940,162,168,99,5,5
15941,162,168,100,5,5
15942,162,168,101,5,5
15943,162,168,102,14,14
15944,162,168,103,14,14
15945,162,168,104,5,5
15946,162,168,105,15,15
15947,162,168,106,15,15
15948,162,168,107,5,5
15949,162,168,108,14,14
15950,162,168,109,5,5
15951,162,168,110,16,16
15952,162,168,111,16,16
15953,162,168,112,2,2
15954,162,168,113,5,5
15955,162,168,114,9,9
15956,162,168,115,9,9
15957,162,169,84,16,16
15958,162,169,85,16,16
15959,162,169,86,16,16
15960,162,169,87,5,5
15961,162,169,88,5,5
15962,162,169,89,15,15
15963,162,169,90,15,15
15964,162,169,91,5,5
15965,162,169,92,5,5
15966,162,169,93,5,5
15967,162,169,94,15,15
15968,162,169,95,5,5
15969,162,169,96,5,5
15970,162,169,97,5,5
15971,162,169,98,5,5
15972,162,169,99,5,5
15973,162,169,100,5,5
15974,162,169,101,14,14
15975,162,169,102,14,14
15976,162,169,103,14,14
15977,162,169,104,2,2
15978,162,169,105,2,2
15979,162,169,106,15,15
15980,162,169,107,15,15
15981,162,169,108,16,16
15982,162,169,109,16,16
15983,162,169,110,2,2
15984,162,169,111,16,16
15985,162,169,112,2,2
15986,162,169,113,2,2
15987,162,169,114,9,9
15988,162,170,84,16,16
15989,162,170,85,16,16
15990,162,170,86,5,5
15991,162,170,87,5,5
15992,162,170,88,5,5
15993,162,170,89,15,15
15994,162,170,90,15,15
15995,162,170,91,15,15
15996,162,170,92,15,15
15997,162,170,93,15,15
15998,162,170,94,15,15
15999,162,170,95,15,15
16000,162,170,96,5,5
16001,162,170,97,5,5
16002,162,170,98,15,15
16003,162,170,99,15,15
16004,162,170,100,5,5
16005,162,170,101,5,5
16006,162,170,102,14,14
16007,162,170,103,14,14
16008,162,170,104,5,5
16009,162,170,105,2,2
16010,162,170,106,15,15
16011,162,170,107,15,15
16012,162,170,108,16,16
16013,162,170,109,16,16
16014,162,170,110,14,14
16015,162,170,111,14,14
16016,162,170,112,16,16
16017,162,170,113,9,9
16018,162,170,114,9,9
16019,162,171,83,16,16
16020,162,171,84,16,16
16021,162,171,85,16,16
16022,162,171,86,16,16
16023,162,171,87,15,15
16024,162,171,88,15,15
16025,162,171,89,5,5
16026,162,171,90,15,15
16027,162,171,91,15,15
16028,162,171,92,15,15
16029,162,171,93,15,15
16030,162,171,94,15,15
16031,162,171,95,15,15
16032,162,171,96,5,5
16033,162,171,97,15,15
16034,162,171,98,15,15
16035,162,171,99,5,5
16036,162,171,100,5,5
16037,162,171,101,5,5
16038,162,171,102,5,5
16039,162,171,103,14,14
16040,162,171,104,14,14
16041,162,171,105,2,2
16042,162,171,106,2,2
16043,162,171,107,5,5
16044,162,171,108,5,5
16045,162,171,109,5,5
16046,162,171,110,14,14
16047,162,171,111,14,14
16048,162,171,112,14,14
16049,162,171,113,9,9
16050,162,172,83,11,11
16051,162,172,84,16,16
16052,162,172,85,16,16
16053,162,172,86,16,16
16054,162,172,87,5,5
16055,162,172,88,15,15
16056,162,172,89,5,5
16057,162,172,90,5,5
16058,162,172,91,15,15
16059,162,172,92,15,15
16060,162,172,93,15,15
16061,162,172,94,15,15
16062,162,172,95,15,15
16063,162,172,96,15,15
16064,162,172,97,15,15
16065,162,172,98,15,15
16066,162,172,99,5,5
16067,162,172,100,5,5
16068,162,172,101,14,14
16069,162,172,102,5,5
16070,162,172,103,14,14
16071,162,172,104,14,14
16072,162,172,105,14,14
16073,162,172,106,14,14
16074,162,172,107,5,5
16075,162,172,108,5,5
16076,162,172,109,5,5
16077,162,172,110,5,5
16078,162,172,112,14,14
16079,162,173,83,11,11
16080,162,173,84,16,16
16081,162,173,85,16,16
16082,162,173,86,16,16
16083,162,173,87,5,5
16084,162,173,88,5,5
16085,162,173,89,5,5
16086,162,173,90,5,5
16087,162,173,91,15,15
16088,162,173,92,15,15
16089,162,173,93,15,15
16090,162,173,94,15,15
16091,162,173,95,15,15
16092,162,173,96,15,15
16093,162,173,97,15,15
16094,162,173,98,15,15
16095,162,173,99,5,5
16096,162,173,100,5,5
16097,162,173,101,14,14
16098,162,173,102,7,7
16099,162,173,103,7,7
16100,162,173,104,14,14
16101,162,173,105,14,14
16102,162,173,106,14,14
16103,162,173,107,14,14
16104,162,173,108,5,5
16105,162,173,109,15,15
16106,162,174,84,16,16
16107,162,174,85,16,16
16108,162,174,86,16,16
16109,162,174,87,5,5
16110,162,174,88,5,5
16111,162,174,89,5,5
16112,162,174,90,5,5
16113,162,174,91,15,15
16114,162,174,92,15,15
16115,162,174,93,15,15
16116,162,174,94,15,15
16117,162,174,95,15,15
16118,162,174,96,15,15
16119,162,174,97,5,5
16120,162,174,98,5,5
16121,162,174,99,5,5
16122,162,174,100,14,14
16123,162,174,101,14,14
16124,162,174,102,14,14
16125,162,174,103,7,7
16126,162,174,104,7,7
16127,162,174,105,14,14
16128,162,174,106,14,14
16129,162,174,107,14,14
16130,162,174,108,7,7
16131,162,174,109,7,7
16132,162,175,85,16,16
16133,162,175,86,16,16
16134,162,175,87,5,5
16135,162,175,88,5,5
16136,162,175,89,5,5
16137,162,175,90,5,5
16138,162,175,91,15,15
16139,162,175,92,15,15
16140,162,175,93,15,15
16141,162,175,94,15,15
16142,162,175,95,15,15
16143,162,175,96,15,15
16144,162,175,97,15,15
16145,162,175,98,15,15
16146,162,175,99,5,5
16147,162,175,100,14,14
16148,162,175,101,14,14
16149,162,175,102,14,14
16150,162,175,103,2,2
16151,162,175,104,14,14
16152,162,175,105,14,14
16153,162,175,106,14,14
16154,162,175,107,5,5
16155,162,175,108,7,7
16156,162,176,85,16,16
16157,162,176,86,16,16
16158,162,176,87,5,5
16159,162,176,88,5,5
16160,162,176,89,15,15
16161,162,176,90,5,5
16162,162,176,91,15,15
16163,162,176,92,15,15
16164,162,176,93,15,15
16165,162,176,94,15,15
16166,162,176,95,15,15
16167,162,176,96,15,15
16168,162,176,97,15,15
16169,162,176,98,15,15
16170,162,176,99,5,5
16171,162,176,100,14,14
16172,162,176,101,14,14
16173,162,176,102,14,14
16174,162,176,103,14,14
16175,162,176,104,14,14
16176,162,176,105,14,14
16177,162,176,106,14,14
16178,162,176,107,7,7
16179,162,177,85,8,8
16180,162,177,86,16,16
16181,162,177,87,5,5
16182,162,177,88,5,5
16183,162,177,89,15,15
16184,162,177,90,15,15
16185,162,177,91,15,15
16186,162,177,92,15,15
16187,162,177,93,15,15
16188,162,177,94,15,15
16189,162,177,95,15,15
16190,162,177,96,15,15
16191,162,177,97,15,15
16192,162,177,98,15,15
16193,162,177,99,5,5
16194,162,177,100,14,14
16195,162,177,101,14,14
16196,162,177,102,14,14
16197,162,177,103,14,14
16198,162,177,104,14,14
16199,162,177,105,14,14
16200,162,177,106,14,14
16201,162,177,107,2,2
16202,162,178,85,8,8
16203,162,178,86,16,16
16204,162,178,87,5,5
16205,162,178,88,5,5
16206,162,178,89,15,15
16207,162,178,90,5,5
16208,162,178,91,15,15
16209,162,178,92,15,15
16210,162,178,93,15,15
16211,162,178,94,15,15
16212,162,178,95,15,15
16213,162,178,96,15,15
16214,162,178,97,5,5
16215,162,178,98,15,15
16216,162,178,99,15,15
16217,162,178,100,5,5
16218,162,178,101,14,14
16219,162,178,102,14,14
16220,162,178,103,14,14
16221,162,178,104,14,14
16222,162,178,105,14,14
16223,162,178,106,14,14
16224,162,179,86,16,16
16225,162,179,87,14,14
16226,162,179,88,5,5
16227,162,179,89,5,5
16228,162,179,90,5,5
16229,162,179,91,15,15
16230,162,179,92,15,15
16231,162,179,93,15,15
16232,162,179,94,15,15
16233,162,179,95,15,15
16234,162,179,96,15,15
16235,162,179,97,5,5
16236,162,179,98,5,5
16237,162,179,99,5,5
16238,162,179,100,14,14
16239,162,179,101,14,14
16240,162,179,102,14,14
16241,162,179,103,14,14
16242,162,179,104,14,14
16243,162,179,105,14,14
16244,162,179,106,14,14
16245,162,180,86,16,16
16246,162,180,87,16,16
16247,162,180,88,16,16
16248,162,180,89,16,16
16249,162,180,90,14,14
16250,162,180,91,5,5
16251,162,180,92,15,15
16252,162,180,93,15,15
16253,162,180,94,15,15
16254,162,180,95,15,15
16255,162,180,96,5,5
16256,162,180,97,5,5
16257,162,180,98,5,5
16258,162,180,99,5,5
16259,162,180,100,5,5
16260,162,180,101,14,14
16261,162,180,102,14,14
16262,162,180,103,14,14
16263,162,180,104,14,14
16264,162,180,105,14,14
16265,162,180,106,14,14
16266,162,181,87,16,16
16267,162,181,88,16,16
16268,162,181,89,16,16
16269,162,181,90,16,16
16270,162,181,91,16,16
16271,162,181,92,2,2
16272,162,181,93,15,15
16273,162,181,94,15,15
16274,162,181,95,15,15
16275,162,181,96,5,5
16276,162,181,97,5,5
16277,162,181,98,5,5
16278,162,181,99,5,5
16279,162,181,100,5,5
16280,162,181,101,14,14
16281,162,181,102,14,14
16282,162,181,103,5,5
16283,162,181,104,15,15
16284,162,181,105,14,14
16285,162,182,90,16,16
16286,162,182,91,16,16
16287,162,182,92,16,16
16288,162,182,93,2,2
16289,162,182,94,2,2
16290,162,182,95,2,2
16291,162,182,96,2,2
16292,162,182,97,14,14
16293,162,182,98,5,5
16294,162,182,99,5,5
16295,162,182,100,5,5
16296,162,182,101,14,14
16297,162,182,102,14,14
16298,162,182,103,5,5
16299,162,182,104,14,14
16300,162,182,105,14,14
16301,162,183,91,16,16
16302,162,183,92,16,16
16303,162,183,93,16,16
16304,162,183,94,16,16
16305,162,183,95,16,16
16306,162,183,96,16,16
16307,162,183,97,16,16
16308,162,183,98,16,16
16309,162,183,99,16,16
16310,162,183,100,16,16
16311,162,183,101,14,14
16312,162,183,102,14,14
16313,162,183,103,14,14
16314,162,183,104,14,14
16315,162,184,93,16,16
16316,162,184,94,16,16
16317,162,184,95,16,16
16318,162,184,96,16,16
16319,162,184,97,16,16
16320,162,184,98,16,16
16321,162,184,99,16,16
16322,162,184,100,16,16
16323,162,184,101,16,16
16324,162,184,102,14,14
16325,162,184,103,14,14
16326,162,185,96,16,16
16327,162,185,97,16,16
16328,162,185,98,16,16
16329,162,185,99,16,16
16330,162,185,100,16,16
16331,162,185,101,16,16
16332,162,185,102,14,14
16333,162,186,100,16,16
16334,162,186,101,14,14
16335,162,187,101,9,9
16336,163,145,96,3,3
16337,163,146,96,3,3
16338,163,146,97,3,3
16339,163,147,92,11,11
16340,163,147,95,3,3
16341,163,147,96,3,3
16342,163,147,97,3,3
16343,163,148,90,3,3
16344,163,148,91,3,3
16345,163,148,92,3,3
16346,163,148,93,3,3
16347,163,148,94,3,3
16348,163,148,95,3,3
16349,163,148,96,3,3
16350,163,148,97,3,3
16351,163,149,89,3,3
16352,163,149,90,3,3
16353,163,149,91,3,3
16354,163,149,92,3,3
16355,163,149,93,3,3
16356,163,149,94,3,3
16357,163,149,95,3,3
16358,163,149,96,3,3
16359,163,149,97,3,3
16360,163,150,89,3,3
16361,163,150,90,3,3
16362,163,150,91,3,3
16363,163,150,92,3,3
16364,163,150,93,3,3
16365,163,150,94,3,3
16366,163,150,95,3,3
16367,163,150,96,3,3
16368,163,151,89,3,3
16369,163,151,90,3,3
16370,163,151,91,3,3
16371,163,151,92,3,3
16372,163,151,93,3,3
16373,163,151,94,3,3
16374,163,151,95,3,3
16375,163,152,89,3,3
16376,163,152,90,3,3
16377,163,152,91,3,3
16378,163,152,92,3,3
16379,163,152,93,3,3
16380,163,152,94,3,3
16381,163,152,95,3,3
16382,163,153,89,3,3
16383,163,153,90,3,3
16384,163,153,91,3,3
16385,163,153,92,3,3
16386,163,153,93,3,3
16387,163,153,94,3,3
16388,163,153,95,3,3
16389,163,154,89,3,3
16390,163,154,90,3,3
16391,163,154,91,3,3
16392,163,154,92,3,3
16393,163,154,93,3,3
16394,163,154,94,3,3
16395,163,154,95,3,3
16396,163,155,89,3,3
16397,163,155,90,3,3
16398,163,155,91,3,3
16399,163,155,92,3,3
16400,163,155,95,11,11
16401,163,155,96,11,11
16402,163,155,99,11,11
16403,163,156,95,11,11
16404,163,156,96,11,11
16405,163,156,97,11,11
16406,163,156,98,11,11
16407,163,156,99,11,11
16408,163,156,100,16,16
16409,163,156,101,16,16
16410,163,156,102,2,2
16411,163,157,95,16,16
16412,163,157,96,16,16
16413,163,157,97,5,5
16414,163,157,98,5,5
16415,163,157,99,5,5
16416,163,157,100,5,5
16417,163,157,101,16,16
16418,163,157,102,16,16
16419,163,157,103,2,2
16420,163,157,104,2,2
16421,163,158,91,16,16
16422,163,158,92,16,16
16423,163,158,93,16,16
16424,163,158,94,16,16
16425,163,158,95,16,16
16426,163,158,96,5,5
16427,163,158,97,5,5
16428,163,158,98,5,5
16429,163,158,99,5,5
16430,163,158,100,5,5
16431,163,158,101,5,5
16432,163,158,102,5,5
16433,163,158,103,5,5
16434,163,158,104,16,16
16435,163,158,105,2,2
16436,163,159,90,16,16
16437,163,159,91,5,5
16438,163,159,92,5,5
16439,163,159,93,5,5
16440,163,159,94,5,5
16441,163,159,95,5,5
16442,163,159,96,5,5
16443,163,159,97,5,5
16444,163,159,98,5,5
16445,163,159,99,5,5
16446,163,159,100,5,5
16447,163,159,101,5,5
16448,163,159,102,5,5
16449,163,159,103,5,5
16450,163,159,104,5,5
16451,163,159,105,16,16
16452,163,159,106,2,2
16453,163,159,107,2,2
16454,163,159,108,2,2
16455,163,159,109,2,2
16456,163,160,90,16,16
16457,163,160,91,5,5
16458,163,160,92,5,5
16459,163,160,93,5,5
16460,163,160,94,5,5
16461,163,160,95,15,15
16462,163,160,96,15,15
16463,163,160,97,5,5
16464,163,160,98,5,5
16465,163,160,99,15,15
16466,163,160,100,15,15
16467,163,160,101,5,5
16468,163,160,102,5,5
16469,163,160,103,15,15
16470,163,160,104,15,15
16471,163,160,105,5,5
16472,163,160,106,5,5
16473,163,160,107,2,2
16474,163,160,108,2,2
16475,163,160,109,2,2
16476,163,160,110,2,2
16477,163,161,89,16,16
16478,163,161,90,5,5
16479,163,161,91,5,5
16480,163,161,92,5,5
16481,163,161,93,5,5
16482,163,161,94,5,5
16483,163,161,95,15,15
16484,163,161,96,15,15
16485,163,161,97,5,5
16486,163,161,98,15,15
16487,163,161,99,15,15
16488,163,161,100,15,15
16489,163,161,101,5,5
16490,163,161,102,5,5
16491,163,161,103,15,15
16492,163,161,104,15,15
16493,163,161,105,5,5
16494,163,161,106,5,5
16495,163,161,107,5,5
16496,163,161,108,5,5
16497,163,161,109,2,2
16498,163,161,110,2,2
16499,163,161,111,2,2
16500,163,162,88,16,16
16501,163,162,89,16,16
16502,163,162,90,5,5
16503,163,162,91,5,5
16504,163,162,92,15,15
16505,163,162,93,5,5
16506,163,162,94,5,5
16507,163,162,95,15,15
16508,163,162,96,15,15
16509,163,162,97,7,7
16510,163,162,98,7,7
16511,163,162,99,15,15
16512,163,162,100,15,15
16513,163,162,101,15,15
16514,163,162,102,15,15
16515,163,162,103,15,15
16516,163,162,104,15,15
16517,163,162,105,5,5
16518,163,162,106,5,5
16519,163,162,107,5,5
16520,163,162,108,5,5
16521,163,162,109,5,5
16522,163,162,110,5,5
16523,163,162,111,2,2
16524,163,162,112,2,2
16525,163,162,113,2,2
16526,163,162,114,2,2
16527,163,163,88,16,16
16528,163,163,89,5,5
16529,163,163,90,15,15
16530,163,163,91,5,5
16531,163,163,92,15,15
16532,163,163,93,15,15
16533,163,163,94,15,15
16534,163,163,95,15,15
16535,163,163,96,7,7
16536,163,163,97,7,7
16537,163,163,98,7,7
16538,163,163,99,5,5
16539,163,163,100,5,5
16540,163,163,101,15,15
16541,163,163,102,15,15
16542,163,163,103,15,15
16543,163,163,104,15,15
16544,163,163,105,15,15
16545,163,163,106,5,5
16546,163,163,107,14,14
16547,163,163,108,5,5
16548,163,163,109,14,14
16549,163,163,110,5,5
16550,163,163,111,5,5
16551,163,163,112,16,16
16552,163,163,113,2,2
16553,163,163,114,2,2
16554,163,163,115,2,2
16555,163,163,116,7,7
16556,163,164,87,16,16
16557,163,164,88,16,16
16558,163,164,89,15,15
16559,163,164,90,15,15
16560,163,164,91,5,5
16561,163,164,92,15,15
16562,163,164,93,15,15
16563,163,164,94,15,15
16564,163,164,95,15,15
16565,163,164,96,15,15
16566,163,164,97,7,7
16567,163,164,98,7,7
16568,163,164,99,5,5
16569,163,164,100,5,5
16570,163,164,101,15,15
16571,163,164,102,15,15
16572,163,164,103,15,15
16573,163,164,104,15,15
16574,163,164,105,15,15
16575,163,164,106,5,5
16576,163,164,107,14,14
16577,163,164,108,14,14
16578,163,164,109,5,5
16579,163,164,110,5,5
16580,163,164,111,5,5
16581,163,164,112,16,16
16582,163,164,113,16,16
16583,163,164,114,2,2
16584,163,164,115,2,2
16585,163,164,116,7,7
16586,163,165,87,16,16
16587,163,165,88,16,16
16588,163,165,89,5,5
16589,163,165,90,5,5
16590,163,165,91,5,5
16591,163,165,92,15,15
16592,163,165,93,15,15
16593,163,165,94,15,15
16594,163,165,95,15,15
16595,163,165,96,15,15
16596,163,165,97,15,15
16597,163,165,98,5,5
16598,163,165,99,5,5
16599,163,165,100,5,5
16600,163,165,101,5,5
16601,163,165,102,15,15
16602,163,165,103,15,15
16603,163,165,104,15,15
16604,163,165,105,15,15
16605,163,165,106,15,15
16606,163,165,107,14,14
16607,163,165,108,14,14
16608,163,165,109,5,5
16609,163,165,110,2,2
16610,163,165,111,2,2
16611,163,165,112,5,5
16612,163,165,113,5,5
16613,163,165,114,5,5
16614,163,165,115,7,7
16615,163,165,116,9,9
16616,163,166,86,16,16
16617,163,166,87,16,16
16618,163,166,88,16,16
16619,163,166,89,5,5
16620,163,166,90,5,5
16621,163,166,91,5,5
16622,163,166,92,15,15
16623,163,166,93,15,15
16624,163,166,94,15,15
16625,163,166,95,15,15
16626,163,166,96,15,15
16627,163,166,97,15,15
16628,163,166,98,5,5
16629,163,166,99,5,5
16630,163,166,100,5,5
16631,163,166,101,5,5
16632,163,166,102,5,5
16633,163,166,103,15,15
16634,163,166,104,15,15
16635,163,166,105,15,15
16636,163,166,106,15,15
16637,163,166,107,5,5
16638,163,166,108,14,14
16639,163,166,109,5,5
16640,163,166,110,2,2
16641,163,166,111,2,2
16642,163,166,112,5,5
16643,163,166,113,5,5
16644,163,166,114,5,5
16645,163,166,115,9,9
16646,163,166,116,9,9
16647,163,167,86,16,16
16648,163,167,87,16,16
16649,163,167,88,5,5
16650,163,167,89,5,5
16651,163,167,90,5,5
16652,163,167,91,5,5
16653,163,167,92,15,15
16654,163,167,93,15,15
16655,163,167,94,15,15
16656,163,167,95,15,15
16657,163,167,96,15,15
16658,163,167,97,14,14
16659,163,167,98,14,14
16660,163,167,99,5,5
16661,163,167,100,5,5
16662,163,167,101,5,5
16663,163,167,102,5,5
16664,163,167,103,5,5
16665,163,167,104,15,15
16666,163,167,105,15,15
16667,163,167,106,15,15
16668,163,167,107,15,15
16669,163,167,108,14,14
16670,163,167,109,5,5
16671,163,167,110,2,2
16672,163,167,111,16,16
16673,163,167,112,2,2
16674,163,167,113,5,5
16675,163,167,114,9,9
16676,163,167,115,9,9
16677,163,168,85,16,16
16678,163,168,86,16,16
16679,163,168,87,5,5
16680,163,168,88,5,5
16681,163,168,89,5,5
16682,163,168,90,5,5
16683,163,168,91,5,5
16684,163,168,92,15,15
16685,163,168,93,15,15
16686,163,168,94,15,15
16687,163,168,95,15,15
16688,163,168,96,15,15
16689,163,168,97,5,5
16690,163,168,98,14,14
16691,163,168,99,5,5
16692,163,168,100,5,5
16693,163,168,101,14,14
16694,163,168,102,14,14
16695,163,168,103,14,14
16696,163,168,104,5,5
16697,163,168,105,15,15
16698,163,168,106,15,15
16699,163,168,107,15,15
16700,163,168,108,5,5
16701,163,168,109,5,5
16702,163,168,110,16,16
16703,163,168,111,14,14
16704,163,168,112,2,2
16705,163,168,113,2,2
16706,163,168,114,9,9
16707,163,169,84,16,16
16708,163,169,85,16,16
16709,163,169,86,16,16
16710,163,169,87,5,5
16711,163,169,88,5,5
16712,163,169,89,5,5
16713,163,169,90,15,15
16714,163,169,91,15,15
16715,163,169,92,15,15
16716,163,169,93,15,15
16717,163,169,94,15,15
16718,163,169,95,15,15
16719,163,169,96,15,15
16720,163,169,97,5,5
16721,163,169,98,5,5
16722,163,169,99,5,5
16723,163,169,100,5,5
16724,163,169,101,14,14
16725,163,169,102,14,14
16726,163,169,103,14,14
16727,163,169,104,5,5
16728,163,169,105,15,15
16729,163,169,106,15,15
16730,163,169,107,15,15
16731,163,169,108,5,5
16732,163,169,109,5,5
16733,163,169,110,14,14
16734,163,169,111,14,14
16735,163,169,112,5,5
16736,163,169,113,9,9
16737,163,169,114,9,9
16738,163,170,84,16,16
16739,163,170,85,16,16
16740,163,170,86,5,5
16741,163,170,87,5,5
16742,163,170,88,5,5
16743,163,170,89,15,15
16744,163,170,90,5,5
16745,163,170,91,15,15
16746,163,170,92,15,15
16747,163,170,93,15,15
16748,163,170,94,15,15
16749,163,170,95,15,15
16750,163,170,96,15,15
16751,163,170,97,5,5
16752,163,170,98,15,15
16753,163,170,99,15,15
16754,163,170,100,5,5
16755,163,170,101,14,14
16756,163,170,102,14,14
16757,163,170,103,14,14
16758,163,170,104,14,14
16759,163,170,105,15,15
16760,163,170,106,15,15
16761,163,170,107,15,15
16762,163,170,108,5,5
16763,163,170,109,5,5
16764,163,170,110,14,14
16765,163,170,111,14,14
16766,163,170,112,9,9
16767,163,170,113,9,9
16768,163,170,114,9,9
16769,163,171,83,16,16
16770,163,171,84,16,16
16771,163,171,85,16,16
16772,163,171,86,5,5
16773,163,171,87,15,15
16774,163,171,88,15,15
16775,163,171,89,5,5
16776,163,171,90,5,5
16777,163,171,91,15,15
16778,163,171,92,15,15
16779,163,171,93,15,15
16780,163,171,94,15,15
16781,163,171,95,15,15
16782,163,171,96,15,15
16783,163,171,97,5,5
16784,163,171,98,5,5
16785,163,171,99,5,5
16786,163,171,100,5,5
16787,163,171,101,14,14
16788,163,171,102,14,14
16789,163,171,103,14,14
16790,163,171,104,14,14
16791,163,171,105,15,15
16792,163,171,106,15,15
16793,163,171,107,15,15
16794,163,171,108,5,5
16795,163,171,109,5,5
16796,163,171,110,5,5
16797,163,171,111,14,14
16798,163,171,112,14,14
16799,163,172,83,16,16
16800,163,172,84,16,16
16801,163,172,85,16,16
16802,163,172,86,5,5
16803,163,172,87,5,5
16804,163,172,88,15,15
16805,163,172,89,5,5
16806,163,172,90,14,14
16807,163,172,91,15,15
16808,163,172,92,15,15
16809,163,172,93,15,15
16810,163,172,94,15,15
16811,163,172,95,15,15
16812,163,172,96,15,15
16813,163,172,97,5,5
16814,163,172,98,5,5
16815,163,172,99,5,5
16816,163,172,100,14,14
16817,163,172,101,14,14
16818,163,172,102,14,14
16819,163,172,103,14,14
16820,163,172,104,14,14
16821,163,172,105,14,14
16822,163,172,106,2,2
16823,163,172,107,5,5
16824,163,172,108,5,5
16825,163,172,109,5,5
16826,163,173,83,11,11
16827,163,173,84,16,16
16828,163,173,85,16,16
16829,163,173,86,15,15
16830,163,173,87,5,5
16831,163,173,88,5,5
16832,163,173,89,5,5
16833,163,173,90,14,14
16834,163,173,91,14,14
16835,163,173,92,15,15
16836,163,173,93,15,15
16837,163,173,94,15,15
16838,163,173,95,15,15
16839,163,173,96,15,15
16840,163,173,97,15,15
16841,163,173,98,5,5
16842,163,173,99,5,5
16843,163,173,100,14,14
16844,163,173,101,14,14
16845,163,173,102,7,7
16846,163,173,103,7,7
16847,163,173,104,14,14
16848,163,173,105,14,14
16849,163,173,106,14,14
16850,163,173,107,5,5
16851,163,173,108,5,5
16852,163,173,109,5,5
16853,163,174,83,11,11
16854,163,174,84,16,16
16855,163,174,85,16,16
16856,163,174,86,16,16
16857,163,174,87,15,15
16858,163,174,88,15,15
16859,163,174,89,5,5
16860,163,174,90,5,5
16861,163,174,91,5,5
16862,163,174,92,15,15
16863,163,174,93,15,15
16864,163,174,94,15,15
16865,163,174,95,15,15
16866,163,174,96,15,15
16867,163,174,97,15,15
16868,163,174,98,5,5
16869,163,174,99,14,14
16870,163,174,100,14,14
16871,163,174,101,14,14
16872,163,174,102,14,14
16873,163,174,103,7,7
16874,163,174,104,7,7
16875,163,174,105,14,14
16876,163,174,106,14,14
16877,163,174,107,5,5
16878,163,174,108,5,5
16879,163,175,84,16,16
16880,163,175,85,16,16
16881,163,175,86,16,16
16882,163,175,87,15,15
16883,163,175,88,15,15
16884,163,175,89,15,15
16885,163,175,90,5,5
16886,163,175,91,5,5
16887,163,175,92,15,15
16888,163,175,93,15,15
16889,163,175,94,15,15
16890,163,175,95,15,15
16891,163,175,96,15,15
16892,163,175,97,5,5
16893,163,175,98,14,14
16894,163,175,99,14,14
16895,163,175,100,14,14
16896,163,175,101,14,14
16897,163,175,102,14,14
16898,163,175,103,14,14
16899,163,175,104,7,7
16900,163,175,105,14,14
16901,163,175,106,14,14
16902,163,175,107,5,5
16903,163,176,85,16,16
16904,163,176,86,16,16
16905,163,176,87,5,5
16906,163,176,88,15,15
16907,163,176,89,15,15
16908,163,176,90,15,15
16909,163,176,91,15,15
16910,163,176,92,15,15
16911,163,176,93,15,15
16912,163,176,94,15,15
16913,163,176,95,15,15
16914,163,176,96,15,15
16915,163,176,97,5,5
16916,163,176,98,5,5
16917,163,176,99,14,14
16918,163,176,100,14,14
16919,163,176,101,14,14
16920,163,176,102,14,14
16921,163,176,103,14,14
16922,163,176,104,14,14
16923,163,176,105,14,14
16924,163,176,106,14,14
16925,163,176,107,7,7
16926,163,177,86,16,16
16927,163,177,87,5,5
16928,163,177,88,15,15
16929,163,177,89,15,15
16930,163,177,90,15,15
16931,163,177,91,15,15
16932,163,177,92,15,15
16933,163,177,93,15,15
16934,163,177,94,15,15
16935,163,177,95,15,15
16936,163,177,96,15,15
16937,163,177,97,5,5
16938,163,177,98,5,5
16939,163,177,99,5,5
16940,163,177,100,14,14
16941,163,177,101,14,14
16942,163,177,102,14,14
16943,163,177,103,14,14
16944,163,177,104,14,14
16945,163,177,105,14,14
16946,163,177,106,14,14
16947,163,178,84,8,8
16948,163,178,85,8,8
16949,163,178,86,16,16
16950,163,178,87,5,5
16951,163,178,88,5,5
16952,163,178,89,15,15
16953,163,178,90,15,15
16954,163,178,91,15,15
16955,163,178,92,15,15
16956,163,178,93,15,15
16957,163,178,94,15,15
16958,163,178,95,15,15
16959,163,178,96,15,15
16960,163,178,97,5,5
16961,163,178,98,5,5
16962,163,178,99,5,5
16963,163,178,100,14,14
16964,163,178,101,14,14
16965,163,178,102,14,14
16966,163,178,103,14,14
16967,163,178,104,14,14
16968,163,178,105,14,14
16969,163,178,106,14,14
16970,163,179,84,16,16
16971,163,179,85,8,8
16972,163,179,86,16,16
16973,163,179,87,14,14
16974,163,179,88,5,5
16975,163,179,89,15,15
16976,163,179,90,5,5
16977,163,179,91,5,5
16978,163,179,92,15,15
16979,163,179,93,15,15
16980,163,179,94,15,15
16981,163,179,95,15,15
16982,163,179,96,15,15
16983,163,179,97,5,5
16984,163,179,98,5,5
16985,163,179,99,15,15
16986,163,179,100,14,14
16987,163,179,101,14,14
16988,163,179,102,14,14
16989,163,179,103,14,14
16990,163,179,104,14,14
16991,163,179,105,14,14
16992,163,179,106,14,14
16993,163,180,83,8,8
16994,163,180,84,16,16
16995,163,180,85,16,16
16996,163,180,86,16,16
16997,163,180,87,14,14
16998,163,180,88,14,14
16999,163,180,89,5,5
17000,163,180,90,16,16
17001,163,180,91,16,16
17002,163,180,92,5,5
17003,163,180,93,15,15
17004,163,180,94,15,15
17005,163,180,95,15,15
17006,163,180,96,15,15
17007,163,180,97,5,5
17008,163,180,98,5,5
17009,163,180,99,5,5
17010,163,180,100,14,14
17011,163,180,101,14,14
17012,163,180,102,14,14
17013,163,180,103,14,14
17014,163,180,104,14,14
17015,163,180,105,14,14
17016,163,181,85,16,16
17017,163,181,86,16,16
17018,163,181,87,16,16
17019,163,181,88,16,16
17020,163,181,89,16,16
17021,163,181,90,16,16
17022,163,181,91,16,16
17023,163,181,92,16,16
17024,163,181,93,15,15
17025,163,181,94,15,15
17026,163,181,95,15,15
17027,163,181,96,15,15
17028,163,181,97,15,15
17029,163,181,98,5,5
17030,163,181,99,5,5
17031,163,181,100,14,14
17032,163,181,101,5,5
17033,163,181,102,5,5
17034,163,181,103,5,5
17035,163,181,104,14,14
17036,163,181,105,14,14
17037,163,182,87,16,16
17038,163,182,88,16,16
17039,163,182,89,16,16
17040,163,182,90,16,16
17041,163,182,91,16,16
17042,163,182,92,16,16
17043,163,182,93,2,2
17044,163,182,94,2,2
17045,163,182,95,2,2
17046,163,182,96,2,2
17047,163,182,97,2,2
17048,163,182,98,16,16
17049,163,182,99,5,5
17050,163,182,100,5,5
17051,163,182,101,5,5
17052,163,182,102,5,5
17053,163,182,103,14,14
17054,163,182,104,14,14
17055,163,183,92,16,16
17056,163,183,93,16,16
17057,163,183,94,16,16
17058,163,183,95,16,16
17059,163,183,96,16,16
17060,163,183,97,2,2
17061,163,183,98,16,16
17062,163,183,99,16,16
17063,163,183,100,16,16
17064,163,183,101,5,5
17065,163,183,102,14,14
17066,163,183,103,14,14
17067,163,183,104,9,9
17068,163,184,93,16,16
17069,163,184,94,16,16
17070,163,184,95,16,16
17071,163,184,96,16,16
17072,163,184,97,16,16
17073,163,184,98,16,16
17074,163,184,99,16,16
17075,163,184,100,5,5
17076,163,184,101,14,14
17077,163,184,102,14,14
17078,163,184,103,9,9
17079,163,185,96,2,2
17080,163,185,97,16,16
17081,163,185,98,16,16
17082,163,185,99,16,16
17083,163,185,100,16,16
17084,163,185,101,14,14
17085,163,186,101,9,9
17086,164,147,96,3,3
17087,164,148,96,3,3
17088,164,148,97,3,3
17089,164,149,89,3,3
17090,164,149,90,3,3
17091,164,149,91,3,3
17092,164,149,92,3,3
17093,164,149,96,3,3
17094,164,149,97,3,3
17095,164,150,89,3,3
17096,164,150,90,3,3
17097,164,150,91,3,3
17098,164,150,92,3,3
17099,164,150,93,3,3
17100,164,151,89,3,3
17101,164,151,90,3,3
17102,164,151,91,3,3
17103,164,151,92,3,3
17104,164,151,93,3,3
17105,164,152,89,3,3
17106,164,152,90,3,3
17107,164,152,91,3,3
17108,164,152,92,3,3
17109,164,152,93,3,3
17110,164,153,89,3,3
17111,164,153,90,3,3
17112,164,153,91,3,3
17113,164,153,92,3,3
17114,164,153,93,3,3
17115,164,154,89,3,3
17116,164,154,90,3,3
17117,164,154,91,3,3
17118,164,154,92,3,3
17119,164,155,89,3,3
17120,164,155,90,3,3
17121,164,156,95,11,11
17122,164,156,96,11,11
17123,164,156,97,11,11
17124,164,156,98,11,11
17125,164,156,99,11,11
17126,164,156,100,11,11
17127,164,157,95,11,11
17128,164,157,96,11,11
17129,164,157,97,16,16
17130,164,157,98,5,5
17131,164,157,99,16,16
17132,164,157,100,11,11
17133,164,157,101,11,11
17134,164,157,102,16,16
17135,164,158,95,11,11
17136,164,158,96,16,16
17137,164,158,97,5,5
17138,164,158,98,5,5
17139,164,158,99,5,5
17140,164,158,100,5,5
17141,164,158,101,5,5
17142,164,158,102,5,5
17143,164,158,103,16,16
17144,164,158,104,2,2
17145,164,158,105,2,2
17146,164,159,90,16,16
17147,164,159,91,16,16
17148,164,159,92,16,16
17149,164,159,93,16,16
17150,164,159,94,16,16
17151,164,159,95,5,5
17152,164,159,96,15,15
17153,164,159,97,5,5
17154,164,159,98,5,5
17155,164,159,99,5,5
17156,164,159,100,5,5
17157,164,159,101,5,5
17158,164,159,102,5,5
17159,164,159,103,5,5
17160,164,159,104,5,5
17161,164,159,105,16,16
17162,164,160,90,16,16
17163,164,160,91,5,5
17164,164,160,92,5,5
17165,164,160,93,5,5
17166,164,160,94,5,5
17167,164,160,95,5,5
17168,164,160,96,15,15
17169,164,160,97,15,15
17170,164,160,98,5,5
17171,164,160,99,5,5
17172,164,160,100,5,5
17173,164,160,101,5,5
17174,164,160,102,5,5
17175,164,160,103,5,5
17176,164,160,104,5,5
17177,164,160,105,5,5
17178,164,160,106,5,5
17179,164,160,107,2,2
17180,164,160,108,2,2
17181,164,160,109,2,2
17182,164,160,110,2,2
17183,164,161,89,16,16
17184,164,161,90,5,5
17185,164,161,91,5,5
17186,164,161,92,5,5
17187,164,161,93,5,5
17188,164,161,94,5,5
17189,164,161,95,15,15
17190,164,161,96,15,15
17191,164,161,97,15,15
17192,164,161,98,7,7
17193,164,161,99,15,15
17194,164,161,100,15,15
17195,164,161,101,15,15
17196,164,161,102,5,5
17197,164,161,103,5,5
17198,164,161,104,5,5
17199,164,161,105,5,5
17200,164,161,106,5,5
17201,164,161,107,5,5
17202,164,161,108,5,5
17203,164,161,109,2,2
17204,164,161,110,2,2
17205,164,161,111,2,2
17206,164,162,88,16,16
17207,164,162,89,16,16
17208,164,162,90,15,15
17209,164,162,91,5,5
17210,164,162,92,5,5
17211,164,162,93,5,5
17212,164,162,94,5,5
17213,164,162,95,15,15
17214,164,162,96,7,7
17215,164,162,97,7,7
17216,164,162,98,7,7
17217,164,162,99,7,7
17218,164,162,100,15,15
17219,164,162,101,15,15
17220,164,162,102,15,15
17221,164,162,103,5,5
17222,164,162,104,5,5
17223,164,162,105,5,5
17224,164,162,106,5,5
17225,164,162,107,5,5
17226,164,162,108,5,5
17227,164,162,109,14,14
17228,164,162,110,14,14
17229,164,162,111,2,2
17230,164,162,112,2,2
17231,164,162,113,2,2
17232,164,162,114,2,2
17233,164,163,88,16,16
17234,164,163,89,5,5
17235,164,163,90,15,15
17236,164,163,91,5,5
17237,164,163,92,5,5
17238,164,163,93,5,5
17239,164,163,94,15,15
17240,164,163,95,15,15
17241,164,163,96,7,7
17242,164,163,97,7,7
17243,164,163,98,7,7
17244,164,163,99,7,7
17245,164,163,100,15,15
17246,164,163,101,15,15
17247,164,163,102,15,15
17248,164,163,103,5,5
17249,164,163,104,15,15
17250,164,163,105,15,15
17251,164,163,106,5,5
17252,164,163,107,14,14
17253,164,163,108,5,5
17254,164,163,109,14,14
17255,164,163,110,14,14
17256,164,163,111,5,5
17257,164,163,112,16,16
17258,164,163,113,2,2
17259,164,163,114,2,2
17260,164,163,115,7,7
17261,164,163,116,7,7
17262,164,164,87,16,16
17263,164,164,88,16,16
17264,164,164,89,15,15
17265,164,164,90,15,15
17266,164,164,91,5,5
17267,164,164,92,15,15
17268,164,164,93,15,15
17269,164,164,94,15,15
17270,164,164,95,15,15
17271,164,164,96,7,7
17272,164,164,97,7,7
17273,164,164,98,7,7
17274,164,164,99,7,7
17275,164,164,100,5,5
17276,164,164,101,15,15
17277,164,164,102,15,15
17278,164,164,103,15,15
17279,164,164,104,15,15
17280,164,164,105,15,15
17281,164,164,106,5,5
17282,164,164,107,14,14
17283,164,164,108,14,14
17284,164,164,109,14,14
17285,164,164,110,14,14
17286,164,164,111,14,14
17287,164,164,112,16,16
17288,164,164,113,16,16
17289,164,164,114,2,2
17290,164,164,115,7,7
17291,164,164,116,9,9
17292,164,165,87,16,16
17293,164,165,88,16,16
17294,164,165,89,15,15
17295,164,165,90,15,15
17296,164,165,91,5,5
17297,164,165,92,15,15
17298,164,165,93,15,15
17299,164,165,94,15,15
17300,164,165,95,15,15
17301,164,165,96,5,5
17302,164,165,97,7,7
17303,164,165,98,7,7
17304,164,165,99,5,5
17305,164,165,100,5,5
17306,164,165,101,5,5
17307,164,165,102,15,15
17308,164,165,103,15,15
17309,164,165,104,15,15
17310,164,165,105,15,15
17311,164,165,106,5,5
17312,164,165,107,14,14
17313,164,165,108,14,14
17314,164,165,109,5,5
17315,164,165,110,14,14
17316,164,165,111,14,14
17317,164,165,112,5,5
17318,164,165,113,5,5
17319,164,165,114,5,5
17320,164,165,115,9,9
17321,164,165,116,9,9
17322,164,166,86,16,16
17323,164,166,87,16,16
17324,164,166,88,16,16
17325,164,166,89,15,15
17326,164,166,90,5,5
17327,164,166,91,5,5
17328,164,166,92,5,5
17329,164,166,93,15,15
17330,164,166,94,15,15
17331,164,166,95,15,15
17332,164,166,96,15,15
17333,164,166,97,5,5
17334,164,166,98,5,5
17335,164,166,99,5,5
17336,164,166,100,5,5
17337,164,166,101,5,5
17338,164,166,102,5,5
17339,164,166,103,15,15
17340,164,166,104,15,15
17341,164,166,105,15,15
17342,164,166,106,15,15
17343,164,166,107,14,14
17344,164,166,108,14,14
17345,164,166,109,2,2
17346,164,166,110,5,5
17347,164,166,111,14,14
17348,164,166,112,5,5
17349,164,166,113,14,14
17350,164,166,114,9,9
17351,164,166,115,9,9
17352,164,167,86,16,16
17353,164,167,87,16,16
17354,164,167,88,5,5
17355,164,167,89,5,5
17356,164,167,90,5,5
17357,164,167,91,5,5
17358,164,167,92,5,5
17359,164,167,93,15,15
17360,164,167,94,15,15
17361,164,167,95,15,15
17362,164,167,96,15,15
17363,164,167,97,5,5
17364,164,167,98,14,14
17365,164,167,99,5,5
17366,164,167,100,5,5
17367,164,167,101,14,14
17368,164,167,102,14,14
17369,164,167,103,5,5
17370,164,167,104,15,15
17371,164,167,105,15,15
17372,164,167,106,15,15
17373,164,167,107,5,5
17374,164,167,108,14,14
17375,164,167,109,2,2
17376,164,167,110,14,14
17377,164,167,111,14,14
17378,164,167,112,14,14
17379,164,167,113,9,9
17380,164,167,114,9,9
17381,164,168,85,16,16
17382,164,168,86,16,16
17383,164,168,87,5,5
17384,164,168,88,5,5
17385,164,168,89,5,5
17386,164,168,90,5,5
17387,164,168,91,5,5
17388,164,168,92,15,15
17389,164,168,93,15,15
17390,164,168,94,15,15
17391,164,168,95,15,15
17392,164,168,96,15,15
17393,164,168,97,15,15
17394,164,168,98,14,14
17395,164,168,99,5,5
17396,164,168,100,5,5
17397,164,168,101,14,14
17398,164,168,102,14,14
17399,164,168,103,14,14
17400,164,168,104,15,15
17401,164,168,105,15,15
17402,164,168,106,15,15
17403,164,168,107,5,5
17404,164,168,108,5,5
17405,164,168,109,5,5
17406,164,168,110,14,14
17407,164,168,111,14,14
17408,164,168,112,9,9
17409,164,168,113,9,9
17410,164,168,114,9,9
17411,164,169,84,16,16
17412,164,169,85,16,16
17413,164,169,86,16,16
17414,164,169,87,5,5
17415,164,169,88,5,5
17416,164,169,89,5,5
17417,164,169,90,5,5
17418,164,169,91,15,15
17419,164,169,92,15,15
17420,164,169,93,15,15
17421,164,169,94,15,15
17422,164,169,95,15,15
17423,164,169,96,15,15
17424,164,169,97,15,15
17425,164,169,98,14,14
17426,164,169,99,5,5
17427,164,169,100,5,5
17428,164,169,101,14,14
17429,164,169,102,14,14
17430,164,169,103,14,14
17431,164,169,104,5,5
17432,164,169,105,15,15
17433,164,169,106,15,15
17434,164,169,107,15,15
17435,164,169,108,5,5
17436,164,169,109,5,5
17437,164,169,110,14,14
17438,164,169,111,14,14
17439,164,169,112,9,9
17440,164,169,113,9,9
17441,164,169,114,9,9
17442,164,170,84,16,16
17443,164,170,85,16,16
17444,164,170,86,5,5
17445,164,170,87,5,5
17446,164,170,88,5,5
17447,164,170,89,5,5
17448,164,170,90,5,5
17449,164,170,91,5,5
17450,164,170,92,15,15
17451,164,170,93,15,15
17452,164,170,94,15,15
17453,164,170,95,15,15
17454,164,170,96,15,15
17455,164,170,97,15,15
17456,164,170,98,5,5
17457,164,170,99,5,5
17458,164,170,100,5,5
17459,164,170,101,5,5
17460,164,170,102,14,14
17461,164,170,103,14,14
17462,164,170,104,14,14
17463,164,170,105,5,5
17464,164,170,106,15,15
17465,164,170,107,15,15
17466,164,170,108,5,5
17467,164,170,109,5,5
17468,164,170,110,15,15
17469,164,170,111,14,14
17470,164,170,113,9,9
17471,164,171,83,16,16
17472,164,171,84,16,16
17473,164,171,85,5,5
17474,164,171,86,5,5
17475,164,171,87,15,15
17476,164,171,88,15,15
17477,164,171,89,15,15
17478,164,171,90,5,5
17479,164,171,91,5,5
17480,164,171,92,5,5
17481,164,171,93,15,15
17482,164,171,94,15,15
17483,164,171,95,15,15
17484,164,171,96,15,15
17485,164,171,97,15,15
17486,164,171,98,15,15
17487,164,171,99,5,5
17488,164,171,100,15,15
17489,164,171,101,15,15
17490,164,171,102,14,14
17491,164,171,103,14,14
17492,164,171,104,14,14
17493,164,171,105,5,5
17494,164,171,106,15,15
17495,164,171,107,15,15
17496,164,171,108,5,5
17497,164,171,109,5,5
17498,164,172,83,16,16
17499,164,172,84,16,16
17500,164,172,85,5,5
17501,164,172,86,5,5
17502,164,172,87,15,15
17503,164,172,88,15,15
17504,164,172,89,5,5
17505,164,172,90,5,5
17506,164,172,91,5,5
17507,164,172,92,5,5
17508,164,172,93,15,15
17509,164,172,94,15,15
17510,164,172,95,15,15
17511,164,172,96,15,15
17512,164,172,97,15,15
17513,164,172,98,5,5
17514,164,172,99,15,15
17515,164,172,100,15,15
17516,164,172,101,15,15
17517,164,172,102,7,7
17518,164,172,103,7,7
17519,164,172,104,7,7
17520,164,172,105,7,7
17521,164,172,106,14,14
17522,164,172,107,14,14
17523,164,172,108,5,5
17524,164,172,109,14,14
17525,164,173,83,16,16
17526,164,173,84,16,16
17527,164,173,85,16,16
17528,164,173,86,5,5
17529,164,173,87,5,5
17530,164,173,88,5,5
17531,164,173,89,5,5
17532,164,173,90,14,14
17533,164,173,91,14,14
17534,164,173,92,14,14
17535,164,173,93,5,5
17536,164,173,94,5,5
17537,164,173,95,15,15
17538,164,173,96,15,15
17539,164,173,97,15,15
17540,164,173,98,5,5
17541,164,173,99,14,14
17542,164,173,100,15,15
17543,164,173,101,15,15
17544,164,173,102,7,7
17545,164,173,103,7,7
17546,164,173,104,7,7
17547,164,173,105,14,14
17548,164,173,106,14,14
17549,164,173,107,14,14
17550,164,173,108,5,5
17551,164,174,83,11,11
17552,164,174,84,16,16
17553,164,174,85,16,16
17554,164,174,86,5,5
17555,164,174,87,5,5
17556,164,174,88,5,5
17557,164,174,89,5,5
17558,164,174,90,5,5
17559,164,174,91,5,5
17560,164,174,92,5,5
17561,164,174,93,5,5
17562,164,174,94,5,5
17563,164,174,95,5,5
17564,164,174,96,15,15
17565,164,174,97,14,14
17566,164,174,98,14,14
17567,164,174,99,14,14
17568,164,174,100,14,14
17569,164,174,101,14,14
17570,164,174,102,7,7
17571,164,174,103,14,14
17572,164,174,104,14,14
17573,164,174,105,14,14
17574,164,174,106,14,14
17575,164,174,107,14,14
17576,164,175,83,11,11
17577,164,175,84,16,16
17578,164,175,85,16,16
17579,164,175,86,16,16
17580,164,175,87,5,5
17581,164,175,88,5,5
17582,164,175,89,5,5
17583,164,175,90,15,15
17584,164,175,91,5,5
17585,164,175,92,5,5
17586,164,175,93,5,5
17587,164,175,94,5,5
17588,164,175,95,5,5
17589,164,175,96,5,5
17590,164,175,97,14,14
17591,164,175,98,14,14
17592,164,175,99,14,14
17593,164,175,100,14,14
17594,164,175,101,14,14
17595,164,175,102,14,14
17596,164,175,103,14,14
17597,164,175,104,14,14
17598,164,175,105,14,14
17599,164,175,106,14,14
17600,164,175,107,14,14
17601,164,176,84,16,16
17602,164,176,85,16,16
17603,164,176,86,16,16
17604,164,176,87,5,5
17605,164,176,88,5,5
17606,164,176,89,15,15
17607,164,176,90,15,15
17608,164,176,91,5,5
17609,164,176,92,5,5
17610,164,176,93,5,5
17611,164,176,94,5,5
17612,164,176,95,5,5
17613,164,176,96,5,5
17614,164,176,97,14,14
17615,164,176,98,14,14
17616,164,176,99,14,14
17617,164,176,100,14,14
17618,164,176,101,14,14
17619,164,176,102,14,14
17620,164,176,103,14,14
17621,164,176,104,14,14
17622,164,176,105,14,14
17623,164,176,106,14,14
17624,164,177,85,16,16
17625,164,177,86,16,16
17626,164,177,87,16,16
17627,164,177,88,5,5
17628,164,177,89,5,5
17629,164,177,90,15,15
17630,164,177,91,15,15
17631,164,177,92,15,15
17632,164,177,93,15,15
17633,164,177,94,15,15
17634,164,177,95,5,5
17635,164,177,96,5,5
17636,164,177,97,14,14
17637,164,177,98,14,14
17638,164,177,99,14,14
17639,164,177,100,14,14
17640,164,177,101,14,14
17641,164,177,102,14,14
17642,164,177,103,14,14
17643,164,177,104,14,14
17644,164,177,105,14,14
17645,164,177,106,14,14
17646,164,178,85,8,8
17647,164,178,86,16,16
17648,164,178,87,16,16
17649,164,178,88,5,5
17650,164,178,89,15,15
17651,164,178,90,15,15
17652,164,178,91,15,15
17653,164,178,92,15,15
17654,164,178,93,15,15
17655,164,178,94,15,15
17656,164,178,95,15,15
17657,164,178,96,5,5
17658,164,178,97,5,5
17659,164,178,98,14,14
17660,164,178,99,14,14
17661,164,178,100,14,14
17662,164,178,101,14,14
17663,164,178,102,14,14
17664,164,178,103,14,14
17665,164,178,104,14,14
17666,164,178,105,14,14
17667,164,178,106,14,14
17668,164,179,84,16,16
17669,164,179,85,8,8
17670,164,179,86,16,16
17671,164,179,87,16,16
17672,164,179,88,5,5
17673,164,179,89,15,15
17674,164,179,90,5,5
17675,164,179,91,5,5
17676,164,179,92,15,15
17677,164,179,93,15,15
17678,164,179,94,15,15
17679,164,179,95,15,15
17680,164,179,96,15,15
17681,164,179,97,5,5
17682,164,179,98,5,5
17683,164,179,99,14,14
17684,164,179,100,14,14
17685,164,179,101,14,14
17686,164,179,102,14,14
17687,164,179,103,14,14
17688,164,179,104,14,14
17689,164,179,105,14,14
17690,164,180,84,16,16
17691,164,180,85,8,8
17692,164,180,86,16,16
17693,164,180,87,16,16
17694,164,180,88,5,5
17695,164,180,89,5,5
17696,164,180,90,5,5
17697,164,180,91,16,16
17698,164,180,92,16,16
17699,164,180,93,15,15
17700,164,180,94,15,15
17701,164,180,95,15,15
17702,164,180,96,15,15
17703,164,180,97,15,15
17704,164,180,98,5,5
17705,164,180,99,14,14
17706,164,180,100,14,14
17707,164,180,101,14,14
17708,164,180,102,14,14
17709,164,180,103,14,14
17710,164,180,104,14,14
17711,164,180,105,14,14
17712,164,181,85,16,16
17713,164,181,86,16,16
17714,164,181,87,16,16
17715,164,181,88,16,16
17716,164,181,89,16,16
17717,164,181,90,16,16
17718,164,181,91,16,16
17719,164,181,92,16,16
17720,164,181,93,15,15
17721,164,181,94,15,15
17722,164,181,95,15,15
17723,164,181,96,15,15
17724,164,181,97,15,15
17725,164,181,98,15,15
17726,164,181,99,5,5
17727,164,181,100,14,14
17728,164,181,101,12,12
17729,164,181,102,14,14
17730,164,181,103,14,14
17731,164,181,104,14,14
17732,164,181,105,9,9
17733,164,182,87,16,16
17734,164,182,88,16,16
17735,164,182,89,16,16
17736,164,182,90,16,16
17737,164,182,91,16,16
17738,164,182,92,16,16
17739,164,182,93,16,16
17740,164,182,94,2,2
17741,164,182,95,2,2
17742,164,182,96,2,2
17743,164,182,97,2,2
17744,164,182,98,2,2
17745,164,182,99,5,5
17746,164,182,100,5,5
17747,164,182,101,5,5
17748,164,182,102,14,14
17749,164,182,103,14,14
17750,164,183,91,16,16
17751,164,183,92,16,16
17752,164,183,93,16,16
17753,164,183,94,16,16
17754,164,183,95,16,16
17755,164,183,96,16,16
17756,164,183,97,2,2
17757,164,183,98,2,2
17758,164,183,99,14,14
17759,164,183,100,14,14
17760,164,183,101,14,14
17761,164,183,102,14,14
17762,164,183,103,9,9
17763,164,184,94,16,16
17764,164,184,95,16,16
17765,164,184,96,16,16
17766,164,184,97,2,2
17767,164,184,98,16,16
17768,164,184,99,14,14
17769,164,184,100,14,14
17770,164,184,101,14,14
17771,164,185,95,16,16
17772,164,185,96,16,16
17773,164,185,97,16,16
17774,164,185,98,16,16
17775,164,186,97,14,14
17776,164,186,98,14,14
17777,164,187,97,14,14
17778,165,149,89,3,3
17779,165,149,90,3,3
17780,165,150,89,3,3
17781,165,150,90,3,3
17782,165,151,89,3,3
17783,165,151,90,3,3
17784,165,152,89,3,3
17785,165,152,90,3,3
17786,165,153,89,3,3
17787,165,153,90,3,3
17788,165,154,89,3,3
17789,165,154,90,3,3
17790,165,155,95,11,11
17791,165,156,95,11,11
17792,165,156,96,11,11
17793,165,156,97,11,11
17794,165,157,95,11,11
17795,165,157,96,11,11
17796,165,157,97,11,11
17797,165,157,98,11,11
17798,165,157,99,11,11
17799,165,157,100,11,11
17800,165,158,95,3,3
17801,165,158,96,3,3
17802,165,158,97,5,5
17803,165,158,98,5,5
17804,165,158,99,5,5
17805,165,158,100,16,16
17806,165,158,101,16,16
17807,165,158,102,16,16
17808,165,158,103,16,16
17809,165,158,104,2,2
17810,165,158,105,2,2
17811,165,159,91,16,16
17812,165,159,94,16,16
17813,165,159,95,5,5
17814,165,159,96,5,5
17815,165,159,97,5,5
17816,165,159,98,5,5
17817,165,159,99,5,5
17818,165,159,100,5,5
17819,165,159,101,5,5
17820,165,159,102,5,5
17821,165,159,103,5,5
17822,165,159,104,16,16
17823,165,159,105,16,16
17824,165,159,106,2,2
17825,165,160,90,16,16
17826,165,160,91,5,5
17827,165,160,92,16,16
17828,165,160,93,5,5
17829,165,160,94,5,5
17830,165,160,95,5,5
17831,165,160,96,15,15
17832,165,160,97,5,5
17833,165,160,98,5,5
17834,165,160,99,5,5
17835,165,160,100,5,5
17836,165,160,101,5,5
17837,165,160,102,5,5
17838,165,160,103,5,5
17839,165,160,104,5,5
17840,165,160,105,5,5
17841,165,160,106,5,5
17842,165,160,107,2,2
17843,165,160,108,2,2
17844,165,160,109,7,7
17845,165,161,89,16,16
17846,165,161,90,5,5
17847,165,161,91,5,5
17848,165,161,92,5,5
17849,165,161,93,5,5
17850,165,161,94,5,5
17851,165,161,95,15,15
17852,165,161,96,15,15
17853,165,161,97,7,7
17854,165,161,98,7,7
17855,165,161,99,5,5
17856,165,161,100,15,15
17857,165,161,101,15,15
17858,165,161,102,5,5
17859,165,161,103,5,5
17860,165,161,104,5,5
17861,165,161,105,5,5
17862,165,161,106,5,5
17863,165,161,107,5,5
17864,165,161,108,2,2
17865,165,161,109,7,7
17866,165,161,110,7,7
17867,165,161,111,2,2
17868,165,162,88,16,16
17869,165,162,89,16,16
17870,165,162,90,5,5
17871,165,162,91,5,5
17872,165,162,92,5,5
17873,165,162,93,5,5
17874,165,162,94,5,5
17875,165,162,95,7,7
17876,165,162,96,7,7
17877,165,162,97,7,7
17878,165,162,98,7,7
17879,165,162,99,7,7
17880,165,162,100,15,15
17881,165,162,101,15,15
17882,165,162,102,15,15
17883,165,162,103,5,5
17884,165,162,104,5,5
17885,165,162,105,5,5
17886,165,162,106,5,5
17887,165,162,107,5,5
17888,165,162,108,5,5
17889,165,162,109,5,5
17890,165,162,110,14,14
17891,165,162,111,15,15
17892,165,162,112,2,2
17893,165,162,113,2,2
17894,165,162,114,2,2
17895,165,163,88,16,16
17896,165,163,89,16,16
17897,165,163,90,5,5
17898,165,163,91,5,5
17899,165,163,92,15,15
17900,165,163,93,5,5
17901,165,163,94,15,15
17902,165,163,95,7,7
17903,165,163,96,7,7
17904,165,163,97,7,7
17905,165,163,98,7,7
17906,165,163,99,7,7
17907,165,163,100,15,15
17908,165,163,101,15,15
17909,165,163,102,15,15
17910,165,163,103,5,5
17911,165,163,104,5,5
17912,165,163,105,15,15
17913,165,163,106,5,5
17914,165,163,107,14,14
17915,165,163,108,5,5
17916,165,163,109,14,14
17917,165,163,110,14,14
17918,165,163,111,5,5
17919,165,163,112,5,5
17920,165,163,113,5,5
17921,165,163,114,15,15
17922,165,163,115,9,9
17923,165,164,87,16,16
17924,165,164,88,16,16
17925,165,164,89,5,5
17926,165,164,90,5,5
17927,165,164,91,5,5
17928,165,164,92,15,15
17929,165,164,93,5,5
17930,165,164,94,15,15
17931,165,164,95,15,15
17932,165,164,96,7,7
17933,165,164,97,7,7
17934,165,164,98,7,7
17935,165,164,99,7,7
17936,165,164,100,5,5
17937,165,164,101,15,15
17938,165,164,102,15,15
17939,165,164,103,15,15
17940,165,164,104,15,15
17941,165,164,105,15,15
17942,165,164,106,5,5
17943,165,164,107,14,14
17944,165,164,108,14,14
17945,165,164,109,14,14
17946,165,164,110,14,14
17947,165,164,111,14,14
17948,165,164,112,5,5
17949,165,164,113,5,5
17950,165,164,114,9,9
17951,165,164,115,9,9
17952,165,165,86,16,16
17953,165,165,87,16,16
17954,165,165,88,16,16
17955,165,165,89,15,15
17956,165,165,90,15,15
17957,165,165,91,5,5
17958,165,165,92,5,5
17959,165,165,93,5,5
17960,165,165,94,15,15
17961,165,165,95,15,15
17962,165,165,96,15,15
17963,165,165,97,7,7
17964,165,165,98,7,7
17965,165,165,99,5,5
17966,165,165,100,5,5
17967,165,165,101,14,14
17968,165,165,102,5,5
17969,165,165,103,15,15
17970,165,165,104,15,15
17971,165,165,105,15,15
17972,165,165,106,5,5
17973,165,165,107,14,14
17974,165,165,108,14,14
17975,165,165,109,14,14
17976,165,165,110,14,14
17977,165,165,111,14,14
17978,165,165,112,5,5
17979,165,165,113,14,14
17980,165,165,114,9,9
17981,165,166,86,16,16
17982,165,166,87,16,16
17983,165,166,88,16,16
17984,165,166,89,15,15
17985,165,166,90,15,15
17986,165,166,91,15,15
17987,165,166,92,5,5
17988,165,166,93,5,5
17989,165,166,94,15,15
17990,165,166,95,15,15
17991,165,166,96,15,15
17992,165,166,97,5,5
17993,165,166,98,5,5
17994,165,166,99,5,5
17995,165,166,100,15,15
17996,165,166,101,14,14
17997,165,166,102,5,5
17998,165,166,103,15,15
17999,165,166,104,15,15
18000,165,166,105,15,15
18001,165,166,106,5,5
18002,165,166,107,14,14
18003,165,166,108,14,14
18004,165,166,109,15,15
18005,165,166,110,14,14
18006,165,166,111,14,14
18007,165,166,112,14,14
18008,165,166,113,9,9
18009,165,166,114,9,9
18010,165,167,86,11,11
18011,165,167,87,16,16
18012,165,167,88,16,16
18013,165,167,89,5,5
18014,165,167,90,5,5
18015,165,167,91,5,5
18016,165,167,92,5,5
18017,165,167,93,5,5
18018,165,167,94,15,15
18019,165,167,95,15,15
18020,165,167,96,15,15
18021,165,167,97,5,5
18022,165,167,98,14,14
18023,165,167,99,5,5
18024,165,167,100,5,5
18025,165,167,101,14,14
18026,165,167,102,14,14
18027,165,167,103,15,15
18028,165,167,104,15,15
18029,165,167,105,15,15
18030,165,167,106,5,5
18031,165,167,107,14,14
18032,165,167,108,14,14
18033,165,167,109,5,5
18034,165,167,110,14,14
18035,165,167,111,14,14
18036,165,167,112,9,9
18037,165,167,113,9,9
18038,165,167,114,9,9
18039,165,168,86,16,16
18040,165,168,87,16,16
18041,165,168,88,5,5
18042,165,168,89,5,5
18043,165,168,90,5,5
18044,165,168,91,5,5
18045,165,168,92,5,5
18046,165,168,93,15,15
18047,165,168,94,15,15
18048,165,168,95,15,15
18049,165,168,96,15,15
18050,165,168,97,5,5
18051,165,168,98,14,14
18052,165,168,99,14,14
18053,165,168,100,5,5
18054,165,168,101,14,14
18055,165,168,102,14,14
18056,165,168,103,14,14
18057,165,168,104,15,15
18058,165,168,105,15,15
18059,165,168,106,15,15
18060,165,168,107,14,14
18061,165,168,108,14,14
18062,165,168,109,14,14
18063,165,168,110,14,14
18064,165,168,111,14,14
18065,165,168,112,9,9
18066,165,168,113,9,9
18067,165,168,114,9,9
18068,165,169,86,16,16
18069,165,169,87,5,5
18070,165,169,88,5,5
18071,165,169,89,5,5
18072,165,169,90,5,5
18073,165,169,91,5,5
18074,165,169,92,15,15
18075,165,169,93,15,15
18076,165,169,94,15,15
18077,165,169,95,15,15
18078,165,169,96,15,15
18079,165,169,97,15,15
18080,165,169,98,14,14
18081,165,169,99,14,14
18082,165,169,100,5,5
18083,165,169,101,14,14
18084,165,169,102,14,14
18085,165,169,103,14,14
18086,165,169,104,15,15
18087,165,169,105,15,15
18088,165,169,106,15,15
18089,165,169,107,15,15
18090,165,169,108,14,14
18091,165,169,109,5,5
18092,165,169,110,5,5
18093,165,169,111,9,9
18094,165,169,113,9,9
18095,165,170,85,16,16
18096,165,170,86,5,5
18097,165,170,87,5,5
18098,165,170,88,5,5
18099,165,170,89,5,5
18100,165,170,90,5,5
18101,165,170,91,5,5
18102,165,170,92,15,15
18103,165,170,93,15,15
18104,165,170,94,15,15
18105,165,170,95,15,15
18106,165,170,96,15,15
18107,165,170,97,15,15
18108,165,170,98,5,5
18109,165,170,99,14,14
18110,165,170,100,5,5
18111,165,170,101,2,2
18112,165,170,102,5,5
18113,165,170,103,14,14
18114,165,170,104,14,14
18115,165,170,105,5,5
18116,165,170,106,15,15
18117,165,170,107,15,15
18118,165,170,108,14,14
18119,165,170,109,5,5
18120,165,170,110,14,14
18121,165,171,84,16,16
18122,165,171,85,16,16
18123,165,171,86,5,5
18124,165,171,87,5,5
18125,165,171,88,5,5
18126,165,171,89,15,15
18127,165,171,90,5,5
18128,165,171,91,5,5
18129,165,171,92,5,5
18130,165,171,93,15,15
18131,165,171,94,15,15
18132,165,171,95,15,15
18133,165,171,96,5,5
18134,165,171,97,15,15
18135,165,171,98,15,15
18136,165,171,99,5,5
18137,165,171,100,15,15
18138,165,171,101,15,15
18139,165,171,102,7,7
18140,165,171,103,14,14
18141,165,171,104,14,14
18142,165,171,105,14,14
18143,165,171,106,5,5
18144,165,171,107,5,5
18145,165,171,108,14,14
18146,165,171,109,14,14
18147,165,172,83,16,16
18148,165,172,84,16,16
18149,165,172,85,8,8
18150,165,172,86,5,5
18151,165,172,87,15,15
18152,165,172,88,15,15
18153,165,172,89,5,5
18154,165,172,90,5,5
18155,165,172,91,5,5
18156,165,172,92,5,5
18157,165,172,93,5,5
18158,165,172,94,5,5
18159,165,172,95,5,5
18160,165,172,96,15,15
18161,165,172,97,15,15
18162,165,172,98,15,15
18163,165,172,99,15,15
18164,165,172,100,15,15
18165,165,172,101,15,15
18166,165,172,102,7,7
18167,165,172,103,7,7
18168,165,172,104,7,7
18169,165,172,105,14,14
18170,165,172,106,14,14
18171,165,172,107,14,14
18172,165,172,108,14,14
18173,165,173,83,16,16
18174,165,173,84,16,16
18175,165,173,85,8,8
18176,165,173,86,5,5
18177,165,173,87,5,5
18178,165,173,88,5,5
18179,165,173,89,5,5
18180,165,173,90,5,5
18181,165,173,91,14,14
18182,165,173,92,14,14
18183,165,173,93,14,14
18184,165,173,94,14,14
18185,165,173,95,14,14
18186,165,173,96,15,15
18187,165,173,97,15,15
18188,165,173,98,14,14
18189,165,173,99,14,14
18190,165,173,100,15,15
18191,165,173,101,15,15
18192,165,173,102,15,15
18193,165,173,103,7,7
18194,165,173,104,7,7
18195,165,173,105,5,5
18196,165,173,106,14,14
18197,165,173,107,14,14
18198,165,174,83,16,16
18199,165,174,84,16,16
18200,165,174,85,16,16
18201,165,174,86,5,5
18202,165,174,87,5,5
18203,165,174,88,5,5
18204,165,174,89,5,5
18205,165,174,90,5,5
18206,165,174,91,5,5
18207,165,174,92,5,5
18208,165,174,93,5,5
18209,165,174,94,14,14
18210,165,174,95,14,14
18211,165,174,96,14,14
18212,165,174,97,14,14
18213,165,174,98,14,14
18214,165,174,99,14,14
18215,165,174,100,14,14
18216,165,174,101,2,2
18217,165,174,102,15,15
18218,165,174,103,7,7
18219,165,174,104,14,14
18220,165,174,105,14,14
18221,165,174,106,14,14
18222,165,174,107,14,14
18223,165,175,83,16,16
18224,165,175,84,16,16
18225,165,175,85,16,16
18226,165,175,86,16,16
18227,165,175,87,5,5
18228,165,175,88,5,5
18229,165,175,89,5,5
18230,165,175,90,5,5
18231,165,175,91,5,5
18232,165,175,92,5,5
18233,165,175,93,5,5
18234,165,175,94,5,5
18235,165,175,95,14,14
18236,165,175,96,14,14
18237,165,175,97,14,14
18238,165,175,98,14,14
18239,165,175,99,14,14
18240,165,175,100,14,14
18241,165,175,101,14,14
18242,165,175,102,15,15
18243,165,175,103,5,5
18244,165,175,104,14,14
18245,165,175,105,14,14
18246,165,175,106,14,14
18247,165,176,83,16,16
18248,165,176,84,16,16
18249,165,176,85,16,16
18250,165,176,86,16,16
18251,165,176,87,16,16
18252,165,176,88,5,5
18253,165,176,89,5,5
18254,165,176,90,5,5
18255,165,176,91,5,5
18256,165,176,92,5,5
18257,165,176,93,5,5
18258,165,176,94,5,5
18259,165,176,95,5,5
18260,165,176,96,14,14
18261,165,176,97,14,14
18262,165,176,98,14,14
18263,165,176,99,14,14
18264,165,176,100,14,14
18265,165,176,101,14,14
18266,165,176,102,14,14
18267,165,176,103,2,2
18268,165,176,104,14,14
18269,165,176,105,14,14
18270,165,176,106,14,14
18271,165,177,86,16,16
18272,165,177,87,16,16
18273,165,177,88,5,5
18274,165,177,89,5,5
18275,165,177,90,15,15
18276,165,177,91,5,5
18277,165,177,92,5,5
18278,165,177,93,5,5
18279,165,177,94,5,5
18280,165,177,95,5,5
18281,165,177,96,5,5
18282,165,177,97,14,14
18283,165,177,98,14,14
18284,165,177,99,14,14
18285,165,177,100,14,14
18286,165,177,101,14,14
18287,165,177,102,14,14
18288,165,177,103,2,2
18289,165,177,104,14,14
18290,165,177,105,14,14
18291,165,178,86,16,16
18292,165,178,87,16,16
18293,165,178,88,16,16
18294,165,178,89,5,5
18295,165,178,90,15,15
18296,165,178,91,5,5
18297,165,178,92,5,5
18298,165,178,93,15,15
18299,165,178,94,15,15
18300,165,178,95,5,5
18301,165,178,96,5,5
18302,165,178,97,5,5
18303,165,178,98,14,14
18304,165,178,99,14,14
18305,165,178,100,14,14
18306,165,178,101,14,14
18307,165,178,102,14,14
18308,165,178,103,14,14
18309,165,178,104,14,14
18310,165,179,86,16,16
18311,165,179,87,16,16
18312,165,179,88,16,16
18313,165,179,89,5,5
18314,165,179,90,5,5
18315,165,179,91,5,5
18316,165,179,92,15,15
18317,165,179,93,15,15
18318,165,179,94,15,15
18319,165,179,95,15,15
18320,165,179,96,5,5
18321,165,179,97,5,5
18322,165,179,98,5,5
18323,165,179,99,14,14
18324,165,179,100,14,14
18325,165,179,101,14,14
18326,165,179,102,14,14
18327,165,179,103,14,14
18328,165,179,104,14,14
18329,165,180,86,16,16
18330,165,180,87,16,16
18331,165,180,88,16,16
18332,165,180,89,16,16
18333,165,180,90,5,5
18334,165,180,91,5,5
18335,165,180,92,15,15
18336,165,180,93,15,15
18337,165,180,94,15,15
18338,165,180,95,15,15
18339,165,180,96,15,15
18340,165,180,97,15,15
18341,165,180,98,5,5
18342,165,180,99,14,14
18343,165,180,100,5,5
18344,165,180,101,14,14
18345,165,180,102,14,14
18346,165,180,103,14,14
18347,165,181,87,16,16
18348,165,181,88,16,16
18349,165,181,89,16,16
18350,165,181,90,16,16
18351,165,181,91,16,16
18352,165,181,92,16,16
18353,165,181,93,15,15
18354,165,181,94,15,15
18355,165,181,95,15,15
18356,165,181,96,15,15
18357,165,181,97,5,5
18358,165,181,98,5,5
18359,165,181,99,5,5
18360,165,181,100,5,5
18361,165,181,101,14,14
18362,165,181,102,14,14
18363,165,182,87,16,16
18364,165,182,88,16,16
18365,165,182,89,16,16
18366,165,182,90,16,16
18367,165,182,91,16,16
18368,165,182,92,16,16
18369,165,182,93,16,16
18370,165,182,94,15,15
18371,165,182,95,15,15
18372,165,182,96,15,15
18373,165,182,97,5,5
18374,165,182,98,5,5
18375,165,182,99,14,14
18376,165,182,100,14,14
18377,165,182,101,14,14
18378,165,182,102,14,14
18379,165,183,88,16,16
18380,165,183,89,16,16
18381,165,183,90,16,16
18382,165,183,91,16,16
18383,165,183,92,16,16
18384,165,183,93,16,16
18385,165,183,94,16,16
18386,165,183,95,16,16
18387,165,183,96,16,16
18388,165,183,97,2,2
18389,165,183,98,5,5
18390,165,183,99,14,14
18391,165,183,100,14,14
18392,165,183,101,14,14
18393,165,184,93,16,16
18394,165,184,94,16,16
18395,165,184,95,16,16
18396,165,184,96,14,14
18397,165,184,97,14,14
18398,165,184,98,14,14
18399,165,184,100,14,14
18400,165,185,95,16,16
18401,165,185,96,14,14
18402,165,185,97,14,14
18403,165,185,98,14,14
18404,165,186,95,16,16
18405,165,186,96,14,14
18406,165,186,97,14,14
18407,166,149,89,3,3
18408,166,149,90,3,3
18409,166,150,89,3,3
18410,166,150,90,3,3
18411,166,151,89,3,3
18412,166,151,90,3,3
18413,166,152,90,3,3
18414,166,153,90,3,3
18415,166,154,90,3,3
18416,166,155,95,11,11
18417,166,156,95,11,11
18418,166,156,96,11,11
18419,166,156,97,11,11
18420,166,157,95,3,3
18421,166,157,96,11,11
18422,166,157,97,11,11
18423,166,158,95,3,3
18424,166,158,96,3,3
18425,166,158,97,5,5
18426,166,158,98,11,11
18427,166,158,99,11,11
18428,166,158,100,11,11
18429,166,158,101,11,11
18430,166,158,105,2,2
18431,166,159,94,16,16
18432,166,159,95,5,5
18433,166,159,96,5,5
18434,166,159,97,5,5
18435,166,159,98,5,5
18436,166,159,99,5,5
18437,166,159,100,5,5
18438,166,159,101,5,5
18439,166,159,102,16,16
18440,166,159,103,16,16
18441,166,159,104,16,16
18442,166,159,105,2,2
18443,166,159,106,2,2
18444,166,160,90,16,16
18445,166,160,91,16,16
18446,166,160,92,16,16
18447,166,160,93,5,5
18448,166,160,94,5,5
18449,166,160,95,5,5
18450,166,160,96,15,15
18451,166,160,97,15,15
18452,166,160,98,15,15
18453,166,160,99,15,15
18454,166,160,100,5,5
18455,166,160,101,5,5
18456,166,160,102,5,5
18457,166,160,103,5,5
18458,166,160,104,16,16
18459,166,160,105,5,5
18460,166,160,106,2,2
18461,166,160,107,2,2
18462,166,160,108,7,7
18463,166,160,109,7,7
18464,166,161,89,16,16
18465,166,161,90,5,5
18466,166,161,91,5,5
18467,166,161,92,5,5
18468,166,161,93,5,5
18469,166,161,94,5,5
18470,166,161,95,15,15
18471,166,161,96,15,15
18472,166,161,97,7,7
18473,166,161,98,7,7
18474,166,161,99,15,15
18475,166,161,100,5,5
18476,166,161,101,5,5
18477,166,161,102,5,5
18478,166,161,103,5,5
18479,166,161,104,5,5
18480,166,161,105,5,5
18481,166,161,106,15,15
18482,166,161,107,15,15
18483,166,161,108,7,7
18484,166,161,109,7,7
18485,166,161,110,7,7
18486,166,162,88,16,16
18487,166,162,89,16,16
18488,166,162,90,5,5
18489,166,162,91,5,5
18490,166,162,92,15,15
18491,166,162,93,15,15
18492,166,162,94,5,5
18493,166,162,95,7,7
18494,166,162,96,7,7
18495,166,162,97,7,7
18496,166,162,98,7,7
18497,166,162,99,7,7
18498,166,162,100,14,14
18499,166,162,101,5,5
18500,166,162,102,15,15
18501,166,162,103,5,5
18502,166,162,104,5,5
18503,166,162,105,15,15
18504,166,162,106,5,5
18505,166,162,107,15,15
18506,166,162,108,7,7
18507,166,162,109,7,7
18508,166,162,110,7,7
18509,166,162,111,7,7
18510,166,162,112,7,7
18511,166,162,113,7,7
18512,166,162,114,7,7
18513,166,163,88,16,16
18514,166,163,89,16,16
18515,166,163,90,5,5
18516,166,163,91,5,5
18517,166,163,92,15,15
18518,166,163,93,15,15
18519,166,163,94,15,15
18520,166,163,95,7,7
18521,166,163,96,7,7
18522,166,163,97,7,7
18523,166,163,98,7,7
18524,166,163,99,7,7
18525,166,163,100,14,14
18526,166,163,101,5,5
18527,166,163,102,15,15
18528,166,163,103,5,5
18529,166,163,104,5,5
18530,166,163,105,15,15
18531,166,163,106,5,5
18532,166,163,107,5,5
18533,166,163,108,7,7
18534,166,163,109,7,7
18535,166,163,110,7,7
18536,166,163,111,7,7
18537,166,163,112,7,7
18538,166,163,113,7,7
18539,166,163,114,9,9
18540,166,164,88,16,16
18541,166,164,89,5,5
18542,166,164,90,15,15
18543,166,164,91,15,15
18544,166,164,92,15,15
18545,166,164,93,15,15
18546,166,164,94,15,15
18547,166,164,95,15,15
18548,166,164,96,7,7
18549,166,164,97,7,7
18550,166,164,98,7,7
18551,166,164,99,7,7
18552,166,164,100,14,14
18553,166,164,101,14,14
18554,166,164,102,15,15
18555,166,164,103,15,15
18556,166,164,104,5,5
18557,166,164,105,5,5
18558,166,164,106,14,14
18559,166,164,107,5,5
18560,166,164,108,14,14
18561,166,164,109,14,14
18562,166,164,110,7,7
18563,166,164,111,7,7
18564,166,164,112,7,7
18565,166,164,113,9,9
18566,166,164,114,9,9
18567,166,165,86,16,16
18568,166,165,87,16,16
18569,166,165,88,16,16
18570,166,165,89,15,15
18571,166,165,90,15,15
18572,166,165,91,15,15
18573,166,165,92,5,5
18574,166,165,93,15,15
18575,166,165,94,15,15
18576,166,165,95,15,15
18577,166,165,96,15,15
18578,166,165,97,5,5
18579,166,165,98,7,7
18580,166,165,99,5,5
18581,166,165,100,5,5
18582,166,165,101,14,14
18583,166,165,102,15,15
18584,166,165,103,15,15
18585,166,165,104,15,15
18586,166,165,105,5,5
18587,166,165,106,14,14
18588,166,165,107,14,14
18589,166,165,108,14,14
18590,166,165,109,14,14
18591,166,165,110,14,14
18592,166,165,111,7,7
18593,166,165,112,9,9
18594,166,165,113,9,9
18595,166,165,114,9,9
18596,166,166,87,16,16
18597,166,166,88,16,16
18598,166,166,89,5,5
18599,166,166,90,15,15
18600,166,166,91,15,15
18601,166,166,92,15,15
18602,166,166,93,15,15
18603,166,166,94,15,15
18604,166,166,95,15,15
18605,166,166,96,15,15
18606,166,166,97,15,15
18607,166,166,98,5,5
18608,166,166,99,5,5
18609,166,166,100,5,5
18610,166,166,101,14,14
18611,166,166,102,5,5
18612,166,166,103,15,15
18613,166,166,104,15,15
18614,166,166,105,5,5
18615,166,166,106,14,14
18616,166,166,107,14,14
18617,166,166,108,14,14
18618,166,166,109,14,14
18619,166,166,110,14,14
18620,166,166,111,14,14
18621,166,166,112,9,9
18622,166,166,113,9,9
18623,166,166,114,9,9
18624,166,167,87,16,16
18625,166,167,88,5,5
18626,166,167,89,5,5
18627,166,167,90,5,5
18628,166,167,91,5,5
18629,166,167,92,5,5
18630,166,167,93,15,15
18631,166,167,94,15,15
18632,166,167,95,15,15
18633,166,167,96,15,15
18634,166,167,97,15,15
18635,166,167,98,5,5
18636,166,167,99,5,5
18637,166,167,100,15,15
18638,166,167,101,5,5
18639,166,167,102,5,5
18640,166,167,103,5,5
18641,166,167,104,5,5
18642,166,167,105,5,5
18643,166,167,106,14,14
18644,166,167,107,14,14
18645,166,167,108,14,14
18646,166,167,109,14,14
18647,166,167,110,14,14
18648,166,167,111,14,14
18649,166,167,112,9,9
18650,166,167,113,9,9
18651,166,167,114,9,9
18652,166,168,87,16,16
18653,166,168,88,5,5
18654,166,168,89,5,5
18655,166,168,90,5,5
18656,166,168,91,5,5
18657,166,168,92,5,5
18658,166,168,93,15,15
18659,166,168,94,15,15
18660,166,168,95,15,15
18661,166,168,96,15,15
18662,166,168,97,15,15
18663,166,168,98,5,5
18664,166,168,99,5,5
18665,166,168,100,5,5
18666,166,168,101,5,5
18667,166,168,102,5,5
18668,166,168,103,5,5
18669,166,168,104,14,14
18670,166,168,105,14,14
18671,166,168,106,2,2
18672,166,168,107,2,2
18673,166,168,108,14,14
18674,166,168,109,14,14
18675,166,168,110,14,14
18676,166,168,111,9,9
18677,166,169,86,16,16
18678,166,169,87,5,5
18679,166,169,88,5,5
18680,166,169,89,5,5
18681,166,169,90,5,5
18682,166,169,91,5,5
18683,166,169,92,15,15
18684,166,169,93,15,15
18685,166,169,94,15,15
18686,166,169,95,15,15
18687,166,169,96,15,15
18688,166,169,97,15,15
18689,166,169,98,5,5
18690,166,169,99,14,14
18691,166,169,100,5,5
18692,166,169,101,5,5
18693,166,169,102,5,5
18694,166,169,103,5,5
18695,166,169,104,5,5
18696,166,169,105,14,14
18697,166,169,106,14,14
18698,166,169,107,14,14
18699,166,169,108,5,5
18700,166,169,109,5,5
18701,166,169,110,14,14
18702,166,170,86,16,16
18703,166,170,87,5,5
18704,166,170,88,5,5
18705,166,170,89,15,15
18706,166,170,90,5,5
18707,166,170,91,5,5
18708,166,170,92,15,15
18709,166,170,93,15,15
18710,166,170,94,15,15
18711,166,170,95,15,15
18712,166,170,96,15,15
18713,166,170,97,15,15
18714,166,170,98,15,15
18715,166,170,99,14,14
18716,166,170,100,16,16
18717,166,170,101,2,2
18718,166,170,102,14,14
18719,166,170,103,14,14
18720,166,170,104,14,14
18721,166,170,105,14,14
18722,166,170,106,14,14
18723,166,170,107,5,5
18724,166,170,108,5,5
18725,166,170,109,14,14
18726,166,171,85,16,16
18727,166,171,86,5,5
18728,166,171,87,5,5
18729,166,171,88,15,15
18730,166,171,89,15,15
18731,166,171,90,5,5
18732,166,171,91,5,5
18733,166,171,92,5,5
18734,166,171,93,15,15
18735,166,171,94,15,15
18736,166,171,95,15,15
18737,166,171,96,15,15
18738,166,171,97,15,15
18739,166,171,98,15,15
18740,166,171,99,14,14
18741,166,171,100,5,5
18742,166,171,101,15,15
18743,166,171,102,14,14
18744,166,171,103,14,14
18745,166,171,104,14,14
18746,166,171,105,14,14
18747,166,171,106,14,14
18748,166,171,107,5,5
18749,166,171,108,14,14
18750,166,171,109,14,14
18751,166,172,84,16,16
18752,166,172,85,16,16
18753,166,172,86,5,5
18754,166,172,87,5,5
18755,166,172,88,15,15
18756,166,172,89,5,5
18757,166,172,90,5,5
18758,166,172,91,5,5
18759,166,172,92,5,5
18760,166,172,93,5,5
18761,166,172,94,5,5
18762,166,172,95,5,5
18763,166,172,96,15,15
18764,166,172,97,15,15
18765,166,172,98,14,14
18766,166,172,99,14,14
18767,166,172,100,15,15
18768,166,172,101,15,15
18769,166,172,102,15,15
18770,166,172,103,5,5
18771,166,172,104,14,14
18772,166,172,105,14,14
18773,166,172,106,14,14
18774,166,172,107,14,14
18775,166,172,108,14,14
18776,166,173,84,16,16
18777,166,173,85,16,16
18778,166,173,86,5,5
18779,166,173,87,5,5
18780,166,173,88,5,5
18781,166,173,89,15,15
18782,166,173,90,5,5
18783,166,173,91,5,5
18784,166,173,92,5,5
18785,166,173,93,5,5
18786,166,173,94,14,14
18787,166,173,95,2,2
18788,166,173,96,2,2
18789,166,173,97,2,2
18790,166,173,98,14,14
18791,166,173,99,14,14
18792,166,173,100,14,14
18793,166,173,101,15,15
18794,166,173,102,15,15
18795,166,173,103,15,15
18796,166,173,104,5,5
18797,166,173,105,5,5
18798,166,173,106,14,14
18799,166,174,83,16,16
18800,166,174,84,16,16
18801,166,174,85,16,16
18802,166,174,86,16,16
18803,166,174,87,5,5
18804,166,174,88,5,5
18805,166,174,89,5,5
18806,166,174,90,5,5
18807,166,174,91,5,5
18808,166,174,92,15,15
18809,166,174,93,15,15
18810,166,174,94,14,14
18811,166,174,95,14,14
18812,166,174,96,2,2
18813,166,174,97,14,14
18814,166,174,98,14,14
18815,166,174,99,14,14
18816,166,174,100,14,14
18817,166,174,101,15,15
18818,166,174,102,15,15
18819,166,174,103,15,15
18820,166,174,104,5,5
18821,166,174,105,5,5
18822,166,174,106,14,14
18823,166,175,84,16,16
18824,166,175,85,16,16
18825,166,175,86,16,16
18826,166,175,87,16,16
18827,166,175,88,5,5
18828,166,175,89,5,5
18829,166,175,90,5,5
18830,166,175,91,5,5
18831,166,175,92,15,15
18832,166,175,93,15,15
18833,166,175,94,5,5
18834,166,175,95,14,14
18835,166,175,96,14,14
18836,166,175,97,14,14
18837,166,175,98,14,14
18838,166,175,99,14,14
18839,166,175,100,14,14
18840,166,175,101,15,15
18841,166,175,102,15,15
18842,166,175,103,15,15
18843,166,175,104,14,14
18844,166,175,105,14,14
18845,166,175,106,14,14
18846,166,176,84,16,16
18847,166,176,85,16,16
18848,166,176,86,16,16
18849,166,176,87,16,16
18850,166,176,88,16,16
18851,166,176,89,5,5
18852,166,176,90,5,5
18853,166,176,91,5,5
18854,166,176,92,15,15
18855,166,176,93,5,5
18856,166,176,94,5,5
18857,166,176,95,14,14
18858,166,176,96,14,14
18859,166,176,97,14,14
18860,166,176,98,14,14
18861,166,176,99,14,14
18862,166,176,100,14,14
18863,166,176,101,15,15
18864,166,176,102,15,15
18865,166,176,103,14,14
18866,166,176,104,14,14
18867,166,176,105,14,14
18868,166,176,106,14,14
18869,166,177,85,16,16
18870,166,177,86,16,16
18871,166,177,87,16,16
18872,166,177,88,16,16
18873,166,177,89,5,5
18874,166,177,90,5,5
18875,166,177,91,15,15
18876,166,177,92,5,5
18877,166,177,93,5,5
18878,166,177,94,5,5
18879,166,177,95,5,5
18880,166,177,96,5,5
18881,166,177,97,14,14
18882,166,177,98,14,14
18883,166,177,99,14,14
18884,166,177,100,14,14
18885,166,177,101,2,2
18886,166,177,102,2,2
18887,166,177,103,14,14
18888,166,177,104,14,14
18889,166,177,105,14,14
18890,166,178,86,16,16
18891,166,178,87,16,16
18892,166,178,88,16,16
18893,166,178,89,16,16
18894,166,178,90,15,15
18895,166,178,91,15,15
18896,166,178,92,5,5
18897,166,178,93,15,15
18898,166,178,94,15,15
18899,166,178,95,5,5
18900,166,178,96,5,5
18901,166,178,97,14,14
18902,166,178,98,14,14
18903,166,178,99,14,14
18904,166,178,100,14,14
18905,166,178,101,14,14
18906,166,178,102,14,14
18907,166,178,103,14,14
18908,166,178,104,9,9
18909,166,179,86,16,16
18910,166,179,87,16,16
18911,166,179,88,16,16
18912,166,179,89,5,5
18913,166,179,90,5,5
18914,166,179,91,15,15
18915,166,179,92,15,15
18916,166,179,93,15,15
18917,166,179,94,15,15
18918,166,179,95,15,15
18919,166,179,96,15,15
18920,166,179,97,5,5
18921,166,179,98,14,14
18922,166,179,99,14,14
18923,166,179,100,14,14
18924,166,179,101,14,14
18925,166,179,102,14,14
18926,166,179,103,9,9
18927,166,179,104,9,9
18928,166,180,86,16,16
18929,166,180,87,16,16
18930,166,180,88,16,16
18931,166,180,89,5,5
18932,166,180,90,5,5
18933,166,180,91,5,5
18934,166,180,92,15,15
18935,166,180,93,15,15
18936,166,180,94,15,15
18937,166,180,95,15,15
18938,166,180,96,15,15
18939,166,180,97,15,15
18940,166,180,98,5,5
18941,166,180,99,14,14
18942,166,180,100,5,5
18943,166,180,101,14,14
18944,166,180,102,14,14
18945,166,180,103,9,9
18946,166,181,87,16,16
18947,166,181,88,16,16
18948,166,181,89,14,14
18949,166,181,90,5,5
18950,166,181,91,5,5
18951,166,181,92,15,15
18952,166,181,93,15,15
18953,166,181,94,15,15
18954,166,181,95,15,15
18955,166,181,96,15,15
18956,166,181,97,5,5
18957,166,181,98,5,5
18958,166,181,99,14,14
18959,166,181,100,14,14
18960,166,181,101,14,14
18961,166,181,102,9,9
18962,166,182,87,16,16
18963,166,182,88,16,16
18964,166,182,89,14,14
18965,166,182,90,5,5
18966,166,182,91,16,16
18967,166,182,92,16,16
18968,166,182,93,16,16
18969,166,182,94,16,16
18970,166,182,95,5,5
18971,166,182,96,5,5
18972,166,182,97,15,15
18973,166,182,98,5,5
18974,166,182,99,14,14
18975,166,182,100,14,14
18976,166,182,101,9,9
18977,166,183,88,16,16
18978,166,183,89,16,16
18979,166,183,90,16,16
18980,166,183,91,16,16
18981,166,183,92,16,16
18982,166,183,93,16,16
18983,166,183,94,16,16
18984,166,183,95,5,5
18985,166,183,96,15,15
18986,166,183,97,14,14
18987,166,183,98,14,14
18988,166,183,100,9,9
18989,166,184,92,16,16
18990,166,184,93,16,16
18991,166,184,94,16,16
18992,166,184,95,16,16
18993,166,184,96,14,14
18994,166,184,97,14,14
18995,166,184,98,14,14
18996,166,185,93,16,16
18997,166,185,94,16,16
18998,166,185,95,16,16
18999,166,185,96,16,16
19000,166,185,97,16,16
19001,166,185,98,9,9
19002,167,155,95,11,11
19003,167,156,95,11,11
19004,167,156,96,11,11
19005,167,156,97,11,11
19006,167,157,95,3,3
19007,167,157,96,11,11
19008,167,157,97,11,11
19009,167,158,95,3,3
19010,167,158,96,3,3
19011,167,158,97,5,5
19012,167,158,99,11,11
19013,167,158,100,11,11
19014,167,158,101,11,11
19015,167,158,102,3,3
19016,167,159,95,5,5
19017,167,159,96,5,5
19018,167,159,97,5,5
19019,167,159,98,5,5
19020,167,159,99,5,5
19021,167,159,100,5,5
19022,167,159,101,16,16
19023,167,159,102,3,3
19024,167,159,103,2,2
19025,167,159,104,2,2
19026,167,159,105,2,2
19027,167,160,90,16,16
19028,167,160,94,5,5
19029,167,160,95,5,5
19030,167,160,96,5,5
19031,167,160,97,15,15
19032,167,160,98,15,15
19033,167,160,99,16,16
19034,167,160,100,16,16
19035,167,160,101,16,16
19036,167,160,102,16,16
19037,167,160,103,16,16
19038,167,160,104,2,2
19039,167,160,105,2,2
19040,167,160,106,2,2
19041,167,161,89,16,16
19042,167,161,90,5,5
19043,167,161,91,5,5
19044,167,161,92,5,5
19045,167,161,93,5,5
19046,167,161,94,5,5
19047,167,161,95,5,5
19048,167,161,96,5,5
19049,167,161,97,15,15
19050,167,161,98,15,15
19051,167,161,99,5,5
19052,167,161,100,14,14
19053,167,161,101,5,5
19054,167,161,102,5,5
19055,167,161,103,5,5
19056,167,161,104,16,16
19057,167,161,105,16,16
19058,167,161,106,2,2
19059,167,161,107,2,2
19060,167,161,108,7,7
19061,167,161,109,7,7
19062,167,161,110,7,7
19063,167,161,113,7,7
19064,167,162,88,16,16
19065,167,162,89,16,16
19066,167,162,90,5,5
19067,167,162,91,5,5
19068,167,162,92,5,5
19069,167,162,93,5,5
19070,167,162,94,5,5
19071,167,162,95,15,15
19072,167,162,96,5,5
19073,167,162,97,7,7
19074,167,162,98,7,7
19075,167,162,99,5,5
19076,167,162,100,14,14
19077,167,162,101,5,5
19078,167,162,102,5,5
19079,167,162,103,5,5
19080,167,162,104,5,5
19081,167,162,105,2,2
19082,167,162,106,2,2
19083,167,162,107,15,15
19084,167,162,108,7,7
19085,167,162,109,7,7
19086,167,162,110,7,7
19087,167,162,111,7,7
19088,167,162,112,7,7
19089,167,162,113,9,9
19090,167,162,114,9,9
19091,167,163,88,16,16
19092,167,163,89,16,16
19093,167,163,90,5,5
19094,167,163,91,5,5
19095,167,163,92,5,5
19096,167,163,93,5,5
19097,167,163,94,15,15
19098,167,163,95,15,15
19099,167,163,96,7,7
19100,167,163,97,7,7
19101,167,163,98,7,7
19102,167,163,99,14,14
19103,167,163,100,14,14
19104,167,163,101,5,5
19105,167,163,102,15,15
19106,167,163,103,5,5
19107,167,163,104,5,5
19108,167,163,105,15,15
19109,167,163,106,15,15
19110,167,163,107,15,15
19111,167,163,108,7,7
19112,167,163,109,7,7
19113,167,163,110,7,7
19114,167,163,111,7,7
19115,167,163,112,9,9
19116,167,163,113,9,9
19117,167,163,114,9,9
19118,167,164,88,16,16
19119,167,164,89,16,16
19120,167,164,90,5,5
19121,167,164,91,5,5
19122,167,164,92,5,5
19123,167,164,93,15,15
19124,167,164,94,15,15
19125,167,164,95,15,15
19126,167,164,96,15,15
19127,167,164,97,7,7
19128,167,164,98,7,7
19129,167,164,99,7,7
19130,167,164,100,14,14
19131,167,164,101,5,5
19132,167,164,102,15,15
19133,167,164,103,15,15
19134,167,164,104,5,5
19135,167,164,105,5,5
19136,167,164,106,15,15
19137,167,164,107,5,5
19138,167,164,108,7,7
19139,167,164,109,7,7
19140,167,164,110,7,7
19141,167,164,111,7,7
19142,167,164,112,9,9
19143,167,164,113,9,9
19144,167,165,88,16,16
19145,167,165,89,5,5
19146,167,165,90,15,15
19147,167,165,91,15,15
19148,167,165,92,15,15
19149,167,165,93,15,15
19150,167,165,94,15,15
19151,167,165,95,15,15
19152,167,165,96,15,15
19153,167,165,97,5,5
19154,167,165,98,5,5
19155,167,165,99,5,5
19156,167,165,100,5,5
19157,167,165,101,5,5
19158,167,165,102,15,15
19159,167,165,103,15,15
19160,167,165,104,5,5
19161,167,165,105,5,5
19162,167,165,106,5,5
19163,167,165,107,14,14
19164,167,165,108,14,14
19165,167,165,109,14,14
19166,167,165,110,14,14
19167,167,165,111,9,9
19168,167,165,112,9,9
19169,167,165,113,9,9
19170,167,166,87,16,16
19171,167,166,88,16,16
19172,167,166,89,5,5
19173,167,166,90,15,15
19174,167,166,91,15,15
19175,167,166,92,15,15
19176,167,166,93,15,15
19177,167,166,94,15,15
19178,167,166,95,15,15
19179,167,166,96,15,15
19180,167,166,97,5,5
19181,167,166,98,5,5
19182,167,166,99,5,5
19183,167,166,100,5,5
19184,167,166,101,5,5
19185,167,166,102,5,5
19186,167,166,103,15,15
19187,167,166,104,5,5
19188,167,166,105,5,5
19189,167,166,106,14,14
19190,167,166,107,14,14
19191,167,166,108,14,14
19192,167,166,109,14,14
19193,167,166,110,14,14
19194,167,166,111,9,9
19195,167,166,112,9,9
19196,167,166,113,9,9
19197,167,167,87,16,16
19198,167,167,88,16,16
19199,167,167,89,5,5
19200,167,167,90,5,5
19201,167,167,91,5,5
19202,167,167,92,5,5
19203,167,167,93,15,15
19204,167,167,94,15,15
19205,167,167,95,15,15
19206,167,167,96,15,15
19207,167,167,97,15,15
19208,167,167,98,5,5
19209,167,167,99,5,5
19210,167,167,100,15,15
19211,167,167,101,5,5
19212,167,167,102,5,5
19213,167,167,103,5,5
19214,167,167,104,5,5
19215,167,167,105,14,14
19216,167,167,106,5,5
19217,167,167,107,5,5
19218,167,167,108,14,14
19219,167,167,109,14,14
19220,167,167,110,9,9
19221,167,167,111,9,9
19222,167,168,87,16,16
19223,167,168,88,5,5
19224,167,168,89,5,5
19225,167,168,90,5,5
19226,167,168,91,5,5
19227,167,168,92,5,5
19228,167,168,93,15,15
19229,167,168,94,15,15
19230,167,168,95,15,15
19231,167,168,96,15,15
19232,167,168,97,15,15
19233,167,168,98,5,5
19234,167,168,99,5,5
19235,167,168,100,5,5
19236,167,168,101,5,5
19237,167,168,102,5,5
19238,167,168,103,5,5
19239,167,168,104,14,14
19240,167,168,105,14,14
19241,167,168,106,5,5
19242,167,168,107,14,14
19243,167,168,108,14,14
19244,167,168,109,14,14
19245,167,168,110,9,9
19246,167,169,86,16,16
19247,167,169,87,5,5
19248,167,169,88,5,5
19249,167,169,89,5,5
19250,167,169,90,5,5
19251,167,169,91,5,5
19252,167,169,92,5,5
19253,167,169,93,15,15
19254,167,169,94,15,15
19255,167,169,95,15,15
19256,167,169,96,15,15
19257,167,169,97,15,15
19258,167,169,98,15,15
19259,167,169,99,5,5
19260,167,169,100,5,5
19261,167,169,101,5,5
19262,167,169,102,14,14
19263,167,169,103,14,14
19264,167,169,104,14,14
19265,167,169,105,14,14
19266,167,169,106,14,14
19267,167,169,107,5,5
19268,167,169,108,14,14
19269,167,169,109,14,14
19270,167,170,86,16,16
19271,167,170,87,5,5
19272,167,170,88,5,5
19273,167,170,89,15,15
19274,167,170,90,5,5
19275,167,170,91,5,5
19276,167,170,92,15,15
19277,167,170,93,15,15
19278,167,170,94,15,15
19279,167,170,95,15,15
19280,167,170,96,15,15
19281,167,170,97,15,15
19282,167,170,98,15,15
19283,167,170,99,14,14
19284,167,170,100,5,5
19285,167,170,101,15,15
19286,167,170,102,14,14
19287,167,170,103,14,14
19288,167,170,104,14,14
19289,167,170,105,14,14
19290,167,170,106,14,14
19291,167,170,107,5,5
19292,167,170,108,14,14
19293,167,170,109,14,14
19294,167,171,85,16,16
19295,167,171,86,16,16
19296,167,171,87,5,5
19297,167,171,88,5,5
19298,167,171,89,15,15
19299,167,171,90,15,15
19300,167,171,91,15,15
19301,167,171,92,15,15
19302,167,171,93,15,15
19303,167,171,94,15,15
19304,167,171,95,15,15
19305,167,171,96,15,15
19306,167,171,97,15,15
19307,167,171,98,2,2
19308,167,171,99,14,14
19309,167,171,100,5,5
19310,167,171,101,15,15
19311,167,171,102,14,14
19312,167,171,103,14,14
19313,167,171,104,14,14
19314,167,171,105,14,14
19315,167,171,106,14,14
19316,167,171,107,14,14
19317,167,171,108,14,14
19318,167,172,85,16,16
19319,167,172,86,16,16
19320,167,172,87,5,5
19321,167,172,88,5,5
19322,167,172,89,5,5
19323,167,172,90,15,15
19324,167,172,91,5,5
19325,167,172,92,15,15
19326,167,172,93,15,15
19327,167,172,94,15,15
19328,167,172,95,15,15
19329,167,172,96,15,15
19330,167,172,97,2,2
19331,167,172,98,14,14
19332,167,172,99,14,14
19333,167,172,100,5,5
19334,167,172,101,15,15
19335,167,172,102,5,5
19336,167,172,103,14,14
19337,167,172,104,14,14
19338,167,172,105,14,14
19339,167,172,106,14,14
19340,167,172,107,14,14
19341,167,173,84,16,16
19342,167,173,85,16,16
19343,167,173,86,16,16
19344,167,173,87,5,5
19345,167,173,88,5,5
19346,167,173,89,15,15
19347,167,173,90,5,5
19348,167,173,91,15,15
19349,167,173,92,15,15
19350,167,173,93,15,15
19351,167,173,94,15,15
19352,167,173,95,15,15
19353,167,173,96,15,15
19354,167,173,97,2,2
19355,167,173,98,14,14
19356,167,173,99,14,14
19357,167,173,100,2,2
19358,167,173,101,15,15
19359,167,173,102,15,15
19360,167,173,103,5,5
19361,167,173,104,14,14
19362,167,173,105,14,14
19363,167,173,106,14,14
19364,167,174,84,16,16
19365,167,174,85,16,16
19366,167,174,86,16,16
19367,167,174,87,5,5
19368,167,174,88,15,15
19369,167,174,89,5,5
19370,167,174,90,5,5
19371,167,174,91,15,15
19372,167,174,92,5,5
19373,167,174,93,15,15
19374,167,174,94,15,15
19375,167,174,95,15,15
19376,167,174,96,2,2
19377,167,174,97,14,14
19378,167,174,98,14,14
19379,167,174,99,14,14
19380,167,174,100,15,15
19381,167,174,101,15,15
19382,167,174,102,15,15
19383,167,174,103,5,5
19384,167,174,104,14,14
19385,167,174,105,14,14
19386,167,174,106,14,14
19387,167,175,85,16,16
19388,167,175,86,16,16
19389,167,175,87,16,16
19390,167,175,88,15,15
19391,167,175,89,5,5
19392,167,175,90,5,5
19393,167,175,91,5,5
19394,167,175,92,5,5
19395,167,175,93,15,15
19396,167,175,94,5,5
19397,167,175,95,14,14
19398,167,175,96,14,14
19399,167,175,97,14,14
19400,167,175,98,14,14
19401,167,175,99,14,14
19402,167,175,100,2,2
19403,167,175,101,2,2
19404,167,175,102,15,15
19405,167,175,103,14,14
19406,167,175,104,14,14
19407,167,175,105,14,14
19408,167,175,106,9,9
19409,167,176,85,16,16
19410,167,176,86,16,16
19411,167,176,87,16,16
19412,167,176,88,5,5
19413,167,176,89,5,5
19414,167,176,90,5,5
19415,167,176,91,5,5
19416,167,176,92,5,5
19417,167,176,93,15,15
19418,167,176,94,5,5
19419,167,176,95,14,14
19420,167,176,96,14,14
19421,167,176,97,14,14
19422,167,176,98,14,14
19423,167,176,99,14,14
19424,167,176,100,14,14
19425,167,176,101,15,15
19426,167,176,102,15,15
19427,167,176,103,14,14
19428,167,176,104,14,14
19429,167,176,105,9,9
19430,167,177,86,16,16
19431,167,177,87,16,16
19432,167,177,88,16,16
19433,167,177,89,5,5
19434,167,177,90,5,5
19435,167,177,91,15,15
19436,167,177,92,5,5
19437,167,177,93,15,15
19438,167,177,94,5,5
19439,167,177,95,5,5
19440,167,177,96,5,5
19441,167,177,97,14,14
19442,167,177,98,14,14
19443,167,177,99,14,14
19444,167,177,100,14,14
19445,167,177,101,15,15
19446,167,177,102,14,14
19447,167,177,103,14,14
19448,167,177,104,9,9
19449,167,178,87,16,16
19450,167,178,88,16,16
19451,167,178,89,5,5
19452,167,178,90,5,5
19453,167,178,91,15,15
19454,167,178,92,15,15
19455,167,178,93,15,15
19456,167,178,94,15,15
19457,167,178,95,16,16
19458,167,178,96,15,15
19459,167,178,97,5,5
19460,167,178,98,14,14
19461,167,178,99,14,14
19462,167,178,100,5,5
19463,167,178,101,14,14
19464,167,178,102,14,14
19465,167,178,103,9,9
19466,167,178,104,9,9
19467,167,179,86,16,16
19468,167,179,87,16,16
19469,167,179,88,16,16
19470,167,179,89,5,5
19471,167,179,90,5,5
19472,167,179,91,15,15
19473,167,179,92,15,15
19474,167,179,93,15,15
19475,167,179,94,15,15
19476,167,179,95,15,15
19477,167,179,96,15,15
19478,167,179,97,5,5
19479,167,179,98,14,14
19480,167,179,99,14,14
19481,167,179,100,14,14
19482,167,179,101,14,14
19483,167,179,102,14,14
19484,167,179,103,9,9
19485,167,180,86,16,16
19486,167,180,87,16,16
19487,167,180,88,16,16
19488,167,180,89,16,16
19489,167,180,90,5,5
19490,167,180,91,5,5
19491,167,180,92,5,5
19492,167,180,93,5,5
19493,167,180,94,15,15
19494,167,180,95,15,15
19495,167,180,96,15,15
19496,167,180,97,15,15
19497,167,180,98,5,5
19498,167,180,99,14,14
19499,167,180,100,14,14
19500,167,180,101,14,14
19501,167,180,102,9,9
19502,167,180,103,9,9
19503,167,181,87,16,16
19504,167,181,88,16,16
19505,167,181,89,14,14
19506,167,181,90,14,14
19507,167,181,91,14,14
19508,167,181,92,5,5
19509,167,181,93,5,5
19510,167,181,94,15,15
19511,167,181,95,15,15
19512,167,181,96,15,15
19513,167,181,97,15,15
19514,167,181,98,14,14
19515,167,181,99,14,14
19516,167,181,100,14,14
19517,167,181,101,14,14
19518,167,182,88,16,16
19519,167,182,89,14,14
19520,167,182,90,14,14
19521,167,182,91,5,5
19522,167,182,92,5,5
19523,167,182,93,5,5
19524,167,182,94,5,5
19525,167,182,95,5,5
19526,167,182,96,5,5
19527,167,182,97,15,15
19528,167,182,98,14,14
19529,167,182,100,14,14
19530,167,182,101,9,9
19531,167,183,88,16,16
19532,167,183,89,14,14
19533,167,183,90,5,5
19534,167,183,91,5,5
19535,167,183,92,14,14
19536,167,183,93,5,5
19537,167,183,94,5,5
19538,167,183,95,5,5
19539,167,183,96,14,14
19540,167,183,97,14,14
19541,167,183,98,14,14
19542,167,184,92,16,16
19543,167,184,93,16,16
19544,167,184,94,16,16
19545,167,184,96,16,16
19546,167,184,97,14,14
19547,167,184,98,2,2
19548,167,185,96,16,16
19549,167,185,97,16,16
19550,168,156,95,3,3
19551,168,156,96,11,11
19552,168,156,97,11,11
19553,168,157,95,3,3
19554,168,157,96,11,11
19555,168,157,97,11,11
19556,168,157,99,11,11
19557,168,158,95,3,3
19558,168,158,96,3,3
19559,168,158,97,16,16
19560,168,158,98,16,16
19561,168,158,99,3,3
19562,168,158,101,3,3
19563,168,159,95,16,16
19564,168,159,96,5,5
19565,168,159,97,5,5
19566,168,159,98,14,14
19567,168,159,99,5,5
19568,168,159,100,5,5
19569,168,160,95,5,5
19570,168,160,96,5,5
19571,168,160,97,5,5
19572,168,160,98,14,14
19573,168,160,99,14,14
19574,168,160,100,16,16
19575,168,160,101,16,16
19576,168,160,104,2,2
19577,168,161,90,16,16
19578,168,161,91,5,5
19579,168,161,92,5,5
19580,168,161,93,5,5
19581,168,161,94,5,5
19582,168,161,95,5,5
19583,168,161,96,5,5
19584,168,161,97,5,5
19585,168,161,98,5,5
19586,168,161,99,14,14
19587,168,161,100,14,14
19588,168,161,101,14,14
19589,168,161,102,5,5
19590,168,161,103,16,16
19591,168,161,104,2,2
19592,168,161,105,2,2
19593,168,161,107,2,2
19594,168,161,109,7,7
19595,168,161,111,13,13
19596,168,161,113,9,9
19597,168,162,89,16,16
19598,168,162,90,5,5
19599,168,162,91,5,5
19600,168,162,92,5,5
19601,168,162,93,5,5
19602,168,162,94,5,5
19603,168,162,95,5,5
19604,168,162,96,5,5
19605,168,162,97,5,5
19606,168,162,98,15,15
19607,168,162,99,5,5
19608,168,162,100,5,5
19609,168,162,101,5,5
19610,168,162,102,5,5
19611,168,162,103,5,5
19612,168,162,104,16,16
19613,168,162,105,16,16
19614,168,162,106,16,16
19615,168,162,107,2,2
19616,168,162,108,7,7
19617,168,162,109,7,7
19618,168,162,110,7,7
19619,168,162,111,7,7
19620,168,162,112,9,9
19621,168,162,113,9,9
19622,168,163,89,16,16
19623,168,163,90,5,5
19624,168,163,91,5,5
19625,168,163,92,5,5
19626,168,163,93,5,5
19627,168,163,94,5,5
19628,168,163,95,5,5
19629,168,163,96,5,5
19630,168,163,97,5,5
19631,168,163,98,7,7
19632,168,163,99,15,15
19633,168,163,100,5,5
19634,168,163,101,15,15
19635,168,163,102,5,5
19636,168,163,103,5,5
19637,168,163,104,5,5
19638,168,163,105,2,2
19639,168,163,106,2,2
19640,168,163,107,2,2
19641,168,163,108,7,7
19642,168,163,109,7,7
19643,168,163,110,7,7
19644,168,163,111,9,9
19645,168,163,112,9,9
19646,168,163,113,9,9
19647,168,164,88,16,16
19648,168,164,89,16,16
19649,168,164,90,5,5
19650,168,164,91,5,5
19651,168,164,92,5,5
19652,168,164,93,5,5
19653,168,164,94,5,5
19654,168,164,95,15,15
19655,168,164,96,15,15
19656,168,164,97,15,15
19657,168,164,98,5,5
19658,168,164,99,5,5
19659,168,164,100,5,5
19660,168,164,101,15,15
19661,168,164,102,15,15
19662,168,164,103,5,5
19663,168,164,104,5,5
19664,168,164,105,5,5
19665,168,164,106,15,15
19666,168,164,107,5,5
19667,168,164,108,7,7
19668,168,164,109,7,7
19669,168,164,110,7,7
19670,168,164,111,9,9
19671,168,164,112,9,9
19672,168,164,113,9,9
19673,168,165,88,16,16
19674,168,165,89,16,16
19675,168,165,90,5,5
19676,168,165,91,5,5
19677,168,165,92,5,5
19678,168,165,93,15,15
19679,168,165,94,15,15
19680,168,165,95,15,15
19681,168,165,96,15,15
19682,168,165,97,15,15
19683,168,165,98,5,5
19684,168,165,99,5,5
19685,168,165,100,5,5
19686,168,165,101,7,7
19687,168,165,102,15,15
19688,168,165,103,15,15
19689,168,165,104,5,5
19690,168,165,105,5,5
19691,168,165,106,5,5
19692,168,165,107,5,5
19693,168,165,108,14,14
19694,168,165,109,14,14
19695,168,165,110,9,9
19696,168,165,111,9,9
19697,168,165,112,9,9
19698,168,166,88,16,16
19699,168,166,89,16,16
19700,168,166,90,5,5
19701,168,166,91,5,5
19702,168,166,92,15,15
19703,168,166,93,15,15
19704,168,166,94,15,15
19705,168,166,95,15,15
19706,168,166,96,5,5
19707,168,166,97,5,5
19708,168,166,98,5,5
19709,168,166,99,5,5
19710,168,166,100,15,15
19711,168,166,101,15,15
19712,168,166,102,15,15
19713,168,166,103,5,5
19714,168,166,104,5,5
19715,168,166,105,5,5
19716,168,166,106,5,5
19717,168,166,107,14,14
19718,168,166,108,14,14
19719,168,166,109,14,14
19720,168,166,110,9,9
19721,168,166,111,9,9
19722,168,167,87,16,16
19723,168,167,88,16,16
19724,168,167,89,5,5
19725,168,167,90,5,5
19726,168,167,91,5,5
19727,168,167,92,5,5
19728,168,167,93,15,15
19729,168,167,94,15,15
19730,168,167,95,15,15
19731,168,167,96,15,15
19732,168,167,97,5,5
19733,168,167,98,5,5
19734,168,167,99,5,5
19735,168,167,100,15,15
19736,168,167,101,5,5
19737,168,167,102,5,5
19738,168,167,103,5,5
19739,168,167,104,5,5
19740,168,167,105,5,5
19741,168,167,106,5,5
19742,168,167,107,14,14
19743,168,167,108,14,14
19744,168,167,109,14,14
19745,168,167,110,9,9
19746,168,168,87,16,16
19747,168,168,88,16,16
19748,168,168,89,5,5
19749,168,168,90,5,5
19750,168,168,91,5,5
19751,168,168,92,5,5
19752,168,168,93,5,5
19753,168,168,94,15,15
19754,168,168,95,15,15
19755,168,168,96,15,15
19756,168,168,97,15,15
19757,168,168,98,5,5
19758,168,168,99,5,5
19759,168,168,100,5,5
19760,168,168,101,5,5
19761,168,168,102,14,14
19762,168,168,103,14,14
19763,168,168,104,14,14
19764,168,168,105,5,5
19765,168,168,106,5,5
19766,168,168,107,5,5
19767,168,168,108,14,14
19768,168,168,109,9,9
19769,168,169,87,16,16
19770,168,169,88,5,5
19771,168,169,89,5,5
19772,168,169,90,5,5
19773,168,169,91,5,5
19774,168,169,92,5,5
19775,168,169,93,15,15
19776,168,169,94,15,15
19777,168,169,95,15,15
19778,168,169,96,15,15
19779,168,169,97,15,15
19780,168,169,98,15,15
19781,168,169,99,15,15
19782,168,169,100,5,5
19783,168,169,101,5,5
19784,168,169,102,14,14
19785,168,169,103,14,14
19786,168,169,104,14,14
19787,168,169,105,5,5
19788,168,169,106,5,5
19789,168,169,107,14,14
19790,168,169,108,14,14
19791,168,170,86,16,16
19792,168,170,87,16,16
19793,168,170,88,5,5
19794,168,170,89,5,5
19795,168,170,90,5,5
19796,168,170,91,5,5
19797,168,170,92,15,15
19798,168,170,93,15,15
19799,168,170,94,15,15
19800,168,170,95,5,5
19801,168,170,96,5,5
19802,168,170,97,15,15
19803,168,170,98,15,15
19804,168,170,99,14,14
19805,168,170,100,5,5
19806,168,170,101,5,5
19807,168,170,102,14,14
19808,168,170,103,14,14
19809,168,170,104,14,14
19810,168,170,105,5,5
19811,168,170,106,14,14
19812,168,170,107,14,14
19813,168,171,86,16,16
19814,168,171,87,5,5
19815,168,171,88,5,5
19816,168,171,89,5,5
19817,168,171,90,5,5
19818,168,171,91,15,15
19819,168,171,92,15,15
19820,168,171,93,15,15
19821,168,171,94,15,15
19822,168,171,95,5,5
19823,168,171,96,5,5
19824,168,171,97,15,15
19825,168,171,98,2,2
19826,168,171,99,14,14
19827,168,171,100,5,5
19828,168,171,101,5,5
19829,168,171,102,14,14
19830,168,171,103,14,14
19831,168,171,104,14,14
19832,168,171,105,14,14
19833,168,171,106,14,14
19834,168,171,107,14,14
19835,168,172,85,16,16
19836,168,172,86,16,16
19837,168,172,87,5,5
19838,168,172,88,5,5
19839,168,172,89,5,5
19840,168,172,90,15,15
19841,168,172,91,15,15
19842,168,172,92,15,15
19843,168,172,93,15,15
19844,168,172,94,15,15
19845,168,172,95,15,15
19846,168,172,96,15,15
19847,168,172,97,2,2
19848,168,172,98,2,2
19849,168,172,99,14,14
19850,168,172,100,5,5
19851,168,172,101,5,5
19852,168,172,102,14,14
19853,168,172,103,14,14
19854,168,172,104,14,14
19855,168,172,105,14,14
19856,168,172,106,14,14
19857,168,173,84,16,16
19858,168,173,85,16,16
19859,168,173,86,16,16
19860,168,173,87,5,5
19861,168,173,88,5,5
19862,168,173,89,5,5
19863,168,173,90,15,15
19864,168,173,91,5,5
19865,168,173,92,15,15
19866,168,173,93,15,15
19867,168,173,94,15,15
19868,168,173,95,15,15
19869,168,173,96,15,15
19870,168,173,97,15,15
19871,168,173,98,14,14
19872,168,173,99,14,14
19873,168,173,100,15,15
19874,168,173,101,5,5
19875,168,173,102,5,5
19876,168,173,103,5,5
19877,168,173,104,14,14
19878,168,173,105,14,14
19879,168,173,106,2,2
19880,168,174,84,16,16
19881,168,174,85,16,16
19882,168,174,86,16,16
19883,168,174,87,5,5
19884,168,174,88,5,5
19885,168,174,89,5,5
19886,168,174,90,15,15
19887,168,174,91,5,5
19888,168,174,92,5,5
19889,168,174,93,15,15
19890,168,174,94,15,15
19891,168,174,95,15,15
19892,168,174,96,15,15
19893,168,174,97,15,15
19894,168,174,98,5,5
19895,168,174,99,15,15
19896,168,174,100,5,5
19897,168,174,101,5,5
19898,168,174,102,5,5
19899,168,174,103,14,14
19900,168,174,104,14,14
19901,168,174,105,2,2
19902,168,175,85,16,16
19903,168,175,86,16,16
19904,168,175,87,16,16
19905,168,175,88,5,5
19906,168,175,89,5,5
19907,168,175,90,5,5
19908,168,175,91,5,5
19909,168,175,92,5,5
19910,168,175,93,5,5
19911,168,175,94,15,15
19912,168,175,95,14,14
19913,168,175,96,2,2
19914,168,175,97,2,2
19915,168,175,98,5,5
19916,168,175,99,14,14
19917,168,175,100,14,14
19918,168,175,101,14,14
19919,168,175,102,14,14
19920,168,175,103,14,14
19921,168,175,104,14,14
19922,168,176,86,16,16
19923,168,176,87,16,16
19924,168,176,88,16,16
19925,168,176,89,5,5
19926,168,176,90,5,5
19927,168,176,91,5,5
19928,168,176,92,5,5
19929,168,176,93,5,5
19930,168,176,94,14,14
19931,168,176,95,14,14
19932,168,176,96,14,14
19933,168,176,97,14,14
19934,168,176,98,14,14
19935,168,176,99,14,14
19936,168,176,100,14,14
19937,168,176,101,14,14
19938,168,176,102,14,14
19939,168,176,103,14,14
19940,168,176,104,9,9
19941,168,177,87,16,16
19942,168,177,88,16,16
19943,168,177,89,5,5
19944,168,177,90,5,5
19945,168,177,91,15,15
19946,168,177,92,5,5
19947,168,177,93,5,5
19948,168,177,94,5,5
19949,168,177,95,5,5
19950,168,177,96,16,16
19951,168,177,97,5,5
19952,168,177,98,14,14
19953,168,177,99,14,14
19954,168,177,100,14,14
19955,168,177,101,14,14
19956,168,177,102,14,14
19957,168,177,103,9,9
19958,168,178,87,16,16
19959,168,178,88,16,16
19960,168,178,89,16,16
19961,168,178,90,5,5
19962,168,178,91,15,15
19963,168,178,92,15,15
19964,168,178,93,15,15
19965,168,178,94,5,5
19966,168,178,95,5,5
19967,168,178,96,15,15
19968,168,178,97,5,5
19969,168,178,98,14,14
19970,168,178,99,14,14
19971,168,178,100,14,14
19972,168,178,101,14,14
19973,168,178,102,9,9
19974,168,178,103,9,9
19975,168,179,87,16,16
19976,168,179,88,16,16
19977,168,179,89,15,15
19978,168,179,90,15,15
19979,168,179,91,15,15
19980,168,179,92,15,15
19981,168,179,93,15,15
19982,168,179,94,15,15
19983,168,179,95,15,15
19984,168,179,96,15,15
19985,168,179,97,5,5
19986,168,179,98,14,14
19987,168,179,99,14,14
19988,168,179,100,14,14
19989,168,179,101,14,14
19990,168,179,102,9,9
19991,168,180,86,16,16
19992,168,180,87,16,16
19993,168,180,88,16,16
19994,168,180,89,15,15
19995,168,180,90,5,5
19996,168,180,91,15,15
19997,168,180,92,5,5
19998,168,180,93,14,14
19999,168,180,94,15,15
20000,168,180,95,5,5
20001,168,180,96,5,5
20002,168,180,97,14,14
20003,168,180,98,14,14
20004,168,180,99,14,14
20005,168,180,100,14,14
20006,168,180,101,9,9
20007,168,181,87,16,16
20008,168,181,88,16,16
20009,168,181,89,16,16
20010,168,181,90,14,14
20011,168,181,91,14,14
20012,168,181,92,5,5
20013,168,181,93,5,5
20014,168,181,94,15,15
20015,168,181,95,5,5
20016,168,181,96,14,14
20017,168,181,97,14,14
20018,168,181,98,14,14
20019,168,181,100,9,9
20020,168,182,88,16,16
20021,168,182,89,14,14
20022,168,182,90,14,14
20023,168,182,91,14,14
20024,168,182,92,14,14
20025,168,182,93,5,5
20026,168,182,94,14,14
20027,168,182,95,14,14
20028,168,182,96,14,14
20029,168,182,97,14,14
20030,168,182,98,14,14
20031,168,183,89,14,14
20032,168,183,90,14,14
20033,168,183,91,14,14
20034,168,183,92,14,14
20035,168,183,93,16,16
20036,168,183,94,16,16
20037,168,183,95,16,16
20038,168,183,96,16,16
20039,168,183,97,14,14
20040,168,183,98,9,9
20041,169,156,95,3,3
20042,169,156,97,11,11
20043,169,157,95,3,3
20044,169,157,96,3,3
20045,169,157,97,11,11
20046,169,158,95,3,3
20047,169,158,96,3,3
20048,169,158,97,16,16
20049,169,159,96,16,16
20050,169,159,97,16,16
20051,169,159,98,16,16
20052,169,159,99,5,5
20053,169,159,100,5,5
20054,169,159,101,2,2
20055,169,159,105,2,2
20056,169,160,96,5,5
20057,169,160,97,14,14
20058,169,160,98,14,14
20059,169,160,99,5,5
20060,169,160,100,5,5
20061,169,160,101,5,5
20062,169,160,102,16,16
20063,169,160,105,2,2
20064,169,161,91,16,16
20065,169,161,92,16,16
20066,169,161,93,16,16
20067,169,161,94,16,16
20068,169,161,95,5,5
20069,169,161,96,5,5
20070,169,161,97,5,5
20071,169,161,98,5,5
20072,169,161,99,5,5
20073,169,161,100,5,5
20074,169,161,101,14,14
20075,169,161,102,5,5
20076,169,161,103,16,16
20077,169,161,104,16,16
20078,169,161,105,2,2
20079,169,161,111,9,9
20080,169,162,90,16,16
20081,169,162,91,5,5
20082,169,162,92,5,5
20083,169,162,93,5,5
20084,169,162,94,5,5
20085,169,162,95,5,5
20086,169,162,96,5,5
20087,169,162,97,5,5
20088,169,162,98,5,5
20089,169,162,99,15,15
20090,169,162,100,15,15
20091,169,162,101,5,5
20092,169,162,102,5,5
20093,169,162,103,5,5
20094,169,162,104,16,16
20095,169,162,105,16,16
20096,169,162,106,16,16
20097,169,162,107,2,2
20098,169,162,108,7,7
20099,169,162,109,7,7
20100,169,162,110,7,7
20101,169,162,111,9,9
20102,169,162,112,9,9
20103,169,162,113,9,9
20104,169,163,89,16,16
20105,169,163,90,16,16
20106,169,163,91,5,5
20107,169,163,92,5,5
20108,169,163,93,5,5
20109,169,163,94,5,5
20110,169,163,95,5,5
20111,169,163,96,5,5
20112,169,163,97,5,5
20113,169,163,98,5,5
20114,169,163,99,15,15
20115,169,163,100,15,15
20116,169,163,101,5,5
20117,169,163,102,5,5
20118,169,163,103,5,5
20119,169,163,104,5,5
20120,169,163,105,16,16
20121,169,163,106,2,2
20122,169,163,107,2,2
20123,169,163,108,7,7
20124,169,163,110,7,7
20125,169,163,111,9,9
20126,169,163,112,9,9
20127,169,163,113,9,9
20128,169,164,89,16,16
20129,169,164,90,16,16
20130,169,164,91,5,5
20131,169,164,92,5,5
20132,169,164,93,5,5
20133,169,164,94,5,5
20134,169,164,95,5,5
20135,169,164,96,15,15
20136,169,164,97,15,15
20137,169,164,98,15,15
20138,169,164,99,15,15
20139,169,164,100,15,15
20140,169,164,101,15,15
20141,169,164,102,5,5
20142,169,164,103,5,5
20143,169,164,104,5,5
20144,169,164,105,2,2
20145,169,164,106,5,5
20146,169,164,107,5,5
20147,169,164,108,7,7
20148,169,164,109,7,7
20149,169,164,110,9,9
20150,169,164,111,9,9
20151,169,164,112,9,9
20152,169,165,89,16,16
20153,169,165,90,5,5
20154,169,165,91,5,5
20155,169,165,92,5,5
20156,169,165,93,5,5
20157,169,165,94,5,5
20158,169,165,95,5,5
20159,169,165,96,15,15
20160,169,165,97,15,15
20161,169,165,98,15,15
20162,169,165,99,15,15
20163,169,165,100,7,7
20164,169,165,101,7,7
20165,169,165,102,15,15
20166,169,165,103,5,5
20167,169,165,104,5,5
20168,169,165,105,5,5
20169,169,165,106,5,5
20170,169,165,107,14,14
20171,169,165,108,14,14
20172,169,165,109,14,14
20173,169,165,110,9,9
20174,169,165,111,9,9
20175,169,166,89,16,16
20176,169,166,90,5,5
20177,169,166,91,5,5
20178,169,166,92,15,15
20179,169,166,93,15,15
20180,169,166,94,15,15
20181,169,166,95,15,15
20182,169,166,96,5,5
20183,169,166,97,15,15
20184,169,166,98,15,15
20185,169,166,99,15,15
20186,169,166,100,7,7
20187,169,166,101,7,7
20188,169,166,102,15,15
20189,169,166,103,5,5
20190,169,166,104,5,5
20191,169,166,105,5,5
20192,169,166,106,14,14
20193,169,166,107,14,14
20194,169,166,108,14,14
20195,169,166,109,14,14
20196,169,166,110,9,9
20197,169,167,88,16,16
20198,169,167,89,16,16
20199,169,167,90,5,5
20200,169,167,91,5,5
20201,169,167,92,15,15
20202,169,167,93,15,15
20203,169,167,94,15,15
20204,169,167,95,15,15
20205,169,167,96,15,15
20206,169,167,97,15,15
20207,169,167,98,5,5
20208,169,167,99,5,5
20209,169,167,100,5,5
20210,169,167,101,5,5
20211,169,167,102,15,15
20212,169,167,103,5,5
20213,169,167,104,14,14
20214,169,167,105,5,5
20215,169,167,106,5,5
20216,169,167,107,14,14
20217,169,167,108,14,14
20218,169,167,109,9,9
20219,169,168,88,16,16
20220,169,168,89,5,5
20221,169,168,90,5,5
20222,169,168,91,15,15
20223,169,168,92,5,5
20224,169,168,93,5,5
20225,169,168,94,15,15
20226,169,168,95,15,15
20227,169,168,96,15,15
20228,169,168,97,15,15
20229,169,168,98,15,15
20230,169,168,99,5,5
20231,169,168,100,5,5
20232,169,168,101,14,14
20233,169,168,102,14,14
20234,169,168,103,14,14
20235,169,168,104,14,14
20236,169,168,105,14,14
20237,169,168,106,14,14
20238,169,168,107,14,14
20239,169,169,87,16,16
20240,169,169,88,16,16
20241,169,169,89,5,5
20242,169,169,90,5,5
20243,169,169,91,15,15
20244,169,169,92,5,5
20245,169,169,93,5,5
20246,169,169,94,15,15
20247,169,169,95,15,15
20248,169,169,96,15,15
20249,169,169,97,15,15
20250,169,169,98,15,15
20251,169,169,99,5,5
20252,169,169,100,14,14
20253,169,169,101,14,14
20254,169,169,102,14,14
20255,169,169,103,14,14
20256,169,169,104,14,14
20257,169,169,105,14,14
20258,169,169,106,14,14
20259,169,169,107,14,14
20260,169,170,87,16,16
20261,169,170,88,5,5
20262,169,170,89,5,5
20263,169,170,90,5,5
20264,169,170,91,15,15
20265,169,170,92,15,15
20266,169,170,93,5,5
20267,169,170,94,15,15
20268,169,170,95,15,15
20269,169,170,96,15,15
20270,169,170,97,15,15
20271,169,170,98,15,15
20272,169,170,99,5,5
20273,169,170,100,14,14
20274,169,170,101,14,14
20275,169,170,102,14,14
20276,169,170,103,14,14
20277,169,170,104,14,14
20278,169,170,105,14,14
20279,169,170,106,14,14
20280,169,170,107,9,9
20281,169,171,86,16,16
20282,169,171,87,16,16
20283,169,171,88,5,5
20284,169,171,89,5,5
20285,169,171,90,15,15
20286,169,171,91,15,15
20287,169,171,92,15,15
20288,169,171,93,5,5
20289,169,171,94,15,15
20290,169,171,95,15,15
20291,169,171,96,5,5
20292,169,171,97,5,5
20293,169,171,98,5,5
20294,169,171,99,5,5
20295,169,171,100,14,14
20296,169,171,101,14,14
20297,169,171,102,14,14
20298,169,171,103,14,14
20299,169,171,104,14,14
20300,169,171,105,14,14
20301,169,171,106,2,2
20302,169,171,107,9,9
20303,169,172,86,16,16
20304,169,172,87,16,16
20305,169,172,88,5,5
20306,169,172,89,5,5
20307,169,172,90,15,15
20308,169,172,91,15,15
20309,169,172,92,15,15
20310,169,172,93,15,15
20311,169,172,94,15,15
20312,169,172,95,15,15
20313,169,172,96,15,15
20314,169,172,97,5,5
20315,169,172,98,5,5
20316,169,172,99,15,15
20317,169,172,100,5,5
20318,169,172,101,14,14
20319,169,172,102,14,14
20320,169,172,103,14,14
20321,169,172,104,14,14
20322,169,172,105,14,14
20323,169,172,106,9,9
20324,169,173,85,16,16
20325,169,173,86,16,16
20326,169,173,87,16,16
20327,169,173,88,5,5
20328,169,173,89,15,15
20329,169,173,90,15,15
20330,169,173,91,5,5
20331,169,173,92,15,15
20332,169,173,93,15,15
20333,169,173,94,15,15
20334,169,173,95,2,2
20335,169,173,96,2,2
20336,169,173,97,2,2
20337,169,173,98,15,15
20338,169,173,99,15,15
20339,169,173,100,15,15
20340,169,173,101,5,5
20341,169,173,102,14,14
20342,169,173,103,14,14
20343,169,173,104,14,14
20344,169,173,105,16,16
20345,169,174,86,16,16
20346,169,174,87,16,16
20347,169,174,88,16,16
20348,169,174,89,5,5
20349,169,174,90,5,5
20350,169,174,91,5,5
20351,169,174,92,5,5
20352,169,174,93,15,15
20353,169,174,94,15,15
20354,169,174,95,2,2
20355,169,174,96,2,2
20356,169,174,97,15,15
20357,169,174,98,5,5
20358,169,174,99,5,5
20359,169,174,100,5,5
20360,169,174,101,14,14
20361,169,174,102,14,14
20362,169,174,103,14,14
20363,169,174,104,2,2
20364,169,175,86,16,16
20365,169,175,87,16,16
20366,169,175,88,16,16
20367,169,175,89,5,5
20368,169,175,90,5,5
20369,169,175,91,5,5
20370,169,175,92,5,5
20371,169,175,93,15,15
20372,169,175,94,15,15
20373,169,175,95,15,15
20374,169,175,96,15,15
20375,169,175,97,15,15
20376,169,175,98,5,5
20377,169,175,99,14,14
20378,169,175,100,14,14
20379,169,175,101,14,14
20380,169,175,102,14,14
20381,169,175,103,14,14
20382,169,176,87,16,16
20383,169,176,88,16,16
20384,169,176,89,5,5
20385,169,176,90,5,5
20386,169,176,91,5,5
20387,169,176,92,5,5
20388,169,176,93,15,15
20389,169,176,94,14,14
20390,169,176,95,14,14
20391,169,176,96,15,15
20392,169,176,97,15,15
20393,169,176,98,14,14
20394,169,176,99,14,14
20395,169,176,100,14,14
20396,169,176,101,14,14
20397,169,176,102,14,14
20398,169,177,87,16,16
20399,169,177,88,16,16
20400,169,177,89,16,16
20401,169,177,90,5,5
20402,169,177,91,15,15
20403,169,177,92,5,5
20404,169,177,93,14,14
20405,169,177,94,14,14
20406,169,177,95,5,5
20407,169,177,96,15,15
20408,169,177,97,15,15
20409,169,177,98,14,14
20410,169,177,99,14,14
20411,169,177,100,14,14
20412,169,177,101,14,14
20413,169,178,87,16,16
20414,169,178,88,16,16
20415,169,178,89,5,5
20416,169,178,90,15,15
20417,169,178,91,5,5
20418,169,178,92,5,5
20419,169,178,93,5,5
20420,169,178,94,5,5
20421,169,178,95,5,5
20422,169,178,96,15,15
20423,169,178,97,5,5
20424,169,178,98,14,14
20425,169,178,99,14,14
20426,169,178,100,14,14
20427,169,178,101,9,9
20428,169,179,86,16,16
20429,169,179,87,16,16
20430,169,179,88,16,16
20431,169,179,89,5,5
20432,169,179,90,5,5
20433,169,179,91,15,15
20434,169,179,92,15,15
20435,169,179,93,14,14
20436,169,179,94,5,5
20437,169,179,95,5,5
20438,169,179,96,14,14
20439,169,179,97,14,14
20440,169,179,98,14,14
20441,169,179,99,14,14
20442,169,179,100,14,14
20443,169,180,87,16,16
20444,169,180,88,16,16
20445,169,180,89,5,5
20446,169,180,90,5,5
20447,169,180,91,5,5
20448,169,180,92,5,5
20449,169,180,93,14,14
20450,169,180,94,5,5
20451,169,180,95,14,14
20452,169,180,96,14,14
20453,169,180,97,14,14
20454,169,180,98,14,14
20455,169,181,88,16,16
20456,169,181,89,5,5
20457,169,181,90,5,5
20458,169,181,91,5,5
20459,169,181,92,14,14
20460,169,181,93,14,14
20461,169,181,94,14,14
20462,169,181,95,14,14
20463,169,181,96,14,14
20464,169,181,97,14,14
20465,169,181,98,2,2
20466,169,182,88,16,16
20467,169,182,89,14,14
20468,169,182,90,14,14
20469,169,182,92,14,14
20470,169,182,93,14,14
20471,169,182,94,14,14
20472,169,182,95,14,14
20473,169,182,96,16,16
20474,169,182,97,16,16
20475,169,183,92,14,14
20476,170,157,95,3,3
20477,170,158,95,3,3
20478,170,158,104,2,2
20479,170,158,105,2,2
20480,170,159,97,14,14
20481,170,159,98,3,3
20482,170,159,101,2,2
20483,170,159,102,2,2
20484,170,159,103,2,2
20485,170,159,104,2,2
20486,170,159,105,2,2
20487,170,160,96,5,5
20488,170,160,97,5,5
20489,170,160,98,5,5
20490,170,160,99,5,5
20491,170,160,100,5,5
20492,170,160,101,5,5
20493,170,160,102,5,5
20494,170,160,103,2,2
20495,170,160,104,2,2
20496,170,160,105,2,2
20497,170,161,96,5,5
20498,170,161,97,5,5
20499,170,161,98,5,5
20500,170,161,99,5,5
20501,170,161,100,5,5
20502,170,161,101,5,5
20503,170,161,102,14,14
20504,170,161,103,5,5
20505,170,161,104,5,5
20506,170,161,105,2,2
20507,170,162,92,16,16
20508,170,162,93,16,16
20509,170,162,94,16,16
20510,170,162,95,5,5
20511,170,162,96,5,5
20512,170,162,97,5,5
20513,170,162,98,5,5
20514,170,162,99,5,5
20515,170,162,100,5,5
20516,170,162,101,5,5
20517,170,162,102,5,5
20518,170,162,103,5,5
20519,170,162,104,5,5
20520,170,162,105,2,2
20521,170,162,111,9,9
20522,170,162,112,9,9
20523,170,163,90,16,16
20524,170,163,91,16,16
20525,170,163,92,16,16
20526,170,163,93,5,5
20527,170,163,94,5,5
20528,170,163,95,5,5
20529,170,163,96,5,5
20530,170,163,97,5,5
20531,170,163,98,5,5
20532,170,163,99,5,5
20533,170,163,100,5,5
20534,170,163,101,5,5
20535,170,163,102,5,5
20536,170,163,103,5,5
20537,170,163,104,5,5
20538,170,163,105,5,5
20539,170,163,106,2,2
20540,170,163,107,2,2
20541,170,163,111,9,9
20542,170,164,89,11,11
20543,170,164,90,16,16
20544,170,164,91,5,5
20545,170,164,92,5,5
20546,170,164,93,5,5
20547,170,164,94,5,5
20548,170,164,95,5,5
20549,170,164,96,15,15
20550,170,164,97,15,15
20551,170,164,98,15,15
20552,170,164,99,15,15
20553,170,164,100,15,15
20554,170,164,101,15,15
20555,170,164,102,5,5
20556,170,164,103,5,5
20557,170,164,104,5,5
20558,170,164,105,5,5
20559,170,164,106,5,5
20560,170,164,107,14,14
20561,170,164,108,7,7
20562,170,164,109,7,7
20563,170,165,90,16,16
20564,170,165,91,5,5
20565,170,165,92,15,15
20566,170,165,93,5,5
20567,170,165,94,5,5
20568,170,165,95,5,5
20569,170,165,96,15,15
20570,170,165,97,15,15
20571,170,165,98,15,15
20572,170,165,99,15,15
20573,170,165,100,7,7
20574,170,165,101,7,7
20575,170,165,102,15,15
20576,170,165,103,5,5
20577,170,165,104,5,5
20578,170,165,105,5,5
20579,170,165,106,14,14
20580,170,165,107,14,14
20581,170,165,108,14,14
20582,170,165,109,9,9
20583,170,165,110,9,9
20584,170,166,90,16,16
20585,170,166,91,5,5
20586,170,166,92,15,15
20587,170,166,93,15,15
20588,170,166,94,15,15
20589,170,166,95,15,15
20590,170,166,96,15,15
20591,170,166,97,15,15
20592,170,166,98,15,15
20593,170,166,99,15,15
20594,170,166,100,7,7
20595,170,166,101,7,7
20596,170,166,102,15,15
20597,170,166,103,14,14
20598,170,166,104,14,14
20599,170,166,105,5,5
20600,170,166,106,14,14
20601,170,166,107,14,14
20602,170,166,108,14,14
20603,170,166,109,9,9
20604,170,167,90,5,5
20605,170,167,91,5,5
20606,170,167,92,15,15
20607,170,167,93,15,15
20608,170,167,94,15,15
20609,170,167,95,15,15
20610,170,167,96,15,15
20611,170,167,97,15,15
20612,170,167,98,5,5
20613,170,167,99,5,5
20614,170,167,100,7,7
20615,170,167,101,7,7
20616,170,167,102,7,7
20617,170,167,103,14,14
20618,170,167,104,14,14
20619,170,167,105,14,14
20620,170,167,106,14,14
20621,170,167,107,14,14
20622,170,168,89,16,16
20623,170,168,90,5,5
20624,170,168,91,5,5
20625,170,168,92,15,15
20626,170,168,93,15,15
20627,170,168,94,5,5
20628,170,168,95,15,15
20629,170,168,96,15,15
20630,170,168,97,15,15
20631,170,168,98,15,15
20632,170,168,99,5,5
20633,170,168,100,7,7
20634,170,168,101,7,7
20635,170,168,102,14,14
20636,170,168,103,14,14
20637,170,168,104,14,14
20638,170,168,105,14,14
20639,170,168,106,14,14
20640,170,168,107,14,14
20641,170,169,87,16,16
20642,170,169,88,16,16
20643,170,169,89,5,5
20644,170,169,90,5,5
20645,170,169,91,15,15
20646,170,169,92,5,5
20647,170,169,93,15,15
20648,170,169,94,5,5
20649,170,169,95,5,5
20650,170,169,96,15,15
20651,170,169,97,15,15
20652,170,169,98,15,15
20653,170,169,99,5,5
20654,170,169,100,14,14
20655,170,169,101,14,14
20656,170,169,102,14,14
20657,170,169,103,14,14
20658,170,169,104,14,14
20659,170,169,105,14,14
20660,170,169,106,14,14
20661,170,169,107,9,9
20662,170,170,87,16,16
20663,170,170,88,16,16
20664,170,170,89,5,5
20665,170,170,90,15,15
20666,170,170,91,15,15
20667,170,170,92,15,15
20668,170,170,93,5,5
20669,170,170,94,5,5
20670,170,170,95,5,5
20671,170,170,96,15,15
20672,170,170,97,15,15
20673,170,170,98,5,5
20674,170,170,99,5,5
20675,170,170,100,14,14
20676,170,170,101,14,14
20677,170,170,102,14,14
20678,170,170,103,14,14
20679,170,170,104,14,14
20680,170,170,105,14,14
20681,170,170,106,16,16
20682,170,170,107,9,9
20683,170,171,87,16,16
20684,170,171,88,16,16
20685,170,171,89,5,5
20686,170,171,90,15,15
20687,170,171,91,15,15
20688,170,171,92,5,5
20689,170,171,93,5,5
20690,170,171,94,5,5
20691,170,171,95,5,5
20692,170,171,96,15,15
20693,170,171,97,5,5
20694,170,171,98,5,5
20695,170,171,99,5,5
20696,170,171,100,14,14
20697,170,171,101,5,5
20698,170,171,102,5,5
20699,170,171,103,14,14
20700,170,171,104,14,14
20701,170,171,105,16,16
20702,170,171,106,9,9
20703,170,171,107,9,9
20704,170,172,87,16,16
20705,170,172,88,16,16
20706,170,172,89,5,5
20707,170,172,90,5,5
20708,170,172,91,15,15
20709,170,172,92,15,15
20710,170,172,93,15,15
20711,170,172,94,15,15
20712,170,172,95,5,5
20713,170,172,96,5,5
20714,170,172,97,5,5
20715,170,172,98,15,15
20716,170,172,99,5,5
20717,170,172,100,5,5
20718,170,172,101,5,5
20719,170,172,102,14,14
20720,170,172,103,14,14
20721,170,172,104,14,14
20722,170,172,105,9,9
20723,170,173,87,16,16
20724,170,173,88,16,16
20725,170,173,89,5,5
20726,170,173,90,5,5
20727,170,173,91,5,5
20728,170,173,92,5,5
20729,170,173,93,15,15
20730,170,173,94,15,15
20731,170,173,95,15,15
20732,170,173,96,5,5
20733,170,173,97,5,5
20734,170,173,98,15,15
20735,170,173,99,5,5
20736,170,173,100,5,5
20737,170,173,101,5,5
20738,170,173,102,14,14
20739,170,173,103,14,14
20740,170,173,104,16,16
20741,170,174,87,16,16
20742,170,174,88,16,16
20743,170,174,89,16,16
20744,170,174,90,5,5
20745,170,174,91,5,5
20746,170,174,92,15,15
20747,170,174,93,15,15
20748,170,174,94,2,2
20749,170,174,95,2,2
20750,170,174,96,5,5
20751,170,174,97,5,5
20752,170,174,98,5,5
20753,170,174,99,5,5
20754,170,174,100,14,14
20755,170,174,101,14,14
20756,170,174,102,14,14
20757,170,174,103,2,2
20758,170,175,87,16,16
20759,170,175,88,16,16
20760,170,175,89,16,16
20761,170,175,90,16,16
20762,170,175,91,14,14
20763,170,175,92,15,15
20764,170,175,93,15,15
20765,170,175,94,15,15
20766,170,175,95,15,15
20767,170,175,96,5,5
20768,170,175,97,5,5
20769,170,175,98,14,14
20770,170,175,99,14,14
20771,170,175,100,14,14
20772,170,175,101,14,14
20773,170,175,102,2,2
20774,170,175,103,9,9
20775,170,176,87,16,16
20776,170,176,88,16,16
20777,170,176,89,16,16
20778,170,176,90,16,16
20779,170,176,91,14,14
20780,170,176,92,16,16
20781,170,176,93,14,14
20782,170,176,94,14,14
20783,170,176,95,14,14
20784,170,176,96,15,15
20785,170,176,97,14,14
20786,170,176,98,14,14
20787,170,176,99,14,14
20788,170,176,100,14,14
20789,170,176,101,14,14
20790,170,176,102,9,9
20791,170,177,87,16,16
20792,170,177,88,16,16
20793,170,177,89,16,16
20794,170,177,90,5,5
20795,170,177,91,16,16
20796,170,177,92,14,14
20797,170,177,93,14,14
20798,170,177,94,14,14
20799,170,177,95,14,14
20800,170,177,96,14,14
20801,170,177,97,14,14
20802,170,177,98,14,14
20803,170,177,99,14,14
20804,170,177,100,14,14
20805,170,177,101,9,9
20806,170,178,87,16,16
20807,170,178,88,16,16
20808,170,178,89,5,5
20809,170,178,90,5,5
20810,170,178,91,14,14
20811,170,178,92,14,14
20812,170,178,93,14,14
20813,170,178,94,14,14
20814,170,178,95,14,14
20815,170,178,96,14,14
20816,170,178,97,14,14
20817,170,178,98,14,14
20818,170,178,99,14,14
20819,170,178,100,9,9
20820,170,179,87,16,16
20821,170,179,88,16,16
20822,170,179,89,15,15
20823,170,179,90,15,15
20824,170,179,91,5,5
20825,170,179,92,5,5
20826,170,179,93,5,5
20827,170,179,94,14,14
20828,170,179,95,14,14
20829,170,179,96,14,14
20830,170,179,97,14,14
20831,170,179,98,14,14
20832,170,179,100,9,9
20833,170,180,87,16,16
20834,170,180,88,16,16
20835,170,180,89,15,15
20836,170,180,90,15,15
20837,170,180,91,5,5
20838,170,180,92,5,5
20839,170,180,93,14,14
20840,170,180,94,14,14
20841,170,180,95,14,14
20842,170,180,96,14,14
20843,170,180,97,14,14
20844,170,180,98,16,16
20845,170,181,87,16,16
20846,170,181,88,16,16
20847,170,181,93,14,14
20848,170,181,94,14,14
20849,170,181,95,14,14
20850,170,181,96,16,16
20851,170,181,97,16,16
20852,170,182,94,16,16
20853,171,158,104,2,2
20854,171,158,105,2,2
20855,171,159,97,3,3
20856,171,159,98,3,3
20857,171,159,101,3,3
20858,171,159,102,2,2
20859,171,159,103,2,2
20860,171,159,104,2,2
20861,171,159,105,2,2
20862,171,160,97,5,5
20863,171,160,98,2,2
20864,171,160,99,5,5
20865,171,160,100,15,15
20866,171,160,101,5,5
20867,171,160,102,5,5
20868,171,160,103,2,2
20869,171,160,104,2,2
20870,171,160,105,2,2
20871,171,161,96,16,16
20872,171,161,97,5,5
20873,171,161,98,5,5
20874,171,161,99,5,5
20875,171,161,100,5,5
20876,171,161,101,5,5
20877,171,161,102,5,5
20878,171,161,103,14,14
20879,171,161,104,5,5
20880,171,161,105,2,2
20881,171,162,95,16,16
20882,171,162,96,5,5
20883,171,162,97,5,5
20884,171,162,98,5,5
20885,171,162,99,5,5
20886,171,162,100,5,5
20887,171,162,101,5,5
20888,171,162,102,5,5
20889,171,162,103,14,14
20890,171,162,104,14,14
20891,171,162,105,14,14
20892,171,162,106,14,14
20893,171,163,92,16,16
20894,171,163,93,16,16
20895,171,163,94,16,16
20896,171,163,95,16,16
20897,171,163,96,5,5
20898,171,163,97,5,5
20899,171,163,98,5,5
20900,171,163,99,15,15
20901,171,163,100,15,15
20902,171,163,101,15,15
20903,171,163,102,5,5
20904,171,163,103,5,5
20905,171,163,104,14,14
20906,171,163,105,14,14
20907,171,163,106,14,14
20908,171,163,107,7,7
20909,171,164,91,16,16
20910,171,164,92,16,16
20911,171,164,93,16,16
20912,171,164,94,16,16
20913,171,164,95,5,5
20914,171,164,96,5,5
20915,171,164,97,15,15
20916,171,164,98,15,15
20917,171,164,99,15,15
20918,171,164,100,15,15
20919,171,164,101,15,15
20920,171,164,102,15,15
20921,171,164,103,5,5
20922,171,164,104,14,14
20923,171,164,105,7,7
20924,171,164,106,7,7
20925,171,164,107,14,14
20926,171,164,108,7,7
20927,171,165,90,11,11
20928,171,165,91,16,16
20929,171,165,92,16,16
20930,171,165,93,5,5
20931,171,165,94,5,5
20932,171,165,95,5,5
20933,171,165,96,15,15
20934,171,165,97,15,15
20935,171,165,98,15,15
20936,171,165,99,15,15
20937,171,165,100,15,15
20938,171,165,101,15,15
20939,171,165,102,15,15
20940,171,165,103,5,5
20941,171,165,104,14,14
20942,171,165,105,7,7
20943,171,165,106,7,7
20944,171,165,107,14,14
20945,171,166,90,8,8
20946,171,166,91,16,16
20947,171,166,92,5,5
20948,171,166,93,15,15
20949,171,166,94,15,15
20950,171,166,95,5,5
20951,171,166,96,5,5
20952,171,166,97,15,15
20953,171,166,98,15,15
20954,171,166,99,15,15
20955,171,166,100,15,15
20956,171,166,101,7,7
20957,171,166,102,5,5
20958,171,166,103,14,14
20959,171,166,104,14,14
20960,171,166,105,14,14
20961,171,166,106,14,14
20962,171,166,107,14,14
20963,171,167,90,16,16
20964,171,167,91,16,16
20965,171,167,92,5,5
20966,171,167,93,15,15
20967,171,167,94,15,15
20968,171,167,95,5,5
20969,171,167,96,15,15
20970,171,167,97,15,15
20971,171,167,98,15,15
20972,171,167,99,5,5
20973,171,167,100,15,15
20974,171,167,101,7,7
20975,171,167,102,14,14
20976,171,167,103,14,14
20977,171,167,104,14,14
20978,171,167,105,14,14
20979,171,167,106,14,14
20980,171,168,90,16,16
20981,171,168,91,5,5
20982,171,168,92,5,5
20983,171,168,93,15,15
20984,171,168,94,15,15
20985,171,168,95,15,15
20986,171,168,96,15,15
20987,171,168,97,15,15
20988,171,168,98,15,15
20989,171,168,99,5,5
20990,171,168,100,5,5
20991,171,168,101,15,15
20992,171,168,102,14,14
20993,171,168,103,14,14
20994,171,168,104,14,14
20995,171,168,105,14,14
20996,171,169,89,16,16
20997,171,169,90,5,5
20998,171,169,91,5,5
20999,171,169,92,15,15
21000,171,169,93,5,5
21001,171,169,94,5,5
21002,171,169,95,5,5
21003,171,169,96,15,15
21004,171,169,97,15,15
21005,171,169,98,15,15
21006,171,169,99,15,15
21007,171,169,100,5,5
21008,171,169,101,14,14
21009,171,169,102,5,5
21010,171,169,103,14,14
21011,171,169,104,14,14
21012,171,169,105,14,14
21013,171,170,88,16,16
21014,171,170,89,16,16
21015,171,170,90,5,5
21016,171,170,91,15,15
21017,171,170,92,15,15
21018,171,170,93,5,5
21019,171,170,94,5,5
21020,171,170,95,5,5
21021,171,170,96,5,5
21022,171,170,97,5,5
21023,171,170,98,5,5
21024,171,170,99,5,5
21025,171,170,100,5,5
21026,171,170,101,5,5
21027,171,170,102,14,14
21028,171,170,103,14,14
21029,171,170,104,14,14
21030,171,171,88,16,16
21031,171,171,89,16,16
21032,171,171,90,5,5
21033,171,171,91,15,15
21034,171,171,92,15,15
21035,171,171,93,5,5
21036,171,171,94,5,5
21037,171,171,95,5,5
21038,171,171,96,5,5
21039,171,171,97,5,5
21040,171,171,98,5,5
21041,171,171,99,5,5
21042,171,171,100,5,5
21043,171,171,101,14,14
21044,171,171,102,14,14
21045,171,171,103,14,14
21046,171,171,104,16,16
21047,171,172,88,16,16
21048,171,172,89,16,16
21049,171,172,90,16,16
21050,171,172,91,5,5
21051,171,172,92,15,15
21052,171,172,93,15,15
21053,171,172,94,5,5
21054,171,172,95,5,5
21055,171,172,96,5,5
21056,171,172,97,5,5
21057,171,172,98,5,5
21058,171,172,99,5,5
21059,171,172,100,5,5
21060,171,172,101,14,14
21061,171,172,102,14,14
21062,171,172,103,14,14
21063,171,173,88,16,16
21064,171,173,89,16,16
21065,171,173,90,16,16
21066,171,173,91,16,16
21067,171,173,92,5,5
21068,171,173,93,15,15
21069,171,173,94,5,5
21070,171,173,95,5,5
21071,171,173,96,5,5
21072,171,173,97,5,5
21073,171,173,98,5,5
21074,171,173,99,14,14
21075,171,173,100,14,14
21076,171,173,101,14,14
21077,171,173,102,14,14
21078,171,173,103,9,9
21079,171,174,87,16,16
21080,171,174,88,16,16
21081,171,174,89,8,8
21082,171,174,90,2,2
21083,171,174,91,16,16
21084,171,174,92,5,5
21085,171,174,93,5,5
21086,171,174,94,5,5
21087,171,174,95,5,5
21088,171,174,96,5,5
21089,171,174,97,14,14
21090,171,174,98,14,14
21091,171,174,99,14,14
21092,171,174,100,14,14
21093,171,174,101,14,14
21094,171,174,102,9,9
21095,171,174,103,9,9
21096,171,175,86,16,16
21097,171,175,87,16,16
21098,171,175,88,8,8
21099,171,175,89,16,16
21100,171,175,90,16,16
21101,171,175,91,14,14
21102,171,175,92,5,5
21103,171,175,93,5,5
21104,171,175,94,5,5
21105,171,175,95,5,5
21106,171,175,96,5,5
21107,171,175,97,14,14
21108,171,175,98,14,14
21109,171,175,99,14,14
21110,171,175,100,14,14
21111,171,175,101,9,9
21112,171,176,86,16,16
21113,171,176,87,16,16
21114,171,176,88,2,2
21115,171,176,89,16,16
21116,171,176,90,16,16
21117,171,176,91,14,14
21118,171,176,92,5,5
21119,171,176,93,5,5
21120,171,176,94,5,5
21121,171,176,95,14,14
21122,171,176,96,14,14
21123,171,176,97,14,14
21124,171,176,98,14,14
21125,171,176,99,14,14
21126,171,176,100,9,9
21127,171,177,86,16,16
21128,171,177,87,16,16
21129,171,177,88,16,16
21130,171,177,89,16,16
21131,171,177,90,14,14
21132,171,177,91,14,14
21133,171,177,92,14,14
21134,171,177,93,14,14
21135,171,177,94,14,14
21136,171,177,95,14,14
21137,171,177,96,14,14
21138,171,177,97,14,14
21139,171,177,98,14,14
21140,171,177,99,2,2
21141,171,178,86,16,16
21142,171,178,87,16,16
21143,171,178,88,16,16
21144,171,178,89,5,5
21145,171,178,90,5,5
21146,171,178,91,14,14
21147,171,178,92,14,14
21148,171,178,93,14,14
21149,171,178,94,14,14
21150,171,178,95,14,14
21151,171,178,96,14,14
21152,171,178,97,14,14
21153,171,178,98,14,14
21154,171,179,87,16,16
21155,171,179,88,16,16
21156,171,179,89,15,15
21157,171,179,90,5,5
21158,171,179,91,14,14
21159,171,179,92,14,14
21160,171,179,93,14,14
21161,171,179,94,14,14
21162,171,179,95,14,14
21163,171,179,96,14,14
21164,171,179,97,14,14
21165,171,180,94,14,14
21166,172,158,105,2,2
21167,172,159,97,15,15
21168,172,159,98,3,3
21169,172,159,101,3,3
21170,172,159,102,2,2
21171,172,159,103,2,2
21172,172,159,104,2,2
21173,172,159,105,2,2
21174,172,160,97,15,15
21175,172,160,98,15,15
21176,172,160,99,15,15
21177,172,160,100,15,15
21178,172,160,101,15,15
21179,172,160,102,15,15
21180,172,160,103,15,15
21181,172,160,104,2,2
21182,172,160,105,2,2
21183,172,161,98,5,5
21184,172,161,99,5,5
21185,172,161,100,5,5
21186,172,161,101,5,5
21187,172,161,102,5,5
21188,172,161,103,5,5
21189,172,161,104,7,7
21190,172,161,105,14,14
21191,172,162,97,5,5
21192,172,162,98,5,5
21193,172,162,99,5,5
21194,172,162,100,15,15
21195,172,162,101,5,5
21196,172,162,102,5,5
21197,172,162,103,5,5
21198,172,162,104,7,7
21199,172,162,105,14,14
21200,172,162,106,7,7
21201,172,163,96,16,16
21202,172,163,97,5,5
21203,172,163,98,5,5
21204,172,163,99,5,5
21205,172,163,100,15,15
21206,172,163,101,15,15
21207,172,163,102,15,15
21208,172,163,103,7,7
21209,172,163,104,7,7
21210,172,163,105,7,7
21211,172,163,106,7,7
21212,172,163,107,7,7
21213,172,164,92,16,16
21214,172,164,93,16,16
21215,172,164,94,16,16
21216,172,164,95,16,16
21217,172,164,96,16,16
21218,172,164,97,5,5
21219,172,164,98,5,5
21220,172,164,99,5,5
21221,172,164,100,15,15
21222,172,164,101,15,15
21223,172,164,102,5,5
21224,172,164,103,14,14
21225,172,164,104,7,7
21226,172,164,105,7,7
21227,172,164,106,7,7
21228,172,164,107,7,7
21229,172,165,92,16,16
21230,172,165,93,16,16
21231,172,165,94,16,16
21232,172,165,95,16,16
21233,172,165,96,5,5
21234,172,165,97,5,5
21235,172,165,98,5,5
21236,172,165,99,5,5
21237,172,165,100,15,15
21238,172,165,101,15,15
21239,172,165,102,5,5
21240,172,165,103,14,14
21241,172,165,104,14,14
21242,172,165,105,7,7
21243,172,165,106,7,7
21244,172,165,107,9,9
21245,172,166,92,16,16
21246,172,166,93,16,16
21247,172,166,94,16,16
21248,172,166,95,16,16
21249,172,166,96,5,5
21250,172,166,97,5,5
21251,172,166,98,5,5
21252,172,166,99,5,5
21253,172,166,100,15,15
21254,172,166,101,15,15
21255,172,166,102,14,14
21256,172,166,103,14,14
21257,172,166,104,14,14
21258,172,166,105,14,14
21259,172,166,106,7,7
21260,172,167,91,16,16
21261,172,167,92,16,16
21262,172,167,93,16,16
21263,172,167,94,16,16
21264,172,167,95,16,16
21265,172,167,96,5,5
21266,172,167,97,5,5
21267,172,167,98,5,5
21268,172,167,99,5,5
21269,172,167,100,5,5
21270,172,167,101,5,5
21271,172,167,102,14,14
21272,172,167,103,14,14
21273,172,167,104,14,14
21274,172,167,105,14,14
21275,172,167,106,9,9
21276,172,168,91,5,5
21277,172,168,92,5,5
21278,172,168,93,5,5
21279,172,168,94,5,5
21280,172,168,95,5,5
21281,172,168,96,15,15
21282,172,168,97,5,5
21283,172,168,98,5,5
21284,172,168,99,5,5
21285,172,168,100,5,5
21286,172,168,101,5,5
21287,172,168,102,14,14
21288,172,168,103,14,14
21289,172,168,104,14,14
21290,172,168,105,2,2
21291,172,169,90,5,5
21292,172,169,91,5,5
21293,172,169,92,5,5
21294,172,169,93,5,5
21295,172,169,94,5,5
21296,172,169,95,15,15
21297,172,169,96,15,15
21298,172,169,97,5,5
21299,172,169,98,5,5
21300,172,169,99,15,15
21301,172,169,100,5,5
21302,172,169,101,5,5
21303,172,169,102,14,14
21304,172,169,103,14,14
21305,172,169,104,16,16
21306,172,170,89,16,16
21307,172,170,90,16,16
21308,172,170,91,5,5
21309,172,170,92,5,5
21310,172,170,93,5,5
21311,172,170,94,5,5
21312,172,170,95,5,5
21313,172,170,96,5,5
21314,172,170,97,5,5
21315,172,170,98,5,5
21316,172,170,99,15,15
21317,172,170,100,5,5
21318,172,170,101,14,14
21319,172,170,102,14,14
21320,172,170,103,16,16
21321,172,171,89,16,16
21322,172,171,90,16,16
21323,172,171,91,5,5
21324,172,171,92,5,5
21325,172,171,93,5,5
21326,172,171,94,5,5
21327,172,171,95,5,5
21328,172,171,96,5,5
21329,172,171,97,5,5
21330,172,171,98,5,5
21331,172,171,99,5,5
21332,172,171,100,14,14
21333,172,171,101,14,14
21334,172,171,102,14,14
21335,172,171,103,16,16
21336,172,172,89,16,16
21337,172,172,90,16,16
21338,172,172,91,5,5
21339,172,172,92,5,5
21340,172,172,93,5,5
21341,172,172,94,5,5
21342,172,172,95,5,5
21343,172,172,96,5,5
21344,172,172,97,5,5
21345,172,172,98,5,5
21346,172,172,99,14,14
21347,172,172,100,14,14
21348,172,172,101,14,14
21349,172,172,102,16,16
21350,172,172,103,9,9
21351,172,173,88,16,16
21352,172,173,89,16,16
21353,172,173,90,16,16
21354,172,173,91,5,5
21355,172,173,92,5,5
21356,172,173,93,5,5
21357,172,173,94,5,5
21358,172,173,95,5,5
21359,172,173,96,5,5
21360,172,173,97,5,5
21361,172,173,98,14,14
21362,172,173,99,14,14
21363,172,173,100,14,14
21364,172,173,101,16,16
21365,172,173,102,9,9
21366,172,174,87,16,16
21367,172,174,88,16,16
21368,172,174,89,8,8
21369,172,174,90,16,16
21370,172,174,91,5,5
21371,172,174,92,5,5
21372,172,174,93,5,5
21373,172,174,94,5,5
21374,172,174,95,14,14
21375,172,174,96,14,14
21376,172,174,97,14,14
21377,172,174,98,14,14
21378,172,174,99,14,14
21379,172,174,100,16,16
21380,172,174,101,9,9
21381,172,175,86,16,16
21382,172,175,87,16,16
21383,172,175,88,16,16
21384,172,175,89,16,16
21385,172,175,90,5,5
21386,172,175,91,14,14
21387,172,175,92,5,5
21388,172,175,93,5,5
21389,172,175,94,5,5
21390,172,175,95,14,14
21391,172,175,96,14,14
21392,172,175,97,14,14
21393,172,175,98,14,14
21394,172,175,99,2,2
21395,172,176,86,16,16
21396,172,176,87,16,16
21397,172,176,88,16,16
21398,172,176,89,14,14
21399,172,176,90,14,14
21400,172,176,91,14,14
21401,172,176,92,5,5
21402,172,176,93,5,5
21403,172,176,94,14,14
21404,172,176,95,14,14
21405,172,176,96,14,14
21406,172,176,97,14,14
21407,172,176,98,14,14
21408,172,177,86,16,16
21409,172,177,87,15,15
21410,172,177,88,5,5
21411,172,177,89,14,14
21412,172,177,90,14,14
21413,172,177,91,14,14
21414,172,177,92,14,14
21415,172,177,93,14,14
21416,172,177,94,14,14
21417,172,177,95,14,14
21418,172,177,96,14,14
21419,172,178,86,16,16
21420,172,178,87,16,16
21421,172,178,88,5,5
21422,172,178,89,5,5
21423,172,178,90,14,14
21424,172,178,92,14,14
21425,172,178,93,14,14
21426,172,178,94,14,14
21427,172,178,95,16,16
21428,172,179,92,14,14
21429,172,179,93,16,16
21430,172,179,94,16,16
21431,173,159,98,3,3
21432,173,159,101,2,2
21433,173,159,102,2,2
21434,173,159,103,2,2
21435,173,159,104,2,2
21436,173,160,97,7,7
21437,173,160,98,15,15
21438,173,160,99,15,15
21439,173,160,101,2,2
21440,173,160,102,15,15
21441,173,160,103,15,15
21442,173,160,104,2,2
21443,173,160,105,7,7
21444,173,161,97,7,7
21445,173,161,98,7,7
21446,173,161,99,5,5
21447,173,161,100,5,5
21448,173,161,101,5,5
21449,173,161,102,5,5
21450,173,161,103,7,7
21451,173,161,104,7,7
21452,173,161,105,7,7
21453,173,162,98,7,7
21454,173,162,99,14,14
21455,173,162,100,5,5
21456,173,162,101,5,5
21457,173,162,102,5,5
21458,173,162,103,7,7
21459,173,162,104,7,7
21460,173,162,105,7,7
21461,173,163,98,16,16
21462,173,163,99,14,14
21463,173,163,100,5,5
21464,173,163,101,5,5
21465,173,163,102,7,7
21466,173,163,103,7,7
21467,173,163,104,7,7
21468,173,163,105,7,7
21469,173,163,106,13,13
21470,173,164,98,16,16
21471,173,164,99,16,16
21472,173,164,100,5,5
21473,173,164,101,5,5
21474,173,164,102,7,7
21475,173,164,103,7,7
21476,173,164,104,7,7
21477,173,164,105,7,7
21478,173,165,93,16,16
21479,173,165,94,16,16
21480,173,165,98,16,16
21481,173,165,99,16,16
21482,173,165,100,16,16
21483,173,165,101,14,14
21484,173,165,102,14,14
21485,173,165,103,14,14
21486,173,165,104,7,7
21487,173,165,105,7,7
21488,173,166,93,16,16
21489,173,166,94,16,16
21490,173,166,97,16,16
21491,173,166,98,16,16
21492,173,166,99,16,16
21493,173,166,100,16,16
21494,173,166,101,14,14
21495,173,166,102,14,14
21496,173,166,103,14,14
21497,173,166,104,14,14
21498,173,167,93,16,16
21499,173,167,94,16,16
21500,173,167,95,16,16
21501,173,167,96,16,16
21502,173,167,97,16,16
21503,173,167,98,16,16
21504,173,167,99,5,5
21505,173,167,100,5,5
21506,173,167,101,14,14
21507,173,167,102,14,14
21508,173,167,103,14,14
21509,173,168,93,16,16
21510,173,168,94,16,16
21511,173,168,95,16,16
21512,173,168,96,16,16
21513,173,168,97,16,16
21514,173,168,98,5,5
21515,173,168,99,5,5
21516,173,168,100,5,5
21517,173,168,101,14,14
21518,173,168,102,14,14
21519,173,168,103,14,14
21520,173,169,91,16,16
21521,173,169,92,16,16
21522,173,169,93,16,16
21523,173,169,94,16,16
21524,173,169,95,16,16
21525,173,169,96,5,5
21526,173,169,97,5,5
21527,173,169,98,5,5
21528,173,169,99,15,15
21529,173,169,100,2,2
21530,173,169,101,14,14
21531,173,169,102,16,16
21532,173,170,90,16,16
21533,173,170,91,16,16
21534,173,170,92,16,16
21535,173,170,93,16,16
21536,173,170,94,16,16
21537,173,170,95,5,5
21538,173,170,96,5,5
21539,173,170,97,5,5
21540,173,170,98,5,5
21541,173,170,99,2,2
21542,173,170,100,2,2
21543,173,170,101,16,16
21544,173,170,102,2,2
21545,173,171,90,16,16
21546,173,171,91,16,16
21547,173,171,92,16,16
21548,173,171,93,5,5
21549,173,171,94,5,5
21550,173,171,95,5,5
21551,173,171,96,5,5
21552,173,171,97,5,5
21553,173,171,98,14,14
21554,173,171,99,14,14
21555,173,171,100,16,16
21556,173,171,101,16,16
21557,173,172,88,16,16
21558,173,172,89,16,16
21559,173,172,90,16,16
21560,173,172,91,16,16
21561,173,172,92,5,5
21562,173,172,93,5,5
21563,173,172,94,5,5
21564,173,172,95,5,5
21565,173,172,96,5,5
21566,173,172,97,14,14
21567,173,172,98,14,14
21568,173,172,99,16,16
21569,173,172,100,16,16
21570,173,172,101,2,2
21571,173,173,86,16,16
21572,173,173,87,16,16
21573,173,173,88,16,16
21574,173,173,89,16,16
21575,173,173,90,5,5
21576,173,173,91,15,15
21577,173,173,92,15,15
21578,173,173,93,5,5
21579,173,173,94,5,5
21580,173,173,95,14,14
21581,173,173,96,14,14
21582,173,173,97,14,14
21583,173,173,98,14,14
21584,173,173,99,16,16
21585,173,173,100,2,2
21586,173,174,86,16,16
21587,173,174,87,16,16
21588,173,174,88,16,16
21589,173,174,89,5,5
21590,173,174,90,5,5
21591,173,174,91,5,5
21592,173,174,92,15,15
21593,173,174,93,5,5
21594,173,174,94,14,14
21595,173,174,95,14,14
21596,173,174,96,14,14
21597,173,174,97,14,14
21598,173,174,98,16,16
21599,173,174,99,9,9
21600,173,175,86,16,16
21601,173,175,87,16,16
21602,173,175,88,14,14
21603,173,175,89,5,5
21604,173,175,90,5,5
21605,173,175,91,14,14
21606,173,175,92,14,14
21607,173,175,93,14,14
21608,173,175,94,14,14
21609,173,175,95,14,14
21610,173,175,96,16,16
21611,173,175,97,2,2
21612,173,176,86,16,16
21613,173,176,87,5,5
21614,173,176,88,14,14
21615,173,176,89,14,14
21616,173,176,90,5,5
21617,173,176,91,14,14
21618,173,176,92,14,14
21619,173,176,93,14,14
21620,173,176,94,14,14
21621,173,177,92,14,14
21622,173,177,94,16,16
21623,173,178,93,16,16
21624,174,159,98,3,3
21625,174,159,102,3,3
21626,174,159,103,2,2
21627,174,160,98,15,15
21628,174,160,101,3,3
21629,174,160,102,15,15
21630,174,160,103,7,7
21631,174,160,105,7,7
21632,174,161,97,7,7
21633,174,161,98,7,7
21634,174,161,101,5,5
21635,174,161,102,7,7
21636,174,161,103,7,7
21637,174,161,104,7,7
21638,174,161,105,7,7
21639,174,162,98,7,7
21640,174,162,101,7,7
21641,174,162,102,7,7
21642,174,162,103,7,7
21643,174,162,104,7,7
21644,174,162,105,9,9
21645,174,162,106,9,9
21646,174,163,98,7,7
21647,174,163,99,7,7
21648,174,163,100,7,7
21649,174,163,101,7,7
21650,174,163,102,7,7
21651,174,163,103,7,7
21652,174,163,104,7,7
21653,174,164,99,7,7
21654,174,164,100,14,14
21655,174,164,101,7,7
21656,174,164,102,7,7
21657,174,164,103,7,7
21658,174,165,99,5,5
21659,174,165,100,14,14
21660,174,165,101,14,14
21661,174,165,102,14,14
21662,174,166,99,14,14
21663,174,166,100,14,14
21664,174,166,101,14,14
21665,174,166,102,14,14
21666,174,167,98,16,16
21667,174,167,99,14,14
21668,174,167,100,14,14
21669,174,167,101,14,14
21670,174,167,102,2,2
21671,174,168,96,16,16
21672,174,168,97,5,5
21673,174,168,98,16,16
21674,174,168,99,16,16
21675,174,168,100,16,16
21676,174,168,101,16,16
21677,174,169,96,5,5
21678,174,169,97,14,14
21679,174,169,98,16,16
21680,174,169,99,16,16
21681,174,169,100,16,16
21682,174,169,101,2,2
21683,174,170,92,16,16
21684,174,170,93,5,5
21685,174,170,94,5,5
21686,174,170,95,5,5
21687,174,170,96,14,14
21688,174,170,97,14,14
21689,174,170,98,16,16
21690,174,170,99,16,16
21691,174,170,100,2,2
21692,174,170,101,2,2
21693,174,171,87,16,16
21694,174,171,88,16,16
21695,174,171,90,5,5
21696,174,171,91,5,5
21697,174,171,92,5,5
21698,174,171,93,5,5
21699,174,171,94,5,5
21700,174,171,95,16,16
21701,174,171,96,14,14
21702,174,171,97,14,14
21703,174,171,98,16,16
21704,174,171,99,2,2
21705,174,171,100,2,2
21706,174,172,86,14,14
21707,174,172,87,14,14
21708,174,172,88,16,16
21709,174,172,89,5,5
21710,174,172,90,5,5
21711,174,172,91,5,5
21712,174,172,92,15,15
21713,174,172,93,5,5
21714,174,172,94,16,16
21715,174,172,95,16,16
21716,174,172,96,16,16
21717,174,172,97,16,16
21718,174,172,98,16,16
21719,174,172,99,2,2
21720,174,173,86,14,14
21721,174,173,87,14,14
21722,174,173,88,14,14
21723,174,173,89,5,5
21724,174,173,90,5,5
21725,174,173,91,5,5
21726,174,173,92,14,14
21727,174,173,93,16,16
21728,174,173,94,16,16
21729,174,173,95,16,16
21730,174,173,96,16,16
21731,174,173,98,9,9
21732,174,174,86,5,5
21733,174,174,87,14,14
21734,174,174,88,14,14
21735,174,174,89,5,5
21736,174,174,90,5,5
21737,174,174,91,14,14
21738,174,174,92,14,14
21739,174,174,93,16,16
21740,174,174,95,16,16
21741,174,175,85,16,16
21742,174,175,86,16,16
21743,175,160,98,3,3
21744,175,161,98,7,7
21745,175,161,105,9,9
21746,175,162,98,7,7
21747,175,165,99,7,7
21748,175,166,99,14,14
21749,175,167,99,14,14
21750,175,168,98,14,14
21751,175,168,99,14,14
21752,175,168,100,6,6
21753,175,169,98,16,16
21754,175,169,99,2,2
21755,175,170,92,14,14
21756,175,170,93,14,14
21757,175,170,98,9,9
21758,175,171,91,14,14
21759,175,171,92,16,16
21760,175,172,95,16,16
